model,score_margin,scaled_density,n_queries,n_wrong,wrong_fraction,kde_bandwidth
DeepSets,-0.4708452916145325,0.0003147367664827061,57437,54171,0.9431376986959625,0.08
DeepSets,-0.469270892645922,0.0004795674736107897,57437,54171,0.9431376986959625,0.08
DeepSets,-0.46769649367731153,0.0006885041669564631,57437,54171,0.9431376986959625,0.08
DeepSets,-0.46612209470870103,0.0009337842613594983,57437,54171,0.9431376986959625,0.08
DeepSets,-0.4645476957400906,0.0012004197258506475,57437,54171,0.9431376986959625,0.08
DeepSets,-0.4629732967714801,0.0014691418214385333,57437,54171,0.9431376986959625,0.08
DeepSets,-0.46139889780286963,0.0017214609980550205,57437,54171,0.9431376986959625,0.08
DeepSets,-0.45982449883425913,0.001945347230051637,57437,54171,0.9431376986959625,0.08
DeepSets,-0.4582500998656487,0.002139584159138962,57437,54171,0.9431376986959625,0.08
DeepSets,-0.4566757008970382,0.002315051938701091,57437,54171,0.9431376986959625,0.08
DeepSets,-0.45510130192842774,0.0024918790423722236,57437,54171,0.9431376986959625,0.08
DeepSets,-0.45352690295981724,0.002692420888784884,57437,54171,0.9431376986959625,0.08
DeepSets,-0.4519525039912068,0.002931407815062792,57437,54171,0.9431376986959625,0.08
DeepSets,-0.4503781050225963,0.0032062764319963923,57437,54171,0.9431376986959625,0.08
DeepSets,-0.4488037060539858,0.003491971527756817,57437,54171,0.9431376986959625,0.08
DeepSets,-0.44722930708537534,0.0037441416732608805,57437,54171,0.9431376986959625,0.08
DeepSets,-0.44565490811676484,0.003911799677886122,57437,54171,0.9431376986959625,0.08
DeepSets,-0.4440805091481544,0.003955889371194632,57437,54171,0.9431376986959625,0.08
DeepSets,-0.4425061101795439,0.003866231623044634,57437,54171,0.9431376986959625,0.08
DeepSets,-0.44093171121093344,0.0036687731128924915,57437,54171,0.9431376986959625,0.08
DeepSets,-0.43935731224232294,0.0034189174655822555,57437,54171,0.9431376986959625,0.08
DeepSets,-0.4377829132737125,0.0031831603737715627,57437,54171,0.9431376986959625,0.08
DeepSets,-0.436208514305102,0.003016687170251698,57437,54171,0.9431376986959625,0.08
DeepSets,-0.43463411533649154,0.0029460543266964156,57437,54171,0.9431376986959625,0.08
DeepSets,-0.43305971636788104,0.0029631242407693503,57437,54171,0.9431376986959625,0.08
DeepSets,-0.43148531739927054,0.0030311702791444074,57437,54171,0.9431376986959625,0.08
DeepSets,-0.4299109184306601,0.003099516970996755,57437,54171,0.9431376986959625,0.08
DeepSets,-0.4283365194620496,0.0031211651875803327,57437,54171,0.9431376986959625,0.08
DeepSets,-0.42676212049343915,0.0030685935882476057,57437,54171,0.9431376986959625,0.08
DeepSets,-0.42518772152482864,0.0029449763133075684,57437,54171,0.9431376986959625,0.08
DeepSets,-0.4236133225562182,0.0027898973940142595,57437,54171,0.9431376986959625,0.08
DeepSets,-0.4220389235876077,0.002679473008290541,57437,54171,0.9431376986959625,0.08
DeepSets,-0.42046452461899725,0.002720669458827925,57437,54171,0.9431376986959625,0.08
DeepSets,-0.41889012565038675,0.003039121482604884,57437,54171,0.9431376986959625,0.08
DeepSets,-0.4173157266817763,0.0037597230168244814,57437,54171,0.9431376986959625,0.08
DeepSets,-0.4157413277131658,0.004980495363291194,57437,54171,0.9431376986959625,0.08
DeepSets,-0.4141669287445553,0.0067431821116740445,57437,54171,0.9431376986959625,0.08
DeepSets,-0.41259252977594485,0.009008094934341574,57437,54171,0.9431376986959625,0.08
DeepSets,-0.41101813080733435,0.01164386468719416,57437,54171,0.9431376986959625,0.08
DeepSets,-0.4094437318387239,0.01444195587038311,57437,54171,0.9431376986959625,0.08
DeepSets,-0.4078693328701134,0.01715911664250661,57437,54171,0.9431376986959625,0.08
DeepSets,-0.40629493390150295,0.01957962169182721,57437,54171,0.9431376986959625,0.08
DeepSets,-0.40472053493289245,0.021578212600310977,57437,54171,0.9431376986959625,0.08
DeepSets,-0.403146135964282,0.02316041089431084,57437,54171,0.9431376986959625,0.08
DeepSets,-0.4015717369956715,0.024463012278839468,57437,54171,0.9431376986959625,0.08
DeepSets,-0.39999733802706106,0.025712158429335354,57437,54171,0.9431376986959625,0.08
DeepSets,-0.39842293905845055,0.027152786888146468,57437,54171,0.9431376986959625,0.08
DeepSets,-0.39684854008984005,0.028974060899174772,57437,54171,0.9431376986959625,0.08
DeepSets,-0.3952741411212296,0.03125640550826183,57437,54171,0.9431376986959625,0.08
DeepSets,-0.39369974215261916,0.03395742955847096,57437,54171,0.9431376986959625,0.08
DeepSets,-0.39212534318400866,0.036939871031817985,57437,54171,0.9431376986959625,0.08
DeepSets,-0.39055094421539815,0.04002951490551978,57437,54171,0.9431376986959625,0.08
DeepSets,-0.3889765452467877,0.043079769373254855,57437,54171,0.9431376986959625,0.08
DeepSets,-0.3874021462781772,0.046016906189181216,57437,54171,0.9431376986959625,0.08
DeepSets,-0.38582774730956676,0.04884849998019546,57437,54171,0.9431376986959625,0.08
DeepSets,-0.38425334834095626,0.05163518619640775,57437,54171,0.9431376986959625,0.08
DeepSets,-0.3826789493723458,0.05444448297088542,57437,54171,0.9431376986959625,0.08
DeepSets,-0.3811045504037353,0.05731447130329973,57437,54171,0.9431376986959625,0.08
DeepSets,-0.3795301514351248,0.06024817483591327,57437,54171,0.9431376986959625,0.08
DeepSets,-0.37795575246651436,0.06323980767271176,57437,54171,0.9431376986959625,0.08
DeepSets,-0.3763813534979039,0.0663137759244794,57437,54171,0.9431376986959625,0.08
DeepSets,-0.3748069545292934,0.06954954986823957,57437,54171,0.9431376986959625,0.08
DeepSets,-0.3732325555606829,0.07307508373840295,57437,54171,0.9431376986959625,0.08
DeepSets,-0.37165815659207246,0.07703135084463826,57437,54171,0.9431376986959625,0.08
DeepSets,-0.37008375762346196,0.08152726973315527,57437,54171,0.9431376986959625,0.08
DeepSets,-0.3685093586548515,0.0866077245211321,57437,54171,0.9431376986959625,0.08
DeepSets,-0.366934959686241,0.09224750086408087,57437,54171,0.9431376986959625,0.08
DeepSets,-0.36536056071763057,0.09836928009179338,57437,54171,0.9431376986959625,0.08
DeepSets,-0.36378616174902006,0.10487381055071104,57437,54171,0.9431376986959625,0.08
DeepSets,-0.36221176278040956,0.11166862230332567,57437,54171,0.9431376986959625,0.08
DeepSets,-0.3606373638117991,0.1186853497369492,57437,54171,0.9431376986959625,0.08
DeepSets,-0.35906296484318867,0.12588048330889615,57437,54171,0.9431376986959625,0.08
DeepSets,-0.35748856587457817,0.13321897422778858,57437,54171,0.9431376986959625,0.08
DeepSets,-0.35591416690596767,0.14064640105354806,57437,54171,0.9431376986959625,0.08
DeepSets,-0.3543397679373572,0.14806382457786404,57437,54171,0.9431376986959625,0.08
DeepSets,-0.3527653689687467,0.1553255152314759,57437,54171,0.9431376986959625,0.08
DeepSets,-0.35119097000013627,0.1622759149085498,57437,54171,0.9431376986959625,0.08
DeepSets,-0.34961657103152577,0.16882467775592594,57437,54171,0.9431376986959625,0.08
DeepSets,-0.3480421720629153,0.17503323631604933,57437,54171,0.9431376986959625,0.08
DeepSets,-0.3464677730943048,0.1811677477799881,57437,54171,0.9431376986959625,0.08
DeepSets,-0.3448933741256943,0.18767659201157277,57437,54171,0.9431376986959625,0.08
DeepSets,-0.34331897515708387,0.19508028564586935,57437,54171,0.9431376986959625,0.08
DeepSets,-0.3417445761884734,0.2038058357658769,57437,54171,0.9431376986959625,0.08
DeepSets,-0.3401701772198629,0.21403258873684244,57437,54171,0.9431376986959625,0.08
DeepSets,-0.3385957782512524,0.22562071258129732,57437,54171,0.9431376986959625,0.08
DeepSets,-0.337021379282642,0.23816065381118745,57437,54171,0.9431376986959625,0.08
DeepSets,-0.33544698031403153,0.2511274293688241,57437,54171,0.9431376986959625,0.08
DeepSets,-0.333872581345421,0.2640757877956896,57437,54171,0.9431376986959625,0.08
DeepSets,-0.3322981823768105,0.27679584158896703,57437,54171,0.9431376986959625,0.08
DeepSets,-0.3307237834082001,0.2893702217467292,57437,54171,0.9431376986959625,0.08
DeepSets,-0.3291493844395896,0.3021185983495635,57437,54171,0.9431376986959625,0.08
DeepSets,-0.3275749854709791,0.3154587769652801,57437,54171,0.9431376986959625,0.08
DeepSets,-0.32600058650236863,0.32973687051434836,57437,54171,0.9431376986959625,0.08
DeepSets,-0.3244261875337582,0.34507965803791435,57437,54171,0.9431376986959625,0.08
DeepSets,-0.3228517885651477,0.36131030732381036,57437,54171,0.9431376986959625,0.08
DeepSets,-0.3212773895965372,0.37795452695666615,57437,54171,0.9431376986959625,0.08
DeepSets,-0.31970299062792673,0.3943486869388921,57437,54171,0.9431376986959625,0.08
DeepSets,-0.3181285916593163,0.4098377523796562,57437,54171,0.9431376986959625,0.08
DeepSets,-0.3165541926907058,0.42401664517508847,57437,54171,0.9431376986959625,0.08
DeepSets,-0.3149797937220953,0.43693547781307424,57437,54171,0.9431376986959625,0.08
DeepSets,-0.31340539475348483,0.4491790015423257,57437,54171,0.9431376986959625,0.08
DeepSets,-0.31183099578487433,0.4617605088914752,57437,54171,0.9431376986959625,0.08
DeepSets,-0.31025659681626383,0.4758370557217207,57437,54171,0.9431376986959625,0.08
DeepSets,-0.3086821978476534,0.49233023683673477,57437,54171,0.9431376986959625,0.08
DeepSets,-0.30710779887904294,0.5115883246948922,57437,54171,0.9431376986959625,0.08
DeepSets,-0.30553339991043243,0.5332230943297118,57437,54171,0.9431376986959625,0.08
DeepSets,-0.30395900094182193,0.556193208666646,57437,54171,0.9431376986959625,0.08
DeepSets,-0.3023846019732115,0.5791087525515421,57437,54171,0.9431376986959625,0.08
DeepSets,-0.30081020300460104,0.6006413708149873,57437,54171,0.9431376986959625,0.08
DeepSets,-0.29923580403599054,0.6198848994060621,57437,54171,0.9431376986959625,0.08
DeepSets,-0.29766140506738004,0.6365428256449852,57437,54171,0.9431376986959625,0.08
DeepSets,-0.2960870060987696,0.6509047587643955,57437,54171,0.9431376986959625,0.08
DeepSets,-0.2945126071301591,0.663667768445518,57437,54171,0.9431376986959625,0.08
DeepSets,-0.2929382081615486,0.6757108606237086,57437,54171,0.9431376986959625,0.08
DeepSets,-0.29136380919293814,0.6879207196199048,57437,54171,0.9431376986959625,0.08
DeepSets,-0.2897894102243277,0.701111717314108,57437,54171,0.9431376986959625,0.08
DeepSets,-0.2882150112557172,0.7160231504292679,57437,54171,0.9431376986959625,0.08
DeepSets,-0.2866406122871067,0.7333446773943805,57437,54171,0.9431376986959625,0.08
DeepSets,-0.28506621331849624,0.7537238997120209,57437,54171,0.9431376986959625,0.08
DeepSets,-0.2834918143498858,0.7777329798408503,57437,54171,0.9431376986959625,0.08
DeepSets,-0.2819174153812753,0.8057955874497763,57437,54171,0.9431376986959625,0.08
DeepSets,-0.2803430164126648,0.8380928771788276,57437,54171,0.9431376986959625,0.08
DeepSets,-0.27876861744405435,0.8744781838388972,57437,54171,0.9431376986959625,0.08
DeepSets,-0.27719421847544384,0.9144350280077338,57437,54171,0.9431376986959625,0.08
DeepSets,-0.27561981950683334,0.9571076654536028,57437,54171,0.9431376986959625,0.08
DeepSets,-0.2740454205382229,1.0014143067022119,57437,54171,0.9431376986959625,0.08
DeepSets,-0.27247102156961245,1.046225048047182,57437,54171,0.9431376986959625,0.08
DeepSets,-0.27089662260100195,1.0905624573474473,57437,54171,0.9431376986959625,0.08
DeepSets,-0.26932222363239144,1.133774844567769,57437,54171,0.9431376986959625,0.08
DeepSets,-0.267747824663781,1.1756425929918295,57437,54171,0.9431376986959625,0.08
DeepSets,-0.26617342569517055,1.216397967318377,57437,54171,0.9431376986959625,0.08
DeepSets,-0.26459902672656005,1.2566579581230404,57437,54171,0.9431376986959625,0.08
DeepSets,-0.26302462775794955,1.297284120724217,57437,54171,0.9431376986959625,0.08
DeepSets,-0.2614502287893391,1.3391959926703434,57437,54171,0.9431376986959625,0.08
DeepSets,-0.2598758298207286,1.3831774661261327,57437,54171,0.9431376986959625,0.08
DeepSets,-0.2583014308521181,1.429723232080721,57437,54171,0.9431376986959625,0.08
DeepSets,-0.25672703188350765,1.4789661349617178,57437,54171,0.9431376986959625,0.08
DeepSets,-0.2551526329148972,1.530702947114484,57437,54171,0.9431376986959625,0.08
DeepSets,-0.2535782339462867,1.5845036406945872,57437,54171,0.9431376986959625,0.08
DeepSets,-0.2520038349776762,1.6398612111951836,57437,54171,0.9431376986959625,0.08
DeepSets,-0.25042943600906575,1.6963251031053277,57437,54171,0.9431376986959625,0.08
DeepSets,-0.24885503704045528,1.7535642152199602,57437,54171,0.9431376986959625,0.08
DeepSets,-0.2472806380718448,1.8113264840810268,57437,54171,0.9431376986959625,0.08
DeepSets,-0.24570623910323433,1.869302799617806,57437,54171,0.9431376986959625,0.08
DeepSets,-0.24413184013462386,1.9269573634612271,57437,54171,0.9431376986959625,0.08
DeepSets,-0.24255744116601338,1.9834303345072777,57437,54171,0.9431376986959625,0.08
DeepSets,-0.24098304219740288,2.0376152095394575,57437,54171,0.9431376986959625,0.08
DeepSets,-0.2394086432287924,2.0884414921883865,57437,54171,0.9431376986959625,0.08
DeepSets,-0.23783424426018193,2.1352754580921296,57437,54171,0.9431376986959625,0.08
DeepSets,-0.23625984529157146,2.1782544710093776,57437,54171,0.9431376986959625,0.08
DeepSets,-0.23468544632296098,2.2183635928958236,57437,54171,0.9431376986959625,0.08
DeepSets,-0.2331110473543505,2.257168811746073,57437,54171,0.9431376986959625,0.08
DeepSets,-0.23153664838574003,2.296289154198712,57437,54171,0.9431376986959625,0.08
DeepSets,-0.22996224941712956,2.3368268712683946,57437,54171,0.9431376986959625,0.08
DeepSets,-0.2283878504485191,2.379003676955802,57437,54171,0.9431376986959625,0.08
DeepSets,-0.2268134514799086,2.4221581668444125,57437,54171,0.9431376986959625,0.08
DeepSets,-0.22523905251129814,2.4650980648274414,57437,54171,0.9431376986959625,0.08
DeepSets,-0.22366465354268766,2.5066524644159283,57437,54171,0.9431376986959625,0.08
DeepSets,-0.22209025457407716,2.546196532752571,57437,54171,0.9431376986959625,0.08
DeepSets,-0.22051585560546672,2.583942505697373,57437,54171,0.9431376986959625,0.08
DeepSets,-0.2189414566368562,2.6208848562351514,57437,54171,0.9431376986959625,0.08
DeepSets,-0.21736705766824577,2.658414506988416,57437,54171,0.9431376986959625,0.08
DeepSets,-0.21579265869963526,2.697736604838104,57437,54171,0.9431376986959625,0.08
DeepSets,-0.21421825973102476,2.7393044063274754,57437,54171,0.9431376986959625,0.08
DeepSets,-0.21264386076241432,2.7824916584711725,57437,54171,0.9431376986959625,0.08
DeepSets,-0.21106946179380381,2.825655217068418,57437,54171,0.9431376986959625,0.08
DeepSets,-0.20949506282519337,2.8666022686976858,57437,54171,0.9431376986959625,0.08
DeepSets,-0.20792066385658287,2.903318066621121,57437,54171,0.9431376986959625,0.08
DeepSets,-0.20634626488797242,2.9346962126097744,57437,54171,0.9431376986959625,0.08
DeepSets,-0.20477186591936192,2.9610000237087144,57437,54171,0.9431376986959625,0.08
DeepSets,-0.20319746695075147,2.983883945779099,57437,54171,0.9431376986959625,0.08
DeepSets,-0.20162306798214097,3.0059763553675896,57437,54171,0.9431376986959625,0.08
DeepSets,-0.20004866901353052,3.030190236718038,57437,54171,0.9431376986959625,0.08
DeepSets,-0.19847427004492002,3.0590113964174845,57437,54171,0.9431376986959625,0.08
DeepSets,-0.19689987107630957,3.093985105104047,57437,54171,0.9431376986959625,0.08
DeepSets,-0.19532547210769907,3.1355098549913483,57437,54171,0.9431376986959625,0.08
DeepSets,-0.19375107313908857,3.182917536655166,57437,54171,0.9431376986959625,0.08
DeepSets,-0.19217667417047812,3.2347360019894795,57437,54171,0.9431376986959625,0.08
DeepSets,-0.19060227520186762,3.289018616221595,57437,54171,0.9431376986959625,0.08
DeepSets,-0.18902787623325717,3.3436668074633724,57437,54171,0.9431376986959625,0.08
DeepSets,-0.18745347726464667,3.3967216760338554,57437,54171,0.9431376986959625,0.08
DeepSets,-0.18587907829603623,3.446622733688861,57437,54171,0.9431376986959625,0.08
DeepSets,-0.18430467932742572,3.4924192580524305,57437,54171,0.9431376986959625,0.08
DeepSets,-0.18273028035881528,3.5338954280884214,57437,54171,0.9431376986959625,0.08
DeepSets,-0.18115588139020478,3.571564976481979,57437,54171,0.9431376986959625,0.08
DeepSets,-0.17958148242159433,3.606517742500891,57437,54171,0.9431376986959625,0.08
DeepSets,-0.17800708345298383,3.640145961038121,57437,54171,0.9431376986959625,0.08
DeepSets,-0.17643268448437333,3.6738158895804562,57437,54171,0.9431376986959625,0.08
DeepSets,-0.17485828551576288,3.708562768195236,57437,54171,0.9431376986959625,0.08
DeepSets,-0.17328388654715238,3.744875450026182,57437,54171,0.9431376986959625,0.08
DeepSets,-0.17170948757854193,3.7826130275206147,57437,54171,0.9431376986959625,0.08
DeepSets,-0.17013508860993143,3.821067215015877,57437,54171,0.9431376986959625,0.08
DeepSets,-0.16856068964132098,3.8591523722558665,57437,54171,0.9431376986959625,0.08
DeepSets,-0.16698629067271048,3.8956740033192894,57437,54171,0.9431376986959625,0.08
DeepSets,-0.16541189170410003,3.92960890975578,57437,54171,0.9431376986959625,0.08
DeepSets,-0.16383749273548953,3.960337354399572,57437,54171,0.9431376986959625,0.08
DeepSets,-0.16226309376687909,3.987794868780202,57437,54171,0.9431376986959625,0.08
DeepSets,-0.16068869479826858,4.0125371208910074,57437,54171,0.9431376986959625,0.08
DeepSets,-0.15911429582965808,4.035715975901613,57437,54171,0.9431376986959625,0.08
DeepSets,-0.15753989686104763,4.058951409656176,57437,54171,0.9431376986959625,0.08
DeepSets,-0.15596549789243713,4.084077425346881,57437,54171,0.9431376986959625,0.08
DeepSets,-0.1543910989238267,4.112765391877275,57437,54171,0.9431376986959625,0.08
DeepSets,-0.15281669995521618,4.146085416554046,57437,54171,0.9431376986959625,0.08
DeepSets,-0.15124230098660574,4.184126656468649,57437,54171,0.9431376986959625,0.08
DeepSets,-0.14966790201799524,4.225821247684876,57437,54171,0.9431376986959625,0.08
DeepSets,-0.1480935030493848,4.269078491893683,57437,54171,0.9431376986959625,0.08
DeepSets,-0.1465191040807743,4.311240342385945,57437,54171,0.9431376986959625,0.08
DeepSets,-0.14494470511216384,4.349749427218794,57437,54171,0.9431376986959625,0.08
DeepSets,-0.14337030614355334,4.382826299049223,57437,54171,0.9431376986959625,0.08
DeepSets,-0.1417959071749429,4.409928484889827,57437,54171,0.9431376986959625,0.08
DeepSets,-0.1402215082063324,4.431829370597417,57437,54171,0.9431376986959625,0.08
DeepSets,-0.1386471092377219,4.450289737333348,57437,54171,0.9431376986959625,0.08
DeepSets,-0.13707271026911144,4.467444416590632,57437,54171,0.9431376986959625,0.08
DeepSets,-0.13549831130050094,4.485127169809497,57437,54171,0.9431376986959625,0.08
DeepSets,-0.1339239123318905,4.5043666068324875,57437,54171,0.9431376986959625,0.08
DeepSets,-0.13234951336328,4.525204240935229,57437,54171,0.9431376986959625,0.08
DeepSets,-0.13077511439466954,4.546851381962329,57437,54171,0.9431376986959625,0.08
DeepSets,-0.12920071542605904,4.568073115777278,57437,54171,0.9431376986959625,0.08
DeepSets,-0.1276263164574486,4.587618464925704,57437,54171,0.9431376986959625,0.08
DeepSets,-0.1260519174888381,4.604532148784621,57437,54171,0.9431376986959625,0.08
DeepSets,-0.12447751852022765,4.6182714335343595,57437,54171,0.9431376986959625,0.08
DeepSets,-0.12290311955161715,4.628661179634545,57437,54171,0.9431376986959625,0.08
DeepSets,-0.12132872058300664,4.635789179219531,57437,54171,0.9431376986959625,0.08
DeepSets,-0.1197543216143962,4.639935665499767,57437,54171,0.9431376986959625,0.08
DeepSets,-0.1181799226457857,4.641560929379513,57437,54171,0.9431376986959625,0.08
DeepSets,-0.11660552367717525,4.641301787430343,57437,54171,0.9431376986959625,0.08
DeepSets,-0.11503112470856475,4.639909269564015,57437,54171,0.9431376986959625,0.08
DeepSets,-0.1134567257399543,4.6381083870325375,57437,54171,0.9431376986959625,0.08
DeepSets,-0.1118823267713438,4.636433158563187,57437,54171,0.9431376986959625,0.08
DeepSets,-0.11030792780273335,4.635124416571125,57437,54171,0.9431376986959625,0.08
DeepSets,-0.10873352883412285,4.634144533571545,57437,54171,0.9431376986959625,0.08
DeepSets,-0.1071591298655124,4.633286609759592,57437,54171,0.9431376986959625,0.08
DeepSets,-0.1055847308969019,4.6322923425877205,57437,54171,0.9431376986959625,0.08
DeepSets,-0.1040103319282914,4.630887459591171,57437,54171,0.9431376986959625,0.08
DeepSets,-0.10243593295968095,4.628700383255901,57437,54171,0.9431376986959625,0.08
DeepSets,-0.10086153399107045,4.625115027667337,57437,54171,0.9431376986959625,0.08
DeepSets,-0.09928713502246,4.619173622450172,57437,54171,0.9431376986959625,0.08
DeepSets,-0.0977127360538495,4.609650336504755,57437,54171,0.9431376986959625,0.08
DeepSets,-0.09613833708523906,4.59534721833261,57437,54171,0.9431376986959625,0.08
DeepSets,-0.09456393811662855,4.57554335304705,57437,54171,0.9431376986959625,0.08
DeepSets,-0.09298953914801811,4.5504147937165715,57437,54171,0.9431376986959625,0.08
DeepSets,-0.0914151401794076,4.521207383471732,57437,54171,0.9431376986959625,0.08
DeepSets,-0.08984074121079716,4.490025808169438,57437,54171,0.9431376986959625,0.08
DeepSets,-0.08826634224218666,4.459271475357072,57437,54171,0.9431376986959625,0.08
DeepSets,-0.08669194327357621,4.43093006780544,57437,54171,0.9431376986959625,0.08
DeepSets,-0.08511754430496571,4.405981580940664,57437,54171,0.9431376986959625,0.08
DeepSets,-0.0835431453363552,4.3841437483835515,57437,54171,0.9431376986959625,0.08
DeepSets,-0.08196874636774476,4.36400765591552,57437,54171,0.9431376986959625,0.08
DeepSets,-0.08039434739913426,4.343471833976406,57437,54171,0.9431376986959625,0.08
DeepSets,-0.07881994843052381,4.320300834929771,57437,54171,0.9431376986959625,0.08
DeepSets,-0.07724554946191331,4.292641148081596,57437,54171,0.9431376986959625,0.08
DeepSets,-0.07567115049330286,4.259386512650525,57437,54171,0.9431376986959625,0.08
DeepSets,-0.07409675152469236,4.220350572236852,57437,54171,0.9431376986959625,0.08
DeepSets,-0.07252235255608191,4.176251823647665,57437,54171,0.9431376986959625,0.08
DeepSets,-0.07094795358747141,4.128541465939352,57437,54171,0.9431376986959625,0.08
DeepSets,-0.06937355461886097,4.079115744969703,57437,54171,0.9431376986959625,0.08
DeepSets,-0.06779915565025046,4.029957565781841,57437,54171,0.9431376986959625,0.08
DeepSets,-0.06622475668163996,3.98275542671052,57437,54171,0.9431376986959625,0.08
DeepSets,-0.06465035771302952,3.9385588720294695,57437,54171,0.9431376986959625,0.08
DeepSets,-0.06307595874441901,3.8975464310972727,57437,54171,0.9431376986959625,0.08
DeepSets,-0.06150155977580857,3.858985662148694,57437,54171,0.9431376986959625,0.08
DeepSets,-0.059927160807198065,3.8214317648169236,57437,54171,0.9431376986959625,0.08
DeepSets,-0.05835276183858762,3.783137011392454,57437,54171,0.9431376986959625,0.08
DeepSets,-0.05677836286997712,3.742556247685702,57437,54171,0.9431376986959625,0.08
DeepSets,-0.05520396390136667,3.6987801655012826,57437,54171,0.9431376986959625,0.08
DeepSets,-0.05362956493275617,3.6517405376758543,57437,54171,0.9431376986959625,0.08
DeepSets,-0.05205516596414572,3.6021075240484475,57437,54171,0.9431376986959625,0.08
DeepSets,-0.05048076699553522,3.5509054487312843,57437,54171,0.9431376986959625,0.08
DeepSets,-0.04890636802692472,3.49896955774446,57437,54171,0.9431376986959625,0.08
DeepSets,-0.04733196905831427,3.44642428513341,57437,54171,0.9431376986959625,0.08
DeepSets,-0.04575757008970377,3.3923722894875232,57437,54171,0.9431376986959625,0.08
DeepSets,-0.04418317112109332,3.3349403109217715,57437,54171,0.9431376986959625,0.08
DeepSets,-0.04260877215248282,3.271732849946094,57437,54171,0.9431376986959625,0.08
DeepSets,-0.041034373183872375,3.200608081720637,57437,54171,0.9431376986959625,0.08
DeepSets,-0.03945997421526187,3.1205480493007727,57437,54171,0.9431376986959625,0.08
DeepSets,-0.037885575246651426,3.0323106165217526,57437,54171,0.9431376986959625,0.08
DeepSets,-0.036311176278040924,2.9385871627364817,57437,54171,0.9431376986959625,0.08
DeepSets,-0.03473677730943048,2.8435613615966506,57437,54171,0.9431376986959625,0.08
DeepSets,-0.033162378340819976,2.7520042047397317,57437,54171,0.9431376986959625,0.08
DeepSets,-0.03158797937220953,2.6682270311541827,57437,54171,0.9431376986959625,0.08
DeepSets,-0.030013580403599027,2.5952456099519536,57437,54171,0.9431376986959625,0.08
DeepSets,-0.028439181434988525,2.5343729717946566,57437,54171,0.9431376986959625,0.08
DeepSets,-0.02686478246637808,2.4852456630445285,57437,54171,0.9431376986959625,0.08
DeepSets,-0.025290383497767577,2.4461245776178706,57437,54171,0.9431376986959625,0.08
DeepSets,-0.02371598452915713,2.4142767971737555,57437,54171,0.9431376986959625,0.08
DeepSets,-0.02214158556054663,2.3863243265165694,57437,54171,0.9431376986959625,0.08
DeepSets,-0.020567186591936182,2.358553778186746,57437,54171,0.9431376986959625,0.08
DeepSets,-0.01899278762332568,2.3272302470804496,57437,54171,0.9431376986959625,0.08
DeepSets,-0.017418388654715233,2.288920897261627,57437,54171,0.9431376986959625,0.08
DeepSets,-0.01584398968610473,2.2407549118226466,57437,54171,0.9431376986959625,0.08
DeepSets,-0.014269590717494285,2.1805069000578228,57437,54171,0.9431376986959625,0.08
DeepSets,-0.012695191748883783,2.1064445677592007,57437,54171,0.9431376986959625,0.08
DeepSets,-0.011120792780273281,2.017014894310762,57437,54171,0.9431376986959625,0.08
DeepSets,-0.009546393811662834,1.9105800304404736,57437,54171,0.9431376986959625,0.08
DeepSets,-0.007971994843052332,1.7854606561625517,57437,54171,0.9431376986959625,0.08
DeepSets,-0.006397595874441886,1.6404451349055227,57437,54171,0.9431376986959625,0.08
DeepSets,-0.004823196905831384,1.475697763856724,57437,54171,0.9431376986959625,0.08
DeepSets,-0.0032487979372209375,1.2937456084953656,57437,54171,0.9431376986959625,0.08
DeepSets,-0.0016743989686104355,1.1000755428092501,57437,54171,0.9431376986959625,0.08
DeepSets,-0.0001,0.9029363602666135,57437,54171,0.9431376986959625,0.08
Fourier,-0.6685352420806885,0.00025534698785167654,57437,48826,0.8500792172293121,0.08
Fourier,-0.6662996727091811,0.000807272559059817,57437,48826,0.8500792172293121,0.08
Fourier,-0.6640641033376739,0.001983311882423917,57437,48826,0.8500792172293121,0.08
Fourier,-0.6618285339661665,0.003794605128229626,57437,48826,0.8500792172293121,0.08
Fourier,-0.6595929645946592,0.005684772893539247,57437,48826,0.8500792172293121,0.08
Fourier,-0.6573573952231518,0.0067628235789046025,57437,48826,0.8500792172293121,0.08
Fourier,-0.6551218258516446,0.006626793317855115,57437,48826,0.8500792172293121,0.08
Fourier,-0.6528862564801372,0.00585443676429719,57437,48826,0.8500792172293121,0.08
Fourier,-0.6506506871086299,0.005494206680011785,57437,48826,0.8500792172293121,0.08
Fourier,-0.6484151177371226,0.006126862447008377,57437,48826,0.8500792172293121,0.08
Fourier,-0.6461795483656153,0.007377897109379104,57437,48826,0.8500792172293121,0.08
Fourier,-0.6439439789941079,0.00820585086110368,57437,48826,0.8500792172293121,0.08
Fourier,-0.6417084096226007,0.007826388086187968,57437,48826,0.8500792172293121,0.08
Fourier,-0.6394728402510933,0.006518827769425612,57437,48826,0.8500792172293121,0.08
Fourier,-0.637237270879586,0.0053999065740675325,57437,48826,0.8500792172293121,0.08
Fourier,-0.6350017015080787,0.0053720529856911515,57437,48826,0.8500792172293121,0.08
Fourier,-0.6327661321365714,0.006400400772435857,57437,48826,0.8500792172293121,0.08
Fourier,-0.630530562765064,0.007667176086980478,57437,48826,0.8500792172293121,0.08
Fourier,-0.6282949933935568,0.008182264184925063,57437,48826,0.8500792172293121,0.08
Fourier,-0.6260594240220494,0.007396627990133823,57437,48826,0.8500792172293121,0.08
Fourier,-0.6238238546505421,0.005585727390640537,57437,48826,0.8500792172293121,0.08
Fourier,-0.6215882852790348,0.0036602050360658644,57437,48826,0.8500792172293121,0.08
Fourier,-0.6193527159075275,0.0024252847570546405,57437,48826,0.8500792172293121,0.08
Fourier,-0.6171171465360201,0.0020132976287942513,57437,48826,0.8500792172293121,0.08
Fourier,-0.6148815771645129,0.0020329948312587517,57437,48826,0.8500792172293121,0.08
Fourier,-0.6126460077930055,0.002105947758356899,57437,48826,0.8500792172293121,0.08
Fourier,-0.6104104384214982,0.002121491902492148,57437,48826,0.8500792172293121,0.08
Fourier,-0.6081748690499909,0.0020744065524740006,57437,48826,0.8500792172293121,0.08
Fourier,-0.6059392996784836,0.0019375709881644062,57437,48826,0.8500792172293121,0.08
Fourier,-0.6037037303069762,0.0018053547795656316,57437,48826,0.8500792172293121,0.08
Fourier,-0.6014681609354688,0.0019439428275039292,57437,48826,0.8500792172293121,0.08
Fourier,-0.5992325915639616,0.0024762486997492797,57437,48826,0.8500792172293121,0.08
Fourier,-0.5969970221924543,0.0030783436898665544,57437,48826,0.8500792172293121,0.08
Fourier,-0.594761452820947,0.0031966964647368473,57437,48826,0.8500792172293121,0.08
Fourier,-0.5925258834494396,0.0026135369384092375,57437,48826,0.8500792172293121,0.08
Fourier,-0.5902903140779323,0.0016536581958656387,57437,48826,0.8500792172293121,0.08
Fourier,-0.588054744706425,0.0008060496020956233,57437,48826,0.8500792172293121,0.08
Fourier,-0.5858191753349177,0.00030231255017055766,57437,48826,0.8500792172293121,0.08
Fourier,-0.5835836059634103,8.721548765915786e-05,57437,48826,0.8500792172293121,0.08
Fourier,-0.581348036591903,1.935258230036913e-05,57437,48826,0.8500792172293121,0.08
Fourier,-0.5791124672203957,3.3028053398196297e-06,57437,48826,0.8500792172293121,0.08
Fourier,-0.5768768978488884,4.3353424560725564e-07,57437,48826,0.8500792172293121,0.08
Fourier,-0.574641328477381,4.376829209272109e-08,57437,48826,0.8500792172293121,0.08
Fourier,-0.5724057591058738,3.3985322241544685e-09,57437,48826,0.8500792172293121,0.08
Fourier,-0.5701701897343664,2.029638844952379e-10,57437,48826,0.8500792172293121,0.08
Fourier,-0.5679346203628591,9.323282061828214e-12,57437,48826,0.8500792172293121,0.08
Fourier,-0.5656990509913518,3.540638610097764e-13,57437,48826,0.8500792172293121,0.08
Fourier,-0.5634634816198445,8.139444188287559e-13,57437,48826,0.8500792172293121,0.08
Fourier,-0.5612279122483371,2.0168707572128964e-11,57437,48826,0.8500792172293121,0.08
Fourier,-0.5589923428768299,3.8864243699536716e-10,57437,48826,0.8500792172293121,0.08
Fourier,-0.5567567735053225,5.759992872019424e-09,57437,48826,0.8500792172293121,0.08
Fourier,-0.5545212041338152,6.565824259482564e-08,57437,48826,0.8500792172293121,0.08
Fourier,-0.5522856347623079,5.756417043995418e-07,57437,48826,0.8500792172293121,0.08
Fourier,-0.5500500653908006,3.881605374342203e-06,57437,48826,0.8500792172293121,0.08
Fourier,-0.5478144960192932,2.0131145572566443e-05,57437,48826,0.8500792172293121,0.08
Fourier,-0.545578926647786,8.030290228202239e-05,57437,48826,0.8500792172293121,0.08
Fourier,-0.5433433572762786,0.00024639486924410805,57437,48826,0.8500792172293121,0.08
Fourier,-0.5411077879047712,0.0005817071908175779,57437,48826,0.8500792172293121,0.08
Fourier,-0.538872218533264,0.0010580844233490884,57437,48826,0.8500792172293121,0.08
Fourier,-0.5366366491617567,0.0014911115531215133,57437,48826,0.8500792172293121,0.08
Fourier,-0.5344010797902493,0.0016668143547575514,57437,48826,0.8500792172293121,0.08
Fourier,-0.5321655104187419,0.0016164348176729772,57437,48826,0.8500792172293121,0.08
Fourier,-0.5299299410472347,0.0017142716834598342,57437,48826,0.8500792172293121,0.08
Fourier,-0.5276943716757274,0.0023980743322020806,57437,48826,0.8500792172293121,0.08
Fourier,-0.52545880230422,0.003730464799688804,57437,48826,0.8500792172293121,0.08
Fourier,-0.5232232329327127,0.005221918987973249,57437,48826,0.8500792172293121,0.08
Fourier,-0.5209876635612054,0.006163064290512369,57437,48826,0.8500792172293121,0.08
Fourier,-0.5187520941896981,0.006251490007717937,57437,48826,0.8500792172293121,0.08
Fourier,-0.5165165248181908,0.0058630196622709045,57437,48826,0.8500792172293121,0.08
Fourier,-0.5142809554466834,0.005564136494114026,57437,48826,0.8500792172293121,0.08
Fourier,-0.5120453860751761,0.00540729939463884,57437,48826,0.8500792172293121,0.08
Fourier,-0.5098098167036689,0.0049365571040073716,57437,48826,0.8500792172293121,0.08
Fourier,-0.5075742473321615,0.003872490810752443,57437,48826,0.8500792172293121,0.08
Fourier,-0.5053386779606541,0.002515847644341399,57437,48826,0.8500792172293121,0.08
Fourier,-0.5031031085891469,0.0014332206806423355,57437,48826,0.8500792172293121,0.08
Fourier,-0.5008675392176395,0.0009677325955300683,57437,48826,0.8500792172293121,0.08
Fourier,-0.49863196984613223,0.001084602442519702,57437,48826,0.8500792172293121,0.08
Fourier,-0.49639640047462485,0.0014924242969316342,57437,48826,0.8500792172293121,0.08
Fourier,-0.4941608311031176,0.001859819904088463,57437,48826,0.8500792172293121,0.08
Fourier,-0.4919252617316102,0.002034741020956393,57437,48826,0.8500792172293121,0.08
Fourier,-0.48968969236010296,0.0020791004198152593,57437,48826,0.8500792172293121,0.08
Fourier,-0.4874541229885956,0.0020710749934282685,57437,48826,0.8500792172293121,0.08
Fourier,-0.4852185536170883,0.0020047511860082964,57437,48826,0.8500792172293121,0.08
Fourier,-0.48298298424558095,0.001973335527072447,57437,48826,0.8500792172293121,0.08
Fourier,-0.4807474148740737,0.0023086544067789463,57437,48826,0.8500792172293121,0.08
Fourier,-0.4785118455025663,0.0033998479390180227,57437,48826,0.8500792172293121,0.08
Fourier,-0.47627627613105905,0.0053499717351976105,57437,48826,0.8500792172293121,0.08
Fourier,-0.4740407067595517,0.007707028210650582,57437,48826,0.8500792172293121,0.08
Fourier,-0.47180513738804436,0.009499104495016496,57437,48826,0.8500792172293121,0.08
Fourier,-0.46956956801653704,0.009852614552982324,57437,48826,0.8500792172293121,0.08
Fourier,-0.4673339986450297,0.008843983575283418,57437,48826,0.8500792172293121,0.08
Fourier,-0.4650984292735224,0.007548705454997513,57437,48826,0.8500792172293121,0.08
Fourier,-0.4628628599020151,0.007052118575363584,57437,48826,0.8500792172293121,0.08
Fourier,-0.46062729053050777,0.007550985638725463,57437,48826,0.8500792172293121,0.08
Fourier,-0.45839172115900045,0.008494935517265273,57437,48826,0.8500792172293121,0.08
Fourier,-0.45615615178749314,0.009356246985864037,57437,48826,0.8500792172293121,0.08
Fourier,-0.4539205824159858,0.010004898239568703,57437,48826,0.8500792172293121,0.08
Fourier,-0.4516850130444785,0.01039823908540231,57437,48826,0.8500792172293121,0.08
Fourier,-0.4494494436729712,0.01020795617772831,57437,48826,0.8500792172293121,0.08
Fourier,-0.44721387430146387,0.008991318450166316,57437,48826,0.8500792172293121,0.08
Fourier,-0.44497830492995655,0.006755128740480962,57437,48826,0.8500792172293121,0.08
Fourier,-0.44274273555844923,0.004172633743998322,57437,48826,0.8500792172293121,0.08
Fourier,-0.4405071661869419,0.0020944003035531815,57437,48826,0.8500792172293121,0.08
Fourier,-0.4382715968154346,0.0009495500922206316,57437,48826,0.8500792172293121,0.08
Fourier,-0.4360360274439273,0.0007059777890133504,57437,48826,0.8500792172293121,0.08
Fourier,-0.43380045807241996,0.0012024337832553186,57437,48826,0.8500792172293121,0.08
Fourier,-0.4315648887009126,0.0023123098495399456,57437,48826,0.8500792172293121,0.08
Fourier,-0.4293293193294053,0.0038688347180309422,57437,48826,0.8500792172293121,0.08
Fourier,-0.42709374995789795,0.005637656960786296,57437,48826,0.8500792172293121,0.08
Fourier,-0.4248581805863907,0.007390112604960635,57437,48826,0.8500792172293121,0.08
Fourier,-0.4226226112148833,0.008862553946138592,57437,48826,0.8500792172293121,0.08
Fourier,-0.42038704184337605,0.009673334079669017,57437,48826,0.8500792172293121,0.08
Fourier,-0.4181514724718687,0.009564136848295308,57437,48826,0.8500792172293121,0.08
Fourier,-0.41591590310036136,0.008826169960481389,57437,48826,0.8500792172293121,0.08
Fourier,-0.41368033372885404,0.00819100559350169,57437,48826,0.8500792172293121,0.08
Fourier,-0.4114447643573467,0.008065424160571082,57437,48826,0.8500792172293121,0.08
Fourier,-0.4092091949858394,0.008054556264570613,57437,48826,0.8500792172293121,0.08
Fourier,-0.4069736256143321,0.007482372054338705,57437,48826,0.8500792172293121,0.08
Fourier,-0.4047380562428248,0.006321381582394401,57437,48826,0.8500792172293121,0.08
Fourier,-0.40250248687131746,0.005441383460795704,57437,48826,0.8500792172293121,0.08
Fourier,-0.40026691749981014,0.005937236451590268,57437,48826,0.8500792172293121,0.08
Fourier,-0.3980313481283028,0.00825140412852531,57437,48826,0.8500792172293121,0.08
Fourier,-0.3957957787567955,0.01181644093912651,57437,48826,0.8500792172293121,0.08
Fourier,-0.3935602093852882,0.015371920700038809,57437,48826,0.8500792172293121,0.08
Fourier,-0.39132464001378087,0.017714556828573685,57437,48826,0.8500792172293121,0.08
Fourier,-0.38908907064227355,0.018432855977342875,57437,48826,0.8500792172293121,0.08
Fourier,-0.38685350127076623,0.018077513928572583,57437,48826,0.8500792172293121,0.08
Fourier,-0.3846179318992589,0.017536915864069438,57437,48826,0.8500792172293121,0.08
Fourier,-0.3823823625277516,0.017130300351329245,57437,48826,0.8500792172293121,0.08
Fourier,-0.3801467931562443,0.016377646453909118,57437,48826,0.8500792172293121,0.08
Fourier,-0.37791122378473696,0.014740883819564664,57437,48826,0.8500792172293121,0.08
Fourier,-0.37567565441322964,0.012393559644182463,57437,48826,0.8500792172293121,0.08
Fourier,-0.3734400850417223,0.010030691146908948,57437,48826,0.8500792172293121,0.08
Fourier,-0.371204515670215,0.008137643287321309,57437,48826,0.8500792172293121,0.08
Fourier,-0.3689689462987077,0.006812997276978866,57437,48826,0.8500792172293121,0.08
Fourier,-0.36673337692720037,0.006110079141745357,57437,48826,0.8500792172293121,0.08
Fourier,-0.36449780755569305,0.006075144936710988,57437,48826,0.8500792172293121,0.08
Fourier,-0.36226223818418574,0.006512173296351804,57437,48826,0.8500792172293121,0.08
Fourier,-0.3600266688126784,0.007077406257755482,57437,48826,0.8500792172293121,0.08
Fourier,-0.3577910994411711,0.0076509958076324885,57437,48826,0.8500792172293121,0.08
Fourier,-0.3555555300696638,0.008482349484114433,57437,48826,0.8500792172293121,0.08
Fourier,-0.35331996069815647,0.009905405333900242,57437,48826,0.8500792172293121,0.08
Fourier,-0.35108439132664915,0.011866372771601533,57437,48826,0.8500792172293121,0.08
Fourier,-0.34884882195514183,0.013793684471733183,57437,48826,0.8500792172293121,0.08
Fourier,-0.3466132525836345,0.015088971146941608,57437,48826,0.8500792172293121,0.08
Fourier,-0.34437768321212714,0.015742525971373527,57437,48826,0.8500792172293121,0.08
Fourier,-0.3421421138406198,0.016302640506390215,57437,48826,0.8500792172293121,0.08
Fourier,-0.3399065444691125,0.017183549248508557,57437,48826,0.8500792172293121,0.08
Fourier,-0.3376709750976052,0.018136377123881796,57437,48826,0.8500792172293121,0.08
Fourier,-0.33543540572609787,0.01855409082372121,57437,48826,0.8500792172293121,0.08
Fourier,-0.33319983635459055,0.01830074287432937,57437,48826,0.8500792172293121,0.08
Fourier,-0.33096426698308323,0.01802948248190107,57437,48826,0.8500792172293121,0.08
Fourier,-0.3287286976115759,0.01844853574522387,57437,48826,0.8500792172293121,0.08
Fourier,-0.3264931282400686,0.01937086562147782,57437,48826,0.8500792172293121,0.08
Fourier,-0.3242575588685613,0.019809629743679686,57437,48826,0.8500792172293121,0.08
Fourier,-0.32202198949705396,0.01909146092102269,57437,48826,0.8500792172293121,0.08
Fourier,-0.31978642012554664,0.017657243544126344,57437,48826,0.8500792172293121,0.08
Fourier,-0.3175508507540393,0.016629369502231,57437,48826,0.8500792172293121,0.08
Fourier,-0.315315281382532,0.01682050651777879,57437,48826,0.8500792172293121,0.08
Fourier,-0.3130797120110247,0.01845536313287969,57437,48826,0.8500792172293121,0.08
Fourier,-0.3108441426395174,0.021652776929930433,57437,48826,0.8500792172293121,0.08
Fourier,-0.30860857326801006,0.02665802580407664,57437,48826,0.8500792172293121,0.08
Fourier,-0.30637300389650274,0.03337257594329144,57437,48826,0.8500792172293121,0.08
Fourier,-0.3041374345249954,0.04080247521112455,57437,48826,0.8500792172293121,0.08
Fourier,-0.3019018651534881,0.047436585972570486,57437,48826,0.8500792172293121,0.08
Fourier,-0.2996662957819808,0.052667438580023526,57437,48826,0.8500792172293121,0.08
Fourier,-0.29743072641047347,0.057497089377183085,57437,48826,0.8500792172293121,0.08
Fourier,-0.29519515703896615,0.06300514223088481,57437,48826,0.8500792172293121,0.08
Fourier,-0.29295958766745883,0.06852368972940046,57437,48826,0.8500792172293121,0.08
Fourier,-0.2907240182959515,0.07256141803883125,57437,48826,0.8500792172293121,0.08
Fourier,-0.2884884489244442,0.07525025809914923,57437,48826,0.8500792172293121,0.08
Fourier,-0.2862528795529369,0.07834803304181813,57437,48826,0.8500792172293121,0.08
Fourier,-0.28401731018142956,0.08242864130711818,57437,48826,0.8500792172293121,0.08
Fourier,-0.28178174080992224,0.08512051958953089,57437,48826,0.8500792172293121,0.08
Fourier,-0.2795461714384149,0.08310330178148367,57437,48826,0.8500792172293121,0.08
Fourier,-0.2773106020669076,0.07580100173765551,57437,48826,0.8500792172293121,0.08
Fourier,-0.27507503269540023,0.06631308299170884,57437,48826,0.8500792172293121,0.08
Fourier,-0.2728394633238929,0.05855297936644577,57437,48826,0.8500792172293121,0.08
Fourier,-0.2706038939523856,0.054422660565839276,57437,48826,0.8500792172293121,0.08
Fourier,-0.2683683245808783,0.054059009964006616,57437,48826,0.8500792172293121,0.08
Fourier,-0.26613275520937096,0.057554442786104144,57437,48826,0.8500792172293121,0.08
Fourier,-0.26389718583786365,0.06528471453269817,57437,48826,0.8500792172293121,0.08
Fourier,-0.26166161646635633,0.07670461888424908,57437,48826,0.8500792172293121,0.08
Fourier,-0.259426047094849,0.08970419774041782,57437,48826,0.8500792172293121,0.08
Fourier,-0.2571904777233417,0.10177709082633518,57437,48826,0.8500792172293121,0.08
Fourier,-0.2549549083518344,0.11147340882820674,57437,48826,0.8500792172293121,0.08
Fourier,-0.25271933898032706,0.11826730286053014,57437,48826,0.8500792172293121,0.08
Fourier,-0.25048376960881974,0.12212311402070122,57437,48826,0.8500792172293121,0.08
Fourier,-0.24824820023731242,0.12454652588307155,57437,48826,0.8500792172293121,0.08
Fourier,-0.2460126308658051,0.12910314307444382,57437,48826,0.8500792172293121,0.08
Fourier,-0.2437770614942978,0.13901461787182826,57437,48826,0.8500792172293121,0.08
Fourier,-0.24154149212279047,0.15422148150961543,57437,48826,0.8500792172293121,0.08
Fourier,-0.23930592275128315,0.1717451785167481,57437,48826,0.8500792172293121,0.08
Fourier,-0.23707035337977583,0.18879591338388918,57437,48826,0.8500792172293121,0.08
Fourier,-0.23483478400826852,0.2049461206248231,57437,48826,0.8500792172293121,0.08
Fourier,-0.2325992146367612,0.2214679096846166,57437,48826,0.8500792172293121,0.08
Fourier,-0.23036364526525388,0.2392005272205142,57437,48826,0.8500792172293121,0.08
Fourier,-0.22812807589374656,0.2574079727620219,57437,48826,0.8500792172293121,0.08
Fourier,-0.22589250652223924,0.2745867678655258,57437,48826,0.8500792172293121,0.08
Fourier,-0.22365693715073193,0.29016819391293225,57437,48826,0.8500792172293121,0.08
Fourier,-0.2214213677792246,0.30539038133919355,57437,48826,0.8500792172293121,0.08
Fourier,-0.2191857984077173,0.32225750418137705,57437,48826,0.8500792172293121,0.08
Fourier,-0.21695022903620997,0.34156660981725084,57437,48826,0.8500792172293121,0.08
Fourier,-0.21471465966470266,0.36266736771417424,57437,48826,0.8500792172293121,0.08
Fourier,-0.21247909029319534,0.3849987784740569,57437,48826,0.8500792172293121,0.08
Fourier,-0.21024352092168802,0.408439070666007,57437,48826,0.8500792172293121,0.08
Fourier,-0.2080079515501807,0.43225509674329043,57437,48826,0.8500792172293121,0.08
Fourier,-0.20577238217867339,0.4555942933436531,57437,48826,0.8500792172293121,0.08
Fourier,-0.20353681280716607,0.47983524355981944,57437,48826,0.8500792172293121,0.08
Fourier,-0.2013012434356587,0.5089277530221032,57437,48826,0.8500792172293121,0.08
Fourier,-0.19906567406415138,0.5460331006386535,57437,48826,0.8500792172293121,0.08
Fourier,-0.19683010469264406,0.5916345624456957,57437,48826,0.8500792172293121,0.08
Fourier,-0.19459453532113674,0.6463498247834819,57437,48826,0.8500792172293121,0.08
Fourier,-0.19235896594962942,0.7118400559364507,57437,48826,0.8500792172293121,0.08
Fourier,-0.1901233965781221,0.7858071380670464,57437,48826,0.8500792172293121,0.08
Fourier,-0.1878878272066148,0.8597730504465152,57437,48826,0.8500792172293121,0.08
Fourier,-0.18565225783510747,0.9259531773067119,57437,48826,0.8500792172293121,0.08
Fourier,-0.18341668846360015,0.984613201570686,57437,48826,0.8500792172293121,0.08
Fourier,-0.18118111909209283,1.0423717310722314,57437,48826,0.8500792172293121,0.08
Fourier,-0.17894554972058552,1.1060140714856865,57437,48826,0.8500792172293121,0.08
Fourier,-0.1767099803490782,1.1805907848147743,57437,48826,0.8500792172293121,0.08
Fourier,-0.17447441097757088,1.268711912062739,57437,48826,0.8500792172293121,0.08
Fourier,-0.17223884160606356,1.3647090586963087,57437,48826,0.8500792172293121,0.08
Fourier,-0.17000327223455625,1.4526365454032968,57437,48826,0.8500792172293121,0.08
Fourier,-0.16776770286304887,1.5194283058758522,57437,48826,0.8500792172293121,0.08
Fourier,-0.1655321334915416,1.5700888004229356,57437,48826,0.8500792172293121,0.08
Fourier,-0.16329656412003424,1.6231959932812605,57437,48826,0.8500792172293121,0.08
Fourier,-0.16106099474852698,1.6920838160040759,57437,48826,0.8500792172293121,0.08
Fourier,-0.1588254253770196,1.7746011670276867,57437,48826,0.8500792172293121,0.08
Fourier,-0.15658985600551234,1.8589337461330675,57437,48826,0.8500792172293121,0.08
Fourier,-0.15435428663400497,1.9356491640512732,57437,48826,0.8500792172293121,0.08
Fourier,-0.1521187172624977,2.004743235866874,57437,48826,0.8500792172293121,0.08
Fourier,-0.14988314789099033,2.073057804595695,57437,48826,0.8500792172293121,0.08
Fourier,-0.14764757851948307,2.147134284210673,57437,48826,0.8500792172293121,0.08
Fourier,-0.1454120091479757,2.2310148149214126,57437,48826,0.8500792172293121,0.08
Fourier,-0.14317643977646843,2.330442066183086,57437,48826,0.8500792172293121,0.08
Fourier,-0.14094087040496106,2.4552281945294125,57437,48826,0.8500792172293121,0.08
Fourier,-0.1387053010334538,2.61320629068753,57437,48826,0.8500792172293121,0.08
Fourier,-0.13646973166194643,2.7996740181517032,57437,48826,0.8500792172293121,0.08
Fourier,-0.13423416229043916,2.994929800978991,57437,48826,0.8500792172293121,0.08
Fourier,-0.1319985929189318,3.1776693557537983,57437,48826,0.8500792172293121,0.08
Fourier,-0.12976302354742453,3.342315437432972,57437,48826,0.8500792172293121,0.08
Fourier,-0.12752745417591715,3.499599129878431,57437,48826,0.8500792172293121,0.08
Fourier,-0.1252918848044099,3.661636755699028,57437,48826,0.8500792172293121,0.08
Fourier,-0.12305631543290252,3.8315651414269976,57437,48826,0.8500792172293121,0.08
Fourier,-0.12082074606139526,4.003293195348044,57437,48826,0.8500792172293121,0.08
Fourier,-0.11858517668988788,4.163450693973961,57437,48826,0.8500792172293121,0.08
Fourier,-0.11634960731838062,4.297602773110542,57437,48826,0.8500792172293121,0.08
Fourier,-0.11411403794687325,4.403371860731384,57437,48826,0.8500792172293121,0.08
Fourier,-0.11187846857536599,4.497306402843555,57437,48826,0.8500792172293121,0.08
Fourier,-0.10964289920385861,4.603947245123666,57437,48826,0.8500792172293121,0.08
Fourier,-0.10740732983235135,4.736942289916401,57437,48826,0.8500792172293121,0.08
Fourier,-0.10517176046084398,4.891761022336859,57437,48826,0.8500792172293121,0.08
Fourier,-0.10293619108933671,5.055951306253904,57437,48826,0.8500792172293121,0.08
Fourier,-0.10070062171782934,5.222598460568758,57437,48826,0.8500792172293121,0.08
Fourier,-0.09846505234632208,5.388923694444601,57437,48826,0.8500792172293121,0.08
Fourier,-0.0962294829748147,5.543529742515757,57437,48826,0.8500792172293121,0.08
Fourier,-0.09399391360330733,5.665114514513719,57437,48826,0.8500792172293121,0.08
Fourier,-0.09175834423180007,5.740076282787753,57437,48826,0.8500792172293121,0.08
Fourier,-0.0895227748602927,5.778115994302602,57437,48826,0.8500792172293121,0.08
Fourier,-0.08728720548878544,5.806805303002059,57437,48826,0.8500792172293121,0.08
Fourier,-0.08505163611727806,5.851136418739149,57437,48826,0.8500792172293121,0.08
Fourier,-0.0828160667457708,5.9173771354029965,57437,48826,0.8500792172293121,0.08
Fourier,-0.08058049737426343,5.9920331348803835,57437,48826,0.8500792172293121,0.08
Fourier,-0.07834492800275616,6.052292652435557,57437,48826,0.8500792172293121,0.08
Fourier,-0.07610935863124879,6.081752723372237,57437,48826,0.8500792172293121,0.08
Fourier,-0.07387378925974153,6.087004460250394,57437,48826,0.8500792172293121,0.08
Fourier,-0.07163821988823416,6.101788876973001,57437,48826,0.8500792172293121,0.08
Fourier,-0.0694026505167269,6.164470936884289,57437,48826,0.8500792172293121,0.08
Fourier,-0.06716708114521952,6.281178860529538,57437,48826,0.8500792172293121,0.08
Fourier,-0.06493151177371226,6.413654975586812,57437,48826,0.8500792172293121,0.08
Fourier,-0.06269594240220489,6.512507781837074,57437,48826,0.8500792172293121,0.08
Fourier,-0.06046037303069762,6.560707972680149,57437,48826,0.8500792172293121,0.08
Fourier,-0.05822480365919025,6.576032652673811,57437,48826,0.8500792172293121,0.08
Fourier,-0.05598923428768299,6.578537688436021,57437,48826,0.8500792172293121,0.08
Fourier,-0.053753664916175614,6.571149388659417,57437,48826,0.8500792172293121,0.08
Fourier,-0.05151809554466835,6.548273673712469,57437,48826,0.8500792172293121,0.08
Fourier,-0.04928252617316098,6.509345353678152,57437,48826,0.8500792172293121,0.08
Fourier,-0.047046956801653717,6.461317368131366,57437,48826,0.8500792172293121,0.08
Fourier,-0.04481138743014634,6.41123951382549,57437,48826,0.8500792172293121,0.08
Fourier,-0.04257581805863908,6.358085433016192,57437,48826,0.8500792172293121,0.08
Fourier,-0.04034024868713171,6.294974419957573,57437,48826,0.8500792172293121,0.08
Fourier,-0.038104679315624446,6.219667211456022,57437,48826,0.8500792172293121,0.08
Fourier,-0.03586910994411707,6.137351234251565,57437,48826,0.8500792172293121,0.08
Fourier,-0.03363354057260981,6.053202329691716,57437,48826,0.8500792172293121,0.08
Fourier,-0.03139797120110244,5.96942997155726,57437,48826,0.8500792172293121,0.08
Fourier,-0.029162401829595175,5.888430975465658,57437,48826,0.8500792172293121,0.08
Fourier,-0.0269268324580878,5.811091398037243,57437,48826,0.8500792172293121,0.08
Fourier,-0.02469126308658054,5.732283860958072,57437,48826,0.8500792172293121,0.08
Fourier,-0.022455693715073166,5.642108354815147,57437,48826,0.8500792172293121,0.08
Fourier,-0.020220124343565793,5.532071138275242,57437,48826,0.8500792172293121,0.08
Fourier,-0.01798455497205853,5.401177842420236,57437,48826,0.8500792172293121,0.08
Fourier,-0.015748985600551157,5.255928921404399,57437,48826,0.8500792172293121,0.08
Fourier,-0.013513416229043895,5.09972230113583,57437,48826,0.8500792172293121,0.08
Fourier,-0.011277846857536522,4.919444127143003,57437,48826,0.8500792172293121,0.08
Fourier,-0.00904227748602926,4.68113088248995,57437,48826,0.8500792172293121,0.08
Fourier,-0.006806708114521887,4.331651315109632,57437,48826,0.8500792172293121,0.08
Fourier,-0.004571138743014624,3.807036717087468,57437,48826,0.8500792172293121,0.08
Fourier,-0.002335569371507251,3.0731900692735143,57437,48826,0.8500792172293121,0.08
Fourier,-0.0001,2.192879486056373,57437,48826,0.8500792172293121,0.08
Codebook,-0.3821575438976288,1.0486237610565683e-05,57437,48298,0.840886536553093,0.08
Codebook,-0.3808797594698775,3.7993785634384995e-05,57437,48298,0.840886536553093,0.08
Codebook,-0.3796019750421263,0.00011547545171497948,57437,48298,0.840886536553093,0.08
Codebook,-0.378324190614375,0.0002944089439803198,57437,48298,0.840886536553093,0.08
Codebook,-0.3770464061866237,0.000629646157209595,57437,48298,0.840886536553093,0.08
Codebook,-0.37576862175887243,0.0011296043153190946,57437,48298,0.840886536553093,0.08
Codebook,-0.3744908373311212,0.00169996647368223,57437,48298,0.840886536553093,0.08
Codebook,-0.3732130529033699,0.0021460438814119424,57437,48298,0.840886536553093,0.08
Codebook,-0.37193526847561864,0.0022725898754927865,57437,48298,0.840886536553093,0.08
Codebook,-0.3706574840478674,0.0020187742895224742,57437,48298,0.840886536553093,0.08
Codebook,-0.36937969962011613,0.0015043146693073963,57437,48298,0.840886536553093,0.08
Codebook,-0.36810191519236485,0.0009403160391137675,57437,48298,0.840886536553093,0.08
Codebook,-0.36682413076461357,0.000493052568355403,57437,48298,0.840886536553093,0.08
Codebook,-0.36554634633686234,0.0002168686793664825,57437,48298,0.840886536553093,0.08
Codebook,-0.36426856190911105,8.001744355702596e-05,57437,48298,0.840886536553093,0.08
Codebook,-0.36299077748135977,2.4766049550872577e-05,57437,48298,0.840886536553093,0.08
Codebook,-0.36171299305360854,6.430030468298128e-06,57437,48298,0.840886536553093,0.08
Codebook,-0.36043520862585726,1.4004046755321477e-06,57437,48298,0.840886536553093,0.08
Codebook,-0.359157424198106,2.5584580552791835e-07,57437,48298,0.840886536553093,0.08
Codebook,-0.35787963977035475,3.9209136549595e-08,57437,48298,0.840886536553093,0.08
Codebook,-0.35660185534260347,5.04057967394783e-09,57437,48298,0.840886536553093,0.08
Codebook,-0.3553240709148522,5.435730920830469e-10,57437,48298,0.840886536553093,0.08
Codebook,-0.3540462864871009,4.9173265293819886e-11,57437,48298,0.840886536553093,0.08
Codebook,-0.3527685020593497,3.754457269318426e-12,57437,48298,0.840886536553093,0.08
Codebook,-0.3514907176315984,6.554000544778282e-13,57437,48298,0.840886536553093,0.08
Codebook,-0.3502129332038471,6.350800794030442e-12,57437,48298,0.840886536553093,0.08
Codebook,-0.3489351487760959,8.064070096050646e-11,57437,48298,0.840886536553093,0.08
Codebook,-0.3476573643483446,8.60652166998517e-10,57437,48298,0.840886536553093,0.08
Codebook,-0.3463795799205933,7.705326723043765e-09,57437,48298,0.840886536553093,0.08
Codebook,-0.34510179549284203,5.7868813181383725e-08,57437,48298,0.840886536553093,0.08
Codebook,-0.3438240110650908,3.645817403655404e-07,57437,48298,0.840886536553093,0.08
Codebook,-0.3425462266373395,1.9268878877292424e-06,57437,48298,0.840886536553093,0.08
Codebook,-0.34126844220958824,8.54397623474481e-06,57437,48298,0.840886536553093,0.08
Codebook,-0.339990657781837,3.178864722591419e-05,57437,48298,0.840886536553093,0.08
Codebook,-0.33871287335408573,9.927402676732706e-05,57437,48298,0.840886536553093,0.08
Codebook,-0.33743508892633445,0.00026041159332792086,57437,48298,0.840886536553093,0.08
Codebook,-0.33615730449858316,0.000574667396663113,57437,48298,0.840886536553093,0.08
Codebook,-0.33487952007083194,0.0010704223009365412,57437,48298,0.840886536553093,0.08
Codebook,-0.33360173564308065,0.001695060567375183,57437,48298,0.840886536553093,0.08
Codebook,-0.33232395121532937,0.002316178142306206,57437,48298,0.840886536553093,0.08
Codebook,-0.33104616678757814,0.002810460232753723,57437,48298,0.840886536553093,0.08
Codebook,-0.32976838235982686,0.00317308429627906,57437,48298,0.840886536553093,0.08
Codebook,-0.3284905979320756,0.003516569221712004,57437,48298,0.840886536553093,0.08
Codebook,-0.3272128135043243,0.003929022076346117,57437,48298,0.840886536553093,0.08
Codebook,-0.32593502907657307,0.004337034443024385,57437,48298,0.840886536553093,0.08
Codebook,-0.3246572446488218,0.004538363800287669,57437,48298,0.840886536553093,0.08
Codebook,-0.3233794602210705,0.004387947067499217,57437,48298,0.840886536553093,0.08
Codebook,-0.3221016757933193,0.003949016853721526,57437,48298,0.840886536553093,0.08
Codebook,-0.320823891365568,0.003451140443011786,57437,48298,0.840886536553093,0.08
Codebook,-0.3195461069378167,0.0030906793117221067,57437,48298,0.840886536553093,0.08
Codebook,-0.3182683225100654,0.002868310217597004,57437,48298,0.840886536553093,0.08
Codebook,-0.3169905380823142,0.0026207320463458774,57437,48298,0.840886536553093,0.08
Codebook,-0.3157127536545629,0.0022020665708168312,57437,48298,0.840886536553093,0.08
Codebook,-0.31443496922681163,0.0016227399172022568,57437,48298,0.840886536553093,0.08
Codebook,-0.3131571847990604,0.0010232388991108256,57437,48298,0.840886536553093,0.08
Codebook,-0.3118794003713091,0.0005461380209638706,57437,48298,0.840886536553093,0.08
Codebook,-0.31060161594355784,0.00024690035231440333,57437,48298,0.840886536553093,0.08
Codebook,-0.30932383151580656,0.00010114498567896364,57437,48298,0.840886536553093,0.08
Codebook,-0.30804604708805533,6.530139235575275e-05,57437,48298,0.840886536553093,0.08
Codebook,-0.30676826266030405,0.00013412034163005833,57437,48298,0.840886536553093,0.08
Codebook,-0.30549047823255276,0.0003750919159622256,57437,48298,0.840886536553093,0.08
Codebook,-0.30421269380480154,0.0009299157188521995,57437,48298,0.840886536553093,0.08
Codebook,-0.30293490937705025,0.0019513944561999365,57437,48298,0.840886536553093,0.08
Codebook,-0.30165712494929897,0.003458602746073161,57437,48298,0.840886536553093,0.08
Codebook,-0.3003793405215477,0.005193516033548359,57437,48298,0.840886536553093,0.08
Codebook,-0.29910155609379646,0.006659329838857606,57437,48298,0.840886536553093,0.08
Codebook,-0.2978237716660452,0.007423928796642052,57437,48298,0.840886536553093,0.08
Codebook,-0.2965459872382939,0.007477682022012021,57437,48298,0.840886536553093,0.08
Codebook,-0.29526820281054267,0.007278518661441039,57437,48298,0.840886536553093,0.08
Codebook,-0.2939904183827914,0.007377874206867271,57437,48298,0.840886536553093,0.08
Codebook,-0.2927126339550401,0.007954213980011357,57437,48298,0.840886536553093,0.08
Codebook,-0.2914348495272888,0.008681623251882563,57437,48298,0.840886536553093,0.08
Codebook,-0.2901570650995376,0.009026693186402963,57437,48298,0.840886536553093,0.08
Codebook,-0.2888792806717863,0.008680643696095428,57437,48298,0.840886536553093,0.08
Codebook,-0.2876014962440351,0.007764605947267102,57437,48298,0.840886536553093,0.08
Codebook,-0.2863237118162838,0.006701115343931156,57437,48298,0.840886536553093,0.08
Codebook,-0.2850459273885325,0.0059332583569848465,57437,48298,0.840886536553093,0.08
Codebook,-0.28376814296078123,0.0057157867417224366,57437,48298,0.840886536553093,0.08
Codebook,-0.28249035853302995,0.006039590268590877,57437,48298,0.840886536553093,0.08
Codebook,-0.2812125741052787,0.006657244917091158,57437,48298,0.840886536553093,0.08
Codebook,-0.27993478967752744,0.0072257230264684965,57437,48298,0.840886536553093,0.08
Codebook,-0.2786570052497762,0.00755623532992631,57437,48298,0.840886536553093,0.08
Codebook,-0.27737922082202493,0.007795370816980824,57437,48298,0.840886536553093,0.08
Codebook,-0.27610143639427365,0.00831607723032238,57437,48298,0.840886536553093,0.08
Codebook,-0.27482365196652236,0.009341565281670275,57437,48298,0.840886536553093,0.08
Codebook,-0.2735458675387711,0.010633490392587612,57437,48298,0.840886536553093,0.08
Codebook,-0.27226808311101985,0.01157718323150011,57437,48298,0.840886536553093,0.08
Codebook,-0.27099029868326857,0.011628110654136032,57437,48298,0.840886536553093,0.08
Codebook,-0.26971251425551734,0.010717060994793626,57437,48298,0.840886536553093,0.08
Codebook,-0.26843472982776606,0.009262517233504193,57437,48298,0.840886536553093,0.08
Codebook,-0.2671569454000148,0.007847084975304551,57437,48298,0.840886536553093,0.08
Codebook,-0.2658791609722635,0.006902976096441089,57437,48298,0.840886536553093,0.08
Codebook,-0.2646013765445122,0.0066376667118555254,57437,48298,0.840886536553093,0.08
Codebook,-0.263323592116761,0.007133916284795945,57437,48298,0.840886536553093,0.08
Codebook,-0.2620458076890097,0.008432642509148075,57437,48298,0.840886536553093,0.08
Codebook,-0.2607680232612585,0.010519794484894499,57437,48298,0.840886536553093,0.08
Codebook,-0.2594902388335072,0.013291751666303694,57437,48298,0.840886536553093,0.08
Codebook,-0.2582124544057559,0.016580923533560724,57437,48298,0.840886536553093,0.08
Codebook,-0.2569346699780046,0.020196710218206803,57437,48298,0.840886536553093,0.08
Codebook,-0.25565688555025334,0.023871540804767676,57437,48298,0.840886536553093,0.08
Codebook,-0.2543791011225021,0.027144085496904394,57437,48298,0.840886536553093,0.08
Codebook,-0.25310131669475083,0.029397376728250806,57437,48298,0.840886536553093,0.08
Codebook,-0.2518235322669996,0.03015998935250641,57437,48298,0.840886536553093,0.08
Codebook,-0.2505457478392483,0.02942159740851037,57437,48298,0.840886536553093,0.08
Codebook,-0.24926796341149704,0.0276252611985786,57437,48298,0.840886536553093,0.08
Codebook,-0.24799017898374578,0.025370278925308683,57437,48298,0.840886536553093,0.08
Codebook,-0.2467123945559945,0.023177900912874423,57437,48298,0.840886536553093,0.08
Codebook,-0.24543461012824325,0.021497603677080545,57437,48298,0.840886536553093,0.08
Codebook,-0.24415682570049196,0.02074510362844355,57437,48298,0.840886536553093,0.08
Codebook,-0.2428790412727407,0.021116924304117976,57437,48298,0.840886536553093,0.08
Codebook,-0.24160125684498945,0.022300064577842157,57437,48298,0.840886536553093,0.08
Codebook,-0.24032347241723817,0.023501034158569887,57437,48298,0.840886536553093,0.08
Codebook,-0.23904568798948692,0.023987779114609586,57437,48298,0.840886536553093,0.08
Codebook,-0.23776790356173563,0.02375744668346101,57437,48298,0.840886536553093,0.08
Codebook,-0.23649011913398438,0.023698427978086644,57437,48298,0.840886536553093,0.08
Codebook,-0.2352123347062331,0.025022570216810994,57437,48298,0.840886536553093,0.08
Codebook,-0.23393455027848184,0.02836520071913088,57437,48298,0.840886536553093,0.08
Codebook,-0.23265676585073058,0.03320485275170771,57437,48298,0.840886536553093,0.08
Codebook,-0.2313789814229793,0.03803144084764715,57437,48298,0.840886536553093,0.08
Codebook,-0.23010119699522805,0.04122384314328328,57437,48298,0.840886536553093,0.08
Codebook,-0.22882341256747676,0.042122019070059545,57437,48298,0.840886536553093,0.08
Codebook,-0.2275456281397255,0.04155345189066019,57437,48298,0.840886536553093,0.08
Codebook,-0.22626784371197425,0.04136877659622933,57437,48298,0.840886536553093,0.08
Codebook,-0.22499005928422297,0.04325456409197132,57437,48298,0.840886536553093,0.08
Codebook,-0.22371227485647172,0.047638325707747994,57437,48298,0.840886536553093,0.08
Codebook,-0.22243449042872043,0.05342503555117235,57437,48298,0.840886536553093,0.08
Codebook,-0.22115670600096918,0.05873343882960623,57437,48298,0.840886536553093,0.08
Codebook,-0.2198789215732179,0.062148417219587346,57437,48298,0.840886536553093,0.08
Codebook,-0.21860113714546664,0.06363758329403822,57437,48298,0.840886536553093,0.08
Codebook,-0.21732335271771538,0.06446616840357483,57437,48298,0.840886536553093,0.08
Codebook,-0.2160455682899641,0.06614801928605486,57437,48298,0.840886536553093,0.08
Codebook,-0.21476778386221285,0.06920492719037066,57437,48298,0.840886536553093,0.08
Codebook,-0.21348999943446156,0.07269856887719042,57437,48298,0.840886536553093,0.08
Codebook,-0.2122122150067103,0.07495570183421936,57437,48298,0.840886536553093,0.08
Codebook,-0.21093443057895903,0.07495459131998125,57437,48298,0.840886536553093,0.08
Codebook,-0.20965664615120777,0.07320448958884133,57437,48298,0.840886536553093,0.08
Codebook,-0.20837886172345652,0.07129628057297066,57437,48298,0.840886536553093,0.08
Codebook,-0.20710107729570523,0.07050922909120694,57437,48298,0.840886536553093,0.08
Codebook,-0.20582329286795398,0.07082915271631747,57437,48298,0.840886536553093,0.08
Codebook,-0.2045455084402027,0.07136711204958421,57437,48298,0.840886536553093,0.08
Codebook,-0.20326772401245144,0.07169752014058563,57437,48298,0.840886536553093,0.08
Codebook,-0.20198993958470018,0.07266607628756751,57437,48298,0.840886536553093,0.08
Codebook,-0.2007121551569489,0.07590926084112805,57437,48298,0.840886536553093,0.08
Codebook,-0.19943437072919765,0.08273801035094926,57437,48298,0.840886536553093,0.08
Codebook,-0.19815658630144636,0.09334663215042976,57437,48298,0.840886536553093,0.08
Codebook,-0.1968788018736951,0.10652665599679631,57437,48298,0.840886536553093,0.08
Codebook,-0.19560101744594383,0.11978399442372568,57437,48298,0.840886536553093,0.08
Codebook,-0.19432323301819257,0.1301997892958098,57437,48298,0.840886536553093,0.08
Codebook,-0.19304544859044132,0.13610900732077086,57437,48298,0.840886536553093,0.08
Codebook,-0.19176766416269003,0.13851842386825644,57437,48298,0.840886536553093,0.08
Codebook,-0.19048987973493878,0.14085649919021326,57437,48298,0.840886536553093,0.08
Codebook,-0.1892120953071875,0.1469504052291583,57437,48298,0.840886536553093,0.08
Codebook,-0.18793431087943624,0.15868402550642058,57437,48298,0.840886536553093,0.08
Codebook,-0.18665652645168496,0.17501125334258952,57437,48298,0.840886536553093,0.08
Codebook,-0.1853787420239337,0.1928552616041132,57437,48298,0.840886536553093,0.08
Codebook,-0.18410095759618245,0.20905787770212372,57437,48298,0.840886536553093,0.08
Codebook,-0.18282317316843116,0.22198601760821787,57437,48298,0.840886536553093,0.08
Codebook,-0.1815453887406799,0.23186820505772254,57437,48298,0.840886536553093,0.08
Codebook,-0.18026760431292863,0.23992293219505864,57437,48298,0.840886536553093,0.08
Codebook,-0.17898981988517737,0.24715184783581629,57437,48298,0.840886536553093,0.08
Codebook,-0.1777120354574261,0.2538231623348128,57437,48298,0.840886536553093,0.08
Codebook,-0.17643425102967483,0.26004021462682114,57437,48298,0.840886536553093,0.08
Codebook,-0.17515646660192358,0.2667466836855679,57437,48298,0.840886536553093,0.08
Codebook,-0.1738786821741723,0.27600668173087267,57437,48298,0.840886536553093,0.08
Codebook,-0.17260089774642104,0.2900886911373006,57437,48298,0.840886536553093,0.08
Codebook,-0.17132311331866976,0.3100176363058606,57437,48298,0.840886536553093,0.08
Codebook,-0.1700453288909185,0.3345439465028292,57437,48298,0.840886536553093,0.08
Codebook,-0.16876754446316725,0.3600648146905813,57437,48298,0.840886536553093,0.08
Codebook,-0.16748976003541596,0.3818139248857251,57437,48298,0.840886536553093,0.08
Codebook,-0.1662119756076647,0.39624043926546837,57437,48298,0.840886536553093,0.08
Codebook,-0.16493419117991343,0.40335691660291134,57437,48298,0.840886536553093,0.08
Codebook,-0.16365640675216217,0.4071630623848498,57437,48298,0.840886536553093,0.08
Codebook,-0.1623786223244109,0.41344980324918157,57437,48298,0.840886536553093,0.08
Codebook,-0.16110083789665963,0.42645873096881015,57437,48298,0.840886536553093,0.08
Codebook,-0.15982305346890838,0.4468785362347961,57437,48298,0.840886536553093,0.08
Codebook,-0.1585452690411571,0.4726379939328314,57437,48298,0.840886536553093,0.08
Codebook,-0.15726748461340584,0.501718663383421,57437,48298,0.840886536553093,0.08
Codebook,-0.15598970018565456,0.5343929343278266,57437,48298,0.840886536553093,0.08
Codebook,-0.1547119157579033,0.5725530730813471,57437,48298,0.840886536553093,0.08
Codebook,-0.15343413133015202,0.6164350807610363,57437,48298,0.840886536553093,0.08
Codebook,-0.15215634690240076,0.6619415308491092,57437,48298,0.840886536553093,0.08
Codebook,-0.1508785624746495,0.7018822116524699,57437,48298,0.840886536553093,0.08
Codebook,-0.14960077804689823,0.7310221759068469,57437,48298,0.840886536553093,0.08
Codebook,-0.14832299361914697,0.7508084247511101,57437,48298,0.840886536553093,0.08
Codebook,-0.1470452091913957,0.769242342042255,57437,48298,0.840886536553093,0.08
Codebook,-0.14576742476364443,0.795537712788992,57437,48298,0.840886536553093,0.08
Codebook,-0.14448964033589318,0.8340278717003661,57437,48298,0.840886536553093,0.08
Codebook,-0.1432118559081419,0.8823718387084782,57437,48298,0.840886536553093,0.08
Codebook,-0.14193407148039064,0.9349757835892635,57437,48298,0.840886536553093,0.08
Codebook,-0.14065628705263936,0.9879443230978449,57437,48298,0.840886536553093,0.08
Codebook,-0.1393785026248881,1.0411714125043476,57437,48298,0.840886536553093,0.08
Codebook,-0.13810071819713682,1.0967398239086645,57437,48298,0.840886536553093,0.08
Codebook,-0.13682293376938556,1.1566359591010755,57437,48298,0.840886536553093,0.08
Codebook,-0.1355451493416343,1.2223816089587085,57437,48298,0.840886536553093,0.08
Codebook,-0.13426736491388302,1.2952599208047038,57437,48298,0.840886536553093,0.08
Codebook,-0.13298958048613177,1.3745177743768338,57437,48298,0.840886536553093,0.08
Codebook,-0.13171179605838051,1.4549793846173207,57437,48298,0.840886536553093,0.08
Codebook,-0.13043401163062923,1.5286902318384512,57437,48298,0.840886536553093,0.08
Codebook,-0.12915622720287795,1.5913352922541903,57437,48298,0.840886536553093,0.08
Codebook,-0.12787844277512672,1.6475045131819712,57437,48298,0.840886536553093,0.08
Codebook,-0.12660065834737544,1.7085506088292872,57437,48298,0.840886536553093,0.08
Codebook,-0.12532287391962416,1.7839538727105952,57437,48298,0.840886536553093,0.08
Codebook,-0.12404508949187287,1.8738085988606408,57437,48298,0.840886536553093,0.08
Codebook,-0.12276730506412165,1.9690727057548993,57437,48298,0.840886536553093,0.08
Codebook,-0.12148952063637036,2.0587534951133915,57437,48298,0.840886536553093,0.08
Codebook,-0.12021173620861908,2.1371491133549823,57437,48298,0.840886536553093,0.08
Codebook,-0.11893395178086785,2.2055306068297647,57437,48298,0.840886536553093,0.08
Codebook,-0.11765616735311657,2.268761994632053,57437,48298,0.840886536553093,0.08
Codebook,-0.11637838292536529,2.331331777568472,57437,48298,0.840886536553093,0.08
Codebook,-0.115100598497614,2.3960162295903586,57437,48298,0.840886536553093,0.08
Codebook,-0.11382281406986278,2.464820491210735,57437,48298,0.840886536553093,0.08
Codebook,-0.1125450296421115,2.540162046592906,57437,48298,0.840886536553093,0.08
Codebook,-0.11126724521436021,2.625281499624388,57437,48298,0.840886536553093,0.08
Codebook,-0.10998946078660898,2.724002983592034,57437,48298,0.840886536553093,0.08
Codebook,-0.1087116763588577,2.8395338408359283,57437,48298,0.840886536553093,0.08
Codebook,-0.10743389193110642,2.9718274372710876,57437,48298,0.840886536553093,0.08
Codebook,-0.10615610750335513,3.1150832525142977,57437,48298,0.840886536553093,0.08
Codebook,-0.10487832307560391,3.258977897612157,57437,48298,0.840886536553093,0.08
Codebook,-0.10360053864785262,3.3950076616933837,57437,48298,0.840886536553093,0.08
Codebook,-0.10232275422010134,3.5234187800041954,57437,48298,0.840886536553093,0.08
Codebook,-0.10104496979235011,3.6535292775052004,57437,48298,0.840886536553093,0.08
Codebook,-0.09976718536459883,3.796028961068206,57437,48298,0.840886536553093,0.08
Codebook,-0.09848940093684755,3.9547456254813946,57437,48298,0.840886536553093,0.08
Codebook,-0.09721161650909627,4.12609271767834,57437,48298,0.840886536553093,0.08
Codebook,-0.09593383208134504,4.305105013511639,57437,48298,0.840886536553093,0.08
Codebook,-0.09465604765359376,4.489587442903257,57437,48298,0.840886536553093,0.08
Codebook,-0.09337826322584247,4.678208175060091,57437,48298,0.840886536553093,0.08
Codebook,-0.09210047879809125,4.867463851132789,57437,48298,0.840886536553093,0.08
Codebook,-0.09082269437033996,5.0528333488361294,57437,48298,0.840886536553093,0.08
Codebook,-0.08954490994258868,5.231609666329934,57437,48298,0.840886536553093,0.08
Codebook,-0.0882671255148374,5.4021005737038434,57437,48298,0.840886536553093,0.08
Codebook,-0.08698934108708617,5.560551801911691,57437,48298,0.840886536553093,0.08
Codebook,-0.08571155665933489,5.702060132436193,57437,48298,0.840886536553093,0.08
Codebook,-0.0844337722315836,5.826538403400357,57437,48298,0.840886536553093,0.08
Codebook,-0.08315598780383238,5.942935321575478,57437,48298,0.840886536553093,0.08
Codebook,-0.0818782033760811,6.065744271327735,57437,48298,0.840886536553093,0.08
Codebook,-0.08060041894832981,6.206280590413559,57437,48298,0.840886536553093,0.08
Codebook,-0.07932263452057858,6.3665417239036515,57437,48298,0.840886536553093,0.08
Codebook,-0.0780448500928273,6.540151391050157,57437,48298,0.840886536553093,0.08
Codebook,-0.07676706566507602,6.718025089496469,57437,48298,0.840886536553093,0.08
Codebook,-0.07548928123732473,6.8933119541932815,57437,48298,0.840886536553093,0.08
Codebook,-0.07421149680957351,7.0624559755053555,57437,48298,0.840886536553093,0.08
Codebook,-0.07293371238182222,7.223441949917593,57437,48298,0.840886536553093,0.08
Codebook,-0.07165592795407094,7.374143224378104,57437,48298,0.840886536553093,0.08
Codebook,-0.07037814352631971,7.5119122296944365,57437,48298,0.840886536553093,0.08
Codebook,-0.06910035909856843,7.633628198368892,57437,48298,0.840886536553093,0.08
Codebook,-0.06782257467081715,7.736394013022879,57437,48298,0.840886536553093,0.08
Codebook,-0.06654479024306587,7.820175650583406,57437,48298,0.840886536553093,0.08
Codebook,-0.06526700581531464,7.891570375777832,57437,48298,0.840886536553093,0.08
Codebook,-0.06398922138756336,7.965275992895053,57437,48298,0.840886536553093,0.08
Codebook,-0.06271143695981207,8.060599809537457,57437,48298,0.840886536553093,0.08
Codebook,-0.061433652532060845,8.193485047819335,57437,48298,0.840886536553093,0.08
Codebook,-0.06015586810430956,8.367257376839696,57437,48298,0.840886536553093,0.08
Codebook,-0.05887808367655828,8.566841862434094,57437,48298,0.840886536553093,0.08
Codebook,-0.057600299248806996,8.761162760814287,57437,48298,0.840886536553093,0.08
Codebook,-0.05632251482105577,8.915289642336418,57437,48298,0.840886536553093,0.08
Codebook,-0.055044730393304486,9.00741958224577,57437,48298,0.840886536553093,0.08
Codebook,-0.0537669459655532,9.040232241625523,57437,48298,0.840886536553093,0.08
Codebook,-0.052489161537801976,9.03801218652367,57437,48298,0.840886536553093,0.08
Codebook,-0.05121137711005069,9.030975809873999,57437,48298,0.840886536553093,0.08
Codebook,-0.04993359268229941,9.038180991483921,57437,48298,0.840886536553093,0.08
Codebook,-0.04865580825454813,9.060642749386528,57437,48298,0.840886536553093,0.08
Codebook,-0.0473780238267969,9.086527893473997,57437,48298,0.840886536553093,0.08
Codebook,-0.04610023939904562,9.100850347700504,57437,48298,0.840886536553093,0.08
Codebook,-0.044822454971294334,9.092381759288076,57437,48298,0.840886536553093,0.08
Codebook,-0.04354467054354311,9.057380452188601,57437,48298,0.840886536553093,0.08
Codebook,-0.042266886115791824,9.002513454148264,57437,48298,0.840886536553093,0.08
Codebook,-0.04098910168804054,8.945100429286326,57437,48298,0.840886536553093,0.08
Codebook,-0.03971131726028926,8.905816461272934,57437,48298,0.840886536553093,0.08
Codebook,-0.03843353283253803,8.894692533512613,57437,48298,0.840886536553093,0.08
Codebook,-0.03715574840478675,8.900955797454852,57437,48298,0.840886536553093,0.08
Codebook,-0.035877963977035465,8.897743422006346,57437,48298,0.840886536553093,0.08
Codebook,-0.03460017954928424,8.859692277197743,57437,48298,0.840886536553093,0.08
Codebook,-0.033322395121532955,8.778508686889777,57437,48298,0.840886536553093,0.08
Codebook,-0.03204461069378167,8.664034234479255,57437,48298,0.840886536553093,0.08
Codebook,-0.03076682626603039,8.532502199292919,57437,48298,0.840886536553093,0.08
Codebook,-0.029489041838279162,8.393811299191645,57437,48298,0.840886536553093,0.08
Codebook,-0.02821125741052788,8.248074925360221,57437,48298,0.840886536553093,0.08
Codebook,-0.026933472982776596,8.092640339988515,57437,48298,0.840886536553093,0.08
Codebook,-0.02565568855502537,7.931624017758877,57437,48298,0.840886536553093,0.08
Codebook,-0.024377904127274086,7.778146214137787,57437,48298,0.840886536553093,0.08
Codebook,-0.023100119699522803,7.6476026916288875,57437,48298,0.840886536553093,0.08
Codebook,-0.021822335271771576,7.549421248797205,57437,48298,0.840886536553093,0.08
Codebook,-0.020544550844020293,7.483419089955925,57437,48298,0.840886536553093,0.08
Codebook,-0.01926676641626901,7.439125320332991,57437,48298,0.840886536553093,0.08
Codebook,-0.017988981988517727,7.3956158697511585,57437,48298,0.840886536553093,0.08
Codebook,-0.0167111975607665,7.325662362202107,57437,48298,0.840886536553093,0.08
Codebook,-0.015433413133015217,7.207812772406467,57437,48298,0.840886536553093,0.08
Codebook,-0.014155628705263934,7.03966435399904,57437,48298,0.840886536553093,0.08
Codebook,-0.012877844277512707,6.839700984662342,57437,48298,0.840886536553093,0.08
Codebook,-0.011600059849761424,6.634715112660864,57437,48298,0.840886536553093,0.08
Codebook,-0.010322275422010141,6.4438477554929054,57437,48298,0.840886536553093,0.08
Codebook,-0.009044490994258858,6.270685121232606,57437,48298,0.840886536553093,0.08
Codebook,-0.007766706566507631,6.102764807540293,57437,48298,0.840886536553093,0.08
Codebook,-0.006488922138756348,5.910252141522048,57437,48298,0.840886536553093,0.08
Codebook,-0.005211137711005065,5.6419938544220205,57437,48298,0.840886536553093,0.08
Codebook,-0.003933353283253838,5.230061714649579,57437,48298,0.840886536553093,0.08
Codebook,-0.0026555688555025547,4.616462205303554,57437,48298,0.840886536553093,0.08
Codebook,-0.0013777844277512719,3.7970439072612256,57437,48298,0.840886536553093,0.08
Codebook,-0.0001,2.850509821061289,57437,48298,0.840886536553093,0.08
Linear,-0.6708597189188004,0.00014713241440623273,57437,47147,0.8208471890941379,0.08
Linear,-0.6686163753772659,0.00037061321515656785,57437,47147,0.8208471890941379,0.08
Linear,-0.6663730318357315,0.0007392351418946074,57437,47147,0.8208471890941379,0.08
Linear,-0.664129688294197,0.0011678828986116912,57437,47147,0.8208471890941379,0.08
Linear,-0.6618863447526626,0.001463290958812464,57437,47147,0.8208471890941379,0.08
Linear,-0.6596430012111281,0.0014639161723524695,57437,47147,0.8208471890941379,0.08
Linear,-0.6573996576695936,0.0012101539630329403,57437,47147,0.8208471890941379,0.08
Linear,-0.6551563141280592,0.0009565193800537022,57437,47147,0.8208471890941379,0.08
Linear,-0.6529129705865248,0.001004708281069253,57437,47147,0.8208471890941379,0.08
Linear,-0.6506696270449903,0.0014932879829457177,57437,47147,0.8208471890941379,0.08
Linear,-0.6484262835034559,0.002259971936302436,57437,47147,0.8208471890941379,0.08
Linear,-0.6461829399619214,0.002878437573344262,57437,47147,0.8208471890941379,0.08
Linear,-0.643939596420387,0.002938441999521165,57437,47147,0.8208471890941379,0.08
Linear,-0.6416962528788526,0.0023807583881708953,57437,47147,0.8208471890941379,0.08
Linear,-0.639452909337318,0.001528042546954846,57437,47147,0.8208471890941379,0.08
Linear,-0.6372095657957836,0.0007766460031019336,57437,47147,0.8208471890941379,0.08
Linear,-0.6349662222542491,0.000312571347053825,57437,47147,0.8208471890941379,0.08
Linear,-0.6327228787127147,9.96111839204304e-05,57437,47147,0.8208471890941379,0.08
Linear,-0.6304795351711803,2.5136157237149348e-05,57437,47147,0.8208471890941379,0.08
Linear,-0.6282361916296458,5.0225158330870775e-06,57437,47147,0.8208471890941379,0.08
Linear,-0.6259928480881114,7.946490227332159e-07,57437,47147,0.8208471890941379,0.08
Linear,-0.623749504546577,9.955452234184112e-08,57437,47147,0.8208471890941379,0.08
Linear,-0.6215061610050425,9.875935142984533e-09,57437,47147,0.8208471890941379,0.08
Linear,-0.619262817463508,7.757594232358644e-10,57437,47147,0.8208471890941379,0.08
Linear,-0.6170194739219735,4.825112926830012e-11,57437,47147,0.8208471890941379,0.08
Linear,-0.6147761303804391,2.3763997289350663e-12,57437,47147,0.8208471890941379,0.08
Linear,-0.6125327868389047,9.267542827750575e-14,57437,47147,0.8208471890941379,0.08
Linear,-0.6102894432973702,2.880212839552275e-15,57437,47147,0.8208471890941379,0.08
Linear,-0.6080460997558358,9.035074231031156e-16,57437,47147,0.8208471890941379,0.08
Linear,-0.6058027562143014,2.988047865039887e-14,57437,47147,0.8208471890941379,0.08
Linear,-0.6035594126727669,8.484336936448721e-13,57437,47147,0.8208471890941379,0.08
Linear,-0.6013160691312325,1.9084299725425597e-11,57437,47147,0.8208471890941379,0.08
Linear,-0.5990727255896979,3.4005299975579225e-10,57437,47147,0.8208471890941379,0.08
Linear,-0.5968293820481635,4.799906195754136e-09,57437,47147,0.8208471890941379,0.08
Linear,-0.594586038506629,5.36708284830548e-08,57437,47147,0.8208471890941379,0.08
Linear,-0.5923426949650946,4.7540838970234926e-07,57437,47147,0.8208471890941379,0.08
Linear,-0.5900993514235602,3.3359680516497862e-06,57437,47147,0.8208471890941379,0.08
Linear,-0.5878560078820257,1.854414608395198e-05,57437,47147,0.8208471890941379,0.08
Linear,-0.5856126643404913,8.166294365130542e-05,57437,47147,0.8208471890941379,0.08
Linear,-0.5833693207989569,0.00028489161214488156,57437,47147,0.8208471890941379,0.08
Linear,-0.5811259772574224,0.0007873608627081486,57437,47147,0.8208471890941379,0.08
Linear,-0.5788826337158879,0.0017238936445551727,57437,47147,0.8208471890941379,0.08
Linear,-0.5766392901743534,0.002990146122088519,57437,47147,0.8208471890941379,0.08
Linear,-0.574395946632819,0.004108869193357841,57437,47147,0.8208471890941379,0.08
Linear,-0.5721526030912846,0.004473038951460338,57437,47147,0.8208471890941379,0.08
Linear,-0.5699092595497501,0.0038577655814131424,57437,47147,0.8208471890941379,0.08
Linear,-0.5676659160082157,0.002635869628846924,57437,47147,0.8208471890941379,0.08
Linear,-0.5654225724666813,0.0014268191041482755,57437,47147,0.8208471890941379,0.08
Linear,-0.5631792289251468,0.0006118888861961853,57437,47147,0.8208471890941379,0.08
Linear,-0.5609358853836124,0.00020789135636615786,57437,47147,0.8208471890941379,0.08
Linear,-0.5586925418420778,5.5957959059125505e-05,57437,47147,0.8208471890941379,0.08
Linear,-0.5564491983005434,1.1933011392857614e-05,57437,47147,0.8208471890941379,0.08
Linear,-0.554205854759009,2.0160851874410096e-06,57437,47147,0.8208471890941379,0.08
Linear,-0.5519625112174745,2.7036730293011794e-07,57437,47147,0.8208471890941379,0.08
Linear,-0.5497191676759401,3.5069311271990304e-08,57437,47147,0.8208471890941379,0.08
Linear,-0.5474758241344057,6.58062734345973e-08,57437,47147,0.8208471890941379,0.08
Linear,-0.5452324805928712,4.93339063033675e-07,57437,47147,0.8208471890941379,0.08
Linear,-0.5429891370513368,3.037599519989317e-06,57437,47147,0.8208471890941379,0.08
Linear,-0.5407457935098023,1.4814211509522495e-05,57437,47147,0.8208471890941379,0.08
Linear,-0.5385024499682678,5.720741158903284e-05,57437,47147,0.8208471890941379,0.08
Linear,-0.5362591064267335,0.0001749245234729364,57437,47147,0.8208471890941379,0.08
Linear,-0.5340157628851989,0.00042352037763336375,57437,47147,0.8208471890941379,0.08
Linear,-0.5317724193436645,0.0008119455241256476,57437,47147,0.8208471890941379,0.08
Linear,-0.52952907580213,0.0012326306961658892,57437,47147,0.8208471890941379,0.08
Linear,-0.5272857322605956,0.0014823568091543574,57437,47147,0.8208471890941379,0.08
Linear,-0.5250423887190612,0.0014155661079957305,57437,47147,0.8208471890941379,0.08
Linear,-0.5227990451775267,0.0010901277309793562,57437,47147,0.8208471890941379,0.08
Linear,-0.5205557016359923,0.0007416246276985806,57437,47147,0.8208471890941379,0.08
Linear,-0.5183123580944577,0.0006323640407501517,57437,47147,0.8208471890941379,0.08
Linear,-0.5160690145529234,0.0009288600356194049,57437,47147,0.8208471890941379,0.08
Linear,-0.5138256710113889,0.0016274337962755945,57437,47147,0.8208471890941379,0.08
Linear,-0.5115823274698544,0.002496823102125313,57437,47147,0.8208471890941379,0.08
Linear,-0.50933898392832,0.0031554349264873043,57437,47147,0.8208471890941379,0.08
Linear,-0.5070956403867856,0.0033591816150693636,57437,47147,0.8208471890941379,0.08
Linear,-0.5048522968452511,0.0032364713458464074,57437,47147,0.8208471890941379,0.08
Linear,-0.5026089533037167,0.0031510072264866414,57437,47147,0.8208471890941379,0.08
Linear,-0.5003656097621823,0.0033293010726577945,57437,47147,0.8208471890941379,0.08
Linear,-0.49812226622064776,0.00366530695867581,57437,47147,0.8208471890941379,0.08
Linear,-0.4958789226791133,0.00383930180302253,57437,47147,0.8208471890941379,0.08
Linear,-0.49363557913757883,0.0035953407124220543,57437,47147,0.8208471890941379,0.08
Linear,-0.4913922355960444,0.003002375158343751,57437,47147,0.8208471890941379,0.08
Linear,-0.48914889205450995,0.0025443078372321846,57437,47147,0.8208471890941379,0.08
Linear,-0.4869055485129755,0.0029350752044561626,57437,47147,0.8208471890941379,0.08
Linear,-0.4846622049714411,0.004698218329762815,57437,47147,0.8208471890941379,0.08
Linear,-0.48241886142990664,0.0076850746307232315,57437,47147,0.8208471890941379,0.08
Linear,-0.4801755178883722,0.010888809282001958,57437,47147,0.8208471890941379,0.08
Linear,-0.4779321743468377,0.012946931185517029,57437,47147,0.8208471890941379,0.08
Linear,-0.4756888308053033,0.01310922064183335,57437,47147,0.8208471890941379,0.08
Linear,-0.47344548726376884,0.011714630004976823,57437,47147,0.8208471890941379,0.08
Linear,-0.47120214372223435,0.009657351527099177,57437,47147,0.8208471890941379,0.08
Linear,-0.4689588001806999,0.007564656502134863,57437,47147,0.8208471890941379,0.08
Linear,-0.46671545663916547,0.005645317110693355,57437,47147,0.8208471890941379,0.08
Linear,-0.46447211309763103,0.0041375852197475665,57437,47147,0.8208471890941379,0.08
Linear,-0.4622287695560966,0.0035912669281496644,57437,47147,0.8208471890941379,0.08
Linear,-0.45998542601456216,0.0046014923194906505,57437,47147,0.8208471890941379,0.08
Linear,-0.45774208247302767,0.007232862531071539,57437,47147,0.8208471890941379,0.08
Linear,-0.45549873893149323,0.010637182851568724,57437,47147,0.8208471890941379,0.08
Linear,-0.4532553953899588,0.013352834038904337,57437,47147,0.8208471890941379,0.08
Linear,-0.4510120518484243,0.014270880174674833,57437,47147,0.8208471890941379,0.08
Linear,-0.44876870830688986,0.01342992153264585,57437,47147,0.8208471890941379,0.08
Linear,-0.4465253647653554,0.011821763552601141,57437,47147,0.8208471890941379,0.08
Linear,-0.444282021223821,0.01049093727493653,57437,47147,0.8208471890941379,0.08
Linear,-0.44203867768228655,0.009865975779088291,57437,47147,0.8208471890941379,0.08
Linear,-0.4397953341407521,0.009716128423955226,57437,47147,0.8208471890941379,0.08
Linear,-0.4375519905992176,0.009498394339043325,57437,47147,0.8208471890941379,0.08
Linear,-0.4353086470576832,0.00882913168058528,57437,47147,0.8208471890941379,0.08
Linear,-0.43306530351614875,0.007830554388893773,57437,47147,0.8208471890941379,0.08
Linear,-0.43082195997461425,0.007071314387997115,57437,47147,0.8208471890941379,0.08
Linear,-0.4285786164330798,0.007121787870119718,57437,47147,0.8208471890941379,0.08
Linear,-0.4263352728915454,0.008086128643234188,57437,47147,0.8208471890941379,0.08
Linear,-0.42409192935001094,0.00948964768790853,57437,47147,0.8208471890941379,0.08
Linear,-0.4218485858084765,0.010675213326573077,57437,47147,0.8208471890941379,0.08
Linear,-0.41960524226694207,0.0113860373297609,57437,47147,0.8208471890941379,0.08
Linear,-0.4173618987254076,0.011877915156430902,57437,47147,0.8208471890941379,0.08
Linear,-0.41511855518387314,0.012451149240287266,57437,47147,0.8208471890941379,0.08
Linear,-0.4128752116423387,0.013089517342751841,57437,47147,0.8208471890941379,0.08
Linear,-0.41063186810080426,0.013648317445537963,57437,47147,0.8208471890941379,0.08
Linear,-0.40838852455926977,0.014201395505131328,57437,47147,0.8208471890941379,0.08
Linear,-0.40614518101773533,0.015005856435338104,57437,47147,0.8208471890941379,0.08
Linear,-0.4039018374762009,0.016098314463254586,57437,47147,0.8208471890941379,0.08
Linear,-0.40165849393466646,0.017064791121767345,57437,47147,0.8208471890941379,0.08
Linear,-0.399415150393132,0.017399009434817442,57437,47147,0.8208471890941379,0.08
Linear,-0.39717180685159753,0.01705802419091598,57437,47147,0.8208471890941379,0.08
Linear,-0.3949284633100631,0.016459116270260872,57437,47147,0.8208471890941379,0.08
Linear,-0.39268511976852866,0.015961973221421934,57437,47147,0.8208471890941379,0.08
Linear,-0.3904417762269942,0.015606158733787533,57437,47147,0.8208471890941379,0.08
Linear,-0.3881984326854597,0.015383479119906483,57437,47147,0.8208471890941379,0.08
Linear,-0.3859550891439253,0.015523830107893962,57437,47147,0.8208471890941379,0.08
Linear,-0.38371174560239085,0.016361197164303024,57437,47147,0.8208471890941379,0.08
Linear,-0.3814684020608564,0.017985282961416316,57437,47147,0.8208471890941379,0.08
Linear,-0.379225058519322,0.020075076351272945,57437,47147,0.8208471890941379,0.08
Linear,-0.3769817149777875,0.02197433827053701,57437,47147,0.8208471890941379,0.08
Linear,-0.37473837143625305,0.02290422495969136,57437,47147,0.8208471890941379,0.08
Linear,-0.3724950278947186,0.02231120815658399,57437,47147,0.8208471890941379,0.08
Linear,-0.3702516843531842,0.020222260899288535,57437,47147,0.8208471890941379,0.08
Linear,-0.3680083408116497,0.017281706047608505,57437,47147,0.8208471890941379,0.08
Linear,-0.36576499727011524,0.014376631404942239,57437,47147,0.8208471890941379,0.08
Linear,-0.3635216537285808,0.012162964047785496,57437,47147,0.8208471890941379,0.08
Linear,-0.36127831018704637,0.010864907968048424,57437,47147,0.8208471890941379,0.08
Linear,-0.35903496664551193,0.010419020762973664,57437,47147,0.8208471890941379,0.08
Linear,-0.35679162310397744,0.010690553576878077,57437,47147,0.8208471890941379,0.08
Linear,-0.354548279562443,0.011513539898493753,57437,47147,0.8208471890941379,0.08
Linear,-0.35230493602090857,0.012639170729154478,57437,47147,0.8208471890941379,0.08
Linear,-0.35006159247937413,0.013747200306407322,57437,47147,0.8208471890941379,0.08
Linear,-0.34781824893783964,0.014523137665497704,57437,47147,0.8208471890941379,0.08
Linear,-0.3455749053963052,0.01484712107161685,57437,47147,0.8208471890941379,0.08
Linear,-0.34333156185477076,0.015039844730631677,57437,47147,0.8208471890941379,0.08
Linear,-0.3410882183132363,0.015814313621213622,57437,47147,0.8208471890941379,0.08
Linear,-0.3388448747717019,0.017837275508143898,57437,47147,0.8208471890941379,0.08
Linear,-0.3366015312301674,0.02132409372329404,57437,47147,0.8208471890941379,0.08
Linear,-0.33435818768863296,0.025964223738639654,57437,47147,0.8208471890941379,0.08
Linear,-0.3321148441470985,0.031097807679249342,57437,47147,0.8208471890941379,0.08
Linear,-0.3298715006055641,0.03601604183540131,57437,47147,0.8208471890941379,0.08
Linear,-0.32762815706402965,0.040213784657482377,57437,47147,0.8208471890941379,0.08
Linear,-0.32538481352249515,0.04348516816635511,57437,47147,0.8208471890941379,0.08
Linear,-0.3231414699809607,0.04604651110055805,57437,47147,0.8208471890941379,0.08
Linear,-0.3208981264394263,0.04862673670803103,57437,47147,0.8208471890941379,0.08
Linear,-0.31865478289789184,0.05199094579168271,57437,47147,0.8208471890941379,0.08
Linear,-0.31641143935635735,0.05603021738038343,57437,47147,0.8208471890941379,0.08
Linear,-0.3141680958148229,0.05959849636787411,57437,47147,0.8208471890941379,0.08
Linear,-0.3119247522732885,0.061560873027646165,57437,47147,0.8208471890941379,0.08
Linear,-0.30968140873175404,0.06175401537579275,57437,47147,0.8208471890941379,0.08
Linear,-0.3074380651902196,0.06071615335087218,57437,47147,0.8208471890941379,0.08
Linear,-0.3051947216486851,0.05899689409935628,57437,47147,0.8208471890941379,0.08
Linear,-0.30295137810715067,0.05724335781113914,57437,47147,0.8208471890941379,0.08
Linear,-0.30070803456561623,0.05657692984875965,57437,47147,0.8208471890941379,0.08
Linear,-0.2984646910240818,0.05820429355211387,57437,47147,0.8208471890941379,0.08
Linear,-0.2962213474825473,0.06257310137486308,57437,47147,0.8208471890941379,0.08
Linear,-0.29397800394101287,0.06908191623318316,57437,47147,0.8208471890941379,0.08
Linear,-0.29173466039947843,0.07655170719627159,57437,47147,0.8208471890941379,0.08
Linear,-0.289491316857944,0.08398558709148128,57437,47147,0.8208471890941379,0.08
Linear,-0.28724797331640956,0.09098850781927016,57437,47147,0.8208471890941379,0.08
Linear,-0.28500462977487506,0.09738090935515525,57437,47147,0.8208471890941379,0.08
Linear,-0.2827612862333406,0.10256958190929462,57437,47147,0.8208471890941379,0.08
Linear,-0.2805179426918062,0.1058925707275295,57437,47147,0.8208471890941379,0.08
Linear,-0.27827459915027175,0.10771330436614882,57437,47147,0.8208471890941379,0.08
Linear,-0.2760312556087373,0.10964372266537964,57437,47147,0.8208471890941379,0.08
Linear,-0.2737879120672028,0.11352000815525963,57437,47147,0.8208471890941379,0.08
Linear,-0.2715445685256684,0.12040232740257314,57437,47147,0.8208471890941379,0.08
Linear,-0.26930122498413395,0.13017353496976805,57437,47147,0.8208471890941379,0.08
Linear,-0.2670578814425995,0.141320627197166,57437,47147,0.8208471890941379,0.08
Linear,-0.264814537901065,0.15138516992470452,57437,47147,0.8208471890941379,0.08
Linear,-0.2625711943595306,0.15877071418738953,57437,47147,0.8208471890941379,0.08
Linear,-0.26032785081799614,0.1644298361396083,57437,47147,0.8208471890941379,0.08
Linear,-0.2580845072764617,0.1712290528586621,57437,47147,0.8208471890941379,0.08
Linear,-0.25584116373492727,0.1814135307230723,57437,47147,0.8208471890941379,0.08
Linear,-0.2535978201933928,0.19461616776890192,57437,47147,0.8208471890941379,0.08
Linear,-0.25135447665185834,0.2080906005937173,57437,47147,0.8208471890941379,0.08
Linear,-0.2491111331103239,0.21913494616636683,57437,47147,0.8208471890941379,0.08
Linear,-0.24686778956878946,0.2278109331387755,57437,47147,0.8208471890941379,0.08
Linear,-0.24462444602725497,0.23707837222605152,57437,47147,0.8208471890941379,0.08
Linear,-0.24238110248572053,0.24987648613551455,57437,47147,0.8208471890941379,0.08
Linear,-0.2401377589441861,0.2665342579175112,57437,47147,0.8208471890941379,0.08
Linear,-0.23789441540265166,0.28548223958742924,57437,47147,0.8208471890941379,0.08
Linear,-0.23565107186111722,0.30571150442547435,57437,47147,0.8208471890941379,0.08
Linear,-0.23340772831958273,0.32742738958866546,57437,47147,0.8208471890941379,0.08
Linear,-0.2311643847780483,0.3505443947433023,57437,47147,0.8208471890941379,0.08
Linear,-0.22892104123651386,0.3736788603052205,57437,47147,0.8208471890941379,0.08
Linear,-0.22667769769497942,0.39500837803160804,57437,47147,0.8208471890941379,0.08
Linear,-0.22443435415344493,0.41394687158905963,57437,47147,0.8208471890941379,0.08
Linear,-0.2221910106119105,0.43208113844163154,57437,47147,0.8208471890941379,0.08
Linear,-0.21994766707037605,0.45244415337512794,57437,47147,0.8208471890941379,0.08
Linear,-0.21770432352884161,0.4777670849463065,57437,47147,0.8208471890941379,0.08
Linear,-0.21546097998730718,0.5095580805131288,57437,47147,0.8208471890941379,0.08
Linear,-0.21321763644577268,0.5481669556089296,57437,47147,0.8208471890941379,0.08
Linear,-0.21097429290423825,0.5922388610715629,57437,47147,0.8208471890941379,0.08
Linear,-0.2087309493627038,0.6381114086494164,57437,47147,0.8208471890941379,0.08
Linear,-0.20648760582116937,0.6816375900451747,57437,47147,0.8208471890941379,0.08
Linear,-0.20424426227963488,0.7216260647869128,57437,47147,0.8208471890941379,0.08
Linear,-0.20200091873810044,0.7605564564084762,57437,47147,0.8208471890941379,0.08
Linear,-0.199757575196566,0.8011739024134571,57437,47147,0.8208471890941379,0.08
Linear,-0.19751423165503157,0.8429911208352635,57437,47147,0.8208471890941379,0.08
Linear,-0.19527088811349713,0.8826578124427517,57437,47147,0.8208471890941379,0.08
Linear,-0.19302754457196264,0.91758276841017,57437,47147,0.8208471890941379,0.08
Linear,-0.1907842010304282,0.9492696198988206,57437,47147,0.8208471890941379,0.08
Linear,-0.18854085748889376,0.983264561866544,57437,47147,0.8208471890941379,0.08
Linear,-0.18629751394735933,1.025406935662402,57437,47147,0.8208471890941379,0.08
Linear,-0.1840541704058249,1.077871351629098,57437,47147,0.8208471890941379,0.08
Linear,-0.1818108268642904,1.1391031383811916,57437,47147,0.8208471890941379,0.08
Linear,-0.17956748332275596,1.2071344769403212,57437,47147,0.8208471890941379,0.08
Linear,-0.17732413978122152,1.281796204443098,57437,47147,0.8208471890941379,0.08
Linear,-0.1750807962396871,1.3635507275320387,57437,47147,0.8208471890941379,0.08
Linear,-0.1728374526981526,1.4514060693348314,57437,47147,0.8208471890941379,0.08
Linear,-0.1705941091566182,1.5431143220517036,57437,47147,0.8208471890941379,0.08
Linear,-0.16835076561508378,1.6374574346708861,57437,47147,0.8208471890941379,0.08
Linear,-0.16610742207354923,1.7354764875183015,57437,47147,0.8208471890941379,0.08
Linear,-0.1638640785320148,1.8380349483270997,57437,47147,0.8208471890941379,0.08
Linear,-0.16162073499048035,1.9411936473179068,57437,47147,0.8208471890941379,0.08
Linear,-0.15937739144894592,2.035613168795351,57437,47147,0.8208471890941379,0.08
Linear,-0.15713404790741148,2.114224668508316,57437,47147,0.8208471890941379,0.08
Linear,-0.15489070436587704,2.1817064985877423,57437,47147,0.8208471890941379,0.08
Linear,-0.1526473608243426,2.2541726952580445,57437,47147,0.8208471890941379,0.08
Linear,-0.15040401728280817,2.348624312720225,57437,47147,0.8208471890941379,0.08
Linear,-0.14816067374127373,2.473038518654805,57437,47147,0.8208471890941379,0.08
Linear,-0.14591733019973918,2.6228235983618937,57437,47147,0.8208471890941379,0.08
Linear,-0.14367398665820474,2.7812559068394536,57437,47147,0.8208471890941379,0.08
Linear,-0.1414306431166703,2.925033701346156,57437,47147,0.8208471890941379,0.08
Linear,-0.13918729957513587,3.037566426645036,57437,47147,0.8208471890941379,0.08
Linear,-0.13694395603360143,3.1213027814363397,57437,47147,0.8208471890941379,0.08
Linear,-0.134700612492067,3.194612008122689,57437,47147,0.8208471890941379,0.08
Linear,-0.13245726895053256,3.274327360574281,57437,47147,0.8208471890941379,0.08
Linear,-0.13021392540899812,3.363211486363999,57437,47147,0.8208471890941379,0.08
Linear,-0.12797058186746368,3.454624752889651,57437,47147,0.8208471890941379,0.08
Linear,-0.12572723832592914,3.54429742974377,57437,47147,0.8208471890941379,0.08
Linear,-0.1234838947843947,3.634757629541096,57437,47147,0.8208471890941379,0.08
Linear,-0.12124055124286026,3.7328056311553994,57437,47147,0.8208471890941379,0.08
Linear,-0.11899720770132582,3.845989148969788,57437,47147,0.8208471890941379,0.08
Linear,-0.11675386415979139,3.9771192451117923,57437,47147,0.8208471890941379,0.08
Linear,-0.11451052061825695,4.118206223059754,57437,47147,0.8208471890941379,0.08
Linear,-0.11226717707672251,4.253449089395268,57437,47147,0.8208471890941379,0.08
Linear,-0.11002383353518808,4.37199575835712,57437,47147,0.8208471890941379,0.08
Linear,-0.10778048999365364,4.4753214520631825,57437,47147,0.8208471890941379,0.08
Linear,-0.10553714645211909,4.572635611673753,57437,47147,0.8208471890941379,0.08
Linear,-0.10329380291058465,4.676361473397021,57437,47147,0.8208471890941379,0.08
Linear,-0.10105045936905022,4.801258335936948,57437,47147,0.8208471890941379,0.08
Linear,-0.09880711582751578,4.95585671316172,57437,47147,0.8208471890941379,0.08
Linear,-0.09656377228598134,5.129585566686363,57437,47147,0.8208471890941379,0.08
Linear,-0.0943204287444469,5.294186223777654,57437,47147,0.8208471890941379,0.08
Linear,-0.09207708520291247,5.421206226007032,57437,47147,0.8208471890941379,0.08
Linear,-0.08983374166137803,5.497635438869499,57437,47147,0.8208471890941379,0.08
Linear,-0.0875903981198436,5.52824854347175,57437,47147,0.8208471890941379,0.08
Linear,-0.08534705457830905,5.529668637091299,57437,47147,0.8208471890941379,0.08
Linear,-0.08310371103677461,5.524210125651601,57437,47147,0.8208471890941379,0.08
Linear,-0.08086036749524017,5.533391978109841,57437,47147,0.8208471890941379,0.08
Linear,-0.07861702395370573,5.5691140824047745,57437,47147,0.8208471890941379,0.08
Linear,-0.0763736804121713,5.628481714745668,57437,47147,0.8208471890941379,0.08
Linear,-0.07413033687063686,5.6993213023144085,57437,47147,0.8208471890941379,0.08
Linear,-0.07188699332910242,5.7714768513323005,57437,47147,0.8208471890941379,0.08
Linear,-0.06964364978756798,5.841337226400846,57437,47147,0.8208471890941379,0.08
Linear,-0.06740030624603355,5.9054025058363795,57437,47147,0.8208471890941379,0.08
Linear,-0.065156962704499,5.9533853407745205,57437,47147,0.8208471890941379,0.08
Linear,-0.06291361916296456,5.9735368409128435,57437,47147,0.8208471890941379,0.08
Linear,-0.060670275621430125,5.965329964845587,57437,47147,0.8208471890941379,0.08
Linear,-0.05842693207989569,5.9409644227843845,57437,47147,0.8208471890941379,0.08
Linear,-0.05618358853836125,5.912819384940671,57437,47147,0.8208471890941379,0.08
Linear,-0.053940244996826814,5.884948581628327,57437,47147,0.8208471890941379,0.08
Linear,-0.05169690145529238,5.857437703452811,57437,47147,0.8208471890941379,0.08
Linear,-0.04945355791375794,5.832358870055692,57437,47147,0.8208471890941379,0.08
Linear,-0.0472102143722235,5.812789532716973,57437,47147,0.8208471890941379,0.08
Linear,-0.044966870830688954,5.799665528261562,57437,47147,0.8208471890941379,0.08
Linear,-0.04272352728915452,5.791003526490063,57437,47147,0.8208471890941379,0.08
Linear,-0.04048018374762008,5.780728244112352,57437,47147,0.8208471890941379,0.08
Linear,-0.03823684020608564,5.756023541696317,57437,47147,0.8208471890941379,0.08
Linear,-0.035993496664551206,5.699575569333068,57437,47147,0.8208471890941379,0.08
Linear,-0.03375015312301677,5.600784556610548,57437,47147,0.8208471890941379,0.08
Linear,-0.03150680958148233,5.466542910848394,57437,47147,0.8208471890941379,0.08
Linear,-0.029263466039947894,5.31778853066913,57437,47147,0.8208471890941379,0.08
Linear,-0.027020122498413457,5.174452908720247,57437,47147,0.8208471890941379,0.08
Linear,-0.02477677895687891,5.046114045682691,57437,47147,0.8208471890941379,0.08
Linear,-0.02253343541534447,4.9348135710638665,57437,47147,0.8208471890941379,0.08
Linear,-0.020290091873810034,4.838710011465942,57437,47147,0.8208471890941379,0.08
Linear,-0.018046748332275597,4.7500121296436495,57437,47147,0.8208471890941379,0.08
Linear,-0.01580340479074116,4.6550033761737355,57437,47147,0.8208471890941379,0.08
Linear,-0.013560061249206723,4.539741576726154,57437,47147,0.8208471890941379,0.08
Linear,-0.011316717707672286,4.3914278990245545,57437,47147,0.8208471890941379,0.08
Linear,-0.009073374166137849,4.187938443846766,57437,47147,0.8208471890941379,0.08
Linear,-0.0068300306246034115,3.8850567361571646,57437,47147,0.8208471890941379,0.08
Linear,-0.004586687083068974,3.425040399204489,57437,47147,0.8208471890941379,0.08
Linear,-0.002343343541534426,2.7819376190319307,57437,47147,0.8208471890941379,0.08
Linear,-0.0001,2.014862330323202,57437,47147,0.8208471890941379,0.08
DreaMS,-0.7350214517116547,0.00040786477681315874,57437,45804,0.7974650486620123,0.08
DreaMS,-0.732563520435027,0.0005520677325533137,57437,45804,0.7974650486620123,0.08
DreaMS,-0.7301055891583994,0.0006864891626621721,57437,45804,0.7974650486620123,0.08
DreaMS,-0.7276476578817719,0.0007842554207830999,57437,45804,0.7974650486620123,0.08
DreaMS,-0.7251897266051442,0.0008232254717156741,57437,45804,0.7974650486620123,0.08
DreaMS,-0.7227317953285166,0.0007943121846641669,57437,45804,0.7974650486620123,0.08
DreaMS,-0.720273864051889,0.000705381958347424,57437,45804,0.7974650486620123,0.08
DreaMS,-0.7178159327752615,0.0005788276176410359,57437,45804,0.7974650486620123,0.08
DreaMS,-0.7153580014986338,0.000444348835173441,57437,45804,0.7974650486620123,0.08
DreaMS,-0.7129000702220062,0.00033080560596709816,57437,45804,0.7974650486620123,0.08
DreaMS,-0.7104421389453786,0.00026071718477441164,57437,45804,0.7974650486620123,0.08
DreaMS,-0.707984207668751,0.0002485785620108934,57437,45804,0.7974650486620123,0.08
DreaMS,-0.7055262763921234,0.0003016402945575013,57437,45804,0.7974650486620123,0.08
DreaMS,-0.7030683451154958,0.0004209162818160503,57437,45804,0.7974650486620123,0.08
DreaMS,-0.7006104138388681,0.000601218282725929,57437,45804,0.7974650486620123,0.08
DreaMS,-0.6981524825622406,0.0008307562725263596,57437,45804,0.7974650486620123,0.08
DreaMS,-0.695694551285613,0.0010917209319990875,57437,45804,0.7974650486620123,0.08
DreaMS,-0.6932366200089853,0.001362628225979082,57437,45804,0.7974650486620123,0.08
DreaMS,-0.6907786887323577,0.001621792236942857,57437,45804,0.7974650486620123,0.08
DreaMS,-0.6883207574557302,0.0018504908111777398,57437,45804,0.7974650486620123,0.08
DreaMS,-0.6858628261791025,0.002034894486272209,57437,45804,0.7974650486620123,0.08
DreaMS,-0.6834048949024749,0.0021669558964240586,57437,45804,0.7974650486620123,0.08
DreaMS,-0.6809469636258473,0.0022448960436350683,57437,45804,0.7974650486620123,0.08
DreaMS,-0.6784890323492196,0.002273232849803104,57437,45804,0.7974650486620123,0.08
DreaMS,-0.6760311010725921,0.002261459069101452,57437,45804,0.7974650486620123,0.08
DreaMS,-0.6735731697959645,0.0022208084641405956,57437,45804,0.7974650486620123,0.08
DreaMS,-0.6711152385193369,0.0021601322436697393,57437,45804,0.7974650486620123,0.08
DreaMS,-0.6686573072427092,0.0020833152448874372,57437,45804,0.7974650486620123,0.08
DreaMS,-0.6661993759660817,0.0019903280478166287,57437,45804,0.7974650486620123,0.08
DreaMS,-0.6637414446894541,0.0018818131482665782,57437,45804,0.7974650486620123,0.08
DreaMS,-0.6612835134128264,0.0017645913975518892,57437,45804,0.7974650486620123,0.08
DreaMS,-0.6588255821361988,0.0016546227694146111,57437,45804,0.7974650486620123,0.08
DreaMS,-0.6563676508595713,0.0015755578715162992,57437,45804,0.7974650486620123,0.08
DreaMS,-0.6539097195829436,0.0015539856639696337,57437,45804,0.7974650486620123,0.08
DreaMS,-0.651451788306316,0.0016145747693179294,57437,45804,0.7974650486620123,0.08
DreaMS,-0.6489938570296884,0.0017778634063698143,57437,45804,0.7974650486620123,0.08
DreaMS,-0.6465359257530608,0.002060880899469166,57437,45804,0.7974650486620123,0.08
DreaMS,-0.6440779944764332,0.002478331783378853,57437,45804,0.7974650486620123,0.08
DreaMS,-0.6416200631998056,0.0030418187531121884,57437,45804,0.7974650486620123,0.08
DreaMS,-0.639162131923178,0.00375646045359344,57437,45804,0.7974650486620123,0.08
DreaMS,-0.6367042006465504,0.0046162922855868364,57437,45804,0.7974650486620123,0.08
DreaMS,-0.6342462693699228,0.00560034247768877,57437,45804,0.7974650486620123,0.08
DreaMS,-0.6317883380932952,0.006670514357455343,57437,45804,0.7974650486620123,0.08
DreaMS,-0.6293304068166675,0.007771802518650665,57437,45804,0.7974650486620123,0.08
DreaMS,-0.6268724755400399,0.008835570410641091,57437,45804,0.7974650486620123,0.08
DreaMS,-0.6244145442634124,0.00978695058687244,57437,45804,0.7974650486620123,0.08
DreaMS,-0.6219566129867847,0.010557062576681757,57437,45804,0.7974650486620123,0.08
DreaMS,-0.6194986817101571,0.01109945314852161,57437,45804,0.7974650486620123,0.08
DreaMS,-0.6170407504335296,0.011407849276696634,57437,45804,0.7974650486620123,0.08
DreaMS,-0.6145828191569019,0.01152896534602949,57437,45804,0.7974650486620123,0.08
DreaMS,-0.6121248878802743,0.011561289807773729,57437,45804,0.7974650486620123,0.08
DreaMS,-0.6096669566036467,0.011632306951148624,57437,45804,0.7974650486620123,0.08
DreaMS,-0.607209025327019,0.011855562144322004,57437,45804,0.7974650486620123,0.08
DreaMS,-0.6047510940503915,0.01228277772124847,57437,45804,0.7974650486620123,0.08
DreaMS,-0.6022931627737639,0.012875648770469952,57437,45804,0.7974650486620123,0.08
DreaMS,-0.5998352314971362,0.013517329114334491,57437,45804,0.7974650486620123,0.08
DreaMS,-0.5973773002205086,0.014063980857465646,57437,45804,0.7974650486620123,0.08
DreaMS,-0.594919368943881,0.014413165284139683,57437,45804,0.7974650486620123,0.08
DreaMS,-0.5924614376672535,0.014554399001634775,57437,45804,0.7974650486620123,0.08
DreaMS,-0.5900035063906258,0.014576564027571744,57437,45804,0.7974650486620123,0.08
DreaMS,-0.5875455751139982,0.01463099242093834,57437,45804,0.7974650486620123,0.08
DreaMS,-0.5850876438373707,0.014871708941264706,57437,45804,0.7974650486620123,0.08
DreaMS,-0.582629712560743,0.015401736396208354,57437,45804,0.7974650486620123,0.08
DreaMS,-0.5801717812841154,0.016245099292000426,57437,45804,0.7974650486620123,0.08
DreaMS,-0.5777138500074878,0.017348151647658745,57437,45804,0.7974650486620123,0.08
DreaMS,-0.5752559187308601,0.01860265248819594,57437,45804,0.7974650486620123,0.08
DreaMS,-0.5727979874542326,0.019880493701654515,57437,45804,0.7974650486620123,0.08
DreaMS,-0.570340056177605,0.02107154215811184,57437,45804,0.7974650486620123,0.08
DreaMS,-0.5678821249009773,0.022115752980663216,57437,45804,0.7974650486620123,0.08
DreaMS,-0.5654241936243498,0.023018545774271884,57437,45804,0.7974650486620123,0.08
DreaMS,-0.5629662623477222,0.023840297150461955,57437,45804,0.7974650486620123,0.08
DreaMS,-0.5605083310710945,0.024661216793948323,57437,45804,0.7974650486620123,0.08
DreaMS,-0.5580503997944669,0.025538107635514288,57437,45804,0.7974650486620123,0.08
DreaMS,-0.5555924685178393,0.026478523095450495,57437,45804,0.7974650486620123,0.08
DreaMS,-0.5531345372412118,0.02745113172796897,57437,45804,0.7974650486620123,0.08
DreaMS,-0.5506766059645841,0.028429888894609456,57437,45804,0.7974650486620123,0.08
DreaMS,-0.5482186746879565,0.029446864770302027,57437,45804,0.7974650486620123,0.08
DreaMS,-0.5457607434113289,0.030620153484451577,57437,45804,0.7974650486620123,0.08
DreaMS,-0.5433028121347012,0.03213572000661449,57437,45804,0.7974650486620123,0.08
DreaMS,-0.5408448808580737,0.03418702390083937,57437,45804,0.7974650486620123,0.08
DreaMS,-0.5383869495814461,0.036897212476015774,57437,45804,0.7974650486620123,0.08
DreaMS,-0.5359290183048184,0.04025424774514666,57437,45804,0.7974650486620123,0.08
DreaMS,-0.5334710870281909,0.0440814621616895,57437,45804,0.7974650486620123,0.08
DreaMS,-0.5310131557515633,0.04805473263001283,57437,45804,0.7974650486620123,0.08
DreaMS,-0.5285552244749356,0.051768281507918186,57437,45804,0.7974650486620123,0.08
DreaMS,-0.526097293198308,0.054840035249266915,57437,45804,0.7974650486620123,0.08
DreaMS,-0.5236393619216804,0.05702974462243485,57437,45804,0.7974650486620123,0.08
DreaMS,-0.5211814306450528,0.05832543959576275,57437,45804,0.7974650486620123,0.08
DreaMS,-0.5187234993684252,0.058953490195406334,57437,45804,0.7974650486620123,0.08
DreaMS,-0.5162655680917976,0.059295726453420135,57437,45804,0.7974650486620123,0.08
DreaMS,-0.51380763681517,0.05974339679174189,57437,45804,0.7974650486620123,0.08
DreaMS,-0.5113497055385424,0.060553908096100395,57437,45804,0.7974650486620123,0.08
DreaMS,-0.5088917742619148,0.06177721154908541,57437,45804,0.7974650486620123,0.08
DreaMS,-0.5064338429852872,0.06328222203875244,57437,45804,0.7974650486620123,0.08
DreaMS,-0.5039759117086595,0.0648618601136382,57437,45804,0.7974650486620123,0.08
DreaMS,-0.501517980432032,0.06635822745761373,57437,45804,0.7974650486620123,0.08
DreaMS,-0.49906004915540436,0.06774578344102812,57437,45804,0.7974650486620123,0.08
DreaMS,-0.4966021178787767,0.06913849403202234,57437,45804,0.7974650486620123,0.08
DreaMS,-0.4941441866021491,0.07072877744180091,57437,45804,0.7974650486620123,0.08
DreaMS,-0.4916862553255215,0.07269908691730324,57437,45804,0.7974650486620123,0.08
DreaMS,-0.48922832404889394,0.07515567346983282,57437,45804,0.7974650486620123,0.08
DreaMS,-0.4867703927722663,0.07811647744293634,57437,45804,0.7974650486620123,0.08
DreaMS,-0.4843124614956387,0.08155219841222296,57437,45804,0.7974650486620123,0.08
DreaMS,-0.4818545302190111,0.0854492832863248,57437,45804,0.7974650486620123,0.08
DreaMS,-0.4793965989423835,0.08985188975199299,57437,45804,0.7974650486620123,0.08
DreaMS,-0.4769386676657559,0.09485301071604259,57437,45804,0.7974650486620123,0.08
DreaMS,-0.4744807363891283,0.10053563349992277,57437,45804,0.7974650486620123,0.08
DreaMS,-0.47202280511250067,0.1068957262742884,57437,45804,0.7974650486620123,0.08
DreaMS,-0.46956487383587303,0.1137920867448544,57437,45804,0.7974650486620123,0.08
DreaMS,-0.46710694255924545,0.12095577058564597,57437,45804,0.7974650486620123,0.08
DreaMS,-0.4646490112826178,0.12806097718560353,57437,45804,0.7974650486620123,0.08
DreaMS,-0.46219108000599024,0.13482739689693532,57437,45804,0.7974650486620123,0.08
DreaMS,-0.4597331487293626,0.14110811606080736,57437,45804,0.7974650486620123,0.08
DreaMS,-0.457275217452735,0.1469240871304351,57437,45804,0.7974650486620123,0.08
DreaMS,-0.4548172861761074,0.15243061857976617,57437,45804,0.7974650486620123,0.08
DreaMS,-0.4523593548994798,0.15783127398962718,57437,45804,0.7974650486620123,0.08
DreaMS,-0.4499014236228522,0.16327794602222667,57437,45804,0.7974650486620123,0.08
DreaMS,-0.4474434923462246,0.1688037715563242,57437,45804,0.7974650486620123,0.08
DreaMS,-0.44498556106959697,0.17432271335991675,57437,45804,0.7974650486620123,0.08
DreaMS,-0.4425276297929694,0.1796971221845367,57437,45804,0.7974650486620123,0.08
DreaMS,-0.44006969851634176,0.1848350668940418,57437,45804,0.7974650486620123,0.08
DreaMS,-0.4376117672397142,0.18975672136766017,57437,45804,0.7974650486620123,0.08
DreaMS,-0.43515383596308654,0.194585114303025,57437,45804,0.7974650486620123,0.08
DreaMS,-0.43269590468645897,0.1994682655680826,57437,45804,0.7974650486620123,0.08
DreaMS,-0.43023797340983133,0.20449238871458747,57437,45804,0.7974650486620123,0.08
DreaMS,-0.42778004213320375,0.20965567719938183,57437,45804,0.7974650486620123,0.08
DreaMS,-0.4253221108565761,0.2149259866187928,57437,45804,0.7974650486620123,0.08
DreaMS,-0.42286417957994854,0.22033823691319548,57437,45804,0.7974650486620123,0.08
DreaMS,-0.4204062483033209,0.22605374371222414,57437,45804,0.7974650486620123,0.08
DreaMS,-0.4179483170266933,0.23233031609046073,57437,45804,0.7974650486620123,0.08
DreaMS,-0.4154903857500657,0.2394145288476415,57437,45804,0.7974650486620123,0.08
DreaMS,-0.41303245447343806,0.2474171933543599,57437,45804,0.7974650486620123,0.08
DreaMS,-0.4105745231968105,0.25624002227398157,57437,45804,0.7974650486620123,0.08
DreaMS,-0.40811659192018285,0.26559236210733045,57437,45804,0.7974650486620123,0.08
DreaMS,-0.40565866064355527,0.2750959285346276,57437,45804,0.7974650486620123,0.08
DreaMS,-0.40320072936692763,0.2844403444931027,57437,45804,0.7974650486620123,0.08
DreaMS,-0.40074279809030006,0.29352982865009664,57437,45804,0.7974650486620123,0.08
DreaMS,-0.3982848668136724,0.3025574561123887,57437,45804,0.7974650486620123,0.08
DreaMS,-0.39582693553704484,0.31196462914364753,57437,45804,0.7974650486620123,0.08
DreaMS,-0.3933690042604172,0.3222871715238168,57437,45804,0.7974650486620123,0.08
DreaMS,-0.39091107298378963,0.33393856896935964,57437,45804,0.7974650486620123,0.08
DreaMS,-0.388453141707162,0.347012692233982,57437,45804,0.7974650486620123,0.08
DreaMS,-0.3859952104305344,0.3611887311250552,57437,45804,0.7974650486620123,0.08
DreaMS,-0.3835372791539068,0.37578896250822474,57437,45804,0.7974650486620123,0.08
DreaMS,-0.3810793478772792,0.3899839014151375,57437,45804,0.7974650486620123,0.08
DreaMS,-0.3786214166006516,0.40307641165531094,57437,45804,0.7974650486620123,0.08
DreaMS,-0.376163485324024,0.41475313242920747,57437,45804,0.7974650486620123,0.08
DreaMS,-0.37370555404739636,0.4251957037548229,57437,45804,0.7974650486620123,0.08
DreaMS,-0.3712476227707688,0.43500359444716,57437,45804,0.7974650486620123,0.08
DreaMS,-0.36878969149414115,0.44496823348641223,57437,45804,0.7974650486620123,0.08
DreaMS,-0.3663317602175135,0.45580487113730184,57437,45804,0.7974650486620123,0.08
DreaMS,-0.36387382894088593,0.46795505686704364,57437,45804,0.7974650486620123,0.08
DreaMS,-0.3614158976642583,0.48151921303593515,57437,45804,0.7974650486620123,0.08
DreaMS,-0.3589579663876307,0.4963045818842146,57437,45804,0.7974650486620123,0.08
DreaMS,-0.3565000351110031,0.5119271107651439,57437,45804,0.7974650486620123,0.08
DreaMS,-0.3540421038343755,0.527909732212719,57437,45804,0.7974650486620123,0.08
DreaMS,-0.3515841725577479,0.5437579940300514,57437,45804,0.7974650486620123,0.08
DreaMS,-0.3491262412811203,0.5590274340346633,57437,45804,0.7974650486620123,0.08
DreaMS,-0.34666831000449266,0.5733954859067756,57437,45804,0.7974650486620123,0.08
DreaMS,-0.3442103787278651,0.5867200750552729,57437,45804,0.7974650486620123,0.08
DreaMS,-0.34175244745123745,0.5990455404314401,57437,45804,0.7974650486620123,0.08
DreaMS,-0.3392945161746099,0.6105384677950415,57437,45804,0.7974650486620123,0.08
DreaMS,-0.33683658489798224,0.6213935466277924,57437,45804,0.7974650486620123,0.08
DreaMS,-0.33437865362135466,0.6317911155426413,57437,45804,0.7974650486620123,0.08
DreaMS,-0.331920722344727,0.6419634330821159,57437,45804,0.7974650486620123,0.08
DreaMS,-0.32946279106809945,0.6523393756251055,57437,45804,0.7974650486620123,0.08
DreaMS,-0.3270048597914718,0.6636510961050326,57437,45804,0.7974650486620123,0.08
DreaMS,-0.32454692851484424,0.6768751594278906,57437,45804,0.7974650486620123,0.08
DreaMS,-0.3220889972382166,0.6929659850992033,57437,45804,0.7974650486620123,0.08
DreaMS,-0.319631065961589,0.7124699058909307,57437,45804,0.7974650486620123,0.08
DreaMS,-0.3171731346849614,0.7351983938938762,57437,45804,0.7974650486620123,0.08
DreaMS,-0.31471520340833375,0.7601303780061806,57437,45804,0.7974650486620123,0.08
DreaMS,-0.3122572721317062,0.7856113348264727,57437,45804,0.7974650486620123,0.08
DreaMS,-0.30979934085507854,0.8097820663159568,57437,45804,0.7974650486620123,0.08
DreaMS,-0.30734140957845096,0.8310778751791703,57437,45804,0.7974650486620123,0.08
DreaMS,-0.30488347830182333,0.8486316131976956,57437,45804,0.7974650486620123,0.08
DreaMS,-0.30242554702519575,0.8624786694246029,57437,45804,0.7974650486620123,0.08
DreaMS,-0.2999676157485681,0.8735452551157541,57437,45804,0.7974650486620123,0.08
DreaMS,-0.29750968447194054,0.8834536824485106,57437,45804,0.7974650486620123,0.08
DreaMS,-0.2950517531953129,0.89419107714886,57437,45804,0.7974650486620123,0.08
DreaMS,-0.2925938219186853,0.907691891636588,57437,45804,0.7974650486620123,0.08
DreaMS,-0.2901358906420577,0.925409443100977,57437,45804,0.7974650486620123,0.08
DreaMS,-0.2876779593654301,0.9479867456421657,57437,45804,0.7974650486620123,0.08
DreaMS,-0.2852200280888025,0.975136120594577,57437,45804,0.7974650486620123,0.08
DreaMS,-0.2827620968121749,1.0057692680391939,57437,45804,0.7974650486620123,0.08
DreaMS,-0.28030416553554727,1.038312926740253,57437,45804,0.7974650486620123,0.08
DreaMS,-0.2778462342589197,1.0710742402143802,57437,45804,0.7974650486620123,0.08
DreaMS,-0.27538830298229205,1.1025376754326655,57437,45804,0.7974650486620123,0.08
DreaMS,-0.2729303717056645,1.13155872471028,57437,45804,0.7974650486620123,0.08
DreaMS,-0.27047244042903684,1.1574882552557009,57437,45804,0.7974650486620123,0.08
DreaMS,-0.26801450915240926,1.1802574136502921,57437,45804,0.7974650486620123,0.08
DreaMS,-0.26555657787578163,1.2003989066634004,57437,45804,0.7974650486620123,0.08
DreaMS,-0.26309864659915405,1.2189505435306802,57437,45804,0.7974650486620123,0.08
DreaMS,-0.2606407153225264,1.2372237285918974,57437,45804,0.7974650486620123,0.08
DreaMS,-0.2581827840458988,1.2564904063347102,57437,45804,0.7974650486620123,0.08
DreaMS,-0.2557248527692712,1.2776825905100184,57437,45804,0.7974650486620123,0.08
DreaMS,-0.25326692149264357,1.3011872465238397,57437,45804,0.7974650486620123,0.08
DreaMS,-0.250808990216016,1.3267889486297304,57437,45804,0.7974650486620123,0.08
DreaMS,-0.24835105893938836,1.353792543252942,57437,45804,0.7974650486620123,0.08
DreaMS,-0.24589312766276078,1.38132795471015,57437,45804,0.7974650486620123,0.08
DreaMS,-0.24343519638613315,1.4087651318638335,57437,45804,0.7974650486620123,0.08
DreaMS,-0.24097726510950557,1.436072791690343,57437,45804,0.7974650486620123,0.08
DreaMS,-0.23851933383287793,1.4639274514797256,57437,45804,0.7974650486620123,0.08
DreaMS,-0.23606140255625035,1.4934822789855329,57437,45804,0.7974650486620123,0.08
DreaMS,-0.23360347127962278,1.5258913916401384,57437,45804,0.7974650486620123,0.08
DreaMS,-0.23114554000299514,1.5618212483330862,57437,45804,0.7974650486620123,0.08
DreaMS,-0.2286876087263675,1.6011678717384963,57437,45804,0.7974650486620123,0.08
DreaMS,-0.22622967744973987,1.6430626671233277,57437,45804,0.7974650486620123,0.08
DreaMS,-0.22377174617311235,1.6861067057244885,57437,45804,0.7974650486620123,0.08
DreaMS,-0.22131381489648472,1.7287141928636707,57437,45804,0.7974650486620123,0.08
DreaMS,-0.21885588361985708,1.7694651168658464,57437,45804,0.7974650486620123,0.08
DreaMS,-0.21639795234322945,1.8074016099699528,57437,45804,0.7974650486620123,0.08
DreaMS,-0.21394002106660193,1.842215649103286,57437,45804,0.7974650486620123,0.08
DreaMS,-0.2114820897899743,1.8742861526794767,57437,45804,0.7974650486620123,0.08
DreaMS,-0.20902415851334666,1.9045600780376148,57437,45804,0.7974650486620123,0.08
DreaMS,-0.20656622723671902,1.9343248821047985,57437,45804,0.7974650486620123,0.08
DreaMS,-0.2041082959600914,1.9649493433375933,57437,45804,0.7974650486620123,0.08
DreaMS,-0.20165036468346387,1.9976547357178953,57437,45804,0.7974650486620123,0.08
DreaMS,-0.19919243340683623,2.033338346451738,57437,45804,0.7974650486620123,0.08
DreaMS,-0.1967345021302086,2.072444090398043,57437,45804,0.7974650486620123,0.08
DreaMS,-0.19427657085358097,2.114879304687384,57437,45804,0.7974650486620123,0.08
DreaMS,-0.19181863957695344,2.1599988431413197,57437,45804,0.7974650486620123,0.08
DreaMS,-0.1893607083003258,2.2066859077255647,57437,45804,0.7974650486620123,0.08
DreaMS,-0.18690277702369817,2.2535326546379904,57437,45804,0.7974650486620123,0.08
DreaMS,-0.18444484574707054,2.2990741319187205,57437,45804,0.7974650486620123,0.08
DreaMS,-0.18198691447044302,2.341998662686514,57437,45804,0.7974650486620123,0.08
DreaMS,-0.17952898319381538,2.3812837074916686,57437,45804,0.7974650486620123,0.08
DreaMS,-0.17707105191718775,2.41627632842103,57437,45804,0.7974650486620123,0.08
DreaMS,-0.17461312064056012,2.4467855468098354,57437,45804,0.7974650486620123,0.08
DreaMS,-0.1721551893639326,2.4732180958521206,57437,45804,0.7974650486620123,0.08
DreaMS,-0.16969725808730496,2.496683482743362,57437,45804,0.7974650486620123,0.08
DreaMS,-0.16723932681067732,2.5189152344628765,57437,45804,0.7974650486620123,0.08
DreaMS,-0.1647813955340497,2.5418991403979185,57437,45804,0.7974650486620123,0.08
DreaMS,-0.16232346425742217,2.5672660101418425,57437,45804,0.7974650486620123,0.08
DreaMS,-0.15986553298079453,2.5956852277327087,57437,45804,0.7974650486620123,0.08
DreaMS,-0.1574076017041669,2.6265519107990296,57437,45804,0.7974650486620123,0.08
DreaMS,-0.15494967042753927,2.658144270902411,57437,45804,0.7974650486620123,0.08
DreaMS,-0.15249173915091163,2.688206557507471,57437,45804,0.7974650486620123,0.08
DreaMS,-0.1500338078742841,2.7147169120194743,57437,45804,0.7974650486620123,0.08
DreaMS,-0.14757587659765647,2.736533648126902,57437,45804,0.7974650486620123,0.08
DreaMS,-0.14511794532102884,2.7537023850314326,57437,45804,0.7974650486620123,0.08
DreaMS,-0.1426600140444012,2.7673891352773894,57437,45804,0.7974650486620123,0.08
DreaMS,-0.14020208276777368,2.779569139083078,57437,45804,0.7974650486620123,0.08
DreaMS,-0.13774415149114605,2.792648494859986,57437,45804,0.7974650486620123,0.08
DreaMS,-0.13528622021451842,2.809109117141536,57437,45804,0.7974650486620123,0.08
DreaMS,-0.13282828893789078,2.831140292863191,57437,45804,0.7974650486620123,0.08
DreaMS,-0.13037035766126326,2.8601880738286627,57437,45804,0.7974650486620123,0.08
DreaMS,-0.12791242638463562,2.896468984321708,57437,45804,0.7974650486620123,0.08
DreaMS,-0.125454495108008,2.938656815247054,57437,45804,0.7974650486620123,0.08
DreaMS,-0.12299656383138036,2.983988063607653,57437,45804,0.7974650486620123,0.08
DreaMS,-0.12053863255475283,3.028866511057206,57437,45804,0.7974650486620123,0.08
DreaMS,-0.1180807012781252,3.0697867823368448,57437,45804,0.7974650486620123,0.08
DreaMS,-0.11562277000149757,3.10423511636146,57437,45804,0.7974650486620123,0.08
DreaMS,-0.11316483872486993,3.131265093560437,57437,45804,0.7974650486620123,0.08
DreaMS,-0.11070690744824241,3.1516172499151964,57437,45804,0.7974650486620123,0.08
DreaMS,-0.10824897617161477,3.1674088721312734,57437,45804,0.7974650486620123,0.08
DreaMS,-0.10579104489498714,3.181493054327771,57437,45804,0.7974650486620123,0.08
DreaMS,-0.1033331136183595,3.1966194204158955,57437,45804,0.7974650486620123,0.08
DreaMS,-0.10087518234173187,3.2145897695079335,57437,45804,0.7974650486620123,0.08
DreaMS,-0.09841725106510435,3.235674539709336,57437,45804,0.7974650486620123,0.08
DreaMS,-0.09595931978847672,3.2585461991823053,57437,45804,0.7974650486620123,0.08
DreaMS,-0.09350138851184908,3.280822908443496,57437,45804,0.7974650486620123,0.08
DreaMS,-0.09104345723522145,3.3000432087166014,57437,45804,0.7974650486620123,0.08
DreaMS,-0.08858552595859392,3.3146583239557867,57437,45804,0.7974650486620123,0.08
DreaMS,-0.08612759468196629,3.3245877120694947,57437,45804,0.7974650486620123,0.08
DreaMS,-0.08366966340533866,3.331086347608449,57437,45804,0.7974650486620123,0.08
DreaMS,-0.08121173212871102,3.3360205527447704,57437,45804,0.7974650486620123,0.08
DreaMS,-0.0787538008520835,3.340947844526544,57437,45804,0.7974650486620123,0.08
DreaMS,-0.07629586957545587,3.3464719068121247,57437,45804,0.7974650486620123,0.08
DreaMS,-0.07383793829882823,3.3521560815808567,57437,45804,0.7974650486620123,0.08
DreaMS,-0.0713800070222006,3.3569487667658584,57437,45804,0.7974650486620123,0.08
DreaMS,-0.06892207574557307,3.35980625836333,57437,45804,0.7974650486620123,0.08
DreaMS,-0.06646414446894544,3.360146687617788,57437,45804,0.7974650486620123,0.08
DreaMS,-0.0640062131923178,3.357938328057459,57437,45804,0.7974650486620123,0.08
DreaMS,-0.06154828191569017,3.353480591060266,57437,45804,0.7974650486620123,0.08
DreaMS,-0.05909035063906265,3.347101995592629,57437,45804,0.7974650486620123,0.08
DreaMS,-0.056632419362435016,3.33898515759623,57437,45804,0.7974650486620123,0.08
DreaMS,-0.05417448808580738,3.3291779126065064,57437,45804,0.7974650486620123,0.08
DreaMS,-0.05171655680917975,3.3176906983813246,57437,45804,0.7974650486620123,0.08
DreaMS,-0.049258625532552114,3.3045261264302157,57437,45804,0.7974650486620123,0.08
DreaMS,-0.04680069425592459,3.2895627608508526,57437,45804,0.7974650486620123,0.08
DreaMS,-0.04434276297929696,3.2723586709154184,57437,45804,0.7974650486620123,0.08
DreaMS,-0.04188483170266932,3.252049361432844,57437,45804,0.7974650486620123,0.08
DreaMS,-0.03942690042604169,3.227505823174782,57437,45804,0.7974650486620123,0.08
DreaMS,-0.036968969149414166,3.197772327549587,57437,45804,0.7974650486620123,0.08
DreaMS,-0.03451103787278653,3.1625898702615496,57437,45804,0.7974650486620123,0.08
DreaMS,-0.0320531065961589,3.1226695304185625,57437,45804,0.7974650486620123,0.08
DreaMS,-0.029595175319531264,3.0794366262313337,57437,45804,0.7974650486620123,0.08
DreaMS,-0.02713724404290374,3.0342240193576067,57437,45804,0.7974650486620123,0.08
DreaMS,-0.024679312766276107,2.987194164441639,57437,45804,0.7974650486620123,0.08
DreaMS,-0.022221381489648473,2.936404688227722,57437,45804,0.7974650486620123,0.08
DreaMS,-0.01976345021302084,2.877323050819612,57437,45804,0.7974650486620123,0.08
DreaMS,-0.017305518936393316,2.802881136401276,57437,45804,0.7974650486620123,0.08
DreaMS,-0.014847587659765682,2.704067885040995,57437,45804,0.7974650486620123,0.08
DreaMS,-0.012389656383138048,2.5711544078130384,57437,45804,0.7974650486620123,0.08
DreaMS,-0.009931725106510414,2.3957229084305687,57437,45804,0.7974650486620123,0.08
DreaMS,-0.007473793829882891,2.173427437138367,57437,45804,0.7974650486620123,0.08
DreaMS,-0.005015862553255257,1.90681034728358,57437,45804,0.7974650486620123,0.08
DreaMS,-0.002557931276627623,1.6069245329819317,57437,45804,0.7974650486620123,0.08
DreaMS,-0.0001,1.2925449928118158,57437,45804,0.7974650486620123,0.08
UltraMS,-0.612071225643158,0.00034246351278326495,57437,41840,0.7284503020700942,0.08
UltraMS,-0.6100244991359902,0.0005208578912919003,57437,41840,0.7284503020700942,0.08
UltraMS,-0.6079777726288225,0.0007255449338108411,57437,41840,0.7284503020700942,0.08
UltraMS,-0.6059310461216547,0.0009298948148798082,57437,41840,0.7284503020700942,0.08
UltraMS,-0.603884319614487,0.00110512598581674,57437,41840,0.7284503020700942,0.08
UltraMS,-0.6018375931073192,0.0012334471712630963,57437,41840,0.7284503020700942,0.08
UltraMS,-0.5997908666001515,0.0013179038820868164,57437,41840,0.7284503020700942,0.08
UltraMS,-0.5977441400929837,0.0013823960603041884,57437,41840,0.7284503020700942,0.08
UltraMS,-0.595697413585816,0.0014613375650083795,57437,41840,0.7284503020700942,0.08
UltraMS,-0.5936506870786482,0.001585236229282496,57437,41840,0.7284503020700942,0.08
UltraMS,-0.5916039605714805,0.0017702796405598565,57437,41840,0.7284503020700942,0.08
UltraMS,-0.5895572340643127,0.002015424341085002,57437,41840,0.7284503020700942,0.08
UltraMS,-0.587510507557145,0.0023043161755223218,57437,41840,0.7284503020700942,0.08
UltraMS,-0.5854637810499772,0.002607816014048585,57437,41840,0.7284503020700942,0.08
UltraMS,-0.5834170545428095,0.002886885821712469,57437,41840,0.7284503020700942,0.08
UltraMS,-0.5813703280356417,0.0030996986203836656,57437,41840,0.7284503020700942,0.08
UltraMS,-0.579323601528474,0.0032154284977092894,57437,41840,0.7284503020700942,0.08
UltraMS,-0.5772768750213062,0.003230793212088857,57437,41840,0.7284503020700942,0.08
UltraMS,-0.5752301485141385,0.0031802348592995535,57437,41840,0.7284503020700942,0.08
UltraMS,-0.5731834220069707,0.0031318713126304,57437,41840,0.7284503020700942,0.08
UltraMS,-0.571136695499803,0.0031684468019419175,57437,41840,0.7284503020700942,0.08
UltraMS,-0.5690899689926352,0.0033605217875790562,57437,41840,0.7284503020700942,0.08
UltraMS,-0.5670432424854674,0.0037434421682069926,57437,41840,0.7284503020700942,0.08
UltraMS,-0.5649965159782997,0.004308335855074997,57437,41840,0.7284503020700942,0.08
UltraMS,-0.562949789471132,0.005010999387396894,57437,41840,0.7284503020700942,0.08
UltraMS,-0.5609030629639642,0.005793567605855324,57437,41840,0.7284503020700942,0.08
UltraMS,-0.5588563364567964,0.0066068893410924905,57437,41840,0.7284503020700942,0.08
UltraMS,-0.5568096099496287,0.007421270897163506,57437,41840,0.7284503020700942,0.08
UltraMS,-0.5547628834424609,0.008220490530523332,57437,41840,0.7284503020700942,0.08
UltraMS,-0.5527161569352932,0.00898387674492134,57437,41840,0.7284503020700942,0.08
UltraMS,-0.5506694304281254,0.009667205691286544,57437,41840,0.7284503020700942,0.08
UltraMS,-0.5486227039209577,0.010192898172470004,57437,41840,0.7284503020700942,0.08
UltraMS,-0.5465759774137899,0.01045628515215863,57437,41840,0.7284503020700942,0.08
UltraMS,-0.5445292509066222,0.010350242826303686,57437,41840,0.7284503020700942,0.08
UltraMS,-0.5424825243994544,0.00980423607407404,57437,41840,0.7284503020700942,0.08
UltraMS,-0.5404357978922867,0.008824799357710116,57437,41840,0.7284503020700942,0.08
UltraMS,-0.5383890713851189,0.0075175504955797565,57437,41840,0.7284503020700942,0.08
UltraMS,-0.5363423448779512,0.006074271005855967,57437,41840,0.7284503020700942,0.08
UltraMS,-0.5342956183707834,0.004724483864584641,57437,41840,0.7284503020700942,0.08
UltraMS,-0.5322488918636157,0.0036701568716388006,57437,41840,0.7284503020700942,0.08
UltraMS,-0.5302021653564479,0.003031403504599542,57437,41840,0.7284503020700942,0.08
UltraMS,-0.5281554388492802,0.0028247922563674564,57437,41840,0.7284503020700942,0.08
UltraMS,-0.5261087123421124,0.0029797662878180676,57437,41840,0.7284503020700942,0.08
UltraMS,-0.5240619858349447,0.00338265658308556,57437,41840,0.7284503020700942,0.08
UltraMS,-0.5220152593277769,0.003928230762505975,57437,41840,0.7284503020700942,0.08
UltraMS,-0.5199685328206092,0.004557302699812084,57437,41840,0.7284503020700942,0.08
UltraMS,-0.5179218063134414,0.005265385956283762,57437,41840,0.7284503020700942,0.08
UltraMS,-0.5158750798062737,0.006080245632462995,57437,41840,0.7284503020700942,0.08
UltraMS,-0.5138283532991059,0.007020985394572413,57437,41840,0.7284503020700942,0.08
UltraMS,-0.5117816267919381,0.00806070697024834,57437,41840,0.7284503020700942,0.08
UltraMS,-0.5097349002847703,0.009112948880344744,57437,41840,0.7284503020700942,0.08
UltraMS,-0.5076881737776026,0.01004935754719173,57437,41840,0.7284503020700942,0.08
UltraMS,-0.5056414472704348,0.010739590216606448,57437,41840,0.7284503020700942,0.08
UltraMS,-0.5035947207632671,0.011094164096067125,57437,41840,0.7284503020700942,0.08
UltraMS,-0.5015479942560993,0.01109263259007568,57437,41840,0.7284503020700942,0.08
UltraMS,-0.4995012677489316,0.010790285451776585,57437,41840,0.7284503020700942,0.08
UltraMS,-0.49745454124176386,0.010307218005226527,57437,41840,0.7284503020700942,0.08
UltraMS,-0.4954078147345961,0.009806463714747657,57437,41840,0.7284503020700942,0.08
UltraMS,-0.49336108822742836,0.009464099440747258,57437,41840,0.7284503020700942,0.08
UltraMS,-0.49131436172026055,0.009432015880420941,57437,41840,0.7284503020700942,0.08
UltraMS,-0.4892676352130928,0.009799146375896593,57437,41840,0.7284503020700942,0.08
UltraMS,-0.48722090870592505,0.010565551395800291,57437,41840,0.7284503020700942,0.08
UltraMS,-0.4851741821987573,0.011645646928632411,57437,41840,0.7284503020700942,0.08
UltraMS,-0.48312745569158955,0.012905746027942182,57437,41840,0.7284503020700942,0.08
UltraMS,-0.4810807291844218,0.014221818853545062,57437,41840,0.7284503020700942,0.08
UltraMS,-0.47903400267725404,0.015529297474325564,57437,41840,0.7284503020700942,0.08
UltraMS,-0.4769872761700863,0.016839173221941114,57437,41840,0.7284503020700942,0.08
UltraMS,-0.47494054966291854,0.018213322047145982,57437,41840,0.7284503020700942,0.08
UltraMS,-0.4728938231557508,0.019714816598680376,57437,41840,0.7284503020700942,0.08
UltraMS,-0.47084709664858304,0.021361366281995375,57437,41840,0.7284503020700942,0.08
UltraMS,-0.4688003701414153,0.02310576864292573,57437,41840,0.7284503020700942,0.08
UltraMS,-0.46675364363424754,0.024851232224011807,57437,41840,0.7284503020700942,0.08
UltraMS,-0.4647069171270798,0.026491584308044564,57437,41840,0.7284503020700942,0.08
UltraMS,-0.46266019061991204,0.027954820480347278,57437,41840,0.7284503020700942,0.08
UltraMS,-0.4606134641127443,0.029227403876179985,57437,41840,0.7284503020700942,0.08
UltraMS,-0.45856673760557654,0.030347004882526247,57437,41840,0.7284503020700942,0.08
UltraMS,-0.4565200110984088,0.0313693465298901,57437,41840,0.7284503020700942,0.08
UltraMS,-0.45447328459124103,0.03233120363379873,57437,41840,0.7284503020700942,0.08
UltraMS,-0.4524265580840733,0.03323503046653391,57437,41840,0.7284503020700942,0.08
UltraMS,-0.45037983157690553,0.03406625616271395,57437,41840,0.7284503020700942,0.08
UltraMS,-0.4483331050697378,0.034830173395776175,57437,41840,0.7284503020700942,0.08
UltraMS,-0.44628637856257003,0.03557958184570055,57437,41840,0.7284503020700942,0.08
UltraMS,-0.4442396520554023,0.036411100330121224,57437,41840,0.7284503020700942,0.08
UltraMS,-0.44219292554823453,0.037433566049050127,57437,41840,0.7284503020700942,0.08
UltraMS,-0.4401461990410668,0.03873438638079153,57437,41840,0.7284503020700942,0.08
UltraMS,-0.438099472533899,0.04036763559420768,57437,41840,0.7284503020700942,0.08
UltraMS,-0.4360527460267313,0.04236230438276884,57437,41840,0.7284503020700942,0.08
UltraMS,-0.4340060195195635,0.04472659620526831,57437,41840,0.7284503020700942,0.08
UltraMS,-0.4319592930123958,0.04743042758395247,57437,41840,0.7284503020700942,0.08
UltraMS,-0.429912566505228,0.050379505509504305,57437,41840,0.7284503020700942,0.08
UltraMS,-0.42786583999806027,0.053416956151756526,57437,41840,0.7284503020700942,0.08
UltraMS,-0.4258191134908925,0.05637338941952341,57437,41840,0.7284503020700942,0.08
UltraMS,-0.42377238698372477,0.05914235785427515,57437,41840,0.7284503020700942,0.08
UltraMS,-0.421725660476557,0.06172669671933208,57437,41840,0.7284503020700942,0.08
UltraMS,-0.41967893396938927,0.06421506839704663,57437,41840,0.7284503020700942,0.08
UltraMS,-0.4176322074622215,0.06669854103985585,57437,41840,0.7284503020700942,0.08
UltraMS,-0.41558548095505377,0.06918295341102855,57437,41840,0.7284503020700942,0.08
UltraMS,-0.413538754447886,0.07155876916700322,57437,41840,0.7284503020700942,0.08
UltraMS,-0.41149202794071826,0.07365398844784558,57437,41840,0.7284503020700942,0.08
UltraMS,-0.4094453014335505,0.07534348167297587,57437,41840,0.7284503020700942,0.08
UltraMS,-0.40739857492638276,0.07665134238903412,57437,41840,0.7284503020700942,0.08
UltraMS,-0.405351848419215,0.07778185853875219,57437,41840,0.7284503020700942,0.08
UltraMS,-0.40330512191204726,0.07905216337915452,57437,41840,0.7284503020700942,0.08
UltraMS,-0.4012583954048795,0.08075744839366966,57437,41840,0.7284503020700942,0.08
UltraMS,-0.39921166889771176,0.08304282575551258,57437,41840,0.7284503020700942,0.08
UltraMS,-0.397164942390544,0.0858527863782709,57437,41840,0.7284503020700942,0.08
UltraMS,-0.39511821588337626,0.08897849361727263,57437,41840,0.7284503020700942,0.08
UltraMS,-0.3930714893762085,0.09216124291697415,57437,41840,0.7284503020700942,0.08
UltraMS,-0.39102476286904075,0.09518405715972747,57437,41840,0.7284503020700942,0.08
UltraMS,-0.388978036361873,0.0979098554025906,57437,41840,0.7284503020700942,0.08
UltraMS,-0.38693130985470525,0.10027714230167614,57437,41840,0.7284503020700942,0.08
UltraMS,-0.3848845833475375,0.1022967450308909,57437,41840,0.7284503020700942,0.08
UltraMS,-0.38283785684036975,0.10408061155694491,57437,41840,0.7284503020700942,0.08
UltraMS,-0.380791130333202,0.10589002587471803,57437,41840,0.7284503020700942,0.08
UltraMS,-0.37874440382603425,0.10815291969505106,57437,41840,0.7284503020700942,0.08
UltraMS,-0.3766976773188665,0.11139823006256293,57437,41840,0.7284503020700942,0.08
UltraMS,-0.37465095081169875,0.1160942404307173,57437,41840,0.7284503020700942,0.08
UltraMS,-0.372604224304531,0.12243851914981793,57437,41840,0.7284503020700942,0.08
UltraMS,-0.3705574977973632,0.13019692687520396,57437,41840,0.7284503020700942,0.08
UltraMS,-0.36851077129019544,0.13869454563215297,57437,41840,0.7284503020700942,0.08
UltraMS,-0.3664640447830277,0.14700484492572805,57437,41840,0.7284503020700942,0.08
UltraMS,-0.36441731827585994,0.15428256732893877,57437,41840,0.7284503020700942,0.08
UltraMS,-0.3623705917686922,0.1600948558544676,57437,41840,0.7284503020700942,0.08
UltraMS,-0.36032386526152443,0.1645853185542141,57437,41840,0.7284503020700942,0.08
UltraMS,-0.3582771387543567,0.16838090191681543,57437,41840,0.7284503020700942,0.08
UltraMS,-0.35623041224718893,0.1722847497832232,57437,41840,0.7284503020700942,0.08
UltraMS,-0.3541836857400212,0.17691148328508127,57437,41840,0.7284503020700942,0.08
UltraMS,-0.35213695923285343,0.1824450838414389,57437,41840,0.7284503020700942,0.08
UltraMS,-0.3500902327256857,0.18861980827145527,57437,41840,0.7284503020700942,0.08
UltraMS,-0.34804350621851793,0.19489468060896653,57437,41840,0.7284503020700942,0.08
UltraMS,-0.3459967797113502,0.2006980287245922,57437,41840,0.7284503020700942,0.08
UltraMS,-0.3439500532041824,0.20561676767644776,57437,41840,0.7284503020700942,0.08
UltraMS,-0.3419033266970147,0.20948014354116792,57437,41840,0.7284503020700942,0.08
UltraMS,-0.3398566001898469,0.21236825624944822,57437,41840,0.7284503020700942,0.08
UltraMS,-0.3378098736826792,0.21459929742767267,57437,41840,0.7284503020700942,0.08
UltraMS,-0.3357631471755114,0.21671402995930764,57437,41840,0.7284503020700942,0.08
UltraMS,-0.33371642066834367,0.21943105566226806,57437,41840,0.7284503020700942,0.08
UltraMS,-0.3316696941611759,0.22353906939546975,57437,41840,0.7284503020700942,0.08
UltraMS,-0.32962296765400817,0.22972799745153463,57437,41840,0.7284503020700942,0.08
UltraMS,-0.3275762411468404,0.23840952568354945,57437,41840,0.7284503020700942,0.08
UltraMS,-0.32552951463967267,0.24960326748077893,57437,41840,0.7284503020700942,0.08
UltraMS,-0.3234827881325049,0.26294722243591817,57437,41840,0.7284503020700942,0.08
UltraMS,-0.32143606162533717,0.2778333320976357,57437,41840,0.7284503020700942,0.08
UltraMS,-0.3193893351181694,0.2936009910132892,57437,41840,0.7284503020700942,0.08
UltraMS,-0.31734260861100166,0.3096891908902993,57437,41840,0.7284503020700942,0.08
UltraMS,-0.3152958821038339,0.32567879704445274,57437,41840,0.7284503020700942,0.08
UltraMS,-0.31324915559666616,0.3412291995660814,57437,41840,0.7284503020700942,0.08
UltraMS,-0.3112024290894984,0.35597405046609615,57437,41840,0.7284503020700942,0.08
UltraMS,-0.30915570258233066,0.3694529914012054,57437,41840,0.7284503020700942,0.08
UltraMS,-0.3071089760751629,0.38113049689928297,57437,41840,0.7284503020700942,0.08
UltraMS,-0.3050622495679951,0.3905181165528962,57437,41840,0.7284503020700942,0.08
UltraMS,-0.30301552306082735,0.39737931078650846,57437,41840,0.7284503020700942,0.08
UltraMS,-0.3009687965536596,0.40194715981645923,57437,41840,0.7284503020700942,0.08
UltraMS,-0.29892207004649185,0.40503959152130825,57437,41840,0.7284503020700942,0.08
UltraMS,-0.2968753435393241,0.40796264270767,57437,41840,0.7284503020700942,0.08
UltraMS,-0.29482861703215635,0.41218050218421426,57437,41840,0.7284503020700942,0.08
UltraMS,-0.2927818905249886,0.4188640163673327,57437,41840,0.7284503020700942,0.08
UltraMS,-0.29073516401782085,0.4285172755134463,57437,41840,0.7284503020700942,0.08
UltraMS,-0.2886884375106531,0.4408576284356006,57437,41840,0.7284503020700942,0.08
UltraMS,-0.28664171100348534,0.45500016856017683,57437,41840,0.7284503020700942,0.08
UltraMS,-0.2845949844963176,0.46985094379616904,57437,41840,0.7284503020700942,0.08
UltraMS,-0.28254825798914984,0.48452428437607226,57437,41840,0.7284503020700942,0.08
UltraMS,-0.2805015314819821,0.4986041595273158,57437,41840,0.7284503020700942,0.08
UltraMS,-0.27845480497481434,0.5121560211071308,57437,41840,0.7284503020700942,0.08
UltraMS,-0.2764080784676466,0.5255252969659507,57437,41840,0.7284503020700942,0.08
UltraMS,-0.27436135196047884,0.5390729044975181,57437,41840,0.7284503020700942,0.08
UltraMS,-0.2723146254533111,0.5530273887856495,57437,41840,0.7284503020700942,0.08
UltraMS,-0.27026789894614334,0.5675400034282394,57437,41840,0.7284503020700942,0.08
UltraMS,-0.2682211724389756,0.5828623691409329,57437,41840,0.7284503020700942,0.08
UltraMS,-0.26617444593180783,0.5994527538307256,57437,41840,0.7284503020700942,0.08
UltraMS,-0.2641277194246401,0.6178605196906465,57437,41840,0.7284503020700942,0.08
UltraMS,-0.26208099291747233,0.6384173703293576,57437,41840,0.7284503020700942,0.08
UltraMS,-0.2600342664103046,0.6609379679308474,57437,41840,0.7284503020700942,0.08
UltraMS,-0.25798753990313683,0.6846585565817032,57437,41840,0.7284503020700942,0.08
UltraMS,-0.2559408133959691,0.7084932155150585,57437,41840,0.7284503020700942,0.08
UltraMS,-0.25389408688880133,0.7314704573344205,57437,41840,0.7284503020700942,0.08
UltraMS,-0.2518473603816336,0.7530873250986442,57437,41840,0.7284503020700942,0.08
UltraMS,-0.24980063387446583,0.773379085978017,57437,41840,0.7284503020700942,0.08
UltraMS,-0.24775390736729808,0.7927089388758229,57437,41840,0.7284503020700942,0.08
UltraMS,-0.24570718086013033,0.8114802000051231,57437,41840,0.7284503020700942,0.08
UltraMS,-0.24366045435296257,0.8300104296646981,57437,41840,0.7284503020700942,0.08
UltraMS,-0.24161372784579482,0.8486527621412556,57437,41840,0.7284503020700942,0.08
UltraMS,-0.23956700133862707,0.8680241207519556,57437,41840,0.7284503020700942,0.08
UltraMS,-0.23752027483145932,0.8890791228385857,57437,41840,0.7284503020700942,0.08
UltraMS,-0.23547354832429157,0.912850069240943,57437,41840,0.7284503020700942,0.08
UltraMS,-0.23342682181712382,0.9399093669647338,57437,41840,0.7284503020700942,0.08
UltraMS,-0.23138009530995607,0.9698449663796418,57437,41840,0.7284503020700942,0.08
UltraMS,-0.22933336880278832,1.0011087390349716,57437,41840,0.7284503020700942,0.08
UltraMS,-0.22728664229562057,1.0314321140161358,57437,41840,0.7284503020700942,0.08
UltraMS,-0.22523991578845282,1.0586798840044087,57437,41840,0.7284503020700942,0.08
UltraMS,-0.22319318928128506,1.0817306696148596,57437,41840,0.7284503020700942,0.08
UltraMS,-0.22114646277411731,1.1009328158115217,57437,41840,0.7284503020700942,0.08
UltraMS,-0.21909973626694956,1.1179354235071668,57437,41840,0.7284503020700942,0.08
UltraMS,-0.21705300975978176,1.1350633006601714,57437,41840,0.7284503020700942,0.08
UltraMS,-0.215006283252614,1.1546163822585858,57437,41840,0.7284503020700942,0.08
UltraMS,-0.21295955674544625,1.1783829010895404,57437,41840,0.7284503020700942,0.08
UltraMS,-0.2109128302382785,1.2073835662854249,57437,41840,0.7284503020700942,0.08
UltraMS,-0.20886610373111075,1.2416923214162303,57437,41840,0.7284503020700942,0.08
UltraMS,-0.206819377223943,1.2802737415182832,57437,41840,0.7284503020700942,0.08
UltraMS,-0.20477265071677525,1.3210145563328435,57437,41840,0.7284503020700942,0.08
UltraMS,-0.2027259242096075,1.3612086948343691,57437,41840,0.7284503020700942,0.08
UltraMS,-0.20067919770243975,1.3985129708423307,57437,41840,0.7284503020700942,0.08
UltraMS,-0.198632471195272,1.4319803936823354,57437,41840,0.7284503020700942,0.08
UltraMS,-0.19658574468810425,1.4625622421557856,57437,41840,0.7284503020700942,0.08
UltraMS,-0.1945390181809365,1.4926875135510602,57437,41840,0.7284503020700942,0.08
UltraMS,-0.19249229167376875,1.5250676241658196,57437,41840,0.7284503020700942,0.08
UltraMS,-0.190445565166601,1.561356898760269,57437,41840,0.7284503020700942,0.08
UltraMS,-0.18839883865943324,1.6013888298518453,57437,41840,0.7284503020700942,0.08
UltraMS,-0.1863521121522655,1.6433632513137726,57437,41840,0.7284503020700942,0.08
UltraMS,-0.18430538564509774,1.6848310258001802,57437,41840,0.7284503020700942,0.08
UltraMS,-0.18225865913793,1.7239340127940463,57437,41840,0.7284503020700942,0.08
UltraMS,-0.18021193263076224,1.760285700294774,57437,41840,0.7284503020700942,0.08
UltraMS,-0.1781652061235945,1.7950971819219412,57437,41840,0.7284503020700942,0.08
UltraMS,-0.17611847961642674,1.8305252127146292,57437,41840,0.7284503020700942,0.08
UltraMS,-0.174071753109259,1.86858413111193,57437,41840,0.7284503020700942,0.08
UltraMS,-0.17202502660209124,1.910171947853399,57437,41840,0.7284503020700942,0.08
UltraMS,-0.16997830009492348,1.954699363660795,57437,41840,0.7284503020700942,0.08
UltraMS,-0.16793157358775573,2.000477266699157,57437,41840,0.7284503020700942,0.08
UltraMS,-0.16588484708058798,2.0455850714959176,57437,41840,0.7284503020700942,0.08
UltraMS,-0.16383812057342023,2.088685552439279,57437,41840,0.7284503020700942,0.08
UltraMS,-0.16179139406625248,2.1293551352692504,57437,41840,0.7284503020700942,0.08
UltraMS,-0.15974466755908473,2.167885807316931,57437,41840,0.7284503020700942,0.08
UltraMS,-0.15769794105191698,2.204885619708344,57437,41840,0.7284503020700942,0.08
UltraMS,-0.15565121454474923,2.2410716663518833,57437,41840,0.7284503020700942,0.08
UltraMS,-0.15360448803758148,2.2773787631190228,57437,41840,0.7284503020700942,0.08
UltraMS,-0.15155776153041373,2.3151463404651604,57437,41840,0.7284503020700942,0.08
UltraMS,-0.14951103502324598,2.356010629887684,57437,41840,0.7284503020700942,0.08
UltraMS,-0.14746430851607822,2.401340314588566,57437,41840,0.7284503020700942,0.08
UltraMS,-0.14541758200891047,2.4514504013804768,57437,41840,0.7284503020700942,0.08
UltraMS,-0.14337085550174272,2.5051041470530238,57437,41840,0.7284503020700942,0.08
UltraMS,-0.14132412899457497,2.55974233619469,57437,41840,0.7284503020700942,0.08
UltraMS,-0.13927740248740722,2.612474377232591,57437,41840,0.7284503020700942,0.08
UltraMS,-0.13723067598023947,2.6613669163307025,57437,41840,0.7284503020700942,0.08
UltraMS,-0.13518394947307172,2.7062972028448047,57437,41840,0.7284503020700942,0.08
UltraMS,-0.13313722296590397,2.7488087769108556,57437,41840,0.7284503020700942,0.08
UltraMS,-0.13109049645873616,2.790964552909057,57437,41840,0.7284503020700942,0.08
UltraMS,-0.1290437699515684,2.8338265828328293,57437,41840,0.7284503020700942,0.08
UltraMS,-0.12699704344440066,2.8764998276648557,57437,41840,0.7284503020700942,0.08
UltraMS,-0.12495031693723291,2.9164172653447613,57437,41840,0.7284503020700942,0.08
UltraMS,-0.12290359043006516,2.9508238068372306,57437,41840,0.7284503020700942,0.08
UltraMS,-0.1208568639228974,2.978670289945204,57437,41840,0.7284503020700942,0.08
UltraMS,-0.11881013741572966,3.001843074407983,57437,41840,0.7284503020700942,0.08
UltraMS,-0.1167634109085619,3.025017544772616,57437,41840,0.7284503020700942,0.08
UltraMS,-0.11471668440139415,3.054180803051509,57437,41840,0.7284503020700942,0.08
UltraMS,-0.1126699578942264,3.0945322391952144,57437,41840,0.7284503020700942,0.08
UltraMS,-0.11062323138705865,3.1486926072392896,57437,41840,0.7284503020700942,0.08
UltraMS,-0.1085765048798909,3.215915868097272,57437,41840,0.7284503020700942,0.08
UltraMS,-0.10652977837272315,3.2925085364926265,57437,41840,0.7284503020700942,0.08
UltraMS,-0.1044830518655554,3.373149164903729,57437,41840,0.7284503020700942,0.08
UltraMS,-0.10243632535838765,3.4524564120562142,57437,41840,0.7284503020700942,0.08
UltraMS,-0.1003895988512199,3.526136148440687,57437,41840,0.7284503020700942,0.08
UltraMS,-0.09834287234405215,3.591386251211371,57437,41840,0.7284503020700942,0.08
UltraMS,-0.0962961458368844,3.646749119948848,57437,41840,0.7284503020700942,0.08
UltraMS,-0.09424941932971664,3.6919014611449326,57437,41840,0.7284503020700942,0.08
UltraMS,-0.09220269282254889,3.7277177349320807,57437,41840,0.7284503020700942,0.08
UltraMS,-0.09015596631538114,3.7564799660912946,57437,41840,0.7284503020700942,0.08
UltraMS,-0.08810923980821339,3.7817575293162413,57437,41840,0.7284503020700942,0.08
UltraMS,-0.08606251330104564,3.807579912726833,57437,41840,0.7284503020700942,0.08
UltraMS,-0.08401578679387789,3.8370267771224693,57437,41840,0.7284503020700942,0.08
UltraMS,-0.08196906028671014,3.8708823605338463,57437,41840,0.7284503020700942,0.08
UltraMS,-0.07992233377954239,3.9071368972014575,57437,41840,0.7284503020700942,0.08
UltraMS,-0.07787560727237464,3.941731206142674,57437,41840,0.7284503020700942,0.08
UltraMS,-0.07582888076520689,3.970261617391387,57437,41840,0.7284503020700942,0.08
UltraMS,-0.07378215425803913,3.989824013572285,57437,41840,0.7284503020700942,0.08
UltraMS,-0.07173542775087138,4.000112834240897,57437,41840,0.7284503020700942,0.08
UltraMS,-0.06968870124370363,4.003312876334002,57437,41840,0.7284503020700942,0.08
UltraMS,-0.06764197473653588,4.002939346639726,57437,41840,0.7284503020700942,0.08
UltraMS,-0.06559524822936813,4.002249526541097,57437,41840,0.7284503020700942,0.08
UltraMS,-0.06354852172220038,4.002982048828908,57437,41840,0.7284503020700942,0.08
UltraMS,-0.06150179521503263,4.004971443210297,57437,41840,0.7284503020700942,0.08
UltraMS,-0.05945506870786488,4.006732217225744,57437,41840,0.7284503020700942,0.08
UltraMS,-0.05740834220069713,4.006596434399951,57437,41840,0.7284503020700942,0.08
UltraMS,-0.055361615693529376,4.0037039214317565,57437,41840,0.7284503020700942,0.08
UltraMS,-0.053314889186361625,3.9983029984405425,57437,41840,0.7284503020700942,0.08
UltraMS,-0.051268162679193874,3.9913354243149626,57437,41840,0.7284503020700942,0.08
UltraMS,-0.04922143617202612,3.9837582427322555,57437,41840,0.7284503020700942,0.08
UltraMS,-0.04717470966485837,3.9761325340120255,57437,41840,0.7284503020700942,0.08
UltraMS,-0.04512798315769062,3.9686856352467514,57437,41840,0.7284503020700942,0.08
UltraMS,-0.04308125665052287,3.9616582801678066,57437,41840,0.7284503020700942,0.08
UltraMS,-0.04103453014335512,3.9555922520781333,57437,41840,0.7284503020700942,0.08
UltraMS,-0.03898780363618737,3.9513340463451874,57437,41840,0.7284503020700942,0.08
UltraMS,-0.03694107712901962,3.949748780526756,57437,41840,0.7284503020700942,0.08
UltraMS,-0.034894350621851866,3.9512867984719495,57437,41840,0.7284503020700942,0.08
UltraMS,-0.032847624114684115,3.9555791071546413,57437,41840,0.7284503020700942,0.08
UltraMS,-0.030800897607516364,3.96119783458653,57437,41840,0.7284503020700942,0.08
UltraMS,-0.028754171100348613,3.96565359934164,57437,41840,0.7284503020700942,0.08
UltraMS,-0.026707444593180862,3.965641213674354,57437,41840,0.7284503020700942,0.08
UltraMS,-0.02466071808601311,3.957490738670044,57437,41840,0.7284503020700942,0.08
UltraMS,-0.02261399157884536,3.9377084133784392,57437,41840,0.7284503020700942,0.08
UltraMS,-0.02056726507167761,3.9033836360624683,57437,41840,0.7284503020700942,0.08
UltraMS,-0.01852053856450986,3.852144609310517,57437,41840,0.7284503020700942,0.08
UltraMS,-0.016473812057342108,3.7813989915505033,57437,41840,0.7284503020700942,0.08
UltraMS,-0.014427085550174357,3.6869189681731895,57437,41840,0.7284503020700942,0.08
UltraMS,-0.012380359043006606,3.5613870671622205,57437,41840,0.7284503020700942,0.08
UltraMS,-0.010333632535838855,3.3940324408584104,57437,41840,0.7284503020700942,0.08
UltraMS,-0.008286906028671104,3.1725101711929176,57437,41840,0.7284503020700942,0.08
UltraMS,-0.006240179521503353,2.8873552062305903,57437,41840,0.7284503020700942,0.08
UltraMS,-0.004193453014335602,2.537798156053974,57437,41840,0.7284503020700942,0.08
UltraMS,-0.002146726507167851,2.1362713431633806,57437,41840,0.7284503020700942,0.08
UltraMS,-0.0001,1.7087257856297686,57437,41840,0.7284503020700942,0.08
