atom,method,metric,k,n,repeat_n,mean,sem
S,UltraMS,hit_rate,5,227,5,0.8606867900993864,0.0243443076474513
S,UltraMS,hit_rate,6,227,5,0.9190858751295592,0.0202355353263192
S,UltraMS,hit_rate,7,227,5,0.9301969862406704,0.0227924029678772
S,UltraMS,hit_rate,8,227,5,0.9398341744492872,0.0270476054093259
S,UltraMS,hit_rate,9,227,5,0.9487406563889212,0.0222740257122779
S,UltraMS,hit_rate,10,227,5,0.961902457477491,0.0142216336819967
S,UltraMS,hit_rate,11,227,5,0.9742592496215172,0.0085073206690503
S,UltraMS,hit_rate,12,227,5,0.9789104124122148,0.006760432968848
S,UltraMS,hit_rate,13,227,5,0.9831657315611512,0.0042595718848037
S,UltraMS,hit_rate,14,227,5,0.9831657315611512,0.0042595718848037
S,UltraMS,hit_rate,15,227,5,0.9831657315611512,0.0042595718848037
S,UltraMS,hit_rate,16,227,5,0.9831657315611512,0.0042595718848037
S,UltraMS,hit_rate,17,227,5,0.9831657315611512,0.0042595718848037
S,UltraMS,hit_rate,18,227,5,0.9831657315611512,0.0042595718848037
S,UltraMS,hit_rate,19,227,5,0.9870118854073048,0.0053224239478847
S,UltraMS,hit_rate,20,227,5,0.9910935180603662,0.0054630545778745
S,UltraMS,hit_rate,21,227,5,0.9910935180603662,0.0054630545778745
S,UltraMS,hit_rate,22,227,5,0.9910935180603662,0.0054630545778745
S,UltraMS,hit_rate,23,227,5,0.9910935180603662,0.0054630545778745
S,UltraMS,hit_rate,24,227,5,0.9910935180603662,0.0054630545778745
S,UltraMS,hit_rate,25,227,5,0.9910935180603662,0.0054630545778745
S,UltraMS,hit_rate,26,227,5,0.9910935180603662,0.0054630545778745
S,UltraMS,hit_rate,27,227,5,0.9910935180603662,0.0054630545778745
S,UltraMS,hit_rate,28,227,5,0.9910935180603662,0.0054630545778745
S,UltraMS,hit_rate,29,227,5,0.9910935180603662,0.0054630545778745
S,UltraMS,hit_rate,30,227,5,0.9910935180603662,0.0054630545778745
S,UltraMS,hit_rate,31,227,5,0.9910935180603662,0.0054630545778745
S,UltraMS,hit_rate,32,227,5,0.9910935180603662,0.0054630545778745
S,UltraMS,hit_rate,33,227,5,0.9910935180603662,0.0054630545778745
S,UltraMS,hit_rate,34,227,5,0.9910935180603662,0.0054630545778745
S,UltraMS,hit_rate,35,227,5,0.9910935180603662,0.0054630545778745
S,UltraMS,hit_rate,36,227,5,0.9910935180603662,0.0054630545778745
S,UltraMS,hit_rate,37,227,5,0.9910935180603662,0.0054630545778745
S,UltraMS,hit_rate,38,227,5,0.9910935180603662,0.0054630545778745
S,UltraMS,hit_rate,39,227,5,0.9910935180603662,0.0054630545778745
S,UltraMS,hit_rate,40,227,5,0.9910935180603662,0.0054630545778745
S,UltraMS,hit_rate,41,227,5,0.9910935180603662,0.0054630545778745
S,UltraMS,hit_rate,42,227,5,0.9910935180603662,0.0054630545778745
S,UltraMS,hit_rate,43,227,5,0.9910935180603662,0.0054630545778745
S,UltraMS,hit_rate,44,227,5,0.9910935180603662,0.0054630545778745
S,UltraMS,hit_rate,45,227,5,0.9910935180603662,0.0054630545778745
S,UltraMS,hit_rate,46,227,5,0.9910935180603662,0.0054630545778745
S,UltraMS,hit_rate,47,227,5,0.9910935180603662,0.0054630545778745
S,UltraMS,hit_rate,48,227,5,0.9910935180603662,0.0054630545778745
S,UltraMS,hit_rate,49,227,5,0.9910935180603662,0.0054630545778745
S,UltraMS,hit_rate,50,227,5,0.9910935180603662,0.0054630545778745
S,UltraMS,hit_rate,51,227,5,0.9910935180603662,0.0054630545778745
S,UltraMS,hit_rate,52,227,5,0.9910935180603662,0.0054630545778745
S,UltraMS,hit_rate,53,227,5,0.995744680851064,0.0042553191489361
S,UltraMS,hit_rate,54,227,5,0.995744680851064,0.0042553191489361
S,UltraMS,hit_rate,55,227,5,0.995744680851064,0.0042553191489361
S,UltraMS,hit_rate,56,227,5,0.995744680851064,0.0042553191489361
S,UltraMS,hit_rate,57,227,5,0.995744680851064,0.0042553191489361
S,UltraMS,hit_rate,58,227,5,0.995744680851064,0.0042553191489361
S,UltraMS,hit_rate,59,227,5,0.995744680851064,0.0042553191489361
S,UltraMS,hit_rate,60,227,5,0.995744680851064,0.0042553191489361
S,UltraMS,hit_rate,61,227,5,0.995744680851064,0.0042553191489361
S,UltraMS,hit_rate,62,227,5,0.995744680851064,0.0042553191489361
S,UltraMS,hit_rate,63,227,5,0.995744680851064,0.0042553191489361
S,UltraMS,hit_rate,64,227,5,0.995744680851064,0.0042553191489361
S,UltraMS,hit_rate,65,227,5,0.995744680851064,0.0042553191489361
S,UltraMS,hit_rate,66,227,5,0.995744680851064,0.0042553191489361
S,UltraMS,hit_rate,67,227,5,0.995744680851064,0.0042553191489361
S,UltraMS,hit_rate,68,227,5,0.995744680851064,0.0042553191489361
S,UltraMS,hit_rate,69,227,5,0.995744680851064,0.0042553191489361
S,UltraMS,hit_rate,70,227,5,0.995744680851064,0.0042553191489361
S,UltraMS,hit_rate,71,227,5,0.995744680851064,0.0042553191489361
S,UltraMS,hit_rate,72,227,5,0.995744680851064,0.0042553191489361
S,UltraMS,hit_rate,73,227,5,0.995744680851064,0.0042553191489361
S,UltraMS,hit_rate,74,227,5,0.995744680851064,0.0042553191489361
S,UltraMS,hit_rate,75,227,5,0.995744680851064,0.0042553191489361
S,UltraMS,hit_rate,76,227,5,0.995744680851064,0.0042553191489361
S,UltraMS,hit_rate,77,227,5,0.995744680851064,0.0042553191489361
S,UltraMS,hit_rate,78,227,5,0.995744680851064,0.0042553191489361
S,UltraMS,hit_rate,79,227,5,0.995744680851064,0.0042553191489361
S,UltraMS,hit_rate,80,227,5,0.995744680851064,0.0042553191489361
S,UltraMS,hit_rate,81,227,5,0.995744680851064,0.0042553191489361
S,UltraMS,hit_rate,82,227,5,0.995744680851064,0.0042553191489361
S,UltraMS,hit_rate,83,227,5,0.995744680851064,0.0042553191489361
S,UltraMS,hit_rate,84,227,5,0.995744680851064,0.0042553191489361
S,UltraMS,hit_rate,85,227,5,0.995744680851064,0.0042553191489361
S,UltraMS,hit_rate,86,227,5,1.0,0.0
S,UltraMS,hit_rate,87,227,5,1.0,0.0
S,UltraMS,hit_rate,88,227,5,1.0,0.0
S,UltraMS,hit_rate,89,227,5,1.0,0.0
S,UltraMS,hit_rate,90,227,5,1.0,0.0
S,UltraMS,hit_rate,91,227,5,1.0,0.0
S,UltraMS,hit_rate,92,227,5,1.0,0.0
S,UltraMS,hit_rate,93,227,5,1.0,0.0
S,UltraMS,hit_rate,94,227,5,1.0,0.0
S,UltraMS,hit_rate,95,227,5,1.0,0.0
S,UltraMS,hit_rate,96,227,5,1.0,0.0
S,UltraMS,hit_rate,97,227,5,1.0,0.0
S,UltraMS,hit_rate,98,227,5,1.0,0.0
S,UltraMS,hit_rate,99,227,5,1.0,0.0
S,UltraMS,hit_rate,100,227,5,1.0,0.0
S,UltraMS,hit_rate,101,227,5,1.0,0.0
S,UltraMS,hit_rate,102,227,5,1.0,0.0
S,UltraMS,hit_rate,103,227,5,1.0,0.0
S,UltraMS,hit_rate,104,227,5,1.0,0.0
S,UltraMS,hit_rate,105,227,5,1.0,0.0
S,UltraMS,hit_rate,106,227,5,1.0,0.0
S,UltraMS,hit_rate,107,227,5,1.0,0.0
S,UltraMS,hit_rate,108,227,5,1.0,0.0
S,UltraMS,hit_rate,109,227,5,1.0,0.0
S,UltraMS,hit_rate,110,227,5,1.0,0.0
S,UltraMS,hit_rate,111,227,5,1.0,0.0
S,UltraMS,hit_rate,112,227,5,1.0,0.0
S,UltraMS,hit_rate,113,227,5,1.0,0.0
S,UltraMS,hit_rate,114,227,5,1.0,0.0
S,UltraMS,hit_rate,115,227,5,1.0,0.0
S,UltraMS,hit_rate,116,227,5,1.0,0.0
S,UltraMS,hit_rate,117,227,5,1.0,0.0
S,UltraMS,hit_rate,118,227,5,1.0,0.0
S,UltraMS,hit_rate,119,227,5,1.0,0.0
S,UltraMS,hit_rate,120,227,5,1.0,0.0
S,UltraMS,hit_rate,121,227,5,1.0,0.0
S,UltraMS,hit_rate,122,227,5,1.0,0.0
S,UltraMS,hit_rate,123,227,5,1.0,0.0
S,UltraMS,hit_rate,124,227,5,1.0,0.0
S,UltraMS,hit_rate,125,227,5,1.0,0.0
S,UltraMS,hit_rate,126,227,5,1.0,0.0
S,UltraMS,hit_rate,127,227,5,1.0,0.0
S,UltraMS,hit_rate,128,227,5,1.0,0.0
S,UltraMS,hit_rate,129,227,5,1.0,0.0
S,UltraMS,hit_rate,130,227,5,1.0,0.0
S,UltraMS,hit_rate,131,227,5,1.0,0.0
S,UltraMS,hit_rate,132,227,5,1.0,0.0
S,UltraMS,hit_rate,133,227,5,1.0,0.0
S,UltraMS,hit_rate,134,227,5,1.0,0.0
S,UltraMS,hit_rate,135,227,5,1.0,0.0
S,UltraMS,hit_rate,136,227,5,1.0,0.0
S,UltraMS,hit_rate,137,227,5,1.0,0.0
S,UltraMS,hit_rate,138,227,5,1.0,0.0
S,UltraMS,hit_rate,139,227,5,1.0,0.0
S,UltraMS,hit_rate,140,227,5,1.0,0.0
S,UltraMS,hit_rate,141,227,5,1.0,0.0
S,UltraMS,hit_rate,142,227,5,1.0,0.0
S,UltraMS,hit_rate,143,227,5,1.0,0.0
S,UltraMS,hit_rate,144,227,5,1.0,0.0
S,UltraMS,hit_rate,145,227,5,1.0,0.0
S,UltraMS,hit_rate,146,227,5,1.0,0.0
S,UltraMS,hit_rate,147,227,5,1.0,0.0
S,UltraMS,hit_rate,148,227,5,1.0,0.0
S,UltraMS,hit_rate,149,227,5,1.0,0.0
S,UltraMS,hit_rate,150,227,5,1.0,0.0
S,DreaMS,hit_rate,5,227,5,0.6699473166497978,0.0344619486361867
S,DreaMS,hit_rate,6,227,5,0.7108808107924528,0.0355278963086326
S,DreaMS,hit_rate,7,227,5,0.7613897008326923,0.0320804593395509
S,DreaMS,hit_rate,8,227,5,0.7918809978221868,0.027923542991085
S,DreaMS,hit_rate,9,227,5,0.8478165853687166,0.0152726575412228
S,DreaMS,hit_rate,10,227,5,0.869315338259284,0.0124261320765249
S,DreaMS,hit_rate,11,227,5,0.8927699198534004,0.0140470429324866
S,DreaMS,hit_rate,12,227,5,0.9160641366126628,0.0218969334935592
S,DreaMS,hit_rate,13,227,5,0.9199102904588166,0.0208276313248555
S,DreaMS,hit_rate,14,227,5,0.9367445588976656,0.0166669828025035
S,DreaMS,hit_rate,15,227,5,0.9408261915507268,0.0172798391033599
S,DreaMS,hit_rate,16,227,5,0.953169662033732,0.0146465901314642
S,DreaMS,hit_rate,17,227,5,0.9608619697260398,0.0174894794237864
S,DreaMS,hit_rate,18,227,5,0.9649436023791008,0.0178638327698244
S,DreaMS,hit_rate,19,227,5,0.9649436023791008,0.0178638327698244
S,DreaMS,hit_rate,20,227,5,0.9649436023791008,0.0178638327698244
S,DreaMS,hit_rate,21,227,5,0.9691989215280372,0.0151899615450136
S,DreaMS,hit_rate,22,227,5,0.9691989215280372,0.0151899615450136
S,DreaMS,hit_rate,23,227,5,0.973850084318735,0.0127180500590248
S,DreaMS,hit_rate,24,227,5,0.973850084318735,0.0127180500590248
S,DreaMS,hit_rate,25,227,5,0.973850084318735,0.0127180500590248
S,DreaMS,hit_rate,26,227,5,0.973850084318735,0.0127180500590248
S,DreaMS,hit_rate,27,227,5,0.9821870361207324,0.010926109155749
S,DreaMS,hit_rate,28,227,5,0.98683819891143,0.0086181260987935
S,DreaMS,hit_rate,29,227,5,0.98683819891143,0.0086181260987935
S,DreaMS,hit_rate,30,227,5,0.98683819891143,0.0086181260987935
S,DreaMS,hit_rate,31,227,5,0.98683819891143,0.0086181260987935
S,DreaMS,hit_rate,32,227,5,0.98683819891143,0.0086181260987935
S,DreaMS,hit_rate,33,227,5,0.9910935180603662,0.0054630545778745
S,DreaMS,hit_rate,34,227,5,0.9910935180603662,0.0054630545778745
S,DreaMS,hit_rate,35,227,5,0.9910935180603662,0.0054630545778745
S,DreaMS,hit_rate,36,227,5,0.9910935180603662,0.0054630545778745
S,DreaMS,hit_rate,37,227,5,0.9910935180603662,0.0054630545778745
S,DreaMS,hit_rate,38,227,5,0.9910935180603662,0.0054630545778745
S,DreaMS,hit_rate,39,227,5,0.9910935180603662,0.0054630545778745
S,DreaMS,hit_rate,40,227,5,0.9910935180603662,0.0054630545778745
S,DreaMS,hit_rate,41,227,5,0.9910935180603662,0.0054630545778745
S,DreaMS,hit_rate,42,227,5,0.9910935180603662,0.0054630545778745
S,DreaMS,hit_rate,43,227,5,0.9910935180603662,0.0054630545778745
S,DreaMS,hit_rate,44,227,5,0.9910935180603662,0.0054630545778745
S,DreaMS,hit_rate,45,227,5,0.9910935180603662,0.0054630545778745
S,DreaMS,hit_rate,46,227,5,0.9910935180603662,0.0054630545778745
S,DreaMS,hit_rate,47,227,5,0.9910935180603662,0.0054630545778745
S,DreaMS,hit_rate,48,227,5,0.9910935180603662,0.0054630545778745
S,DreaMS,hit_rate,49,227,5,0.9910935180603662,0.0054630545778745
S,DreaMS,hit_rate,50,227,5,0.9910935180603662,0.0054630545778745
S,DreaMS,hit_rate,51,227,5,0.9910935180603662,0.0054630545778745
S,DreaMS,hit_rate,52,227,5,0.9910935180603662,0.0054630545778745
S,DreaMS,hit_rate,53,227,5,0.9910935180603662,0.0054630545778745
S,DreaMS,hit_rate,54,227,5,0.9910935180603662,0.0054630545778745
S,DreaMS,hit_rate,55,227,5,0.9910935180603662,0.0054630545778745
S,DreaMS,hit_rate,56,227,5,0.9910935180603662,0.0054630545778745
S,DreaMS,hit_rate,57,227,5,0.9910935180603662,0.0054630545778745
S,DreaMS,hit_rate,58,227,5,0.9910935180603662,0.0054630545778745
S,DreaMS,hit_rate,59,227,5,0.9910935180603662,0.0054630545778745
S,DreaMS,hit_rate,60,227,5,0.9910935180603662,0.0054630545778745
S,DreaMS,hit_rate,61,227,5,0.9910935180603662,0.0054630545778745
S,DreaMS,hit_rate,62,227,5,0.9910935180603662,0.0054630545778745
S,DreaMS,hit_rate,63,227,5,0.9910935180603662,0.0054630545778745
S,DreaMS,hit_rate,64,227,5,0.9953488372093025,0.0046511627906976
S,DreaMS,hit_rate,65,227,5,0.9953488372093025,0.0046511627906976
S,DreaMS,hit_rate,66,227,5,0.9953488372093025,0.0046511627906976
S,DreaMS,hit_rate,67,227,5,0.9953488372093025,0.0046511627906976
S,DreaMS,hit_rate,68,227,5,0.9953488372093025,0.0046511627906976
S,DreaMS,hit_rate,69,227,5,0.9953488372093025,0.0046511627906976
S,DreaMS,hit_rate,70,227,5,1.0,0.0
S,DreaMS,hit_rate,71,227,5,1.0,0.0
S,DreaMS,hit_rate,72,227,5,1.0,0.0
S,DreaMS,hit_rate,73,227,5,1.0,0.0
S,DreaMS,hit_rate,74,227,5,1.0,0.0
S,DreaMS,hit_rate,75,227,5,1.0,0.0
S,DreaMS,hit_rate,76,227,5,1.0,0.0
S,DreaMS,hit_rate,77,227,5,1.0,0.0
S,DreaMS,hit_rate,78,227,5,1.0,0.0
S,DreaMS,hit_rate,79,227,5,1.0,0.0
S,DreaMS,hit_rate,80,227,5,1.0,0.0
S,DreaMS,hit_rate,81,227,5,1.0,0.0
S,DreaMS,hit_rate,82,227,5,1.0,0.0
S,DreaMS,hit_rate,83,227,5,1.0,0.0
S,DreaMS,hit_rate,84,227,5,1.0,0.0
S,DreaMS,hit_rate,85,227,5,1.0,0.0
S,DreaMS,hit_rate,86,227,5,1.0,0.0
S,DreaMS,hit_rate,87,227,5,1.0,0.0
S,DreaMS,hit_rate,88,227,5,1.0,0.0
S,DreaMS,hit_rate,89,227,5,1.0,0.0
S,DreaMS,hit_rate,90,227,5,1.0,0.0
S,DreaMS,hit_rate,91,227,5,1.0,0.0
S,DreaMS,hit_rate,92,227,5,1.0,0.0
S,DreaMS,hit_rate,93,227,5,1.0,0.0
S,DreaMS,hit_rate,94,227,5,1.0,0.0
S,DreaMS,hit_rate,95,227,5,1.0,0.0
S,DreaMS,hit_rate,96,227,5,1.0,0.0
S,DreaMS,hit_rate,97,227,5,1.0,0.0
S,DreaMS,hit_rate,98,227,5,1.0,0.0
S,DreaMS,hit_rate,99,227,5,1.0,0.0
S,DreaMS,hit_rate,100,227,5,1.0,0.0
S,DreaMS,hit_rate,101,227,5,1.0,0.0
S,DreaMS,hit_rate,102,227,5,1.0,0.0
S,DreaMS,hit_rate,103,227,5,1.0,0.0
S,DreaMS,hit_rate,104,227,5,1.0,0.0
S,DreaMS,hit_rate,105,227,5,1.0,0.0
S,DreaMS,hit_rate,106,227,5,1.0,0.0
S,DreaMS,hit_rate,107,227,5,1.0,0.0
S,DreaMS,hit_rate,108,227,5,1.0,0.0
S,DreaMS,hit_rate,109,227,5,1.0,0.0
S,DreaMS,hit_rate,110,227,5,1.0,0.0
S,DreaMS,hit_rate,111,227,5,1.0,0.0
S,DreaMS,hit_rate,112,227,5,1.0,0.0
S,DreaMS,hit_rate,113,227,5,1.0,0.0
S,DreaMS,hit_rate,114,227,5,1.0,0.0
S,DreaMS,hit_rate,115,227,5,1.0,0.0
S,DreaMS,hit_rate,116,227,5,1.0,0.0
S,DreaMS,hit_rate,117,227,5,1.0,0.0
S,DreaMS,hit_rate,118,227,5,1.0,0.0
S,DreaMS,hit_rate,119,227,5,1.0,0.0
S,DreaMS,hit_rate,120,227,5,1.0,0.0
S,DreaMS,hit_rate,121,227,5,1.0,0.0
S,DreaMS,hit_rate,122,227,5,1.0,0.0
S,DreaMS,hit_rate,123,227,5,1.0,0.0
S,DreaMS,hit_rate,124,227,5,1.0,0.0
S,DreaMS,hit_rate,125,227,5,1.0,0.0
S,DreaMS,hit_rate,126,227,5,1.0,0.0
S,DreaMS,hit_rate,127,227,5,1.0,0.0
S,DreaMS,hit_rate,128,227,5,1.0,0.0
S,DreaMS,hit_rate,129,227,5,1.0,0.0
S,DreaMS,hit_rate,130,227,5,1.0,0.0
S,DreaMS,hit_rate,131,227,5,1.0,0.0
S,DreaMS,hit_rate,132,227,5,1.0,0.0
S,DreaMS,hit_rate,133,227,5,1.0,0.0
S,DreaMS,hit_rate,134,227,5,1.0,0.0
S,DreaMS,hit_rate,135,227,5,1.0,0.0
S,DreaMS,hit_rate,136,227,5,1.0,0.0
S,DreaMS,hit_rate,137,227,5,1.0,0.0
S,DreaMS,hit_rate,138,227,5,1.0,0.0
S,DreaMS,hit_rate,139,227,5,1.0,0.0
S,DreaMS,hit_rate,140,227,5,1.0,0.0
S,DreaMS,hit_rate,141,227,5,1.0,0.0
S,DreaMS,hit_rate,142,227,5,1.0,0.0
S,DreaMS,hit_rate,143,227,5,1.0,0.0
S,DreaMS,hit_rate,144,227,5,1.0,0.0
S,DreaMS,hit_rate,145,227,5,1.0,0.0
S,DreaMS,hit_rate,146,227,5,1.0,0.0
S,DreaMS,hit_rate,147,227,5,1.0,0.0
S,DreaMS,hit_rate,148,227,5,1.0,0.0
S,DreaMS,hit_rate,149,227,5,1.0,0.0
S,DreaMS,hit_rate,150,227,5,1.0,0.0
S,Linear SVM,hit_rate,5,227,5,0.7292399153040986,0.0169538297580258
S,Linear SVM,hit_rate,6,227,5,0.7759026514981842,0.022742083324255
S,Linear SVM,hit_rate,7,227,5,0.7991968682574464,0.030284875442219
S,Linear SVM,hit_rate,8,227,5,0.8484055218910665,0.032516862799342
S,Linear SVM,hit_rate,9,227,5,0.87952814132923,0.032085837106465
S,Linear SVM,hit_rate,10,227,5,0.8957928796304424,0.0290341624270964
S,Linear SVM,hit_rate,11,227,5,0.9166469884113202,0.0238642735815951
S,Linear SVM,hit_rate,12,227,5,0.933307570354294,0.019429635378154
S,Linear SVM,hit_rate,13,227,5,0.9418048869911456,0.0158151542396491
S,Linear SVM,hit_rate,14,227,5,0.9460602061400816,0.0160074412733255
S,Linear SVM,hit_rate,15,227,5,0.958874634236902,0.0160929834847134
S,Linear SVM,hit_rate,16,227,5,0.9627207880830556,0.0129596688266369
S,Linear SVM,hit_rate,17,227,5,0.9627207880830556,0.0129596688266369
S,Linear SVM,hit_rate,18,227,5,0.9665669419292096,0.0103202574371727
S,Linear SVM,hit_rate,19,227,5,0.9665669419292096,0.0103202574371727
S,Linear SVM,hit_rate,20,227,5,0.9704130957753634,0.0086399195516799
S,Linear SVM,hit_rate,21,227,5,0.9704130957753634,0.0086399195516799
S,Linear SVM,hit_rate,22,227,5,0.9704130957753634,0.0086399195516799
S,Linear SVM,hit_rate,23,227,5,0.978105403467671,0.0099843176476496
S,Linear SVM,hit_rate,24,227,5,0.9870118854073048,0.0053224239478847
S,Linear SVM,hit_rate,25,227,5,0.9870118854073048,0.0053224239478847
S,Linear SVM,hit_rate,26,227,5,0.9870118854073048,0.0053224239478847
S,Linear SVM,hit_rate,27,227,5,0.9870118854073048,0.0053224239478847
S,Linear SVM,hit_rate,28,227,5,0.9870118854073048,0.0053224239478847
S,Linear SVM,hit_rate,29,227,5,0.9870118854073048,0.0053224239478847
S,Linear SVM,hit_rate,30,227,5,0.9870118854073048,0.0053224239478847
S,Linear SVM,hit_rate,31,227,5,0.9870118854073048,0.0053224239478847
S,Linear SVM,hit_rate,32,227,5,0.9870118854073048,0.0053224239478847
S,Linear SVM,hit_rate,33,227,5,0.9870118854073048,0.0053224239478847
S,Linear SVM,hit_rate,34,227,5,0.9870118854073048,0.0053224239478847
S,Linear SVM,hit_rate,35,227,5,0.9870118854073048,0.0053224239478847
S,Linear SVM,hit_rate,36,227,5,0.9870118854073048,0.0053224239478847
S,Linear SVM,hit_rate,37,227,5,0.9870118854073048,0.0053224239478847
S,Linear SVM,hit_rate,38,227,5,0.9910935180603662,0.0054630545778745
S,Linear SVM,hit_rate,39,227,5,0.9910935180603662,0.0054630545778745
S,Linear SVM,hit_rate,40,227,5,0.9910935180603662,0.0054630545778745
S,Linear SVM,hit_rate,41,227,5,0.9910935180603662,0.0054630545778745
S,Linear SVM,hit_rate,42,227,5,0.9910935180603662,0.0054630545778745
S,Linear SVM,hit_rate,43,227,5,0.9910935180603662,0.0054630545778745
S,Linear SVM,hit_rate,44,227,5,0.9910935180603662,0.0054630545778745
S,Linear SVM,hit_rate,45,227,5,0.9910935180603662,0.0054630545778745
S,Linear SVM,hit_rate,46,227,5,0.9910935180603662,0.0054630545778745
S,Linear SVM,hit_rate,47,227,5,0.995744680851064,0.0042553191489361
S,Linear SVM,hit_rate,48,227,5,0.995744680851064,0.0042553191489361
S,Linear SVM,hit_rate,49,227,5,0.995744680851064,0.0042553191489361
S,Linear SVM,hit_rate,50,227,5,0.995744680851064,0.0042553191489361
S,Linear SVM,hit_rate,51,227,5,0.995744680851064,0.0042553191489361
S,Linear SVM,hit_rate,52,227,5,0.995744680851064,0.0042553191489361
S,Linear SVM,hit_rate,53,227,5,0.995744680851064,0.0042553191489361
S,Linear SVM,hit_rate,54,227,5,0.995744680851064,0.0042553191489361
S,Linear SVM,hit_rate,55,227,5,0.995744680851064,0.0042553191489361
S,Linear SVM,hit_rate,56,227,5,0.995744680851064,0.0042553191489361
S,Linear SVM,hit_rate,57,227,5,1.0,0.0
S,Linear SVM,hit_rate,58,227,5,1.0,0.0
S,Linear SVM,hit_rate,59,227,5,1.0,0.0
S,Linear SVM,hit_rate,60,227,5,1.0,0.0
S,Linear SVM,hit_rate,61,227,5,1.0,0.0
S,Linear SVM,hit_rate,62,227,5,1.0,0.0
S,Linear SVM,hit_rate,63,227,5,1.0,0.0
S,Linear SVM,hit_rate,64,227,5,1.0,0.0
S,Linear SVM,hit_rate,65,227,5,1.0,0.0
S,Linear SVM,hit_rate,66,227,5,1.0,0.0
S,Linear SVM,hit_rate,67,227,5,1.0,0.0
S,Linear SVM,hit_rate,68,227,5,1.0,0.0
S,Linear SVM,hit_rate,69,227,5,1.0,0.0
S,Linear SVM,hit_rate,70,227,5,1.0,0.0
S,Linear SVM,hit_rate,71,227,5,1.0,0.0
S,Linear SVM,hit_rate,72,227,5,1.0,0.0
S,Linear SVM,hit_rate,73,227,5,1.0,0.0
S,Linear SVM,hit_rate,74,227,5,1.0,0.0
S,Linear SVM,hit_rate,75,227,5,1.0,0.0
S,Linear SVM,hit_rate,76,227,5,1.0,0.0
S,Linear SVM,hit_rate,77,227,5,1.0,0.0
S,Linear SVM,hit_rate,78,227,5,1.0,0.0
S,Linear SVM,hit_rate,79,227,5,1.0,0.0
S,Linear SVM,hit_rate,80,227,5,1.0,0.0
S,Linear SVM,hit_rate,81,227,5,1.0,0.0
S,Linear SVM,hit_rate,82,227,5,1.0,0.0
S,Linear SVM,hit_rate,83,227,5,1.0,0.0
S,Linear SVM,hit_rate,84,227,5,1.0,0.0
S,Linear SVM,hit_rate,85,227,5,1.0,0.0
S,Linear SVM,hit_rate,86,227,5,1.0,0.0
S,Linear SVM,hit_rate,87,227,5,1.0,0.0
S,Linear SVM,hit_rate,88,227,5,1.0,0.0
S,Linear SVM,hit_rate,89,227,5,1.0,0.0
S,Linear SVM,hit_rate,90,227,5,1.0,0.0
S,Linear SVM,hit_rate,91,227,5,1.0,0.0
S,Linear SVM,hit_rate,92,227,5,1.0,0.0
S,Linear SVM,hit_rate,93,227,5,1.0,0.0
S,Linear SVM,hit_rate,94,227,5,1.0,0.0
S,Linear SVM,hit_rate,95,227,5,1.0,0.0
S,Linear SVM,hit_rate,96,227,5,1.0,0.0
S,Linear SVM,hit_rate,97,227,5,1.0,0.0
S,Linear SVM,hit_rate,98,227,5,1.0,0.0
S,Linear SVM,hit_rate,99,227,5,1.0,0.0
S,Linear SVM,hit_rate,100,227,5,1.0,0.0
S,Linear SVM,hit_rate,101,227,5,1.0,0.0
S,Linear SVM,hit_rate,102,227,5,1.0,0.0
S,Linear SVM,hit_rate,103,227,5,1.0,0.0
S,Linear SVM,hit_rate,104,227,5,1.0,0.0
S,Linear SVM,hit_rate,105,227,5,1.0,0.0
S,Linear SVM,hit_rate,106,227,5,1.0,0.0
S,Linear SVM,hit_rate,107,227,5,1.0,0.0
S,Linear SVM,hit_rate,108,227,5,1.0,0.0
S,Linear SVM,hit_rate,109,227,5,1.0,0.0
S,Linear SVM,hit_rate,110,227,5,1.0,0.0
S,Linear SVM,hit_rate,111,227,5,1.0,0.0
S,Linear SVM,hit_rate,112,227,5,1.0,0.0
S,Linear SVM,hit_rate,113,227,5,1.0,0.0
S,Linear SVM,hit_rate,114,227,5,1.0,0.0
S,Linear SVM,hit_rate,115,227,5,1.0,0.0
S,Linear SVM,hit_rate,116,227,5,1.0,0.0
S,Linear SVM,hit_rate,117,227,5,1.0,0.0
S,Linear SVM,hit_rate,118,227,5,1.0,0.0
S,Linear SVM,hit_rate,119,227,5,1.0,0.0
S,Linear SVM,hit_rate,120,227,5,1.0,0.0
S,Linear SVM,hit_rate,121,227,5,1.0,0.0
S,Linear SVM,hit_rate,122,227,5,1.0,0.0
S,Linear SVM,hit_rate,123,227,5,1.0,0.0
S,Linear SVM,hit_rate,124,227,5,1.0,0.0
S,Linear SVM,hit_rate,125,227,5,1.0,0.0
S,Linear SVM,hit_rate,126,227,5,1.0,0.0
S,Linear SVM,hit_rate,127,227,5,1.0,0.0
S,Linear SVM,hit_rate,128,227,5,1.0,0.0
S,Linear SVM,hit_rate,129,227,5,1.0,0.0
S,Linear SVM,hit_rate,130,227,5,1.0,0.0
S,Linear SVM,hit_rate,131,227,5,1.0,0.0
S,Linear SVM,hit_rate,132,227,5,1.0,0.0
S,Linear SVM,hit_rate,133,227,5,1.0,0.0
S,Linear SVM,hit_rate,134,227,5,1.0,0.0
S,Linear SVM,hit_rate,135,227,5,1.0,0.0
S,Linear SVM,hit_rate,136,227,5,1.0,0.0
S,Linear SVM,hit_rate,137,227,5,1.0,0.0
S,Linear SVM,hit_rate,138,227,5,1.0,0.0
S,Linear SVM,hit_rate,139,227,5,1.0,0.0
S,Linear SVM,hit_rate,140,227,5,1.0,0.0
S,Linear SVM,hit_rate,141,227,5,1.0,0.0
S,Linear SVM,hit_rate,142,227,5,1.0,0.0
S,Linear SVM,hit_rate,143,227,5,1.0,0.0
S,Linear SVM,hit_rate,144,227,5,1.0,0.0
S,Linear SVM,hit_rate,145,227,5,1.0,0.0
S,Linear SVM,hit_rate,146,227,5,1.0,0.0
S,Linear SVM,hit_rate,147,227,5,1.0,0.0
S,Linear SVM,hit_rate,148,227,5,1.0,0.0
S,Linear SVM,hit_rate,149,227,5,1.0,0.0
S,Linear SVM,hit_rate,150,227,5,1.0,0.0
S,Random forest,hit_rate,5,227,5,0.7397681746165523,0.0322211133353202
S,Random forest,hit_rate,6,227,5,0.782343193433884,0.02283760765284
S,Random forest,hit_rate,7,227,5,0.8165202794346781,0.0186277697904702
S,Random forest,hit_rate,8,227,5,0.8246217524297682,0.0157211252171743
S,Random forest,hit_rate,9,227,5,0.8414560208686173,0.0133285945490626
S,Random forest,hit_rate,10,227,5,0.8461071836593149,0.011632943310271
S,Random forest,hit_rate,11,227,5,0.883368210451691,0.0118918649660864
S,Random forest,hit_rate,12,227,5,0.8921010058954499,0.0141709244145279
S,Random forest,hit_rate,13,227,5,0.9015027152971594,0.0146855867783469
S,Random forest,hit_rate,14,227,5,0.9188322111980838,0.0169924227228757
S,Random forest,hit_rate,15,227,5,0.9331205621973984,0.0220359950249547
S,Random forest,hit_rate,16,227,5,0.9412220351924884,0.0180190463760147
S,Random forest,hit_rate,17,227,5,0.9412220351924884,0.0180190463760147
S,Random forest,hit_rate,18,227,5,0.9493235081875784,0.0146021113776737
S,Random forest,hit_rate,19,227,5,0.953169662033732,0.0146465901314642
S,Random forest,hit_rate,20,227,5,0.957015815879886,0.0156655464982487
S,Random forest,hit_rate,21,227,5,0.957015815879886,0.0156655464982487
S,Random forest,hit_rate,22,227,5,0.957015815879886,0.0156655464982487
S,Random forest,hit_rate,23,227,5,0.9655131325167374,0.0160088730423025
S,Random forest,hit_rate,24,227,5,0.9655131325167374,0.0160088730423025
S,Random forest,hit_rate,25,227,5,0.9655131325167374,0.0160088730423025
S,Random forest,hit_rate,26,227,5,0.9655131325167374,0.0160088730423025
S,Random forest,hit_rate,27,227,5,0.9701642953074352,0.0158098947581954
S,Random forest,hit_rate,28,227,5,0.9744196144563712,0.0122663493135336
S,Random forest,hit_rate,29,227,5,0.9744196144563712,0.0122663493135336
S,Random forest,hit_rate,30,227,5,0.9744196144563712,0.0122663493135336
S,Random forest,hit_rate,31,227,5,0.9744196144563712,0.0122663493135336
S,Random forest,hit_rate,32,227,5,0.9786749336053076,0.0093375243408863
S,Random forest,hit_rate,33,227,5,0.9786749336053076,0.0093375243408863
S,Random forest,hit_rate,34,227,5,0.9786749336053076,0.0093375243408863
S,Random forest,hit_rate,35,227,5,0.9786749336053076,0.0093375243408863
S,Random forest,hit_rate,36,227,5,0.9786749336053076,0.0093375243408863
S,Random forest,hit_rate,37,227,5,0.9786749336053076,0.0093375243408863
S,Random forest,hit_rate,38,227,5,0.9786749336053076,0.0093375243408863
S,Random forest,hit_rate,39,227,5,0.9786749336053076,0.0093375243408863
S,Random forest,hit_rate,40,227,5,0.9786749336053076,0.0093375243408863
S,Random forest,hit_rate,41,227,5,0.9786749336053076,0.0093375243408863
S,Random forest,hit_rate,42,227,5,0.9786749336053076,0.0093375243408863
S,Random forest,hit_rate,43,227,5,0.9786749336053076,0.0093375243408863
S,Random forest,hit_rate,44,227,5,0.9829302527542436,0.0077544102464512
S,Random forest,hit_rate,45,227,5,0.9829302527542436,0.0077544102464512
S,Random forest,hit_rate,46,227,5,0.9829302527542436,0.0077544102464512
S,Random forest,hit_rate,47,227,5,0.9870118854073048,0.0053224239478847
S,Random forest,hit_rate,48,227,5,0.9870118854073048,0.0053224239478847
S,Random forest,hit_rate,49,227,5,0.9870118854073048,0.0053224239478847
S,Random forest,hit_rate,50,227,5,0.9916630481980026,0.0051071656895083
S,Random forest,hit_rate,51,227,5,0.9916630481980026,0.0051071656895083
S,Random forest,hit_rate,52,227,5,0.9916630481980026,0.0051071656895083
S,Random forest,hit_rate,53,227,5,0.9916630481980026,0.0051071656895083
S,Random forest,hit_rate,54,227,5,0.9916630481980026,0.0051071656895083
S,Random forest,hit_rate,55,227,5,0.9916630481980026,0.0051071656895083
S,Random forest,hit_rate,56,227,5,0.9916630481980026,0.0051071656895083
S,Random forest,hit_rate,57,227,5,0.9916630481980026,0.0051071656895083
S,Random forest,hit_rate,58,227,5,0.9916630481980026,0.0051071656895083
S,Random forest,hit_rate,59,227,5,0.9916630481980026,0.0051071656895083
S,Random forest,hit_rate,60,227,5,0.9916630481980026,0.0051071656895083
S,Random forest,hit_rate,61,227,5,0.9916630481980026,0.0051071656895083
S,Random forest,hit_rate,62,227,5,0.9916630481980026,0.0051071656895083
S,Random forest,hit_rate,63,227,5,0.9916630481980026,0.0051071656895083
S,Random forest,hit_rate,64,227,5,0.9916630481980026,0.0051071656895083
S,Random forest,hit_rate,65,227,5,0.9916630481980026,0.0051071656895083
S,Random forest,hit_rate,66,227,5,0.9916630481980026,0.0051071656895083
S,Random forest,hit_rate,67,227,5,0.9916630481980026,0.0051071656895083
S,Random forest,hit_rate,68,227,5,0.9916630481980026,0.0051071656895083
S,Random forest,hit_rate,69,227,5,0.9916630481980026,0.0051071656895083
S,Random forest,hit_rate,70,227,5,0.9916630481980026,0.0051071656895083
S,Random forest,hit_rate,71,227,5,0.9916630481980026,0.0051071656895083
S,Random forest,hit_rate,72,227,5,0.9916630481980026,0.0051071656895083
S,Random forest,hit_rate,73,227,5,0.9916630481980026,0.0051071656895083
S,Random forest,hit_rate,74,227,5,0.9916630481980026,0.0051071656895083
S,Random forest,hit_rate,75,227,5,0.9916630481980026,0.0051071656895083
S,Random forest,hit_rate,76,227,5,0.9916630481980026,0.0051071656895083
S,Random forest,hit_rate,77,227,5,0.9916630481980026,0.0051071656895083
S,Random forest,hit_rate,78,227,5,0.9916630481980026,0.0051071656895083
S,Random forest,hit_rate,79,227,5,0.9916630481980026,0.0051071656895083
S,Random forest,hit_rate,80,227,5,0.9916630481980026,0.0051071656895083
S,Random forest,hit_rate,81,227,5,0.9916630481980026,0.0051071656895083
S,Random forest,hit_rate,82,227,5,0.9916630481980026,0.0051071656895083
S,Random forest,hit_rate,83,227,5,0.995744680851064,0.0042553191489361
S,Random forest,hit_rate,84,227,5,0.995744680851064,0.0042553191489361
S,Random forest,hit_rate,85,227,5,0.995744680851064,0.0042553191489361
S,Random forest,hit_rate,86,227,5,0.995744680851064,0.0042553191489361
S,Random forest,hit_rate,87,227,5,0.995744680851064,0.0042553191489361
S,Random forest,hit_rate,88,227,5,0.995744680851064,0.0042553191489361
S,Random forest,hit_rate,89,227,5,0.995744680851064,0.0042553191489361
S,Random forest,hit_rate,90,227,5,0.995744680851064,0.0042553191489361
S,Random forest,hit_rate,91,227,5,0.995744680851064,0.0042553191489361
S,Random forest,hit_rate,92,227,5,0.995744680851064,0.0042553191489361
S,Random forest,hit_rate,93,227,5,0.995744680851064,0.0042553191489361
S,Random forest,hit_rate,94,227,5,0.995744680851064,0.0042553191489361
S,Random forest,hit_rate,95,227,5,0.995744680851064,0.0042553191489361
S,Random forest,hit_rate,96,227,5,0.995744680851064,0.0042553191489361
S,Random forest,hit_rate,97,227,5,0.995744680851064,0.0042553191489361
S,Random forest,hit_rate,98,227,5,0.995744680851064,0.0042553191489361
S,Random forest,hit_rate,99,227,5,0.995744680851064,0.0042553191489361
S,Random forest,hit_rate,100,227,5,0.995744680851064,0.0042553191489361
S,Random forest,hit_rate,101,227,5,0.995744680851064,0.0042553191489361
S,Random forest,hit_rate,102,227,5,0.995744680851064,0.0042553191489361
S,Random forest,hit_rate,103,227,5,0.995744680851064,0.0042553191489361
S,Random forest,hit_rate,104,227,5,0.995744680851064,0.0042553191489361
S,Random forest,hit_rate,105,227,5,0.995744680851064,0.0042553191489361
S,Random forest,hit_rate,106,227,5,0.995744680851064,0.0042553191489361
S,Random forest,hit_rate,107,227,5,0.995744680851064,0.0042553191489361
S,Random forest,hit_rate,108,227,5,0.995744680851064,0.0042553191489361
S,Random forest,hit_rate,109,227,5,0.995744680851064,0.0042553191489361
S,Random forest,hit_rate,110,227,5,0.995744680851064,0.0042553191489361
S,Random forest,hit_rate,111,227,5,0.995744680851064,0.0042553191489361
S,Random forest,hit_rate,112,227,5,0.995744680851064,0.0042553191489361
S,Random forest,hit_rate,113,227,5,0.995744680851064,0.0042553191489361
S,Random forest,hit_rate,114,227,5,0.995744680851064,0.0042553191489361
S,Random forest,hit_rate,115,227,5,0.995744680851064,0.0042553191489361
S,Random forest,hit_rate,116,227,5,0.995744680851064,0.0042553191489361
S,Random forest,hit_rate,117,227,5,0.995744680851064,0.0042553191489361
S,Random forest,hit_rate,118,227,5,0.995744680851064,0.0042553191489361
S,Random forest,hit_rate,119,227,5,0.995744680851064,0.0042553191489361
S,Random forest,hit_rate,120,227,5,1.0,0.0
S,Random forest,hit_rate,121,227,5,1.0,0.0
S,Random forest,hit_rate,122,227,5,1.0,0.0
S,Random forest,hit_rate,123,227,5,1.0,0.0
S,Random forest,hit_rate,124,227,5,1.0,0.0
S,Random forest,hit_rate,125,227,5,1.0,0.0
S,Random forest,hit_rate,126,227,5,1.0,0.0
S,Random forest,hit_rate,127,227,5,1.0,0.0
S,Random forest,hit_rate,128,227,5,1.0,0.0
S,Random forest,hit_rate,129,227,5,1.0,0.0
S,Random forest,hit_rate,130,227,5,1.0,0.0
S,Random forest,hit_rate,131,227,5,1.0,0.0
S,Random forest,hit_rate,132,227,5,1.0,0.0
S,Random forest,hit_rate,133,227,5,1.0,0.0
S,Random forest,hit_rate,134,227,5,1.0,0.0
S,Random forest,hit_rate,135,227,5,1.0,0.0
S,Random forest,hit_rate,136,227,5,1.0,0.0
S,Random forest,hit_rate,137,227,5,1.0,0.0
S,Random forest,hit_rate,138,227,5,1.0,0.0
S,Random forest,hit_rate,139,227,5,1.0,0.0
S,Random forest,hit_rate,140,227,5,1.0,0.0
S,Random forest,hit_rate,141,227,5,1.0,0.0
S,Random forest,hit_rate,142,227,5,1.0,0.0
S,Random forest,hit_rate,143,227,5,1.0,0.0
S,Random forest,hit_rate,144,227,5,1.0,0.0
S,Random forest,hit_rate,145,227,5,1.0,0.0
S,Random forest,hit_rate,146,227,5,1.0,0.0
S,Random forest,hit_rate,147,227,5,1.0,0.0
S,Random forest,hit_rate,148,227,5,1.0,0.0
S,Random forest,hit_rate,149,227,5,1.0,0.0
S,Random forest,hit_rate,150,227,5,1.0,0.0
F,UltraMS,hit_rate,5,169,5,0.956373286156568,0.0244202033286593
F,UltraMS,hit_rate,6,169,5,0.9616364440513048,0.0198139828282858
F,UltraMS,hit_rate,7,169,5,0.9616364440513048,0.0198139828282858
F,UltraMS,hit_rate,8,169,5,0.978328173374613,0.0154100592752257
F,UltraMS,hit_rate,9,169,5,0.978328173374613,0.0154100592752257
F,UltraMS,hit_rate,10,169,5,0.978328173374613,0.0154100592752257
F,UltraMS,hit_rate,11,169,5,0.9888544891640868,0.0068427356363158
F,UltraMS,hit_rate,12,169,5,0.9888544891640868,0.0068427356363158
F,UltraMS,hit_rate,13,169,5,0.9888544891640868,0.0068427356363158
F,UltraMS,hit_rate,14,169,5,0.9888544891640868,0.0068427356363158
F,UltraMS,hit_rate,15,169,5,0.9888544891640868,0.0068427356363158
F,UltraMS,hit_rate,16,169,5,0.9888544891640868,0.0068427356363158
F,UltraMS,hit_rate,17,169,5,0.9888544891640868,0.0068427356363158
F,UltraMS,hit_rate,18,169,5,0.9888544891640868,0.0068427356363158
F,UltraMS,hit_rate,19,169,5,0.9888544891640868,0.0068427356363158
F,UltraMS,hit_rate,20,169,5,0.9888544891640868,0.0068427356363158
F,UltraMS,hit_rate,21,169,5,0.9888544891640868,0.0068427356363158
F,UltraMS,hit_rate,22,169,5,0.9888544891640868,0.0068427356363158
F,UltraMS,hit_rate,23,169,5,0.9888544891640868,0.0068427356363158
F,UltraMS,hit_rate,24,169,5,0.9888544891640868,0.0068427356363158
F,UltraMS,hit_rate,25,169,5,0.9888544891640868,0.0068427356363158
F,UltraMS,hit_rate,26,169,5,0.9888544891640868,0.0068427356363158
F,UltraMS,hit_rate,27,169,5,0.9888544891640868,0.0068427356363158
F,UltraMS,hit_rate,28,169,5,0.9888544891640868,0.0068427356363158
F,UltraMS,hit_rate,29,169,5,0.9888544891640868,0.0068427356363158
F,UltraMS,hit_rate,30,169,5,0.9888544891640868,0.0068427356363158
F,UltraMS,hit_rate,31,169,5,0.9888544891640868,0.0068427356363158
F,UltraMS,hit_rate,32,169,5,0.9888544891640868,0.0068427356363158
F,UltraMS,hit_rate,33,169,5,0.9888544891640868,0.0068427356363158
F,UltraMS,hit_rate,34,169,5,0.9888544891640868,0.0068427356363158
F,UltraMS,hit_rate,35,169,5,0.9888544891640868,0.0068427356363158
F,UltraMS,hit_rate,36,169,5,0.9888544891640868,0.0068427356363158
F,UltraMS,hit_rate,37,169,5,0.9888544891640868,0.0068427356363158
F,UltraMS,hit_rate,38,169,5,0.9888544891640868,0.0068427356363158
F,UltraMS,hit_rate,39,169,5,0.9888544891640868,0.0068427356363158
F,UltraMS,hit_rate,40,169,5,0.9941176470588236,0.0058823529411764
F,UltraMS,hit_rate,41,169,5,0.9941176470588236,0.0058823529411764
F,UltraMS,hit_rate,42,169,5,0.9941176470588236,0.0058823529411764
F,UltraMS,hit_rate,43,169,5,0.9941176470588236,0.0058823529411764
F,UltraMS,hit_rate,44,169,5,0.9941176470588236,0.0058823529411764
F,UltraMS,hit_rate,45,169,5,0.9941176470588236,0.0058823529411764
F,UltraMS,hit_rate,46,169,5,0.9941176470588236,0.0058823529411764
F,UltraMS,hit_rate,47,169,5,0.9941176470588236,0.0058823529411764
F,UltraMS,hit_rate,48,169,5,0.9941176470588236,0.0058823529411764
F,UltraMS,hit_rate,49,169,5,0.9941176470588236,0.0058823529411764
F,UltraMS,hit_rate,50,169,5,0.9941176470588236,0.0058823529411764
F,UltraMS,hit_rate,51,169,5,0.9941176470588236,0.0058823529411764
F,UltraMS,hit_rate,52,169,5,0.9941176470588236,0.0058823529411764
F,UltraMS,hit_rate,53,169,5,0.9941176470588236,0.0058823529411764
F,UltraMS,hit_rate,54,169,5,0.9941176470588236,0.0058823529411764
F,UltraMS,hit_rate,55,169,5,0.9941176470588236,0.0058823529411764
F,UltraMS,hit_rate,56,169,5,0.9941176470588236,0.0058823529411764
F,UltraMS,hit_rate,57,169,5,0.9941176470588236,0.0058823529411764
F,UltraMS,hit_rate,58,169,5,0.9941176470588236,0.0058823529411764
F,UltraMS,hit_rate,59,169,5,0.9941176470588236,0.0058823529411764
F,UltraMS,hit_rate,60,169,5,0.9941176470588236,0.0058823529411764
F,UltraMS,hit_rate,61,169,5,0.9941176470588236,0.0058823529411764
F,UltraMS,hit_rate,62,169,5,0.9941176470588236,0.0058823529411764
F,UltraMS,hit_rate,63,169,5,0.9941176470588236,0.0058823529411764
F,UltraMS,hit_rate,64,169,5,0.9941176470588236,0.0058823529411764
F,UltraMS,hit_rate,65,169,5,0.9941176470588236,0.0058823529411764
F,UltraMS,hit_rate,66,169,5,0.9941176470588236,0.0058823529411764
F,UltraMS,hit_rate,67,169,5,0.9941176470588236,0.0058823529411764
F,UltraMS,hit_rate,68,169,5,0.9941176470588236,0.0058823529411764
F,UltraMS,hit_rate,69,169,5,0.9941176470588236,0.0058823529411764
F,UltraMS,hit_rate,70,169,5,0.9941176470588236,0.0058823529411764
F,UltraMS,hit_rate,71,169,5,0.9941176470588236,0.0058823529411764
F,UltraMS,hit_rate,72,169,5,0.9941176470588236,0.0058823529411764
F,UltraMS,hit_rate,73,169,5,0.9941176470588236,0.0058823529411764
F,UltraMS,hit_rate,74,169,5,0.9941176470588236,0.0058823529411764
F,UltraMS,hit_rate,75,169,5,0.9941176470588236,0.0058823529411764
F,UltraMS,hit_rate,76,169,5,0.9941176470588236,0.0058823529411764
F,UltraMS,hit_rate,77,169,5,1.0,0.0
F,UltraMS,hit_rate,78,169,5,1.0,0.0
F,UltraMS,hit_rate,79,169,5,1.0,0.0
F,UltraMS,hit_rate,80,169,5,1.0,0.0
F,UltraMS,hit_rate,81,169,5,1.0,0.0
F,UltraMS,hit_rate,82,169,5,1.0,0.0
F,UltraMS,hit_rate,83,169,5,1.0,0.0
F,UltraMS,hit_rate,84,169,5,1.0,0.0
F,UltraMS,hit_rate,85,169,5,1.0,0.0
F,UltraMS,hit_rate,86,169,5,1.0,0.0
F,UltraMS,hit_rate,87,169,5,1.0,0.0
F,UltraMS,hit_rate,88,169,5,1.0,0.0
F,UltraMS,hit_rate,89,169,5,1.0,0.0
F,UltraMS,hit_rate,90,169,5,1.0,0.0
F,UltraMS,hit_rate,91,169,5,1.0,0.0
F,UltraMS,hit_rate,92,169,5,1.0,0.0
F,UltraMS,hit_rate,93,169,5,1.0,0.0
F,UltraMS,hit_rate,94,169,5,1.0,0.0
F,UltraMS,hit_rate,95,169,5,1.0,0.0
F,UltraMS,hit_rate,96,169,5,1.0,0.0
F,UltraMS,hit_rate,97,169,5,1.0,0.0
F,UltraMS,hit_rate,98,169,5,1.0,0.0
F,UltraMS,hit_rate,99,169,5,1.0,0.0
F,UltraMS,hit_rate,100,169,5,1.0,0.0
F,UltraMS,hit_rate,101,169,5,1.0,0.0
F,UltraMS,hit_rate,102,169,5,1.0,0.0
F,UltraMS,hit_rate,103,169,5,1.0,0.0
F,UltraMS,hit_rate,104,169,5,1.0,0.0
F,UltraMS,hit_rate,105,169,5,1.0,0.0
F,UltraMS,hit_rate,106,169,5,1.0,0.0
F,UltraMS,hit_rate,107,169,5,1.0,0.0
F,UltraMS,hit_rate,108,169,5,1.0,0.0
F,UltraMS,hit_rate,109,169,5,1.0,0.0
F,UltraMS,hit_rate,110,169,5,1.0,0.0
F,UltraMS,hit_rate,111,169,5,1.0,0.0
F,UltraMS,hit_rate,112,169,5,1.0,0.0
F,UltraMS,hit_rate,113,169,5,1.0,0.0
F,UltraMS,hit_rate,114,169,5,1.0,0.0
F,UltraMS,hit_rate,115,169,5,1.0,0.0
F,UltraMS,hit_rate,116,169,5,1.0,0.0
F,UltraMS,hit_rate,117,169,5,1.0,0.0
F,UltraMS,hit_rate,118,169,5,1.0,0.0
F,UltraMS,hit_rate,119,169,5,1.0,0.0
F,UltraMS,hit_rate,120,169,5,1.0,0.0
F,UltraMS,hit_rate,121,169,5,1.0,0.0
F,UltraMS,hit_rate,122,169,5,1.0,0.0
F,UltraMS,hit_rate,123,169,5,1.0,0.0
F,UltraMS,hit_rate,124,169,5,1.0,0.0
F,UltraMS,hit_rate,125,169,5,1.0,0.0
F,UltraMS,hit_rate,126,169,5,1.0,0.0
F,UltraMS,hit_rate,127,169,5,1.0,0.0
F,UltraMS,hit_rate,128,169,5,1.0,0.0
F,UltraMS,hit_rate,129,169,5,1.0,0.0
F,UltraMS,hit_rate,130,169,5,1.0,0.0
F,UltraMS,hit_rate,131,169,5,1.0,0.0
F,UltraMS,hit_rate,132,169,5,1.0,0.0
F,UltraMS,hit_rate,133,169,5,1.0,0.0
F,UltraMS,hit_rate,134,169,5,1.0,0.0
F,UltraMS,hit_rate,135,169,5,1.0,0.0
F,UltraMS,hit_rate,136,169,5,1.0,0.0
F,UltraMS,hit_rate,137,169,5,1.0,0.0
F,UltraMS,hit_rate,138,169,5,1.0,0.0
F,UltraMS,hit_rate,139,169,5,1.0,0.0
F,UltraMS,hit_rate,140,169,5,1.0,0.0
F,UltraMS,hit_rate,141,169,5,1.0,0.0
F,UltraMS,hit_rate,142,169,5,1.0,0.0
F,UltraMS,hit_rate,143,169,5,1.0,0.0
F,UltraMS,hit_rate,144,169,5,1.0,0.0
F,UltraMS,hit_rate,145,169,5,1.0,0.0
F,UltraMS,hit_rate,146,169,5,1.0,0.0
F,UltraMS,hit_rate,147,169,5,1.0,0.0
F,UltraMS,hit_rate,148,169,5,1.0,0.0
F,UltraMS,hit_rate,149,169,5,1.0,0.0
F,UltraMS,hit_rate,150,169,5,1.0,0.0
F,DreaMS,hit_rate,5,169,5,0.6507012015332447,0.0571125519721799
F,DreaMS,hit_rate,6,169,5,0.7156707946336429,0.0507066780582464
F,DreaMS,hit_rate,7,169,5,0.7752237210673744,0.0488166612495826
F,DreaMS,hit_rate,8,169,5,0.7881403877340409,0.0412145052040977
F,DreaMS,hit_rate,9,169,5,0.8160622143594279,0.0467544270538267
F,DreaMS,hit_rate,10,169,5,0.8654564720625091,0.0366761829118834
F,DreaMS,hit_rate,11,169,5,0.8654564720625091,0.0366761829118834
F,DreaMS,hit_rate,12,169,5,0.8713388250036858,0.0400306176211076
F,DreaMS,hit_rate,13,169,5,0.902435316231756,0.0279637287975391
F,DreaMS,hit_rate,14,169,5,0.9258782986878964,0.0256109412214992
F,DreaMS,hit_rate,15,169,5,0.9325449653545628,0.0197959980007826
F,DreaMS,hit_rate,16,169,5,0.9387949653545627,0.021128855153888
F,DreaMS,hit_rate,17,169,5,0.9445092510688486,0.020225111859102
F,DreaMS,hit_rate,18,169,5,0.9564390756302522,0.0167617866974685
F,DreaMS,hit_rate,19,169,5,0.9678676470588236,0.0182745367594263
F,DreaMS,hit_rate,20,169,5,0.9678676470588236,0.0182745367594263
F,DreaMS,hit_rate,21,169,5,0.9678676470588236,0.0182745367594263
F,DreaMS,hit_rate,22,169,5,0.9678676470588236,0.0182745367594263
F,DreaMS,hit_rate,23,169,5,0.9678676470588236,0.0182745367594263
F,DreaMS,hit_rate,24,169,5,0.9741176470588236,0.0193850082979812
F,DreaMS,hit_rate,25,169,5,0.9807843137254902,0.0131591856749509
F,DreaMS,hit_rate,26,169,5,0.9807843137254902,0.0131591856749509
F,DreaMS,hit_rate,27,169,5,0.9807843137254902,0.0131591856749509
F,DreaMS,hit_rate,28,169,5,0.9807843137254902,0.0131591856749509
F,DreaMS,hit_rate,29,169,5,0.9807843137254902,0.0131591856749509
F,DreaMS,hit_rate,30,169,5,0.9866666666666668,0.0133333333333333
F,DreaMS,hit_rate,31,169,5,0.9866666666666668,0.0133333333333333
F,DreaMS,hit_rate,32,169,5,0.9866666666666668,0.0133333333333333
F,DreaMS,hit_rate,33,169,5,0.9866666666666668,0.0133333333333333
F,DreaMS,hit_rate,34,169,5,0.9866666666666668,0.0133333333333333
F,DreaMS,hit_rate,35,169,5,0.9866666666666668,0.0133333333333333
F,DreaMS,hit_rate,36,169,5,0.9866666666666668,0.0133333333333333
F,DreaMS,hit_rate,37,169,5,0.9866666666666668,0.0133333333333333
F,DreaMS,hit_rate,38,169,5,0.9866666666666668,0.0133333333333333
F,DreaMS,hit_rate,39,169,5,0.9866666666666668,0.0133333333333333
F,DreaMS,hit_rate,40,169,5,0.9866666666666668,0.0133333333333333
F,DreaMS,hit_rate,41,169,5,0.9866666666666668,0.0133333333333333
F,DreaMS,hit_rate,42,169,5,0.9866666666666668,0.0133333333333333
F,DreaMS,hit_rate,43,169,5,0.9866666666666668,0.0133333333333333
F,DreaMS,hit_rate,44,169,5,0.9933333333333334,0.0066666666666666
F,DreaMS,hit_rate,45,169,5,0.9933333333333334,0.0066666666666666
F,DreaMS,hit_rate,46,169,5,0.9933333333333334,0.0066666666666666
F,DreaMS,hit_rate,47,169,5,0.9933333333333334,0.0066666666666666
F,DreaMS,hit_rate,48,169,5,0.9933333333333334,0.0066666666666666
F,DreaMS,hit_rate,49,169,5,0.9933333333333334,0.0066666666666666
F,DreaMS,hit_rate,50,169,5,0.9933333333333334,0.0066666666666666
F,DreaMS,hit_rate,51,169,5,0.9933333333333334,0.0066666666666666
F,DreaMS,hit_rate,52,169,5,0.9933333333333334,0.0066666666666666
F,DreaMS,hit_rate,53,169,5,0.9933333333333334,0.0066666666666666
F,DreaMS,hit_rate,54,169,5,0.9933333333333334,0.0066666666666666
F,DreaMS,hit_rate,55,169,5,0.9933333333333334,0.0066666666666666
F,DreaMS,hit_rate,56,169,5,0.9933333333333334,0.0066666666666666
F,DreaMS,hit_rate,57,169,5,0.9933333333333334,0.0066666666666666
F,DreaMS,hit_rate,58,169,5,0.9933333333333334,0.0066666666666666
F,DreaMS,hit_rate,59,169,5,0.9933333333333334,0.0066666666666666
F,DreaMS,hit_rate,60,169,5,0.9933333333333334,0.0066666666666666
F,DreaMS,hit_rate,61,169,5,0.9933333333333334,0.0066666666666666
F,DreaMS,hit_rate,62,169,5,0.9933333333333334,0.0066666666666666
F,DreaMS,hit_rate,63,169,5,0.9933333333333334,0.0066666666666666
F,DreaMS,hit_rate,64,169,5,0.9933333333333334,0.0066666666666666
F,DreaMS,hit_rate,65,169,5,0.9933333333333334,0.0066666666666666
F,DreaMS,hit_rate,66,169,5,0.9933333333333334,0.0066666666666666
F,DreaMS,hit_rate,67,169,5,0.9933333333333334,0.0066666666666666
F,DreaMS,hit_rate,68,169,5,0.9933333333333334,0.0066666666666666
F,DreaMS,hit_rate,69,169,5,0.9933333333333334,0.0066666666666666
F,DreaMS,hit_rate,70,169,5,0.9933333333333334,0.0066666666666666
F,DreaMS,hit_rate,71,169,5,0.9933333333333334,0.0066666666666666
F,DreaMS,hit_rate,72,169,5,0.9933333333333334,0.0066666666666666
F,DreaMS,hit_rate,73,169,5,0.9933333333333334,0.0066666666666666
F,DreaMS,hit_rate,74,169,5,0.9933333333333334,0.0066666666666666
F,DreaMS,hit_rate,75,169,5,0.9933333333333334,0.0066666666666666
F,DreaMS,hit_rate,76,169,5,0.9933333333333334,0.0066666666666666
F,DreaMS,hit_rate,77,169,5,0.9933333333333334,0.0066666666666666
F,DreaMS,hit_rate,78,169,5,0.9933333333333334,0.0066666666666666
F,DreaMS,hit_rate,79,169,5,0.9933333333333334,0.0066666666666666
F,DreaMS,hit_rate,80,169,5,0.9933333333333334,0.0066666666666666
F,DreaMS,hit_rate,81,169,5,0.9933333333333334,0.0066666666666666
F,DreaMS,hit_rate,82,169,5,0.9933333333333334,0.0066666666666666
F,DreaMS,hit_rate,83,169,5,0.9933333333333334,0.0066666666666666
F,DreaMS,hit_rate,84,169,5,0.9933333333333334,0.0066666666666666
F,DreaMS,hit_rate,85,169,5,0.9933333333333334,0.0066666666666666
F,DreaMS,hit_rate,86,169,5,0.9933333333333334,0.0066666666666666
F,DreaMS,hit_rate,87,169,5,0.9933333333333334,0.0066666666666666
F,DreaMS,hit_rate,88,169,5,0.9933333333333334,0.0066666666666666
F,DreaMS,hit_rate,89,169,5,0.9933333333333334,0.0066666666666666
F,DreaMS,hit_rate,90,169,5,0.9933333333333334,0.0066666666666666
F,DreaMS,hit_rate,91,169,5,0.9933333333333334,0.0066666666666666
F,DreaMS,hit_rate,92,169,5,0.9933333333333334,0.0066666666666666
F,DreaMS,hit_rate,93,169,5,0.9933333333333334,0.0066666666666666
F,DreaMS,hit_rate,94,169,5,0.9933333333333334,0.0066666666666666
F,DreaMS,hit_rate,95,169,5,0.9933333333333334,0.0066666666666666
F,DreaMS,hit_rate,96,169,5,0.9933333333333334,0.0066666666666666
F,DreaMS,hit_rate,97,169,5,0.9933333333333334,0.0066666666666666
F,DreaMS,hit_rate,98,169,5,0.9933333333333334,0.0066666666666666
F,DreaMS,hit_rate,99,169,5,0.9933333333333334,0.0066666666666666
F,DreaMS,hit_rate,100,169,5,0.9933333333333334,0.0066666666666666
F,DreaMS,hit_rate,101,169,5,0.9933333333333334,0.0066666666666666
F,DreaMS,hit_rate,102,169,5,0.9933333333333334,0.0066666666666666
F,DreaMS,hit_rate,103,169,5,1.0,0.0
F,DreaMS,hit_rate,104,169,5,1.0,0.0
F,DreaMS,hit_rate,105,169,5,1.0,0.0
F,DreaMS,hit_rate,106,169,5,1.0,0.0
F,DreaMS,hit_rate,107,169,5,1.0,0.0
F,DreaMS,hit_rate,108,169,5,1.0,0.0
F,DreaMS,hit_rate,109,169,5,1.0,0.0
F,DreaMS,hit_rate,110,169,5,1.0,0.0
F,DreaMS,hit_rate,111,169,5,1.0,0.0
F,DreaMS,hit_rate,112,169,5,1.0,0.0
F,DreaMS,hit_rate,113,169,5,1.0,0.0
F,DreaMS,hit_rate,114,169,5,1.0,0.0
F,DreaMS,hit_rate,115,169,5,1.0,0.0
F,DreaMS,hit_rate,116,169,5,1.0,0.0
F,DreaMS,hit_rate,117,169,5,1.0,0.0
F,DreaMS,hit_rate,118,169,5,1.0,0.0
F,DreaMS,hit_rate,119,169,5,1.0,0.0
F,DreaMS,hit_rate,120,169,5,1.0,0.0
F,DreaMS,hit_rate,121,169,5,1.0,0.0
F,DreaMS,hit_rate,122,169,5,1.0,0.0
F,DreaMS,hit_rate,123,169,5,1.0,0.0
F,DreaMS,hit_rate,124,169,5,1.0,0.0
F,DreaMS,hit_rate,125,169,5,1.0,0.0
F,DreaMS,hit_rate,126,169,5,1.0,0.0
F,DreaMS,hit_rate,127,169,5,1.0,0.0
F,DreaMS,hit_rate,128,169,5,1.0,0.0
F,DreaMS,hit_rate,129,169,5,1.0,0.0
F,DreaMS,hit_rate,130,169,5,1.0,0.0
F,DreaMS,hit_rate,131,169,5,1.0,0.0
F,DreaMS,hit_rate,132,169,5,1.0,0.0
F,DreaMS,hit_rate,133,169,5,1.0,0.0
F,DreaMS,hit_rate,134,169,5,1.0,0.0
F,DreaMS,hit_rate,135,169,5,1.0,0.0
F,DreaMS,hit_rate,136,169,5,1.0,0.0
F,DreaMS,hit_rate,137,169,5,1.0,0.0
F,DreaMS,hit_rate,138,169,5,1.0,0.0
F,DreaMS,hit_rate,139,169,5,1.0,0.0
F,DreaMS,hit_rate,140,169,5,1.0,0.0
F,DreaMS,hit_rate,141,169,5,1.0,0.0
F,DreaMS,hit_rate,142,169,5,1.0,0.0
F,DreaMS,hit_rate,143,169,5,1.0,0.0
F,DreaMS,hit_rate,144,169,5,1.0,0.0
F,DreaMS,hit_rate,145,169,5,1.0,0.0
F,DreaMS,hit_rate,146,169,5,1.0,0.0
F,DreaMS,hit_rate,147,169,5,1.0,0.0
F,DreaMS,hit_rate,148,169,5,1.0,0.0
F,DreaMS,hit_rate,149,169,5,1.0,0.0
F,DreaMS,hit_rate,150,169,5,1.0,0.0
F,Linear SVM,hit_rate,5,169,5,0.912157599882058,0.0166230882773461
F,Linear SVM,hit_rate,6,169,5,0.9360517101577474,0.0155082579540846
F,Linear SVM,hit_rate,7,169,5,0.9360517101577474,0.0155082579540846
F,Linear SVM,hit_rate,8,169,5,0.9475648680524842,0.0094323033322262
F,Linear SVM,hit_rate,9,169,5,0.9528280259472212,0.0068483672378637
F,Linear SVM,hit_rate,10,169,5,0.9594946926138878,0.0117249042924555
F,Linear SVM,hit_rate,11,169,5,0.9647578505086246,0.0115439581921236
F,Linear SVM,hit_rate,12,169,5,0.976890203449801,0.0058315873756282
F,Linear SVM,hit_rate,13,169,5,0.9826044891640868,0.0071453348155477
F,Linear SVM,hit_rate,14,169,5,0.9826044891640868,0.0071453348155477
F,Linear SVM,hit_rate,15,169,5,0.9884868421052632,0.0070933745568578
F,Linear SVM,hit_rate,16,169,5,0.9884868421052632,0.0070933745568578
F,Linear SVM,hit_rate,17,169,5,0.9884868421052632,0.0070933745568578
F,Linear SVM,hit_rate,18,169,5,0.9884868421052632,0.0070933745568578
F,Linear SVM,hit_rate,19,169,5,0.9884868421052632,0.0070933745568578
F,Linear SVM,hit_rate,20,169,5,0.99375,0.0062499999999999
F,Linear SVM,hit_rate,21,169,5,0.99375,0.0062499999999999
F,Linear SVM,hit_rate,22,169,5,0.99375,0.0062499999999999
F,Linear SVM,hit_rate,23,169,5,1.0,0.0
F,Linear SVM,hit_rate,24,169,5,1.0,0.0
F,Linear SVM,hit_rate,25,169,5,1.0,0.0
F,Linear SVM,hit_rate,26,169,5,1.0,0.0
F,Linear SVM,hit_rate,27,169,5,1.0,0.0
F,Linear SVM,hit_rate,28,169,5,1.0,0.0
F,Linear SVM,hit_rate,29,169,5,1.0,0.0
F,Linear SVM,hit_rate,30,169,5,1.0,0.0
F,Linear SVM,hit_rate,31,169,5,1.0,0.0
F,Linear SVM,hit_rate,32,169,5,1.0,0.0
F,Linear SVM,hit_rate,33,169,5,1.0,0.0
F,Linear SVM,hit_rate,34,169,5,1.0,0.0
F,Linear SVM,hit_rate,35,169,5,1.0,0.0
F,Linear SVM,hit_rate,36,169,5,1.0,0.0
F,Linear SVM,hit_rate,37,169,5,1.0,0.0
F,Linear SVM,hit_rate,38,169,5,1.0,0.0
F,Linear SVM,hit_rate,39,169,5,1.0,0.0
F,Linear SVM,hit_rate,40,169,5,1.0,0.0
F,Linear SVM,hit_rate,41,169,5,1.0,0.0
F,Linear SVM,hit_rate,42,169,5,1.0,0.0
F,Linear SVM,hit_rate,43,169,5,1.0,0.0
F,Linear SVM,hit_rate,44,169,5,1.0,0.0
F,Linear SVM,hit_rate,45,169,5,1.0,0.0
F,Linear SVM,hit_rate,46,169,5,1.0,0.0
F,Linear SVM,hit_rate,47,169,5,1.0,0.0
F,Linear SVM,hit_rate,48,169,5,1.0,0.0
F,Linear SVM,hit_rate,49,169,5,1.0,0.0
F,Linear SVM,hit_rate,50,169,5,1.0,0.0
F,Linear SVM,hit_rate,51,169,5,1.0,0.0
F,Linear SVM,hit_rate,52,169,5,1.0,0.0
F,Linear SVM,hit_rate,53,169,5,1.0,0.0
F,Linear SVM,hit_rate,54,169,5,1.0,0.0
F,Linear SVM,hit_rate,55,169,5,1.0,0.0
F,Linear SVM,hit_rate,56,169,5,1.0,0.0
F,Linear SVM,hit_rate,57,169,5,1.0,0.0
F,Linear SVM,hit_rate,58,169,5,1.0,0.0
F,Linear SVM,hit_rate,59,169,5,1.0,0.0
F,Linear SVM,hit_rate,60,169,5,1.0,0.0
F,Linear SVM,hit_rate,61,169,5,1.0,0.0
F,Linear SVM,hit_rate,62,169,5,1.0,0.0
F,Linear SVM,hit_rate,63,169,5,1.0,0.0
F,Linear SVM,hit_rate,64,169,5,1.0,0.0
F,Linear SVM,hit_rate,65,169,5,1.0,0.0
F,Linear SVM,hit_rate,66,169,5,1.0,0.0
F,Linear SVM,hit_rate,67,169,5,1.0,0.0
F,Linear SVM,hit_rate,68,169,5,1.0,0.0
F,Linear SVM,hit_rate,69,169,5,1.0,0.0
F,Linear SVM,hit_rate,70,169,5,1.0,0.0
F,Linear SVM,hit_rate,71,169,5,1.0,0.0
F,Linear SVM,hit_rate,72,169,5,1.0,0.0
F,Linear SVM,hit_rate,73,169,5,1.0,0.0
F,Linear SVM,hit_rate,74,169,5,1.0,0.0
F,Linear SVM,hit_rate,75,169,5,1.0,0.0
F,Linear SVM,hit_rate,76,169,5,1.0,0.0
F,Linear SVM,hit_rate,77,169,5,1.0,0.0
F,Linear SVM,hit_rate,78,169,5,1.0,0.0
F,Linear SVM,hit_rate,79,169,5,1.0,0.0
F,Linear SVM,hit_rate,80,169,5,1.0,0.0
F,Linear SVM,hit_rate,81,169,5,1.0,0.0
F,Linear SVM,hit_rate,82,169,5,1.0,0.0
F,Linear SVM,hit_rate,83,169,5,1.0,0.0
F,Linear SVM,hit_rate,84,169,5,1.0,0.0
F,Linear SVM,hit_rate,85,169,5,1.0,0.0
F,Linear SVM,hit_rate,86,169,5,1.0,0.0
F,Linear SVM,hit_rate,87,169,5,1.0,0.0
F,Linear SVM,hit_rate,88,169,5,1.0,0.0
F,Linear SVM,hit_rate,89,169,5,1.0,0.0
F,Linear SVM,hit_rate,90,169,5,1.0,0.0
F,Linear SVM,hit_rate,91,169,5,1.0,0.0
F,Linear SVM,hit_rate,92,169,5,1.0,0.0
F,Linear SVM,hit_rate,93,169,5,1.0,0.0
F,Linear SVM,hit_rate,94,169,5,1.0,0.0
F,Linear SVM,hit_rate,95,169,5,1.0,0.0
F,Linear SVM,hit_rate,96,169,5,1.0,0.0
F,Linear SVM,hit_rate,97,169,5,1.0,0.0
F,Linear SVM,hit_rate,98,169,5,1.0,0.0
F,Linear SVM,hit_rate,99,169,5,1.0,0.0
F,Linear SVM,hit_rate,100,169,5,1.0,0.0
F,Linear SVM,hit_rate,101,169,5,1.0,0.0
F,Linear SVM,hit_rate,102,169,5,1.0,0.0
F,Linear SVM,hit_rate,103,169,5,1.0,0.0
F,Linear SVM,hit_rate,104,169,5,1.0,0.0
F,Linear SVM,hit_rate,105,169,5,1.0,0.0
F,Linear SVM,hit_rate,106,169,5,1.0,0.0
F,Linear SVM,hit_rate,107,169,5,1.0,0.0
F,Linear SVM,hit_rate,108,169,5,1.0,0.0
F,Linear SVM,hit_rate,109,169,5,1.0,0.0
F,Linear SVM,hit_rate,110,169,5,1.0,0.0
F,Linear SVM,hit_rate,111,169,5,1.0,0.0
F,Linear SVM,hit_rate,112,169,5,1.0,0.0
F,Linear SVM,hit_rate,113,169,5,1.0,0.0
F,Linear SVM,hit_rate,114,169,5,1.0,0.0
F,Linear SVM,hit_rate,115,169,5,1.0,0.0
F,Linear SVM,hit_rate,116,169,5,1.0,0.0
F,Linear SVM,hit_rate,117,169,5,1.0,0.0
F,Linear SVM,hit_rate,118,169,5,1.0,0.0
F,Linear SVM,hit_rate,119,169,5,1.0,0.0
F,Linear SVM,hit_rate,120,169,5,1.0,0.0
F,Linear SVM,hit_rate,121,169,5,1.0,0.0
F,Linear SVM,hit_rate,122,169,5,1.0,0.0
F,Linear SVM,hit_rate,123,169,5,1.0,0.0
F,Linear SVM,hit_rate,124,169,5,1.0,0.0
F,Linear SVM,hit_rate,125,169,5,1.0,0.0
F,Linear SVM,hit_rate,126,169,5,1.0,0.0
F,Linear SVM,hit_rate,127,169,5,1.0,0.0
F,Linear SVM,hit_rate,128,169,5,1.0,0.0
F,Linear SVM,hit_rate,129,169,5,1.0,0.0
F,Linear SVM,hit_rate,130,169,5,1.0,0.0
F,Linear SVM,hit_rate,131,169,5,1.0,0.0
F,Linear SVM,hit_rate,132,169,5,1.0,0.0
F,Linear SVM,hit_rate,133,169,5,1.0,0.0
F,Linear SVM,hit_rate,134,169,5,1.0,0.0
F,Linear SVM,hit_rate,135,169,5,1.0,0.0
F,Linear SVM,hit_rate,136,169,5,1.0,0.0
F,Linear SVM,hit_rate,137,169,5,1.0,0.0
F,Linear SVM,hit_rate,138,169,5,1.0,0.0
F,Linear SVM,hit_rate,139,169,5,1.0,0.0
F,Linear SVM,hit_rate,140,169,5,1.0,0.0
F,Linear SVM,hit_rate,141,169,5,1.0,0.0
F,Linear SVM,hit_rate,142,169,5,1.0,0.0
F,Linear SVM,hit_rate,143,169,5,1.0,0.0
F,Linear SVM,hit_rate,144,169,5,1.0,0.0
F,Linear SVM,hit_rate,145,169,5,1.0,0.0
F,Linear SVM,hit_rate,146,169,5,1.0,0.0
F,Linear SVM,hit_rate,147,169,5,1.0,0.0
F,Linear SVM,hit_rate,148,169,5,1.0,0.0
F,Linear SVM,hit_rate,149,169,5,1.0,0.0
F,Linear SVM,hit_rate,150,169,5,1.0,0.0
F,Random forest,hit_rate,5,169,5,0.8402552336724163,0.0203321032681714
F,Random forest,hit_rate,6,169,5,0.8960330974495061,0.0202596823648935
F,Random forest,hit_rate,7,169,5,0.913060961226596,0.0122558912861259
F,Random forest,hit_rate,8,169,5,0.930705071502285,0.0125290286815119
F,Random forest,hit_rate,9,169,5,0.930705071502285,0.0125290286815119
F,Random forest,hit_rate,10,169,5,0.930705071502285,0.0125290286815119
F,Random forest,hit_rate,11,169,5,0.9364193572165708,0.0149783118140083
F,Random forest,hit_rate,12,169,5,0.9423017101577472,0.0136542381892022
F,Random forest,hit_rate,13,169,5,0.948015995872033,0.0173870896179575
F,Random forest,hit_rate,14,169,5,0.9595291537667698,0.0133998530402547
F,Random forest,hit_rate,15,169,5,0.9595291537667698,0.0133998530402547
F,Random forest,hit_rate,16,169,5,0.9595291537667698,0.0133998530402547
F,Random forest,hit_rate,17,169,5,0.9595291537667698,0.0133998530402547
F,Random forest,hit_rate,18,169,5,0.9595291537667698,0.0133998530402547
F,Random forest,hit_rate,19,169,5,0.9595291537667698,0.0133998530402547
F,Random forest,hit_rate,20,169,5,0.9647923116615068,0.0102957703338763
F,Random forest,hit_rate,21,169,5,0.9647923116615068,0.0102957703338763
F,Random forest,hit_rate,22,169,5,0.9647923116615068,0.0102957703338763
F,Random forest,hit_rate,23,169,5,0.9710423116615068,0.0125472372586844
F,Random forest,hit_rate,24,169,5,0.9710423116615068,0.0125472372586844
F,Random forest,hit_rate,25,169,5,0.9710423116615068,0.0125472372586844
F,Random forest,hit_rate,26,169,5,0.9710423116615068,0.0125472372586844
F,Random forest,hit_rate,27,169,5,0.9710423116615068,0.0125472372586844
F,Random forest,hit_rate,28,169,5,0.9710423116615068,0.0125472372586844
F,Random forest,hit_rate,29,169,5,0.9710423116615068,0.0125472372586844
F,Random forest,hit_rate,30,169,5,0.9829721362229102,0.0116253766907235
F,Random forest,hit_rate,31,169,5,0.9829721362229102,0.0116253766907235
F,Random forest,hit_rate,32,169,5,0.9947368421052633,0.0052631578947368
F,Random forest,hit_rate,33,169,5,0.9947368421052633,0.0052631578947368
F,Random forest,hit_rate,34,169,5,0.9947368421052633,0.0052631578947368
F,Random forest,hit_rate,35,169,5,0.9947368421052633,0.0052631578947368
F,Random forest,hit_rate,36,169,5,0.9947368421052633,0.0052631578947368
F,Random forest,hit_rate,37,169,5,0.9947368421052633,0.0052631578947368
F,Random forest,hit_rate,38,169,5,0.9947368421052633,0.0052631578947368
F,Random forest,hit_rate,39,169,5,0.9947368421052633,0.0052631578947368
F,Random forest,hit_rate,40,169,5,0.9947368421052633,0.0052631578947368
F,Random forest,hit_rate,41,169,5,0.9947368421052633,0.0052631578947368
F,Random forest,hit_rate,42,169,5,1.0,0.0
F,Random forest,hit_rate,43,169,5,1.0,0.0
F,Random forest,hit_rate,44,169,5,1.0,0.0
F,Random forest,hit_rate,45,169,5,1.0,0.0
F,Random forest,hit_rate,46,169,5,1.0,0.0
F,Random forest,hit_rate,47,169,5,1.0,0.0
F,Random forest,hit_rate,48,169,5,1.0,0.0
F,Random forest,hit_rate,49,169,5,1.0,0.0
F,Random forest,hit_rate,50,169,5,1.0,0.0
F,Random forest,hit_rate,51,169,5,1.0,0.0
F,Random forest,hit_rate,52,169,5,1.0,0.0
F,Random forest,hit_rate,53,169,5,1.0,0.0
F,Random forest,hit_rate,54,169,5,1.0,0.0
F,Random forest,hit_rate,55,169,5,1.0,0.0
F,Random forest,hit_rate,56,169,5,1.0,0.0
F,Random forest,hit_rate,57,169,5,1.0,0.0
F,Random forest,hit_rate,58,169,5,1.0,0.0
F,Random forest,hit_rate,59,169,5,1.0,0.0
F,Random forest,hit_rate,60,169,5,1.0,0.0
F,Random forest,hit_rate,61,169,5,1.0,0.0
F,Random forest,hit_rate,62,169,5,1.0,0.0
F,Random forest,hit_rate,63,169,5,1.0,0.0
F,Random forest,hit_rate,64,169,5,1.0,0.0
F,Random forest,hit_rate,65,169,5,1.0,0.0
F,Random forest,hit_rate,66,169,5,1.0,0.0
F,Random forest,hit_rate,67,169,5,1.0,0.0
F,Random forest,hit_rate,68,169,5,1.0,0.0
F,Random forest,hit_rate,69,169,5,1.0,0.0
F,Random forest,hit_rate,70,169,5,1.0,0.0
F,Random forest,hit_rate,71,169,5,1.0,0.0
F,Random forest,hit_rate,72,169,5,1.0,0.0
F,Random forest,hit_rate,73,169,5,1.0,0.0
F,Random forest,hit_rate,74,169,5,1.0,0.0
F,Random forest,hit_rate,75,169,5,1.0,0.0
F,Random forest,hit_rate,76,169,5,1.0,0.0
F,Random forest,hit_rate,77,169,5,1.0,0.0
F,Random forest,hit_rate,78,169,5,1.0,0.0
F,Random forest,hit_rate,79,169,5,1.0,0.0
F,Random forest,hit_rate,80,169,5,1.0,0.0
F,Random forest,hit_rate,81,169,5,1.0,0.0
F,Random forest,hit_rate,82,169,5,1.0,0.0
F,Random forest,hit_rate,83,169,5,1.0,0.0
F,Random forest,hit_rate,84,169,5,1.0,0.0
F,Random forest,hit_rate,85,169,5,1.0,0.0
F,Random forest,hit_rate,86,169,5,1.0,0.0
F,Random forest,hit_rate,87,169,5,1.0,0.0
F,Random forest,hit_rate,88,169,5,1.0,0.0
F,Random forest,hit_rate,89,169,5,1.0,0.0
F,Random forest,hit_rate,90,169,5,1.0,0.0
F,Random forest,hit_rate,91,169,5,1.0,0.0
F,Random forest,hit_rate,92,169,5,1.0,0.0
F,Random forest,hit_rate,93,169,5,1.0,0.0
F,Random forest,hit_rate,94,169,5,1.0,0.0
F,Random forest,hit_rate,95,169,5,1.0,0.0
F,Random forest,hit_rate,96,169,5,1.0,0.0
F,Random forest,hit_rate,97,169,5,1.0,0.0
F,Random forest,hit_rate,98,169,5,1.0,0.0
F,Random forest,hit_rate,99,169,5,1.0,0.0
F,Random forest,hit_rate,100,169,5,1.0,0.0
F,Random forest,hit_rate,101,169,5,1.0,0.0
F,Random forest,hit_rate,102,169,5,1.0,0.0
F,Random forest,hit_rate,103,169,5,1.0,0.0
F,Random forest,hit_rate,104,169,5,1.0,0.0
F,Random forest,hit_rate,105,169,5,1.0,0.0
F,Random forest,hit_rate,106,169,5,1.0,0.0
F,Random forest,hit_rate,107,169,5,1.0,0.0
F,Random forest,hit_rate,108,169,5,1.0,0.0
F,Random forest,hit_rate,109,169,5,1.0,0.0
F,Random forest,hit_rate,110,169,5,1.0,0.0
F,Random forest,hit_rate,111,169,5,1.0,0.0
F,Random forest,hit_rate,112,169,5,1.0,0.0
F,Random forest,hit_rate,113,169,5,1.0,0.0
F,Random forest,hit_rate,114,169,5,1.0,0.0
F,Random forest,hit_rate,115,169,5,1.0,0.0
F,Random forest,hit_rate,116,169,5,1.0,0.0
F,Random forest,hit_rate,117,169,5,1.0,0.0
F,Random forest,hit_rate,118,169,5,1.0,0.0
F,Random forest,hit_rate,119,169,5,1.0,0.0
F,Random forest,hit_rate,120,169,5,1.0,0.0
F,Random forest,hit_rate,121,169,5,1.0,0.0
F,Random forest,hit_rate,122,169,5,1.0,0.0
F,Random forest,hit_rate,123,169,5,1.0,0.0
F,Random forest,hit_rate,124,169,5,1.0,0.0
F,Random forest,hit_rate,125,169,5,1.0,0.0
F,Random forest,hit_rate,126,169,5,1.0,0.0
F,Random forest,hit_rate,127,169,5,1.0,0.0
F,Random forest,hit_rate,128,169,5,1.0,0.0
F,Random forest,hit_rate,129,169,5,1.0,0.0
F,Random forest,hit_rate,130,169,5,1.0,0.0
F,Random forest,hit_rate,131,169,5,1.0,0.0
F,Random forest,hit_rate,132,169,5,1.0,0.0
F,Random forest,hit_rate,133,169,5,1.0,0.0
F,Random forest,hit_rate,134,169,5,1.0,0.0
F,Random forest,hit_rate,135,169,5,1.0,0.0
F,Random forest,hit_rate,136,169,5,1.0,0.0
F,Random forest,hit_rate,137,169,5,1.0,0.0
F,Random forest,hit_rate,138,169,5,1.0,0.0
F,Random forest,hit_rate,139,169,5,1.0,0.0
F,Random forest,hit_rate,140,169,5,1.0,0.0
F,Random forest,hit_rate,141,169,5,1.0,0.0
F,Random forest,hit_rate,142,169,5,1.0,0.0
F,Random forest,hit_rate,143,169,5,1.0,0.0
F,Random forest,hit_rate,144,169,5,1.0,0.0
F,Random forest,hit_rate,145,169,5,1.0,0.0
F,Random forest,hit_rate,146,169,5,1.0,0.0
F,Random forest,hit_rate,147,169,5,1.0,0.0
F,Random forest,hit_rate,148,169,5,1.0,0.0
F,Random forest,hit_rate,149,169,5,1.0,0.0
F,Random forest,hit_rate,150,169,5,1.0,0.0
Cl,UltraMS,hit_rate,5,150,5,0.9391774891774892,0.0252882040261835
Cl,UltraMS,hit_rate,6,150,5,0.9463203463203465,0.0229147084368577
Cl,UltraMS,hit_rate,7,150,5,0.9596536796536796,0.0131086654354837
Cl,UltraMS,hit_rate,8,150,5,0.9734632034632036,0.0066895374267341
Cl,UltraMS,hit_rate,9,150,5,0.9801298701298702,0.0081571583761135
Cl,UltraMS,hit_rate,10,150,5,0.9867965367965368,0.0081305800740229
Cl,UltraMS,hit_rate,11,150,5,0.9867965367965368,0.0081305800740229
Cl,UltraMS,hit_rate,12,150,5,0.993939393939394,0.006060606060606
Cl,UltraMS,hit_rate,13,150,5,0.993939393939394,0.006060606060606
Cl,UltraMS,hit_rate,14,150,5,1.0,0.0
Cl,UltraMS,hit_rate,15,150,5,1.0,0.0
Cl,UltraMS,hit_rate,16,150,5,1.0,0.0
Cl,UltraMS,hit_rate,17,150,5,1.0,0.0
Cl,UltraMS,hit_rate,18,150,5,1.0,0.0
Cl,UltraMS,hit_rate,19,150,5,1.0,0.0
Cl,UltraMS,hit_rate,20,150,5,1.0,0.0
Cl,UltraMS,hit_rate,21,150,5,1.0,0.0
Cl,UltraMS,hit_rate,22,150,5,1.0,0.0
Cl,UltraMS,hit_rate,23,150,5,1.0,0.0
Cl,UltraMS,hit_rate,24,150,5,1.0,0.0
Cl,UltraMS,hit_rate,25,150,5,1.0,0.0
Cl,UltraMS,hit_rate,26,150,5,1.0,0.0
Cl,UltraMS,hit_rate,27,150,5,1.0,0.0
Cl,UltraMS,hit_rate,28,150,5,1.0,0.0
Cl,UltraMS,hit_rate,29,150,5,1.0,0.0
Cl,UltraMS,hit_rate,30,150,5,1.0,0.0
Cl,UltraMS,hit_rate,31,150,5,1.0,0.0
Cl,UltraMS,hit_rate,32,150,5,1.0,0.0
Cl,UltraMS,hit_rate,33,150,5,1.0,0.0
Cl,UltraMS,hit_rate,34,150,5,1.0,0.0
Cl,UltraMS,hit_rate,35,150,5,1.0,0.0
Cl,UltraMS,hit_rate,36,150,5,1.0,0.0
Cl,UltraMS,hit_rate,37,150,5,1.0,0.0
Cl,UltraMS,hit_rate,38,150,5,1.0,0.0
Cl,UltraMS,hit_rate,39,150,5,1.0,0.0
Cl,UltraMS,hit_rate,40,150,5,1.0,0.0
Cl,UltraMS,hit_rate,41,150,5,1.0,0.0
Cl,UltraMS,hit_rate,42,150,5,1.0,0.0
Cl,UltraMS,hit_rate,43,150,5,1.0,0.0
Cl,UltraMS,hit_rate,44,150,5,1.0,0.0
Cl,UltraMS,hit_rate,45,150,5,1.0,0.0
Cl,UltraMS,hit_rate,46,150,5,1.0,0.0
Cl,UltraMS,hit_rate,47,150,5,1.0,0.0
Cl,UltraMS,hit_rate,48,150,5,1.0,0.0
Cl,UltraMS,hit_rate,49,150,5,1.0,0.0
Cl,UltraMS,hit_rate,50,150,5,1.0,0.0
Cl,UltraMS,hit_rate,51,150,5,1.0,0.0
Cl,UltraMS,hit_rate,52,150,5,1.0,0.0
Cl,UltraMS,hit_rate,53,150,5,1.0,0.0
Cl,UltraMS,hit_rate,54,150,5,1.0,0.0
Cl,UltraMS,hit_rate,55,150,5,1.0,0.0
Cl,UltraMS,hit_rate,56,150,5,1.0,0.0
Cl,UltraMS,hit_rate,57,150,5,1.0,0.0
Cl,UltraMS,hit_rate,58,150,5,1.0,0.0
Cl,UltraMS,hit_rate,59,150,5,1.0,0.0
Cl,UltraMS,hit_rate,60,150,5,1.0,0.0
Cl,UltraMS,hit_rate,61,150,5,1.0,0.0
Cl,UltraMS,hit_rate,62,150,5,1.0,0.0
Cl,UltraMS,hit_rate,63,150,5,1.0,0.0
Cl,UltraMS,hit_rate,64,150,5,1.0,0.0
Cl,UltraMS,hit_rate,65,150,5,1.0,0.0
Cl,UltraMS,hit_rate,66,150,5,1.0,0.0
Cl,UltraMS,hit_rate,67,150,5,1.0,0.0
Cl,UltraMS,hit_rate,68,150,5,1.0,0.0
Cl,UltraMS,hit_rate,69,150,5,1.0,0.0
Cl,UltraMS,hit_rate,70,150,5,1.0,0.0
Cl,UltraMS,hit_rate,71,150,5,1.0,0.0
Cl,UltraMS,hit_rate,72,150,5,1.0,0.0
Cl,UltraMS,hit_rate,73,150,5,1.0,0.0
Cl,UltraMS,hit_rate,74,150,5,1.0,0.0
Cl,UltraMS,hit_rate,75,150,5,1.0,0.0
Cl,UltraMS,hit_rate,76,150,5,1.0,0.0
Cl,UltraMS,hit_rate,77,150,5,1.0,0.0
Cl,UltraMS,hit_rate,78,150,5,1.0,0.0
Cl,UltraMS,hit_rate,79,150,5,1.0,0.0
Cl,UltraMS,hit_rate,80,150,5,1.0,0.0
Cl,UltraMS,hit_rate,81,150,5,1.0,0.0
Cl,UltraMS,hit_rate,82,150,5,1.0,0.0
Cl,UltraMS,hit_rate,83,150,5,1.0,0.0
Cl,UltraMS,hit_rate,84,150,5,1.0,0.0
Cl,UltraMS,hit_rate,85,150,5,1.0,0.0
Cl,UltraMS,hit_rate,86,150,5,1.0,0.0
Cl,UltraMS,hit_rate,87,150,5,1.0,0.0
Cl,UltraMS,hit_rate,88,150,5,1.0,0.0
Cl,UltraMS,hit_rate,89,150,5,1.0,0.0
Cl,UltraMS,hit_rate,90,150,5,1.0,0.0
Cl,UltraMS,hit_rate,91,150,5,1.0,0.0
Cl,UltraMS,hit_rate,92,150,5,1.0,0.0
Cl,UltraMS,hit_rate,93,150,5,1.0,0.0
Cl,UltraMS,hit_rate,94,150,5,1.0,0.0
Cl,UltraMS,hit_rate,95,150,5,1.0,0.0
Cl,UltraMS,hit_rate,96,150,5,1.0,0.0
Cl,UltraMS,hit_rate,97,150,5,1.0,0.0
Cl,UltraMS,hit_rate,98,150,5,1.0,0.0
Cl,UltraMS,hit_rate,99,150,5,1.0,0.0
Cl,UltraMS,hit_rate,100,150,5,1.0,0.0
Cl,UltraMS,hit_rate,101,150,5,1.0,0.0
Cl,UltraMS,hit_rate,102,150,5,1.0,0.0
Cl,UltraMS,hit_rate,103,150,5,1.0,0.0
Cl,UltraMS,hit_rate,104,150,5,1.0,0.0
Cl,UltraMS,hit_rate,105,150,5,1.0,0.0
Cl,UltraMS,hit_rate,106,150,5,1.0,0.0
Cl,UltraMS,hit_rate,107,150,5,1.0,0.0
Cl,UltraMS,hit_rate,108,150,5,1.0,0.0
Cl,UltraMS,hit_rate,109,150,5,1.0,0.0
Cl,UltraMS,hit_rate,110,150,5,1.0,0.0
Cl,UltraMS,hit_rate,111,150,5,1.0,0.0
Cl,UltraMS,hit_rate,112,150,5,1.0,0.0
Cl,UltraMS,hit_rate,113,150,5,1.0,0.0
Cl,UltraMS,hit_rate,114,150,5,1.0,0.0
Cl,UltraMS,hit_rate,115,150,5,1.0,0.0
Cl,UltraMS,hit_rate,116,150,5,1.0,0.0
Cl,UltraMS,hit_rate,117,150,5,1.0,0.0
Cl,UltraMS,hit_rate,118,150,5,1.0,0.0
Cl,UltraMS,hit_rate,119,150,5,1.0,0.0
Cl,UltraMS,hit_rate,120,150,5,1.0,0.0
Cl,UltraMS,hit_rate,121,150,5,1.0,0.0
Cl,UltraMS,hit_rate,122,150,5,1.0,0.0
Cl,UltraMS,hit_rate,123,150,5,1.0,0.0
Cl,UltraMS,hit_rate,124,150,5,1.0,0.0
Cl,UltraMS,hit_rate,125,150,5,1.0,0.0
Cl,UltraMS,hit_rate,126,150,5,1.0,0.0
Cl,UltraMS,hit_rate,127,150,5,1.0,0.0
Cl,UltraMS,hit_rate,128,150,5,1.0,0.0
Cl,UltraMS,hit_rate,129,150,5,1.0,0.0
Cl,UltraMS,hit_rate,130,150,5,1.0,0.0
Cl,UltraMS,hit_rate,131,150,5,1.0,0.0
Cl,UltraMS,hit_rate,132,150,5,1.0,0.0
Cl,UltraMS,hit_rate,133,150,5,1.0,0.0
Cl,UltraMS,hit_rate,134,150,5,1.0,0.0
Cl,UltraMS,hit_rate,135,150,5,1.0,0.0
Cl,UltraMS,hit_rate,136,150,5,1.0,0.0
Cl,UltraMS,hit_rate,137,150,5,1.0,0.0
Cl,UltraMS,hit_rate,138,150,5,1.0,0.0
Cl,UltraMS,hit_rate,139,150,5,1.0,0.0
Cl,UltraMS,hit_rate,140,150,5,1.0,0.0
Cl,UltraMS,hit_rate,141,150,5,1.0,0.0
Cl,UltraMS,hit_rate,142,150,5,1.0,0.0
Cl,UltraMS,hit_rate,143,150,5,1.0,0.0
Cl,UltraMS,hit_rate,144,150,5,1.0,0.0
Cl,UltraMS,hit_rate,145,150,5,1.0,0.0
Cl,UltraMS,hit_rate,146,150,5,1.0,0.0
Cl,UltraMS,hit_rate,147,150,5,1.0,0.0
Cl,UltraMS,hit_rate,148,150,5,1.0,0.0
Cl,UltraMS,hit_rate,149,150,5,1.0,0.0
Cl,UltraMS,hit_rate,150,150,5,1.0,0.0
Cl,DreaMS,hit_rate,5,150,5,0.6392133154202121,0.0396047280248582
Cl,DreaMS,hit_rate,6,150,5,0.6914345424690251,0.0410693612643415
Cl,DreaMS,hit_rate,7,150,5,0.725227645917301,0.0425995238793236
Cl,DreaMS,hit_rate,8,150,5,0.759267054784296,0.0389632118101132
Cl,DreaMS,hit_rate,9,150,5,0.8259038662486938,0.03231716803302
Cl,DreaMS,hit_rate,10,150,5,0.8473324376772652,0.0262740806373202
Cl,DreaMS,hit_rate,11,150,5,0.874099119271533,0.0281812435356647
Cl,DreaMS,hit_rate,12,150,5,0.9014718614718616,0.0289922440417465
Cl,DreaMS,hit_rate,13,150,5,0.9148051948051948,0.0237501818539798
Cl,DreaMS,hit_rate,14,150,5,0.9424242424242424,0.0250619068219822
Cl,DreaMS,hit_rate,15,150,5,0.9424242424242424,0.0250619068219822
Cl,DreaMS,hit_rate,16,150,5,0.949090909090909,0.0253424660934
Cl,DreaMS,hit_rate,17,150,5,0.9618181818181816,0.0234256340485911
Cl,DreaMS,hit_rate,18,150,5,0.9745454545454546,0.0156170893657274
Cl,DreaMS,hit_rate,19,150,5,0.9745454545454546,0.0156170893657274
Cl,DreaMS,hit_rate,20,150,5,0.9745454545454546,0.0156170893657274
Cl,DreaMS,hit_rate,21,150,5,0.9745454545454546,0.0156170893657274
Cl,DreaMS,hit_rate,22,150,5,0.9745454545454546,0.0156170893657274
Cl,DreaMS,hit_rate,23,150,5,0.9812121212121212,0.0122867484440686
Cl,DreaMS,hit_rate,24,150,5,0.9812121212121212,0.0122867484440686
Cl,DreaMS,hit_rate,25,150,5,0.9812121212121212,0.0122867484440686
Cl,DreaMS,hit_rate,26,150,5,0.9812121212121212,0.0122867484440686
Cl,DreaMS,hit_rate,27,150,5,0.9812121212121212,0.0122867484440686
Cl,DreaMS,hit_rate,28,150,5,0.9812121212121212,0.0122867484440686
Cl,DreaMS,hit_rate,29,150,5,0.9812121212121212,0.0122867484440686
Cl,DreaMS,hit_rate,30,150,5,0.9812121212121212,0.0122867484440686
Cl,DreaMS,hit_rate,31,150,5,0.9812121212121212,0.0122867484440686
Cl,DreaMS,hit_rate,32,150,5,0.9812121212121212,0.0122867484440686
Cl,DreaMS,hit_rate,33,150,5,0.9812121212121212,0.0122867484440686
Cl,DreaMS,hit_rate,34,150,5,0.9812121212121212,0.0122867484440686
Cl,DreaMS,hit_rate,35,150,5,0.9872727272727272,0.0078085446828637
Cl,DreaMS,hit_rate,36,150,5,0.993939393939394,0.006060606060606
Cl,DreaMS,hit_rate,37,150,5,0.993939393939394,0.006060606060606
Cl,DreaMS,hit_rate,38,150,5,0.993939393939394,0.006060606060606
Cl,DreaMS,hit_rate,39,150,5,0.993939393939394,0.006060606060606
Cl,DreaMS,hit_rate,40,150,5,0.993939393939394,0.006060606060606
Cl,DreaMS,hit_rate,41,150,5,0.993939393939394,0.006060606060606
Cl,DreaMS,hit_rate,42,150,5,0.993939393939394,0.006060606060606
Cl,DreaMS,hit_rate,43,150,5,0.993939393939394,0.006060606060606
Cl,DreaMS,hit_rate,44,150,5,0.993939393939394,0.006060606060606
Cl,DreaMS,hit_rate,45,150,5,0.993939393939394,0.006060606060606
Cl,DreaMS,hit_rate,46,150,5,0.993939393939394,0.006060606060606
Cl,DreaMS,hit_rate,47,150,5,0.993939393939394,0.006060606060606
Cl,DreaMS,hit_rate,48,150,5,0.993939393939394,0.006060606060606
Cl,DreaMS,hit_rate,49,150,5,1.0,0.0
Cl,DreaMS,hit_rate,50,150,5,1.0,0.0
Cl,DreaMS,hit_rate,51,150,5,1.0,0.0
Cl,DreaMS,hit_rate,52,150,5,1.0,0.0
Cl,DreaMS,hit_rate,53,150,5,1.0,0.0
Cl,DreaMS,hit_rate,54,150,5,1.0,0.0
Cl,DreaMS,hit_rate,55,150,5,1.0,0.0
Cl,DreaMS,hit_rate,56,150,5,1.0,0.0
Cl,DreaMS,hit_rate,57,150,5,1.0,0.0
Cl,DreaMS,hit_rate,58,150,5,1.0,0.0
Cl,DreaMS,hit_rate,59,150,5,1.0,0.0
Cl,DreaMS,hit_rate,60,150,5,1.0,0.0
Cl,DreaMS,hit_rate,61,150,5,1.0,0.0
Cl,DreaMS,hit_rate,62,150,5,1.0,0.0
Cl,DreaMS,hit_rate,63,150,5,1.0,0.0
Cl,DreaMS,hit_rate,64,150,5,1.0,0.0
Cl,DreaMS,hit_rate,65,150,5,1.0,0.0
Cl,DreaMS,hit_rate,66,150,5,1.0,0.0
Cl,DreaMS,hit_rate,67,150,5,1.0,0.0
Cl,DreaMS,hit_rate,68,150,5,1.0,0.0
Cl,DreaMS,hit_rate,69,150,5,1.0,0.0
Cl,DreaMS,hit_rate,70,150,5,1.0,0.0
Cl,DreaMS,hit_rate,71,150,5,1.0,0.0
Cl,DreaMS,hit_rate,72,150,5,1.0,0.0
Cl,DreaMS,hit_rate,73,150,5,1.0,0.0
Cl,DreaMS,hit_rate,74,150,5,1.0,0.0
Cl,DreaMS,hit_rate,75,150,5,1.0,0.0
Cl,DreaMS,hit_rate,76,150,5,1.0,0.0
Cl,DreaMS,hit_rate,77,150,5,1.0,0.0
Cl,DreaMS,hit_rate,78,150,5,1.0,0.0
Cl,DreaMS,hit_rate,79,150,5,1.0,0.0
Cl,DreaMS,hit_rate,80,150,5,1.0,0.0
Cl,DreaMS,hit_rate,81,150,5,1.0,0.0
Cl,DreaMS,hit_rate,82,150,5,1.0,0.0
Cl,DreaMS,hit_rate,83,150,5,1.0,0.0
Cl,DreaMS,hit_rate,84,150,5,1.0,0.0
Cl,DreaMS,hit_rate,85,150,5,1.0,0.0
Cl,DreaMS,hit_rate,86,150,5,1.0,0.0
Cl,DreaMS,hit_rate,87,150,5,1.0,0.0
Cl,DreaMS,hit_rate,88,150,5,1.0,0.0
Cl,DreaMS,hit_rate,89,150,5,1.0,0.0
Cl,DreaMS,hit_rate,90,150,5,1.0,0.0
Cl,DreaMS,hit_rate,91,150,5,1.0,0.0
Cl,DreaMS,hit_rate,92,150,5,1.0,0.0
Cl,DreaMS,hit_rate,93,150,5,1.0,0.0
Cl,DreaMS,hit_rate,94,150,5,1.0,0.0
Cl,DreaMS,hit_rate,95,150,5,1.0,0.0
Cl,DreaMS,hit_rate,96,150,5,1.0,0.0
Cl,DreaMS,hit_rate,97,150,5,1.0,0.0
Cl,DreaMS,hit_rate,98,150,5,1.0,0.0
Cl,DreaMS,hit_rate,99,150,5,1.0,0.0
Cl,DreaMS,hit_rate,100,150,5,1.0,0.0
Cl,DreaMS,hit_rate,101,150,5,1.0,0.0
Cl,DreaMS,hit_rate,102,150,5,1.0,0.0
Cl,DreaMS,hit_rate,103,150,5,1.0,0.0
Cl,DreaMS,hit_rate,104,150,5,1.0,0.0
Cl,DreaMS,hit_rate,105,150,5,1.0,0.0
Cl,DreaMS,hit_rate,106,150,5,1.0,0.0
Cl,DreaMS,hit_rate,107,150,5,1.0,0.0
Cl,DreaMS,hit_rate,108,150,5,1.0,0.0
Cl,DreaMS,hit_rate,109,150,5,1.0,0.0
Cl,DreaMS,hit_rate,110,150,5,1.0,0.0
Cl,DreaMS,hit_rate,111,150,5,1.0,0.0
Cl,DreaMS,hit_rate,112,150,5,1.0,0.0
Cl,DreaMS,hit_rate,113,150,5,1.0,0.0
Cl,DreaMS,hit_rate,114,150,5,1.0,0.0
Cl,DreaMS,hit_rate,115,150,5,1.0,0.0
Cl,DreaMS,hit_rate,116,150,5,1.0,0.0
Cl,DreaMS,hit_rate,117,150,5,1.0,0.0
Cl,DreaMS,hit_rate,118,150,5,1.0,0.0
Cl,DreaMS,hit_rate,119,150,5,1.0,0.0
Cl,DreaMS,hit_rate,120,150,5,1.0,0.0
Cl,DreaMS,hit_rate,121,150,5,1.0,0.0
Cl,DreaMS,hit_rate,122,150,5,1.0,0.0
Cl,DreaMS,hit_rate,123,150,5,1.0,0.0
Cl,DreaMS,hit_rate,124,150,5,1.0,0.0
Cl,DreaMS,hit_rate,125,150,5,1.0,0.0
Cl,DreaMS,hit_rate,126,150,5,1.0,0.0
Cl,DreaMS,hit_rate,127,150,5,1.0,0.0
Cl,DreaMS,hit_rate,128,150,5,1.0,0.0
Cl,DreaMS,hit_rate,129,150,5,1.0,0.0
Cl,DreaMS,hit_rate,130,150,5,1.0,0.0
Cl,DreaMS,hit_rate,131,150,5,1.0,0.0
Cl,DreaMS,hit_rate,132,150,5,1.0,0.0
Cl,DreaMS,hit_rate,133,150,5,1.0,0.0
Cl,DreaMS,hit_rate,134,150,5,1.0,0.0
Cl,DreaMS,hit_rate,135,150,5,1.0,0.0
Cl,DreaMS,hit_rate,136,150,5,1.0,0.0
Cl,DreaMS,hit_rate,137,150,5,1.0,0.0
Cl,DreaMS,hit_rate,138,150,5,1.0,0.0
Cl,DreaMS,hit_rate,139,150,5,1.0,0.0
Cl,DreaMS,hit_rate,140,150,5,1.0,0.0
Cl,DreaMS,hit_rate,141,150,5,1.0,0.0
Cl,DreaMS,hit_rate,142,150,5,1.0,0.0
Cl,DreaMS,hit_rate,143,150,5,1.0,0.0
Cl,DreaMS,hit_rate,144,150,5,1.0,0.0
Cl,DreaMS,hit_rate,145,150,5,1.0,0.0
Cl,DreaMS,hit_rate,146,150,5,1.0,0.0
Cl,DreaMS,hit_rate,147,150,5,1.0,0.0
Cl,DreaMS,hit_rate,148,150,5,1.0,0.0
Cl,DreaMS,hit_rate,149,150,5,1.0,0.0
Cl,DreaMS,hit_rate,150,150,5,1.0,0.0
Cl,Linear SVM,hit_rate,5,150,5,0.8259202866099418,0.0207408629418838
Cl,Linear SVM,hit_rate,6,150,5,0.871244961934617,0.0217649932223709
Cl,Linear SVM,hit_rate,7,150,5,0.871244961934617,0.0217649932223709
Cl,Linear SVM,hit_rate,8,150,5,0.8848081803254217,0.0246361939893121
Cl,Linear SVM,hit_rate,9,150,5,0.9113285565009704,0.0290724845437176
Cl,Linear SVM,hit_rate,10,150,5,0.9318047469771608,0.0227745976801029
Cl,Linear SVM,hit_rate,11,150,5,0.9525108225108224,0.0182719883220786
Cl,Linear SVM,hit_rate,12,150,5,0.9525108225108224,0.0182719883220786
Cl,Linear SVM,hit_rate,13,150,5,0.9657142857142856,0.0154596981721408
Cl,Linear SVM,hit_rate,14,150,5,0.9728571428571428,0.0125447046403042
Cl,Linear SVM,hit_rate,15,150,5,0.9728571428571428,0.0125447046403042
Cl,Linear SVM,hit_rate,16,150,5,0.9728571428571428,0.0125447046403042
Cl,Linear SVM,hit_rate,17,150,5,0.9728571428571428,0.0125447046403042
Cl,Linear SVM,hit_rate,18,150,5,0.9795238095238096,0.0083706646815461
Cl,Linear SVM,hit_rate,19,150,5,0.9795238095238096,0.0083706646815461
Cl,Linear SVM,hit_rate,20,150,5,0.9866666666666668,0.0081649658092772
Cl,Linear SVM,hit_rate,21,150,5,0.9866666666666668,0.0081649658092772
Cl,Linear SVM,hit_rate,22,150,5,0.9866666666666668,0.0081649658092772
Cl,Linear SVM,hit_rate,23,150,5,0.9933333333333334,0.0066666666666666
Cl,Linear SVM,hit_rate,24,150,5,0.9933333333333334,0.0066666666666666
Cl,Linear SVM,hit_rate,25,150,5,0.9933333333333334,0.0066666666666666
Cl,Linear SVM,hit_rate,26,150,5,0.9933333333333334,0.0066666666666666
Cl,Linear SVM,hit_rate,27,150,5,0.9933333333333334,0.0066666666666666
Cl,Linear SVM,hit_rate,28,150,5,0.9933333333333334,0.0066666666666666
Cl,Linear SVM,hit_rate,29,150,5,1.0,0.0
Cl,Linear SVM,hit_rate,30,150,5,1.0,0.0
Cl,Linear SVM,hit_rate,31,150,5,1.0,0.0
Cl,Linear SVM,hit_rate,32,150,5,1.0,0.0
Cl,Linear SVM,hit_rate,33,150,5,1.0,0.0
Cl,Linear SVM,hit_rate,34,150,5,1.0,0.0
Cl,Linear SVM,hit_rate,35,150,5,1.0,0.0
Cl,Linear SVM,hit_rate,36,150,5,1.0,0.0
Cl,Linear SVM,hit_rate,37,150,5,1.0,0.0
Cl,Linear SVM,hit_rate,38,150,5,1.0,0.0
Cl,Linear SVM,hit_rate,39,150,5,1.0,0.0
Cl,Linear SVM,hit_rate,40,150,5,1.0,0.0
Cl,Linear SVM,hit_rate,41,150,5,1.0,0.0
Cl,Linear SVM,hit_rate,42,150,5,1.0,0.0
Cl,Linear SVM,hit_rate,43,150,5,1.0,0.0
Cl,Linear SVM,hit_rate,44,150,5,1.0,0.0
Cl,Linear SVM,hit_rate,45,150,5,1.0,0.0
Cl,Linear SVM,hit_rate,46,150,5,1.0,0.0
Cl,Linear SVM,hit_rate,47,150,5,1.0,0.0
Cl,Linear SVM,hit_rate,48,150,5,1.0,0.0
Cl,Linear SVM,hit_rate,49,150,5,1.0,0.0
Cl,Linear SVM,hit_rate,50,150,5,1.0,0.0
Cl,Linear SVM,hit_rate,51,150,5,1.0,0.0
Cl,Linear SVM,hit_rate,52,150,5,1.0,0.0
Cl,Linear SVM,hit_rate,53,150,5,1.0,0.0
Cl,Linear SVM,hit_rate,54,150,5,1.0,0.0
Cl,Linear SVM,hit_rate,55,150,5,1.0,0.0
Cl,Linear SVM,hit_rate,56,150,5,1.0,0.0
Cl,Linear SVM,hit_rate,57,150,5,1.0,0.0
Cl,Linear SVM,hit_rate,58,150,5,1.0,0.0
Cl,Linear SVM,hit_rate,59,150,5,1.0,0.0
Cl,Linear SVM,hit_rate,60,150,5,1.0,0.0
Cl,Linear SVM,hit_rate,61,150,5,1.0,0.0
Cl,Linear SVM,hit_rate,62,150,5,1.0,0.0
Cl,Linear SVM,hit_rate,63,150,5,1.0,0.0
Cl,Linear SVM,hit_rate,64,150,5,1.0,0.0
Cl,Linear SVM,hit_rate,65,150,5,1.0,0.0
Cl,Linear SVM,hit_rate,66,150,5,1.0,0.0
Cl,Linear SVM,hit_rate,67,150,5,1.0,0.0
Cl,Linear SVM,hit_rate,68,150,5,1.0,0.0
Cl,Linear SVM,hit_rate,69,150,5,1.0,0.0
Cl,Linear SVM,hit_rate,70,150,5,1.0,0.0
Cl,Linear SVM,hit_rate,71,150,5,1.0,0.0
Cl,Linear SVM,hit_rate,72,150,5,1.0,0.0
Cl,Linear SVM,hit_rate,73,150,5,1.0,0.0
Cl,Linear SVM,hit_rate,74,150,5,1.0,0.0
Cl,Linear SVM,hit_rate,75,150,5,1.0,0.0
Cl,Linear SVM,hit_rate,76,150,5,1.0,0.0
Cl,Linear SVM,hit_rate,77,150,5,1.0,0.0
Cl,Linear SVM,hit_rate,78,150,5,1.0,0.0
Cl,Linear SVM,hit_rate,79,150,5,1.0,0.0
Cl,Linear SVM,hit_rate,80,150,5,1.0,0.0
Cl,Linear SVM,hit_rate,81,150,5,1.0,0.0
Cl,Linear SVM,hit_rate,82,150,5,1.0,0.0
Cl,Linear SVM,hit_rate,83,150,5,1.0,0.0
Cl,Linear SVM,hit_rate,84,150,5,1.0,0.0
Cl,Linear SVM,hit_rate,85,150,5,1.0,0.0
Cl,Linear SVM,hit_rate,86,150,5,1.0,0.0
Cl,Linear SVM,hit_rate,87,150,5,1.0,0.0
Cl,Linear SVM,hit_rate,88,150,5,1.0,0.0
Cl,Linear SVM,hit_rate,89,150,5,1.0,0.0
Cl,Linear SVM,hit_rate,90,150,5,1.0,0.0
Cl,Linear SVM,hit_rate,91,150,5,1.0,0.0
Cl,Linear SVM,hit_rate,92,150,5,1.0,0.0
Cl,Linear SVM,hit_rate,93,150,5,1.0,0.0
Cl,Linear SVM,hit_rate,94,150,5,1.0,0.0
Cl,Linear SVM,hit_rate,95,150,5,1.0,0.0
Cl,Linear SVM,hit_rate,96,150,5,1.0,0.0
Cl,Linear SVM,hit_rate,97,150,5,1.0,0.0
Cl,Linear SVM,hit_rate,98,150,5,1.0,0.0
Cl,Linear SVM,hit_rate,99,150,5,1.0,0.0
Cl,Linear SVM,hit_rate,100,150,5,1.0,0.0
Cl,Linear SVM,hit_rate,101,150,5,1.0,0.0
Cl,Linear SVM,hit_rate,102,150,5,1.0,0.0
Cl,Linear SVM,hit_rate,103,150,5,1.0,0.0
Cl,Linear SVM,hit_rate,104,150,5,1.0,0.0
Cl,Linear SVM,hit_rate,105,150,5,1.0,0.0
Cl,Linear SVM,hit_rate,106,150,5,1.0,0.0
Cl,Linear SVM,hit_rate,107,150,5,1.0,0.0
Cl,Linear SVM,hit_rate,108,150,5,1.0,0.0
Cl,Linear SVM,hit_rate,109,150,5,1.0,0.0
Cl,Linear SVM,hit_rate,110,150,5,1.0,0.0
Cl,Linear SVM,hit_rate,111,150,5,1.0,0.0
Cl,Linear SVM,hit_rate,112,150,5,1.0,0.0
Cl,Linear SVM,hit_rate,113,150,5,1.0,0.0
Cl,Linear SVM,hit_rate,114,150,5,1.0,0.0
Cl,Linear SVM,hit_rate,115,150,5,1.0,0.0
Cl,Linear SVM,hit_rate,116,150,5,1.0,0.0
Cl,Linear SVM,hit_rate,117,150,5,1.0,0.0
Cl,Linear SVM,hit_rate,118,150,5,1.0,0.0
Cl,Linear SVM,hit_rate,119,150,5,1.0,0.0
Cl,Linear SVM,hit_rate,120,150,5,1.0,0.0
Cl,Linear SVM,hit_rate,121,150,5,1.0,0.0
Cl,Linear SVM,hit_rate,122,150,5,1.0,0.0
Cl,Linear SVM,hit_rate,123,150,5,1.0,0.0
Cl,Linear SVM,hit_rate,124,150,5,1.0,0.0
Cl,Linear SVM,hit_rate,125,150,5,1.0,0.0
Cl,Linear SVM,hit_rate,126,150,5,1.0,0.0
Cl,Linear SVM,hit_rate,127,150,5,1.0,0.0
Cl,Linear SVM,hit_rate,128,150,5,1.0,0.0
Cl,Linear SVM,hit_rate,129,150,5,1.0,0.0
Cl,Linear SVM,hit_rate,130,150,5,1.0,0.0
Cl,Linear SVM,hit_rate,131,150,5,1.0,0.0
Cl,Linear SVM,hit_rate,132,150,5,1.0,0.0
Cl,Linear SVM,hit_rate,133,150,5,1.0,0.0
Cl,Linear SVM,hit_rate,134,150,5,1.0,0.0
Cl,Linear SVM,hit_rate,135,150,5,1.0,0.0
Cl,Linear SVM,hit_rate,136,150,5,1.0,0.0
Cl,Linear SVM,hit_rate,137,150,5,1.0,0.0
Cl,Linear SVM,hit_rate,138,150,5,1.0,0.0
Cl,Linear SVM,hit_rate,139,150,5,1.0,0.0
Cl,Linear SVM,hit_rate,140,150,5,1.0,0.0
Cl,Linear SVM,hit_rate,141,150,5,1.0,0.0
Cl,Linear SVM,hit_rate,142,150,5,1.0,0.0
Cl,Linear SVM,hit_rate,143,150,5,1.0,0.0
Cl,Linear SVM,hit_rate,144,150,5,1.0,0.0
Cl,Linear SVM,hit_rate,145,150,5,1.0,0.0
Cl,Linear SVM,hit_rate,146,150,5,1.0,0.0
Cl,Linear SVM,hit_rate,147,150,5,1.0,0.0
Cl,Linear SVM,hit_rate,148,150,5,1.0,0.0
Cl,Linear SVM,hit_rate,149,150,5,1.0,0.0
Cl,Linear SVM,hit_rate,150,150,5,1.0,0.0
Cl,Random forest,hit_rate,5,150,5,0.7325167935512763,0.0203307715195186
Cl,Random forest,hit_rate,6,150,5,0.7661800268696821,0.0269410050066713
Cl,Random forest,hit_rate,7,150,5,0.7996133751306165,0.0268088500076727
Cl,Random forest,hit_rate,8,150,5,0.8384012539184953,0.025375880268041
Cl,Random forest,hit_rate,9,150,5,0.8716047171219584,0.0226223455755665
Cl,Random forest,hit_rate,10,150,5,0.8787475742648155,0.0160012307889716
Cl,Random forest,hit_rate,11,150,5,0.9199298402746676,0.0133327715309554
Cl,Random forest,hit_rate,12,150,5,0.9339692491416628,0.0139039114727993
Cl,Random forest,hit_rate,13,150,5,0.9406359158083296,0.0111594071623754
Cl,Random forest,hit_rate,14,150,5,0.9538393790117928,0.0072083504834006
Cl,Random forest,hit_rate,15,150,5,0.9538393790117928,0.0072083504834006
Cl,Random forest,hit_rate,16,150,5,0.9538393790117928,0.0072083504834006
Cl,Random forest,hit_rate,17,150,5,0.9671727123451264,0.0096452642928843
Cl,Random forest,hit_rate,18,150,5,0.9671727123451264,0.0096452642928843
Cl,Random forest,hit_rate,19,150,5,0.9732333184057322,0.006751590127471
Cl,Random forest,hit_rate,20,150,5,0.9732333184057322,0.006751590127471
Cl,Random forest,hit_rate,21,150,5,0.9732333184057322,0.006751590127471
Cl,Random forest,hit_rate,22,150,5,0.9732333184057322,0.006751590127471
Cl,Random forest,hit_rate,23,150,5,0.979899985072399,0.0082546698639976
Cl,Random forest,hit_rate,24,150,5,0.979899985072399,0.0082546698639976
Cl,Random forest,hit_rate,25,150,5,0.979899985072399,0.0082546698639976
Cl,Random forest,hit_rate,26,150,5,0.9867965367965368,0.0081305800740229
Cl,Random forest,hit_rate,27,150,5,0.9867965367965368,0.0081305800740229
Cl,Random forest,hit_rate,28,150,5,0.9867965367965368,0.0081305800740229
Cl,Random forest,hit_rate,29,150,5,0.9867965367965368,0.0081305800740229
Cl,Random forest,hit_rate,30,150,5,0.9867965367965368,0.0081305800740229
Cl,Random forest,hit_rate,31,150,5,0.9867965367965368,0.0081305800740229
Cl,Random forest,hit_rate,32,150,5,0.9867965367965368,0.0081305800740229
Cl,Random forest,hit_rate,33,150,5,0.9867965367965368,0.0081305800740229
Cl,Random forest,hit_rate,34,150,5,0.9867965367965368,0.0081305800740229
Cl,Random forest,hit_rate,35,150,5,0.9867965367965368,0.0081305800740229
Cl,Random forest,hit_rate,36,150,5,0.9867965367965368,0.0081305800740229
Cl,Random forest,hit_rate,37,150,5,0.9867965367965368,0.0081305800740229
Cl,Random forest,hit_rate,38,150,5,0.9867965367965368,0.0081305800740229
Cl,Random forest,hit_rate,39,150,5,0.9867965367965368,0.0081305800740229
Cl,Random forest,hit_rate,40,150,5,0.9867965367965368,0.0081305800740229
Cl,Random forest,hit_rate,41,150,5,0.9867965367965368,0.0081305800740229
Cl,Random forest,hit_rate,42,150,5,0.993939393939394,0.006060606060606
Cl,Random forest,hit_rate,43,150,5,0.993939393939394,0.006060606060606
Cl,Random forest,hit_rate,44,150,5,0.993939393939394,0.006060606060606
Cl,Random forest,hit_rate,45,150,5,0.993939393939394,0.006060606060606
Cl,Random forest,hit_rate,46,150,5,0.993939393939394,0.006060606060606
Cl,Random forest,hit_rate,47,150,5,0.993939393939394,0.006060606060606
Cl,Random forest,hit_rate,48,150,5,0.993939393939394,0.006060606060606
Cl,Random forest,hit_rate,49,150,5,0.993939393939394,0.006060606060606
Cl,Random forest,hit_rate,50,150,5,0.993939393939394,0.006060606060606
Cl,Random forest,hit_rate,51,150,5,0.993939393939394,0.006060606060606
Cl,Random forest,hit_rate,52,150,5,0.993939393939394,0.006060606060606
Cl,Random forest,hit_rate,53,150,5,0.993939393939394,0.006060606060606
Cl,Random forest,hit_rate,54,150,5,0.993939393939394,0.006060606060606
Cl,Random forest,hit_rate,55,150,5,0.993939393939394,0.006060606060606
Cl,Random forest,hit_rate,56,150,5,0.993939393939394,0.006060606060606
Cl,Random forest,hit_rate,57,150,5,0.993939393939394,0.006060606060606
Cl,Random forest,hit_rate,58,150,5,0.993939393939394,0.006060606060606
Cl,Random forest,hit_rate,59,150,5,0.993939393939394,0.006060606060606
Cl,Random forest,hit_rate,60,150,5,0.993939393939394,0.006060606060606
Cl,Random forest,hit_rate,61,150,5,0.993939393939394,0.006060606060606
Cl,Random forest,hit_rate,62,150,5,0.993939393939394,0.006060606060606
Cl,Random forest,hit_rate,63,150,5,0.993939393939394,0.006060606060606
Cl,Random forest,hit_rate,64,150,5,0.993939393939394,0.006060606060606
Cl,Random forest,hit_rate,65,150,5,0.993939393939394,0.006060606060606
Cl,Random forest,hit_rate,66,150,5,0.993939393939394,0.006060606060606
Cl,Random forest,hit_rate,67,150,5,0.993939393939394,0.006060606060606
Cl,Random forest,hit_rate,68,150,5,0.993939393939394,0.006060606060606
Cl,Random forest,hit_rate,69,150,5,0.993939393939394,0.006060606060606
Cl,Random forest,hit_rate,70,150,5,0.993939393939394,0.006060606060606
Cl,Random forest,hit_rate,71,150,5,0.993939393939394,0.006060606060606
Cl,Random forest,hit_rate,72,150,5,0.993939393939394,0.006060606060606
Cl,Random forest,hit_rate,73,150,5,0.993939393939394,0.006060606060606
Cl,Random forest,hit_rate,74,150,5,0.993939393939394,0.006060606060606
Cl,Random forest,hit_rate,75,150,5,0.993939393939394,0.006060606060606
Cl,Random forest,hit_rate,76,150,5,0.993939393939394,0.006060606060606
Cl,Random forest,hit_rate,77,150,5,0.993939393939394,0.006060606060606
Cl,Random forest,hit_rate,78,150,5,1.0,0.0
Cl,Random forest,hit_rate,79,150,5,1.0,0.0
Cl,Random forest,hit_rate,80,150,5,1.0,0.0
Cl,Random forest,hit_rate,81,150,5,1.0,0.0
Cl,Random forest,hit_rate,82,150,5,1.0,0.0
Cl,Random forest,hit_rate,83,150,5,1.0,0.0
Cl,Random forest,hit_rate,84,150,5,1.0,0.0
Cl,Random forest,hit_rate,85,150,5,1.0,0.0
Cl,Random forest,hit_rate,86,150,5,1.0,0.0
Cl,Random forest,hit_rate,87,150,5,1.0,0.0
Cl,Random forest,hit_rate,88,150,5,1.0,0.0
Cl,Random forest,hit_rate,89,150,5,1.0,0.0
Cl,Random forest,hit_rate,90,150,5,1.0,0.0
Cl,Random forest,hit_rate,91,150,5,1.0,0.0
Cl,Random forest,hit_rate,92,150,5,1.0,0.0
Cl,Random forest,hit_rate,93,150,5,1.0,0.0
Cl,Random forest,hit_rate,94,150,5,1.0,0.0
Cl,Random forest,hit_rate,95,150,5,1.0,0.0
Cl,Random forest,hit_rate,96,150,5,1.0,0.0
Cl,Random forest,hit_rate,97,150,5,1.0,0.0
Cl,Random forest,hit_rate,98,150,5,1.0,0.0
Cl,Random forest,hit_rate,99,150,5,1.0,0.0
Cl,Random forest,hit_rate,100,150,5,1.0,0.0
Cl,Random forest,hit_rate,101,150,5,1.0,0.0
Cl,Random forest,hit_rate,102,150,5,1.0,0.0
Cl,Random forest,hit_rate,103,150,5,1.0,0.0
Cl,Random forest,hit_rate,104,150,5,1.0,0.0
Cl,Random forest,hit_rate,105,150,5,1.0,0.0
Cl,Random forest,hit_rate,106,150,5,1.0,0.0
Cl,Random forest,hit_rate,107,150,5,1.0,0.0
Cl,Random forest,hit_rate,108,150,5,1.0,0.0
Cl,Random forest,hit_rate,109,150,5,1.0,0.0
Cl,Random forest,hit_rate,110,150,5,1.0,0.0
Cl,Random forest,hit_rate,111,150,5,1.0,0.0
Cl,Random forest,hit_rate,112,150,5,1.0,0.0
Cl,Random forest,hit_rate,113,150,5,1.0,0.0
Cl,Random forest,hit_rate,114,150,5,1.0,0.0
Cl,Random forest,hit_rate,115,150,5,1.0,0.0
Cl,Random forest,hit_rate,116,150,5,1.0,0.0
Cl,Random forest,hit_rate,117,150,5,1.0,0.0
Cl,Random forest,hit_rate,118,150,5,1.0,0.0
Cl,Random forest,hit_rate,119,150,5,1.0,0.0
Cl,Random forest,hit_rate,120,150,5,1.0,0.0
Cl,Random forest,hit_rate,121,150,5,1.0,0.0
Cl,Random forest,hit_rate,122,150,5,1.0,0.0
Cl,Random forest,hit_rate,123,150,5,1.0,0.0
Cl,Random forest,hit_rate,124,150,5,1.0,0.0
Cl,Random forest,hit_rate,125,150,5,1.0,0.0
Cl,Random forest,hit_rate,126,150,5,1.0,0.0
Cl,Random forest,hit_rate,127,150,5,1.0,0.0
Cl,Random forest,hit_rate,128,150,5,1.0,0.0
Cl,Random forest,hit_rate,129,150,5,1.0,0.0
Cl,Random forest,hit_rate,130,150,5,1.0,0.0
Cl,Random forest,hit_rate,131,150,5,1.0,0.0
Cl,Random forest,hit_rate,132,150,5,1.0,0.0
Cl,Random forest,hit_rate,133,150,5,1.0,0.0
Cl,Random forest,hit_rate,134,150,5,1.0,0.0
Cl,Random forest,hit_rate,135,150,5,1.0,0.0
Cl,Random forest,hit_rate,136,150,5,1.0,0.0
Cl,Random forest,hit_rate,137,150,5,1.0,0.0
Cl,Random forest,hit_rate,138,150,5,1.0,0.0
Cl,Random forest,hit_rate,139,150,5,1.0,0.0
Cl,Random forest,hit_rate,140,150,5,1.0,0.0
Cl,Random forest,hit_rate,141,150,5,1.0,0.0
Cl,Random forest,hit_rate,142,150,5,1.0,0.0
Cl,Random forest,hit_rate,143,150,5,1.0,0.0
Cl,Random forest,hit_rate,144,150,5,1.0,0.0
Cl,Random forest,hit_rate,145,150,5,1.0,0.0
Cl,Random forest,hit_rate,146,150,5,1.0,0.0
Cl,Random forest,hit_rate,147,150,5,1.0,0.0
Cl,Random forest,hit_rate,148,150,5,1.0,0.0
Cl,Random forest,hit_rate,149,150,5,1.0,0.0
Cl,Random forest,hit_rate,150,150,5,1.0,0.0
Br,UltraMS,hit_rate,5,108,5,0.927288688473101,0.015724121947552
Br,UltraMS,hit_rate,6,108,5,0.955053394355454,0.0238939740655987
Br,UltraMS,hit_rate,7,108,5,0.97244469870328,0.0114019301744946
Br,UltraMS,hit_rate,8,108,5,0.9916666666666668,0.0083333333333333
Br,UltraMS,hit_rate,9,108,5,0.9916666666666668,0.0083333333333333
Br,UltraMS,hit_rate,10,108,5,0.9916666666666668,0.0083333333333333
Br,UltraMS,hit_rate,11,108,5,0.9916666666666668,0.0083333333333333
Br,UltraMS,hit_rate,12,108,5,0.9916666666666668,0.0083333333333333
Br,UltraMS,hit_rate,13,108,5,0.9916666666666668,0.0083333333333333
Br,UltraMS,hit_rate,14,108,5,1.0,0.0
Br,UltraMS,hit_rate,15,108,5,1.0,0.0
Br,UltraMS,hit_rate,16,108,5,1.0,0.0
Br,UltraMS,hit_rate,17,108,5,1.0,0.0
Br,UltraMS,hit_rate,18,108,5,1.0,0.0
Br,UltraMS,hit_rate,19,108,5,1.0,0.0
Br,UltraMS,hit_rate,20,108,5,1.0,0.0
Br,UltraMS,hit_rate,21,108,5,1.0,0.0
Br,UltraMS,hit_rate,22,108,5,1.0,0.0
Br,UltraMS,hit_rate,23,108,5,1.0,0.0
Br,UltraMS,hit_rate,24,108,5,1.0,0.0
Br,UltraMS,hit_rate,25,108,5,1.0,0.0
Br,UltraMS,hit_rate,26,108,5,1.0,0.0
Br,UltraMS,hit_rate,27,108,5,1.0,0.0
Br,UltraMS,hit_rate,28,108,5,1.0,0.0
Br,UltraMS,hit_rate,29,108,5,1.0,0.0
Br,UltraMS,hit_rate,30,108,5,1.0,0.0
Br,UltraMS,hit_rate,31,108,5,1.0,0.0
Br,UltraMS,hit_rate,32,108,5,1.0,0.0
Br,UltraMS,hit_rate,33,108,5,1.0,0.0
Br,UltraMS,hit_rate,34,108,5,1.0,0.0
Br,UltraMS,hit_rate,35,108,5,1.0,0.0
Br,UltraMS,hit_rate,36,108,5,1.0,0.0
Br,UltraMS,hit_rate,37,108,5,1.0,0.0
Br,UltraMS,hit_rate,38,108,5,1.0,0.0
Br,UltraMS,hit_rate,39,108,5,1.0,0.0
Br,UltraMS,hit_rate,40,108,5,1.0,0.0
Br,UltraMS,hit_rate,41,108,5,1.0,0.0
Br,UltraMS,hit_rate,42,108,5,1.0,0.0
Br,UltraMS,hit_rate,43,108,5,1.0,0.0
Br,UltraMS,hit_rate,44,108,5,1.0,0.0
Br,UltraMS,hit_rate,45,108,5,1.0,0.0
Br,UltraMS,hit_rate,46,108,5,1.0,0.0
Br,UltraMS,hit_rate,47,108,5,1.0,0.0
Br,UltraMS,hit_rate,48,108,5,1.0,0.0
Br,UltraMS,hit_rate,49,108,5,1.0,0.0
Br,UltraMS,hit_rate,50,108,5,1.0,0.0
Br,UltraMS,hit_rate,51,108,5,1.0,0.0
Br,UltraMS,hit_rate,52,108,5,1.0,0.0
Br,UltraMS,hit_rate,53,108,5,1.0,0.0
Br,UltraMS,hit_rate,54,108,5,1.0,0.0
Br,UltraMS,hit_rate,55,108,5,1.0,0.0
Br,UltraMS,hit_rate,56,108,5,1.0,0.0
Br,UltraMS,hit_rate,57,108,5,1.0,0.0
Br,UltraMS,hit_rate,58,108,5,1.0,0.0
Br,UltraMS,hit_rate,59,108,5,1.0,0.0
Br,UltraMS,hit_rate,60,108,5,1.0,0.0
Br,UltraMS,hit_rate,61,108,5,1.0,0.0
Br,UltraMS,hit_rate,62,108,5,1.0,0.0
Br,UltraMS,hit_rate,63,108,5,1.0,0.0
Br,UltraMS,hit_rate,64,108,5,1.0,0.0
Br,UltraMS,hit_rate,65,108,5,1.0,0.0
Br,UltraMS,hit_rate,66,108,5,1.0,0.0
Br,UltraMS,hit_rate,67,108,5,1.0,0.0
Br,UltraMS,hit_rate,68,108,5,1.0,0.0
Br,UltraMS,hit_rate,69,108,5,1.0,0.0
Br,UltraMS,hit_rate,70,108,5,1.0,0.0
Br,UltraMS,hit_rate,71,108,5,1.0,0.0
Br,UltraMS,hit_rate,72,108,5,1.0,0.0
Br,UltraMS,hit_rate,73,108,5,1.0,0.0
Br,UltraMS,hit_rate,74,108,5,1.0,0.0
Br,UltraMS,hit_rate,75,108,5,1.0,0.0
Br,UltraMS,hit_rate,76,108,5,1.0,0.0
Br,UltraMS,hit_rate,77,108,5,1.0,0.0
Br,UltraMS,hit_rate,78,108,5,1.0,0.0
Br,UltraMS,hit_rate,79,108,5,1.0,0.0
Br,UltraMS,hit_rate,80,108,5,1.0,0.0
Br,UltraMS,hit_rate,81,108,5,1.0,0.0
Br,UltraMS,hit_rate,82,108,5,1.0,0.0
Br,UltraMS,hit_rate,83,108,5,1.0,0.0
Br,UltraMS,hit_rate,84,108,5,1.0,0.0
Br,UltraMS,hit_rate,85,108,5,1.0,0.0
Br,UltraMS,hit_rate,86,108,5,1.0,0.0
Br,UltraMS,hit_rate,87,108,5,1.0,0.0
Br,UltraMS,hit_rate,88,108,5,1.0,0.0
Br,UltraMS,hit_rate,89,108,5,1.0,0.0
Br,UltraMS,hit_rate,90,108,5,1.0,0.0
Br,UltraMS,hit_rate,91,108,5,1.0,0.0
Br,UltraMS,hit_rate,92,108,5,1.0,0.0
Br,UltraMS,hit_rate,93,108,5,1.0,0.0
Br,UltraMS,hit_rate,94,108,5,1.0,0.0
Br,UltraMS,hit_rate,95,108,5,1.0,0.0
Br,UltraMS,hit_rate,96,108,5,1.0,0.0
Br,UltraMS,hit_rate,97,108,5,1.0,0.0
Br,UltraMS,hit_rate,98,108,5,1.0,0.0
Br,UltraMS,hit_rate,99,108,5,1.0,0.0
Br,UltraMS,hit_rate,100,108,5,1.0,0.0
Br,UltraMS,hit_rate,101,108,5,1.0,0.0
Br,UltraMS,hit_rate,102,108,5,1.0,0.0
Br,UltraMS,hit_rate,103,108,5,1.0,0.0
Br,UltraMS,hit_rate,104,108,5,1.0,0.0
Br,UltraMS,hit_rate,105,108,5,1.0,0.0
Br,UltraMS,hit_rate,106,108,5,1.0,0.0
Br,UltraMS,hit_rate,107,108,5,1.0,0.0
Br,UltraMS,hit_rate,108,108,5,1.0,0.0
Br,UltraMS,hit_rate,109,108,5,1.0,0.0
Br,UltraMS,hit_rate,110,108,5,1.0,0.0
Br,UltraMS,hit_rate,111,108,5,1.0,0.0
Br,UltraMS,hit_rate,112,108,5,1.0,0.0
Br,UltraMS,hit_rate,113,108,5,1.0,0.0
Br,UltraMS,hit_rate,114,108,5,1.0,0.0
Br,UltraMS,hit_rate,115,108,5,1.0,0.0
Br,UltraMS,hit_rate,116,108,5,1.0,0.0
Br,UltraMS,hit_rate,117,108,5,1.0,0.0
Br,UltraMS,hit_rate,118,108,5,1.0,0.0
Br,UltraMS,hit_rate,119,108,5,1.0,0.0
Br,UltraMS,hit_rate,120,108,5,1.0,0.0
Br,UltraMS,hit_rate,121,108,5,1.0,0.0
Br,UltraMS,hit_rate,122,108,5,1.0,0.0
Br,UltraMS,hit_rate,123,108,5,1.0,0.0
Br,UltraMS,hit_rate,124,108,5,1.0,0.0
Br,UltraMS,hit_rate,125,108,5,1.0,0.0
Br,UltraMS,hit_rate,126,108,5,1.0,0.0
Br,UltraMS,hit_rate,127,108,5,1.0,0.0
Br,UltraMS,hit_rate,128,108,5,1.0,0.0
Br,UltraMS,hit_rate,129,108,5,1.0,0.0
Br,UltraMS,hit_rate,130,108,5,1.0,0.0
Br,UltraMS,hit_rate,131,108,5,1.0,0.0
Br,UltraMS,hit_rate,132,108,5,1.0,0.0
Br,UltraMS,hit_rate,133,108,5,1.0,0.0
Br,UltraMS,hit_rate,134,108,5,1.0,0.0
Br,UltraMS,hit_rate,135,108,5,1.0,0.0
Br,UltraMS,hit_rate,136,108,5,1.0,0.0
Br,UltraMS,hit_rate,137,108,5,1.0,0.0
Br,UltraMS,hit_rate,138,108,5,1.0,0.0
Br,UltraMS,hit_rate,139,108,5,1.0,0.0
Br,UltraMS,hit_rate,140,108,5,1.0,0.0
Br,UltraMS,hit_rate,141,108,5,1.0,0.0
Br,UltraMS,hit_rate,142,108,5,1.0,0.0
Br,UltraMS,hit_rate,143,108,5,1.0,0.0
Br,UltraMS,hit_rate,144,108,5,1.0,0.0
Br,UltraMS,hit_rate,145,108,5,1.0,0.0
Br,UltraMS,hit_rate,146,108,5,1.0,0.0
Br,UltraMS,hit_rate,147,108,5,1.0,0.0
Br,UltraMS,hit_rate,148,108,5,1.0,0.0
Br,UltraMS,hit_rate,149,108,5,1.0,0.0
Br,UltraMS,hit_rate,150,108,5,1.0,0.0
Br,DreaMS,hit_rate,5,108,5,0.8384259433750616,0.0327086250363458
Br,DreaMS,hit_rate,6,108,5,0.866523982590748,0.0248220544346159
Br,DreaMS,hit_rate,7,108,5,0.8905239825907479,0.0198455686556486
Br,DreaMS,hit_rate,8,108,5,0.929148337595908,0.0250984559281216
Br,DreaMS,hit_rate,9,108,5,0.946539641943734,0.0203537679106079
Br,DreaMS,hit_rate,10,108,5,0.9548729752770674,0.0136249209601786
Br,DreaMS,hit_rate,11,108,5,0.9632063086104008,0.0097923420626641
Br,DreaMS,hit_rate,12,108,5,0.9632063086104008,0.0097923420626641
Br,DreaMS,hit_rate,13,108,5,0.9632063086104008,0.0097923420626641
Br,DreaMS,hit_rate,14,108,5,0.9632063086104008,0.0097923420626641
Br,DreaMS,hit_rate,15,108,5,0.9632063086104008,0.0097923420626641
Br,DreaMS,hit_rate,16,108,5,0.9632063086104008,0.0097923420626641
Br,DreaMS,hit_rate,17,108,5,0.9632063086104008,0.0097923420626641
Br,DreaMS,hit_rate,18,108,5,0.9632063086104008,0.0097923420626641
Br,DreaMS,hit_rate,19,108,5,0.9632063086104008,0.0097923420626641
Br,DreaMS,hit_rate,20,108,5,0.9712063086104008,0.0121270247229326
Br,DreaMS,hit_rate,21,108,5,0.9712063086104008,0.0121270247229326
Br,DreaMS,hit_rate,22,108,5,0.9712063086104008,0.0121270247229326
Br,DreaMS,hit_rate,23,108,5,0.9829710144927536,0.0104320145281796
Br,DreaMS,hit_rate,24,108,5,0.9829710144927536,0.0104320145281796
Br,DreaMS,hit_rate,25,108,5,0.9829710144927536,0.0104320145281796
Br,DreaMS,hit_rate,26,108,5,0.9829710144927536,0.0104320145281796
Br,DreaMS,hit_rate,27,108,5,0.9913043478260868,0.008695652173913
Br,DreaMS,hit_rate,28,108,5,0.9913043478260868,0.008695652173913
Br,DreaMS,hit_rate,29,108,5,0.9913043478260868,0.008695652173913
Br,DreaMS,hit_rate,30,108,5,0.9913043478260868,0.008695652173913
Br,DreaMS,hit_rate,31,108,5,0.9913043478260868,0.008695652173913
Br,DreaMS,hit_rate,32,108,5,0.9913043478260868,0.008695652173913
Br,DreaMS,hit_rate,33,108,5,0.9913043478260868,0.008695652173913
Br,DreaMS,hit_rate,34,108,5,0.9913043478260868,0.008695652173913
Br,DreaMS,hit_rate,35,108,5,0.9913043478260868,0.008695652173913
Br,DreaMS,hit_rate,36,108,5,0.9913043478260868,0.008695652173913
Br,DreaMS,hit_rate,37,108,5,0.9913043478260868,0.008695652173913
Br,DreaMS,hit_rate,38,108,5,0.9913043478260868,0.008695652173913
Br,DreaMS,hit_rate,39,108,5,0.9913043478260868,0.008695652173913
Br,DreaMS,hit_rate,40,108,5,0.9913043478260868,0.008695652173913
Br,DreaMS,hit_rate,41,108,5,1.0,0.0
Br,DreaMS,hit_rate,42,108,5,1.0,0.0
Br,DreaMS,hit_rate,43,108,5,1.0,0.0
Br,DreaMS,hit_rate,44,108,5,1.0,0.0
Br,DreaMS,hit_rate,45,108,5,1.0,0.0
Br,DreaMS,hit_rate,46,108,5,1.0,0.0
Br,DreaMS,hit_rate,47,108,5,1.0,0.0
Br,DreaMS,hit_rate,48,108,5,1.0,0.0
Br,DreaMS,hit_rate,49,108,5,1.0,0.0
Br,DreaMS,hit_rate,50,108,5,1.0,0.0
Br,DreaMS,hit_rate,51,108,5,1.0,0.0
Br,DreaMS,hit_rate,52,108,5,1.0,0.0
Br,DreaMS,hit_rate,53,108,5,1.0,0.0
Br,DreaMS,hit_rate,54,108,5,1.0,0.0
Br,DreaMS,hit_rate,55,108,5,1.0,0.0
Br,DreaMS,hit_rate,56,108,5,1.0,0.0
Br,DreaMS,hit_rate,57,108,5,1.0,0.0
Br,DreaMS,hit_rate,58,108,5,1.0,0.0
Br,DreaMS,hit_rate,59,108,5,1.0,0.0
Br,DreaMS,hit_rate,60,108,5,1.0,0.0
Br,DreaMS,hit_rate,61,108,5,1.0,0.0
Br,DreaMS,hit_rate,62,108,5,1.0,0.0
Br,DreaMS,hit_rate,63,108,5,1.0,0.0
Br,DreaMS,hit_rate,64,108,5,1.0,0.0
Br,DreaMS,hit_rate,65,108,5,1.0,0.0
Br,DreaMS,hit_rate,66,108,5,1.0,0.0
Br,DreaMS,hit_rate,67,108,5,1.0,0.0
Br,DreaMS,hit_rate,68,108,5,1.0,0.0
Br,DreaMS,hit_rate,69,108,5,1.0,0.0
Br,DreaMS,hit_rate,70,108,5,1.0,0.0
Br,DreaMS,hit_rate,71,108,5,1.0,0.0
Br,DreaMS,hit_rate,72,108,5,1.0,0.0
Br,DreaMS,hit_rate,73,108,5,1.0,0.0
Br,DreaMS,hit_rate,74,108,5,1.0,0.0
Br,DreaMS,hit_rate,75,108,5,1.0,0.0
Br,DreaMS,hit_rate,76,108,5,1.0,0.0
Br,DreaMS,hit_rate,77,108,5,1.0,0.0
Br,DreaMS,hit_rate,78,108,5,1.0,0.0
Br,DreaMS,hit_rate,79,108,5,1.0,0.0
Br,DreaMS,hit_rate,80,108,5,1.0,0.0
Br,DreaMS,hit_rate,81,108,5,1.0,0.0
Br,DreaMS,hit_rate,82,108,5,1.0,0.0
Br,DreaMS,hit_rate,83,108,5,1.0,0.0
Br,DreaMS,hit_rate,84,108,5,1.0,0.0
Br,DreaMS,hit_rate,85,108,5,1.0,0.0
Br,DreaMS,hit_rate,86,108,5,1.0,0.0
Br,DreaMS,hit_rate,87,108,5,1.0,0.0
Br,DreaMS,hit_rate,88,108,5,1.0,0.0
Br,DreaMS,hit_rate,89,108,5,1.0,0.0
Br,DreaMS,hit_rate,90,108,5,1.0,0.0
Br,DreaMS,hit_rate,91,108,5,1.0,0.0
Br,DreaMS,hit_rate,92,108,5,1.0,0.0
Br,DreaMS,hit_rate,93,108,5,1.0,0.0
Br,DreaMS,hit_rate,94,108,5,1.0,0.0
Br,DreaMS,hit_rate,95,108,5,1.0,0.0
Br,DreaMS,hit_rate,96,108,5,1.0,0.0
Br,DreaMS,hit_rate,97,108,5,1.0,0.0
Br,DreaMS,hit_rate,98,108,5,1.0,0.0
Br,DreaMS,hit_rate,99,108,5,1.0,0.0
Br,DreaMS,hit_rate,100,108,5,1.0,0.0
Br,DreaMS,hit_rate,101,108,5,1.0,0.0
Br,DreaMS,hit_rate,102,108,5,1.0,0.0
Br,DreaMS,hit_rate,103,108,5,1.0,0.0
Br,DreaMS,hit_rate,104,108,5,1.0,0.0
Br,DreaMS,hit_rate,105,108,5,1.0,0.0
Br,DreaMS,hit_rate,106,108,5,1.0,0.0
Br,DreaMS,hit_rate,107,108,5,1.0,0.0
Br,DreaMS,hit_rate,108,108,5,1.0,0.0
Br,DreaMS,hit_rate,109,108,5,1.0,0.0
Br,DreaMS,hit_rate,110,108,5,1.0,0.0
Br,DreaMS,hit_rate,111,108,5,1.0,0.0
Br,DreaMS,hit_rate,112,108,5,1.0,0.0
Br,DreaMS,hit_rate,113,108,5,1.0,0.0
Br,DreaMS,hit_rate,114,108,5,1.0,0.0
Br,DreaMS,hit_rate,115,108,5,1.0,0.0
Br,DreaMS,hit_rate,116,108,5,1.0,0.0
Br,DreaMS,hit_rate,117,108,5,1.0,0.0
Br,DreaMS,hit_rate,118,108,5,1.0,0.0
Br,DreaMS,hit_rate,119,108,5,1.0,0.0
Br,DreaMS,hit_rate,120,108,5,1.0,0.0
Br,DreaMS,hit_rate,121,108,5,1.0,0.0
Br,DreaMS,hit_rate,122,108,5,1.0,0.0
Br,DreaMS,hit_rate,123,108,5,1.0,0.0
Br,DreaMS,hit_rate,124,108,5,1.0,0.0
Br,DreaMS,hit_rate,125,108,5,1.0,0.0
Br,DreaMS,hit_rate,126,108,5,1.0,0.0
Br,DreaMS,hit_rate,127,108,5,1.0,0.0
Br,DreaMS,hit_rate,128,108,5,1.0,0.0
Br,DreaMS,hit_rate,129,108,5,1.0,0.0
Br,DreaMS,hit_rate,130,108,5,1.0,0.0
Br,DreaMS,hit_rate,131,108,5,1.0,0.0
Br,DreaMS,hit_rate,132,108,5,1.0,0.0
Br,DreaMS,hit_rate,133,108,5,1.0,0.0
Br,DreaMS,hit_rate,134,108,5,1.0,0.0
Br,DreaMS,hit_rate,135,108,5,1.0,0.0
Br,DreaMS,hit_rate,136,108,5,1.0,0.0
Br,DreaMS,hit_rate,137,108,5,1.0,0.0
Br,DreaMS,hit_rate,138,108,5,1.0,0.0
Br,DreaMS,hit_rate,139,108,5,1.0,0.0
Br,DreaMS,hit_rate,140,108,5,1.0,0.0
Br,DreaMS,hit_rate,141,108,5,1.0,0.0
Br,DreaMS,hit_rate,142,108,5,1.0,0.0
Br,DreaMS,hit_rate,143,108,5,1.0,0.0
Br,DreaMS,hit_rate,144,108,5,1.0,0.0
Br,DreaMS,hit_rate,145,108,5,1.0,0.0
Br,DreaMS,hit_rate,146,108,5,1.0,0.0
Br,DreaMS,hit_rate,147,108,5,1.0,0.0
Br,DreaMS,hit_rate,148,108,5,1.0,0.0
Br,DreaMS,hit_rate,149,108,5,1.0,0.0
Br,DreaMS,hit_rate,150,108,5,1.0,0.0
Br,Linear SVM,hit_rate,5,108,5,0.7941772333647418,0.0337726902976739
Br,Linear SVM,hit_rate,6,108,5,0.8302752725804281,0.0210948888924347
Br,Linear SVM,hit_rate,7,108,5,0.8546086059137613,0.0254543309759538
Br,Linear SVM,hit_rate,8,108,5,0.8651349217032351,0.0263233588737643
Br,Linear SVM,hit_rate,9,108,5,0.884899627585588,0.0178036502310951
Br,Linear SVM,hit_rate,10,108,5,0.892899627585588,0.022833559757708
Br,Linear SVM,hit_rate,11,108,5,0.9099286130928343,0.0250554135959281
Br,Linear SVM,hit_rate,12,108,5,0.9216933189751874,0.016060867315107
Br,Linear SVM,hit_rate,13,108,5,0.9334580248575404,0.0128431217529255
Br,Linear SVM,hit_rate,14,108,5,0.943984340647014,0.0084825351024323
Br,Linear SVM,hit_rate,15,108,5,0.96937564499484,0.0128006762099714
Br,Linear SVM,hit_rate,16,108,5,0.96937564499484,0.0128006762099714
Br,Linear SVM,hit_rate,17,108,5,0.96937564499484,0.0128006762099714
Br,Linear SVM,hit_rate,18,108,5,0.979901960784314,0.0126029020903749
Br,Linear SVM,hit_rate,19,108,5,0.979901960784314,0.0126029020903749
Br,Linear SVM,hit_rate,20,108,5,0.979901960784314,0.0126029020903749
Br,Linear SVM,hit_rate,21,108,5,0.979901960784314,0.0126029020903749
Br,Linear SVM,hit_rate,22,108,5,0.979901960784314,0.0126029020903749
Br,Linear SVM,hit_rate,23,108,5,0.979901960784314,0.0126029020903749
Br,Linear SVM,hit_rate,24,108,5,0.9916666666666668,0.0083333333333333
Br,Linear SVM,hit_rate,25,108,5,0.9916666666666668,0.0083333333333333
Br,Linear SVM,hit_rate,26,108,5,0.9916666666666668,0.0083333333333333
Br,Linear SVM,hit_rate,27,108,5,0.9916666666666668,0.0083333333333333
Br,Linear SVM,hit_rate,28,108,5,0.9916666666666668,0.0083333333333333
Br,Linear SVM,hit_rate,29,108,5,0.9916666666666668,0.0083333333333333
Br,Linear SVM,hit_rate,30,108,5,0.9916666666666668,0.0083333333333333
Br,Linear SVM,hit_rate,31,108,5,0.9916666666666668,0.0083333333333333
Br,Linear SVM,hit_rate,32,108,5,0.9916666666666668,0.0083333333333333
Br,Linear SVM,hit_rate,33,108,5,0.9916666666666668,0.0083333333333333
Br,Linear SVM,hit_rate,34,108,5,0.9916666666666668,0.0083333333333333
Br,Linear SVM,hit_rate,35,108,5,0.9916666666666668,0.0083333333333333
Br,Linear SVM,hit_rate,36,108,5,0.9916666666666668,0.0083333333333333
Br,Linear SVM,hit_rate,37,108,5,0.9916666666666668,0.0083333333333333
Br,Linear SVM,hit_rate,38,108,5,0.9916666666666668,0.0083333333333333
Br,Linear SVM,hit_rate,39,108,5,0.9916666666666668,0.0083333333333333
Br,Linear SVM,hit_rate,40,108,5,0.9916666666666668,0.0083333333333333
Br,Linear SVM,hit_rate,41,108,5,0.9916666666666668,0.0083333333333333
Br,Linear SVM,hit_rate,42,108,5,0.9916666666666668,0.0083333333333333
Br,Linear SVM,hit_rate,43,108,5,0.9916666666666668,0.0083333333333333
Br,Linear SVM,hit_rate,44,108,5,0.9916666666666668,0.0083333333333333
Br,Linear SVM,hit_rate,45,108,5,0.9916666666666668,0.0083333333333333
Br,Linear SVM,hit_rate,46,108,5,0.9916666666666668,0.0083333333333333
Br,Linear SVM,hit_rate,47,108,5,0.9916666666666668,0.0083333333333333
Br,Linear SVM,hit_rate,48,108,5,0.9916666666666668,0.0083333333333333
Br,Linear SVM,hit_rate,49,108,5,0.9916666666666668,0.0083333333333333
Br,Linear SVM,hit_rate,50,108,5,0.9916666666666668,0.0083333333333333
Br,Linear SVM,hit_rate,51,108,5,0.9916666666666668,0.0083333333333333
Br,Linear SVM,hit_rate,52,108,5,0.9916666666666668,0.0083333333333333
Br,Linear SVM,hit_rate,53,108,5,0.9916666666666668,0.0083333333333333
Br,Linear SVM,hit_rate,54,108,5,0.9916666666666668,0.0083333333333333
Br,Linear SVM,hit_rate,55,108,5,0.9916666666666668,0.0083333333333333
Br,Linear SVM,hit_rate,56,108,5,0.9916666666666668,0.0083333333333333
Br,Linear SVM,hit_rate,57,108,5,0.9916666666666668,0.0083333333333333
Br,Linear SVM,hit_rate,58,108,5,0.9916666666666668,0.0083333333333333
Br,Linear SVM,hit_rate,59,108,5,0.9916666666666668,0.0083333333333333
Br,Linear SVM,hit_rate,60,108,5,0.9916666666666668,0.0083333333333333
Br,Linear SVM,hit_rate,61,108,5,0.9916666666666668,0.0083333333333333
Br,Linear SVM,hit_rate,62,108,5,0.9916666666666668,0.0083333333333333
Br,Linear SVM,hit_rate,63,108,5,0.9916666666666668,0.0083333333333333
Br,Linear SVM,hit_rate,64,108,5,0.9916666666666668,0.0083333333333333
Br,Linear SVM,hit_rate,65,108,5,0.9916666666666668,0.0083333333333333
Br,Linear SVM,hit_rate,66,108,5,0.9916666666666668,0.0083333333333333
Br,Linear SVM,hit_rate,67,108,5,0.9916666666666668,0.0083333333333333
Br,Linear SVM,hit_rate,68,108,5,0.9916666666666668,0.0083333333333333
Br,Linear SVM,hit_rate,69,108,5,0.9916666666666668,0.0083333333333333
Br,Linear SVM,hit_rate,70,108,5,0.9916666666666668,0.0083333333333333
Br,Linear SVM,hit_rate,71,108,5,0.9916666666666668,0.0083333333333333
Br,Linear SVM,hit_rate,72,108,5,0.9916666666666668,0.0083333333333333
Br,Linear SVM,hit_rate,73,108,5,0.9916666666666668,0.0083333333333333
Br,Linear SVM,hit_rate,74,108,5,0.9916666666666668,0.0083333333333333
Br,Linear SVM,hit_rate,75,108,5,0.9916666666666668,0.0083333333333333
Br,Linear SVM,hit_rate,76,108,5,0.9916666666666668,0.0083333333333333
Br,Linear SVM,hit_rate,77,108,5,0.9916666666666668,0.0083333333333333
Br,Linear SVM,hit_rate,78,108,5,0.9916666666666668,0.0083333333333333
Br,Linear SVM,hit_rate,79,108,5,0.9916666666666668,0.0083333333333333
Br,Linear SVM,hit_rate,80,108,5,0.9916666666666668,0.0083333333333333
Br,Linear SVM,hit_rate,81,108,5,0.9916666666666668,0.0083333333333333
Br,Linear SVM,hit_rate,82,108,5,0.9916666666666668,0.0083333333333333
Br,Linear SVM,hit_rate,83,108,5,0.9916666666666668,0.0083333333333333
Br,Linear SVM,hit_rate,84,108,5,0.9916666666666668,0.0083333333333333
Br,Linear SVM,hit_rate,85,108,5,0.9916666666666668,0.0083333333333333
Br,Linear SVM,hit_rate,86,108,5,0.9916666666666668,0.0083333333333333
Br,Linear SVM,hit_rate,87,108,5,0.9916666666666668,0.0083333333333333
Br,Linear SVM,hit_rate,88,108,5,0.9916666666666668,0.0083333333333333
Br,Linear SVM,hit_rate,89,108,5,0.9916666666666668,0.0083333333333333
Br,Linear SVM,hit_rate,90,108,5,0.9916666666666668,0.0083333333333333
Br,Linear SVM,hit_rate,91,108,5,0.9916666666666668,0.0083333333333333
Br,Linear SVM,hit_rate,92,108,5,0.9916666666666668,0.0083333333333333
Br,Linear SVM,hit_rate,93,108,5,0.9916666666666668,0.0083333333333333
Br,Linear SVM,hit_rate,94,108,5,0.9916666666666668,0.0083333333333333
Br,Linear SVM,hit_rate,95,108,5,0.9916666666666668,0.0083333333333333
Br,Linear SVM,hit_rate,96,108,5,0.9916666666666668,0.0083333333333333
Br,Linear SVM,hit_rate,97,108,5,0.9916666666666668,0.0083333333333333
Br,Linear SVM,hit_rate,98,108,5,0.9916666666666668,0.0083333333333333
Br,Linear SVM,hit_rate,99,108,5,0.9916666666666668,0.0083333333333333
Br,Linear SVM,hit_rate,100,108,5,0.9916666666666668,0.0083333333333333
Br,Linear SVM,hit_rate,101,108,5,0.9916666666666668,0.0083333333333333
Br,Linear SVM,hit_rate,102,108,5,0.9916666666666668,0.0083333333333333
Br,Linear SVM,hit_rate,103,108,5,0.9916666666666668,0.0083333333333333
Br,Linear SVM,hit_rate,104,108,5,0.9916666666666668,0.0083333333333333
Br,Linear SVM,hit_rate,105,108,5,0.9916666666666668,0.0083333333333333
Br,Linear SVM,hit_rate,106,108,5,0.9916666666666668,0.0083333333333333
Br,Linear SVM,hit_rate,107,108,5,0.9916666666666668,0.0083333333333333
Br,Linear SVM,hit_rate,108,108,5,0.9916666666666668,0.0083333333333333
Br,Linear SVM,hit_rate,109,108,5,0.9916666666666668,0.0083333333333333
Br,Linear SVM,hit_rate,110,108,5,0.9916666666666668,0.0083333333333333
Br,Linear SVM,hit_rate,111,108,5,0.9916666666666668,0.0083333333333333
Br,Linear SVM,hit_rate,112,108,5,0.9916666666666668,0.0083333333333333
Br,Linear SVM,hit_rate,113,108,5,0.9916666666666668,0.0083333333333333
Br,Linear SVM,hit_rate,114,108,5,0.9916666666666668,0.0083333333333333
Br,Linear SVM,hit_rate,115,108,5,0.9916666666666668,0.0083333333333333
Br,Linear SVM,hit_rate,116,108,5,0.9916666666666668,0.0083333333333333
Br,Linear SVM,hit_rate,117,108,5,0.9916666666666668,0.0083333333333333
Br,Linear SVM,hit_rate,118,108,5,0.9916666666666668,0.0083333333333333
Br,Linear SVM,hit_rate,119,108,5,0.9916666666666668,0.0083333333333333
Br,Linear SVM,hit_rate,120,108,5,0.9916666666666668,0.0083333333333333
Br,Linear SVM,hit_rate,121,108,5,0.9916666666666668,0.0083333333333333
Br,Linear SVM,hit_rate,122,108,5,0.9916666666666668,0.0083333333333333
Br,Linear SVM,hit_rate,123,108,5,1.0,0.0
Br,Linear SVM,hit_rate,124,108,5,1.0,0.0
Br,Linear SVM,hit_rate,125,108,5,1.0,0.0
Br,Linear SVM,hit_rate,126,108,5,1.0,0.0
Br,Linear SVM,hit_rate,127,108,5,1.0,0.0
Br,Linear SVM,hit_rate,128,108,5,1.0,0.0
Br,Linear SVM,hit_rate,129,108,5,1.0,0.0
Br,Linear SVM,hit_rate,130,108,5,1.0,0.0
Br,Linear SVM,hit_rate,131,108,5,1.0,0.0
Br,Linear SVM,hit_rate,132,108,5,1.0,0.0
Br,Linear SVM,hit_rate,133,108,5,1.0,0.0
Br,Linear SVM,hit_rate,134,108,5,1.0,0.0
Br,Linear SVM,hit_rate,135,108,5,1.0,0.0
Br,Linear SVM,hit_rate,136,108,5,1.0,0.0
Br,Linear SVM,hit_rate,137,108,5,1.0,0.0
Br,Linear SVM,hit_rate,138,108,5,1.0,0.0
Br,Linear SVM,hit_rate,139,108,5,1.0,0.0
Br,Linear SVM,hit_rate,140,108,5,1.0,0.0
Br,Linear SVM,hit_rate,141,108,5,1.0,0.0
Br,Linear SVM,hit_rate,142,108,5,1.0,0.0
Br,Linear SVM,hit_rate,143,108,5,1.0,0.0
Br,Linear SVM,hit_rate,144,108,5,1.0,0.0
Br,Linear SVM,hit_rate,145,108,5,1.0,0.0
Br,Linear SVM,hit_rate,146,108,5,1.0,0.0
Br,Linear SVM,hit_rate,147,108,5,1.0,0.0
Br,Linear SVM,hit_rate,148,108,5,1.0,0.0
Br,Linear SVM,hit_rate,149,108,5,1.0,0.0
Br,Linear SVM,hit_rate,150,108,5,1.0,0.0
Br,Random forest,hit_rate,5,108,5,0.6636485843765424,0.0248755220130488
Br,Random forest,hit_rate,6,108,5,0.6942729393817023,0.0214438197861338
Br,Random forest,hit_rate,7,108,5,0.7143709785973886,0.0199881322206317
Br,Random forest,hit_rate,8,108,5,0.7517569435096693,0.0292989509966119
Br,Random forest,hit_rate,9,108,5,0.8024793377305155,0.0407603182408547
Br,Random forest,hit_rate,10,108,5,0.8222440436128684,0.0380875260163948
Br,Random forest,hit_rate,11,108,5,0.8222440436128684,0.0380875260163948
Br,Random forest,hit_rate,12,108,5,0.8382440436128684,0.0298111940241682
Br,Random forest,hit_rate,13,108,5,0.8382440436128684,0.0298111940241682
Br,Random forest,hit_rate,14,108,5,0.8462440436128684,0.0282795175824329
Br,Random forest,hit_rate,15,108,5,0.8946220218064342,0.02114938744776
Br,Random forest,hit_rate,16,108,5,0.8946220218064342,0.02114938744776
Br,Random forest,hit_rate,17,108,5,0.8946220218064342,0.02114938744776
Br,Random forest,hit_rate,18,108,5,0.9033176739803472,0.0203462116437748
Br,Random forest,hit_rate,19,108,5,0.9196510073136804,0.0119506667258172
Br,Random forest,hit_rate,20,108,5,0.9283466594875937,0.0137733225742773
Br,Random forest,hit_rate,21,108,5,0.9283466594875937,0.0137733225742773
Br,Random forest,hit_rate,22,108,5,0.9363466594875935,0.007766452007495
Br,Random forest,hit_rate,23,108,5,0.9561113653699465,0.0133675455240067
Br,Random forest,hit_rate,24,108,5,0.97244469870328,0.0114019301744946
Br,Random forest,hit_rate,25,108,5,0.97244469870328,0.0114019301744946
Br,Random forest,hit_rate,26,108,5,0.97244469870328,0.0114019301744946
Br,Random forest,hit_rate,27,108,5,0.97244469870328,0.0114019301744946
Br,Random forest,hit_rate,28,108,5,0.97244469870328,0.0114019301744946
Br,Random forest,hit_rate,29,108,5,0.97244469870328,0.0114019301744946
Br,Random forest,hit_rate,30,108,5,0.97244469870328,0.0114019301744946
Br,Random forest,hit_rate,31,108,5,0.97244469870328,0.0114019301744946
Br,Random forest,hit_rate,32,108,5,0.9829710144927536,0.0104320145281796
Br,Random forest,hit_rate,33,108,5,0.9829710144927536,0.0104320145281796
Br,Random forest,hit_rate,34,108,5,0.9829710144927536,0.0104320145281796
Br,Random forest,hit_rate,35,108,5,0.9829710144927536,0.0104320145281796
Br,Random forest,hit_rate,36,108,5,0.9829710144927536,0.0104320145281796
Br,Random forest,hit_rate,37,108,5,0.9829710144927536,0.0104320145281796
Br,Random forest,hit_rate,38,108,5,0.9829710144927536,0.0104320145281796
Br,Random forest,hit_rate,39,108,5,0.9829710144927536,0.0104320145281796
Br,Random forest,hit_rate,40,108,5,0.9829710144927536,0.0104320145281796
Br,Random forest,hit_rate,41,108,5,0.9829710144927536,0.0104320145281796
Br,Random forest,hit_rate,42,108,5,0.9829710144927536,0.0104320145281796
Br,Random forest,hit_rate,43,108,5,0.9829710144927536,0.0104320145281796
Br,Random forest,hit_rate,44,108,5,0.9829710144927536,0.0104320145281796
Br,Random forest,hit_rate,45,108,5,0.9829710144927536,0.0104320145281796
Br,Random forest,hit_rate,46,108,5,0.9916666666666668,0.0083333333333333
Br,Random forest,hit_rate,47,108,5,0.9916666666666668,0.0083333333333333
Br,Random forest,hit_rate,48,108,5,0.9916666666666668,0.0083333333333333
Br,Random forest,hit_rate,49,108,5,0.9916666666666668,0.0083333333333333
Br,Random forest,hit_rate,50,108,5,0.9916666666666668,0.0083333333333333
Br,Random forest,hit_rate,51,108,5,0.9916666666666668,0.0083333333333333
Br,Random forest,hit_rate,52,108,5,0.9916666666666668,0.0083333333333333
Br,Random forest,hit_rate,53,108,5,0.9916666666666668,0.0083333333333333
Br,Random forest,hit_rate,54,108,5,0.9916666666666668,0.0083333333333333
Br,Random forest,hit_rate,55,108,5,0.9916666666666668,0.0083333333333333
Br,Random forest,hit_rate,56,108,5,0.9916666666666668,0.0083333333333333
Br,Random forest,hit_rate,57,108,5,0.9916666666666668,0.0083333333333333
Br,Random forest,hit_rate,58,108,5,0.9916666666666668,0.0083333333333333
Br,Random forest,hit_rate,59,108,5,0.9916666666666668,0.0083333333333333
Br,Random forest,hit_rate,60,108,5,0.9916666666666668,0.0083333333333333
Br,Random forest,hit_rate,61,108,5,0.9916666666666668,0.0083333333333333
Br,Random forest,hit_rate,62,108,5,0.9916666666666668,0.0083333333333333
Br,Random forest,hit_rate,63,108,5,0.9916666666666668,0.0083333333333333
Br,Random forest,hit_rate,64,108,5,0.9916666666666668,0.0083333333333333
Br,Random forest,hit_rate,65,108,5,0.9916666666666668,0.0083333333333333
Br,Random forest,hit_rate,66,108,5,0.9916666666666668,0.0083333333333333
Br,Random forest,hit_rate,67,108,5,0.9916666666666668,0.0083333333333333
Br,Random forest,hit_rate,68,108,5,0.9916666666666668,0.0083333333333333
Br,Random forest,hit_rate,69,108,5,0.9916666666666668,0.0083333333333333
Br,Random forest,hit_rate,70,108,5,0.9916666666666668,0.0083333333333333
Br,Random forest,hit_rate,71,108,5,0.9916666666666668,0.0083333333333333
Br,Random forest,hit_rate,72,108,5,0.9916666666666668,0.0083333333333333
Br,Random forest,hit_rate,73,108,5,0.9916666666666668,0.0083333333333333
Br,Random forest,hit_rate,74,108,5,0.9916666666666668,0.0083333333333333
Br,Random forest,hit_rate,75,108,5,0.9916666666666668,0.0083333333333333
Br,Random forest,hit_rate,76,108,5,0.9916666666666668,0.0083333333333333
Br,Random forest,hit_rate,77,108,5,0.9916666666666668,0.0083333333333333
Br,Random forest,hit_rate,78,108,5,0.9916666666666668,0.0083333333333333
Br,Random forest,hit_rate,79,108,5,0.9916666666666668,0.0083333333333333
Br,Random forest,hit_rate,80,108,5,0.9916666666666668,0.0083333333333333
Br,Random forest,hit_rate,81,108,5,0.9916666666666668,0.0083333333333333
Br,Random forest,hit_rate,82,108,5,0.9916666666666668,0.0083333333333333
Br,Random forest,hit_rate,83,108,5,0.9916666666666668,0.0083333333333333
Br,Random forest,hit_rate,84,108,5,0.9916666666666668,0.0083333333333333
Br,Random forest,hit_rate,85,108,5,0.9916666666666668,0.0083333333333333
Br,Random forest,hit_rate,86,108,5,0.9916666666666668,0.0083333333333333
Br,Random forest,hit_rate,87,108,5,0.9916666666666668,0.0083333333333333
Br,Random forest,hit_rate,88,108,5,0.9916666666666668,0.0083333333333333
Br,Random forest,hit_rate,89,108,5,0.9916666666666668,0.0083333333333333
Br,Random forest,hit_rate,90,108,5,0.9916666666666668,0.0083333333333333
Br,Random forest,hit_rate,91,108,5,0.9916666666666668,0.0083333333333333
Br,Random forest,hit_rate,92,108,5,0.9916666666666668,0.0083333333333333
Br,Random forest,hit_rate,93,108,5,0.9916666666666668,0.0083333333333333
Br,Random forest,hit_rate,94,108,5,0.9916666666666668,0.0083333333333333
Br,Random forest,hit_rate,95,108,5,0.9916666666666668,0.0083333333333333
Br,Random forest,hit_rate,96,108,5,0.9916666666666668,0.0083333333333333
Br,Random forest,hit_rate,97,108,5,0.9916666666666668,0.0083333333333333
Br,Random forest,hit_rate,98,108,5,0.9916666666666668,0.0083333333333333
Br,Random forest,hit_rate,99,108,5,0.9916666666666668,0.0083333333333333
Br,Random forest,hit_rate,100,108,5,0.9916666666666668,0.0083333333333333
Br,Random forest,hit_rate,101,108,5,0.9916666666666668,0.0083333333333333
Br,Random forest,hit_rate,102,108,5,0.9916666666666668,0.0083333333333333
Br,Random forest,hit_rate,103,108,5,0.9916666666666668,0.0083333333333333
Br,Random forest,hit_rate,104,108,5,0.9916666666666668,0.0083333333333333
Br,Random forest,hit_rate,105,108,5,0.9916666666666668,0.0083333333333333
Br,Random forest,hit_rate,106,108,5,0.9916666666666668,0.0083333333333333
Br,Random forest,hit_rate,107,108,5,0.9916666666666668,0.0083333333333333
Br,Random forest,hit_rate,108,108,5,0.9916666666666668,0.0083333333333333
Br,Random forest,hit_rate,109,108,5,0.9916666666666668,0.0083333333333333
Br,Random forest,hit_rate,110,108,5,0.9916666666666668,0.0083333333333333
Br,Random forest,hit_rate,111,108,5,0.9916666666666668,0.0083333333333333
Br,Random forest,hit_rate,112,108,5,0.9916666666666668,0.0083333333333333
Br,Random forest,hit_rate,113,108,5,0.9916666666666668,0.0083333333333333
Br,Random forest,hit_rate,114,108,5,0.9916666666666668,0.0083333333333333
Br,Random forest,hit_rate,115,108,5,0.9916666666666668,0.0083333333333333
Br,Random forest,hit_rate,116,108,5,0.9916666666666668,0.0083333333333333
Br,Random forest,hit_rate,117,108,5,0.9916666666666668,0.0083333333333333
Br,Random forest,hit_rate,118,108,5,0.9916666666666668,0.0083333333333333
Br,Random forest,hit_rate,119,108,5,0.9916666666666668,0.0083333333333333
Br,Random forest,hit_rate,120,108,5,0.9916666666666668,0.0083333333333333
Br,Random forest,hit_rate,121,108,5,0.9916666666666668,0.0083333333333333
Br,Random forest,hit_rate,122,108,5,0.9916666666666668,0.0083333333333333
Br,Random forest,hit_rate,123,108,5,1.0,0.0
Br,Random forest,hit_rate,124,108,5,1.0,0.0
Br,Random forest,hit_rate,125,108,5,1.0,0.0
Br,Random forest,hit_rate,126,108,5,1.0,0.0
Br,Random forest,hit_rate,127,108,5,1.0,0.0
Br,Random forest,hit_rate,128,108,5,1.0,0.0
Br,Random forest,hit_rate,129,108,5,1.0,0.0
Br,Random forest,hit_rate,130,108,5,1.0,0.0
Br,Random forest,hit_rate,131,108,5,1.0,0.0
Br,Random forest,hit_rate,132,108,5,1.0,0.0
Br,Random forest,hit_rate,133,108,5,1.0,0.0
Br,Random forest,hit_rate,134,108,5,1.0,0.0
Br,Random forest,hit_rate,135,108,5,1.0,0.0
Br,Random forest,hit_rate,136,108,5,1.0,0.0
Br,Random forest,hit_rate,137,108,5,1.0,0.0
Br,Random forest,hit_rate,138,108,5,1.0,0.0
Br,Random forest,hit_rate,139,108,5,1.0,0.0
Br,Random forest,hit_rate,140,108,5,1.0,0.0
Br,Random forest,hit_rate,141,108,5,1.0,0.0
Br,Random forest,hit_rate,142,108,5,1.0,0.0
Br,Random forest,hit_rate,143,108,5,1.0,0.0
Br,Random forest,hit_rate,144,108,5,1.0,0.0
Br,Random forest,hit_rate,145,108,5,1.0,0.0
Br,Random forest,hit_rate,146,108,5,1.0,0.0
Br,Random forest,hit_rate,147,108,5,1.0,0.0
Br,Random forest,hit_rate,148,108,5,1.0,0.0
Br,Random forest,hit_rate,149,108,5,1.0,0.0
Br,Random forest,hit_rate,150,108,5,1.0,0.0
