repeat_id,atom,method,metric,k,n,value
1,S,UltraMS,hit_rate,5,52,0.9423076923076923
1,S,UltraMS,recall,5,52,0.48343872386550224
1,S,UltraMS,hit_rate,6,52,0.9615384615384616
1,S,UltraMS,recall,6,52,0.5168746645919924
1,S,UltraMS,hit_rate,7,52,0.9615384615384616
1,S,UltraMS,recall,7,52,0.5471300344957712
1,S,UltraMS,hit_rate,8,52,0.9615384615384616
1,S,UltraMS,recall,8,52,0.5901320156423743
1,S,UltraMS,hit_rate,9,52,0.9615384615384616
1,S,UltraMS,recall,9,52,0.60939896157696
1,S,UltraMS,hit_rate,10,52,0.9615384615384616
1,S,UltraMS,recall,10,52,0.6300616993767947
1,S,UltraMS,hit_rate,11,52,0.9807692307692307
1,S,UltraMS,recall,11,52,0.6767980104513409
1,S,UltraMS,hit_rate,12,52,0.9807692307692307
1,S,UltraMS,recall,12,52,0.696123168797818
1,S,UltraMS,hit_rate,13,52,0.9807692307692307
1,S,UltraMS,recall,13,52,0.7283756775716455
1,S,UltraMS,hit_rate,14,52,0.9807692307692307
1,S,UltraMS,recall,14,52,0.7444387322600913
1,S,UltraMS,hit_rate,15,52,0.9807692307692307
1,S,UltraMS,recall,15,52,0.7494497606582163
1,S,UltraMS,hit_rate,16,52,0.9807692307692307
1,S,UltraMS,recall,16,52,0.7732556412738772
1,S,UltraMS,hit_rate,17,52,0.9807692307692307
1,S,UltraMS,recall,17,52,0.795985586763829
1,S,UltraMS,hit_rate,18,52,0.9807692307692307
1,S,UltraMS,recall,18,52,0.8051897322509991
1,S,UltraMS,hit_rate,19,52,1.0
1,S,UltraMS,recall,19,52,0.834953383728277
1,S,UltraMS,hit_rate,20,52,1.0
1,S,UltraMS,recall,20,52,0.8498877894432257
1,S,UltraMS,hit_rate,21,52,1.0
1,S,UltraMS,recall,21,52,0.8574672337249842
1,S,UltraMS,hit_rate,22,52,1.0
1,S,UltraMS,recall,22,52,0.8719096679579678
1,S,UltraMS,hit_rate,23,52,1.0
1,S,UltraMS,recall,23,52,0.8818066664803574
1,S,UltraMS,hit_rate,24,52,1.0
1,S,UltraMS,recall,24,52,0.8860369354681515
1,S,UltraMS,hit_rate,25,52,1.0
1,S,UltraMS,recall,25,52,0.8891780296384829
1,S,UltraMS,hit_rate,26,52,1.0
1,S,UltraMS,recall,26,52,0.8908667300487283
1,S,UltraMS,hit_rate,27,52,1.0
1,S,UltraMS,recall,27,52,0.8941325830591441
1,S,UltraMS,hit_rate,28,52,1.0
1,S,UltraMS,recall,28,52,0.90189028866261
1,S,UltraMS,hit_rate,29,52,1.0
1,S,UltraMS,recall,29,52,0.9065091647697804
1,S,UltraMS,hit_rate,30,52,1.0
1,S,UltraMS,recall,30,52,0.9121715579321739
1,S,UltraMS,hit_rate,31,52,1.0
1,S,UltraMS,recall,31,52,0.9166155251863146
1,S,UltraMS,hit_rate,32,52,1.0
1,S,UltraMS,recall,32,52,0.9187501564772733
1,S,UltraMS,hit_rate,33,52,1.0
1,S,UltraMS,recall,33,52,0.9229395613113
1,S,UltraMS,hit_rate,34,52,1.0
1,S,UltraMS,recall,34,52,0.9237756817126379
1,S,UltraMS,hit_rate,35,52,1.0
1,S,UltraMS,recall,35,52,0.9263540999858453
1,S,UltraMS,hit_rate,36,52,1.0
1,S,UltraMS,recall,36,52,0.9309154712035441
1,S,UltraMS,hit_rate,37,52,1.0
1,S,UltraMS,recall,37,52,0.9315215028889803
1,S,UltraMS,hit_rate,38,52,1.0
1,S,UltraMS,recall,38,52,0.9345047376029841
1,S,UltraMS,hit_rate,39,52,1.0
1,S,UltraMS,recall,39,52,0.9393866216411957
1,S,UltraMS,hit_rate,40,52,1.0
1,S,UltraMS,recall,40,52,0.9415212529321545
1,S,UltraMS,hit_rate,41,52,1.0
1,S,UltraMS,recall,41,52,0.9441366534538826
1,S,UltraMS,hit_rate,42,52,1.0
1,S,UltraMS,recall,42,52,0.9477364862100429
1,S,UltraMS,hit_rate,43,52,1.0
1,S,UltraMS,recall,43,52,0.9494993067228634
1,S,UltraMS,hit_rate,44,52,1.0
1,S,UltraMS,recall,44,52,0.950351886731771
1,S,UltraMS,hit_rate,45,52,1.0
1,S,UltraMS,recall,45,52,0.9516339380138222
1,S,UltraMS,hit_rate,46,52,1.0
1,S,UltraMS,recall,46,52,0.9530412517505404
1,S,UltraMS,hit_rate,47,52,1.0
1,S,UltraMS,recall,47,52,0.9544197784635153
1,S,UltraMS,hit_rate,48,52,1.0
1,S,UltraMS,recall,48,52,0.9577945899265621
1,S,UltraMS,hit_rate,49,52,1.0
1,S,UltraMS,recall,49,52,0.9594832903368075
1,S,UltraMS,hit_rate,50,52,1.0
1,S,UltraMS,recall,50,52,0.9597298386602788
1,S,UltraMS,hit_rate,51,52,1.0
1,S,UltraMS,recall,51,52,0.9605824186691864
1,S,UltraMS,hit_rate,52,52,1.0
1,S,UltraMS,recall,52,52,0.9635762197399107
1,S,UltraMS,hit_rate,53,52,1.0
1,S,UltraMS,recall,53,52,0.9656595530732438
1,S,UltraMS,hit_rate,54,52,1.0
1,S,UltraMS,recall,54,52,0.9670052297290942
1,S,UltraMS,hit_rate,55,52,1.0
1,S,UltraMS,recall,55,52,0.9672517780525656
1,S,UltraMS,hit_rate,56,52,1.0
1,S,UltraMS,recall,56,52,0.9678085000733074
1,S,UltraMS,hit_rate,57,52,1.0
1,S,UltraMS,recall,57,52,0.9696308137685309
1,S,UltraMS,hit_rate,58,52,1.0
1,S,UltraMS,recall,58,52,0.9704833937774384
1,S,UltraMS,hit_rate,59,52,1.0
1,S,UltraMS,recall,59,52,0.9710401157981803
1,S,UltraMS,hit_rate,60,52,1.0
1,S,UltraMS,recall,60,52,0.9716461474836164
1,S,UltraMS,hit_rate,61,52,1.0
1,S,UltraMS,recall,61,52,0.972498727492524
1,S,UltraMS,hit_rate,62,52,1.0
1,S,UltraMS,recall,62,52,0.9741525895527137
1,S,UltraMS,hit_rate,63,52,1.0
1,S,UltraMS,recall,63,52,0.9750051695616212
1,S,UltraMS,hit_rate,64,52,1.0
1,S,UltraMS,recall,64,52,0.9755475758732584
1,S,UltraMS,hit_rate,65,52,1.0
1,S,UltraMS,recall,65,52,0.9758577495705288
1,S,UltraMS,hit_rate,66,52,1.0
1,S,UltraMS,recall,66,52,0.9764001558821659
1,S,UltraMS,hit_rate,67,52,1.0
1,S,UltraMS,recall,67,52,0.9767103295794364
1,S,UltraMS,hit_rate,68,52,1.0
1,S,UltraMS,recall,68,52,0.9775629095883438
1,S,UltraMS,hit_rate,69,52,1.0
1,S,UltraMS,recall,69,52,0.978105315899981
1,S,UltraMS,hit_rate,70,52,1.0
1,S,UltraMS,recall,70,52,0.9786477222116179
1,S,UltraMS,hit_rate,71,52,1.0
1,S,UltraMS,recall,71,52,0.979190128523255
1,S,UltraMS,hit_rate,72,52,1.0
1,S,UltraMS,recall,72,52,0.9794366768467264
1,S,UltraMS,hit_rate,73,52,1.0
1,S,UltraMS,recall,73,52,0.9799933988674684
1,S,UltraMS,hit_rate,74,52,1.0
1,S,UltraMS,recall,74,52,0.9808459788763758
1,S,UltraMS,hit_rate,75,52,1.0
1,S,UltraMS,recall,75,52,0.981452010561812
1,S,UltraMS,hit_rate,76,52,1.0
1,S,UltraMS,recall,76,52,0.9816985588852835
1,S,UltraMS,hit_rate,77,52,1.0
1,S,UltraMS,recall,77,52,0.982551138894191
1,S,UltraMS,hit_rate,78,52,1.0
1,S,UltraMS,recall,78,52,0.9836482789336388
1,S,UltraMS,hit_rate,79,52,1.0
1,S,UltraMS,recall,79,52,0.9838948272571102
1,S,UltraMS,hit_rate,80,52,1.0
1,S,UltraMS,recall,80,52,0.9844515492778521
1,S,UltraMS,hit_rate,81,52,1.0
1,S,UltraMS,recall,81,52,0.9846980976013234
1,S,UltraMS,hit_rate,82,52,1.0
1,S,UltraMS,recall,82,52,0.9850082712985938
1,S,UltraMS,hit_rate,83,52,1.0
1,S,UltraMS,recall,83,52,0.9852548196220652
1,S,UltraMS,hit_rate,84,52,1.0
1,S,UltraMS,recall,84,52,0.9855649933193357
1,S,UltraMS,hit_rate,85,52,1.0
1,S,UltraMS,recall,85,52,0.9864175733282432
1,S,UltraMS,hit_rate,86,52,1.0
1,S,UltraMS,recall,86,52,0.9872701533371508
1,S,UltraMS,hit_rate,87,52,1.0
1,S,UltraMS,recall,87,52,0.9875660113253166
1,S,UltraMS,hit_rate,88,52,1.0
1,S,UltraMS,recall,88,52,0.9878125596487879
1,S,UltraMS,hit_rate,89,52,1.0
1,S,UltraMS,recall,89,52,0.9884185913342242
1,S,UltraMS,hit_rate,90,52,1.0
1,S,UltraMS,recall,90,52,0.9889609976458611
1,S,UltraMS,hit_rate,91,52,1.0
1,S,UltraMS,recall,91,52,0.9903046860087803
1,S,UltraMS,hit_rate,92,52,1.0
1,S,UltraMS,recall,92,52,0.9911572660176878
1,S,UltraMS,hit_rate,93,52,1.0
1,S,UltraMS,recall,93,52,0.991763297703124
1,S,UltraMS,hit_rate,94,52,1.0
1,S,UltraMS,recall,94,52,0.9920098460265954
1,S,UltraMS,hit_rate,95,52,1.0
1,S,UltraMS,recall,95,52,0.9920098460265954
1,S,UltraMS,hit_rate,96,52,1.0
1,S,UltraMS,recall,96,52,0.9925522523382325
1,S,UltraMS,hit_rate,97,52,1.0
1,S,UltraMS,recall,97,52,0.9938959407011516
1,S,UltraMS,hit_rate,98,52,1.0
1,S,UltraMS,recall,98,52,0.994142489024623
1,S,UltraMS,hit_rate,99,52,1.0
1,S,UltraMS,recall,99,52,0.994142489024623
1,S,UltraMS,hit_rate,100,52,1.0
1,S,UltraMS,recall,100,52,0.994699211045365
1,S,UltraMS,hit_rate,101,52,1.0
1,S,UltraMS,recall,101,52,0.9949457593688363
1,S,UltraMS,hit_rate,102,52,1.0
1,S,UltraMS,recall,102,52,0.9949457593688363
1,S,UltraMS,hit_rate,103,52,1.0
1,S,UltraMS,recall,103,52,0.9951923076923077
1,S,UltraMS,hit_rate,104,52,1.0
1,S,UltraMS,recall,104,52,0.9951923076923077
1,S,UltraMS,hit_rate,105,52,1.0
1,S,UltraMS,recall,105,52,0.9951923076923077
1,S,UltraMS,hit_rate,106,52,1.0
1,S,UltraMS,recall,106,52,0.9954388560157791
1,S,UltraMS,hit_rate,107,52,1.0
1,S,UltraMS,recall,107,52,0.9954388560157791
1,S,UltraMS,hit_rate,108,52,1.0
1,S,UltraMS,recall,108,52,0.9956854043392505
1,S,UltraMS,hit_rate,109,52,1.0
1,S,UltraMS,recall,109,52,0.9956854043392505
1,S,UltraMS,hit_rate,110,52,1.0
1,S,UltraMS,recall,110,52,0.9956854043392505
1,S,UltraMS,hit_rate,111,52,1.0
1,S,UltraMS,recall,111,52,0.9956854043392505
1,S,UltraMS,hit_rate,112,52,1.0
1,S,UltraMS,recall,112,52,0.9956854043392505
1,S,UltraMS,hit_rate,113,52,1.0
1,S,UltraMS,recall,113,52,0.9959319526627219
1,S,UltraMS,hit_rate,114,52,1.0
1,S,UltraMS,recall,114,52,0.9959319526627219
1,S,UltraMS,hit_rate,115,52,1.0
1,S,UltraMS,recall,115,52,0.9961785009861933
1,S,UltraMS,hit_rate,116,52,1.0
1,S,UltraMS,recall,116,52,0.9961785009861933
1,S,UltraMS,hit_rate,117,52,1.0
1,S,UltraMS,recall,117,52,0.9969797830374753
1,S,UltraMS,hit_rate,118,52,1.0
1,S,UltraMS,recall,118,52,0.9969797830374753
1,S,UltraMS,hit_rate,119,52,1.0
1,S,UltraMS,recall,119,52,0.9969797830374753
1,S,UltraMS,hit_rate,120,52,1.0
1,S,UltraMS,recall,120,52,0.9972263313609466
1,S,UltraMS,hit_rate,121,52,1.0
1,S,UltraMS,recall,121,52,0.9972263313609466
1,S,UltraMS,hit_rate,122,52,1.0
1,S,UltraMS,recall,122,52,0.9972263313609466
1,S,UltraMS,hit_rate,123,52,1.0
1,S,UltraMS,recall,123,52,0.9972263313609466
1,S,UltraMS,hit_rate,124,52,1.0
1,S,UltraMS,recall,124,52,0.9974728796844181
1,S,UltraMS,hit_rate,125,52,1.0
1,S,UltraMS,recall,125,52,0.9974728796844181
1,S,UltraMS,hit_rate,126,52,1.0
1,S,UltraMS,recall,126,52,0.9977194280078895
1,S,UltraMS,hit_rate,127,52,1.0
1,S,UltraMS,recall,127,52,0.9977194280078895
1,S,UltraMS,hit_rate,128,52,1.0
1,S,UltraMS,recall,128,52,0.9979659763313611
1,S,UltraMS,hit_rate,129,52,1.0
1,S,UltraMS,recall,129,52,0.9979659763313611
1,S,UltraMS,hit_rate,130,52,1.0
1,S,UltraMS,recall,130,52,0.9982125246548323
1,S,UltraMS,hit_rate,131,52,1.0
1,S,UltraMS,recall,131,52,0.9984590729783037
1,S,UltraMS,hit_rate,132,52,1.0
1,S,UltraMS,recall,132,52,0.9984590729783037
1,S,UltraMS,hit_rate,133,52,1.0
1,S,UltraMS,recall,133,52,0.9984590729783037
1,S,UltraMS,hit_rate,134,52,1.0
1,S,UltraMS,recall,134,52,0.9987056213017751
1,S,UltraMS,hit_rate,135,52,1.0
1,S,UltraMS,recall,135,52,0.9989521696252465
1,S,UltraMS,hit_rate,136,52,1.0
1,S,UltraMS,recall,136,52,0.9997534516765286
1,S,UltraMS,hit_rate,137,52,1.0
1,S,UltraMS,recall,137,52,0.9997534516765286
1,S,UltraMS,hit_rate,138,52,1.0
1,S,UltraMS,recall,138,52,0.9997534516765286
1,S,UltraMS,hit_rate,139,52,1.0
1,S,UltraMS,recall,139,52,0.9997534516765286
1,S,UltraMS,hit_rate,140,52,1.0
1,S,UltraMS,recall,140,52,0.9997534516765286
1,S,UltraMS,hit_rate,141,52,1.0
1,S,UltraMS,recall,141,52,0.9997534516765286
1,S,UltraMS,hit_rate,142,52,1.0
1,S,UltraMS,recall,142,52,0.9997534516765286
1,S,UltraMS,hit_rate,143,52,1.0
1,S,UltraMS,recall,143,52,0.9997534516765286
1,S,UltraMS,hit_rate,144,52,1.0
1,S,UltraMS,recall,144,52,0.9997534516765286
1,S,UltraMS,hit_rate,145,52,1.0
1,S,UltraMS,recall,145,52,1.0
1,S,UltraMS,hit_rate,146,52,1.0
1,S,UltraMS,recall,146,52,1.0
1,S,UltraMS,hit_rate,147,52,1.0
1,S,UltraMS,recall,147,52,1.0
1,S,UltraMS,hit_rate,148,52,1.0
1,S,UltraMS,recall,148,52,1.0
1,S,UltraMS,hit_rate,149,52,1.0
1,S,UltraMS,recall,149,52,1.0
1,S,UltraMS,hit_rate,150,52,1.0
1,S,UltraMS,recall,150,52,1.0
1,S,DreaMS,hit_rate,5,52,0.6538461538461539
1,S,DreaMS,recall,5,52,0.24104179004338305
1,S,DreaMS,hit_rate,6,52,0.6730769230769231
1,S,DreaMS,recall,6,52,0.2712023157921441
1,S,DreaMS,hit_rate,7,52,0.7115384615384616
1,S,DreaMS,recall,7,52,0.29641344050592133
1,S,DreaMS,hit_rate,8,52,0.75
1,S,DreaMS,recall,8,52,0.3426280735740026
1,S,DreaMS,hit_rate,9,52,0.8269230769230769
1,S,DreaMS,recall,9,52,0.4043273789199583
1,S,DreaMS,hit_rate,10,52,0.8269230769230769
1,S,DreaMS,recall,10,52,0.43088313742005285
1,S,DreaMS,hit_rate,11,52,0.8653846153846154
1,S,DreaMS,recall,11,52,0.46985571884760097
1,S,DreaMS,hit_rate,12,52,0.8846153846153846
1,S,DreaMS,recall,12,52,0.5235472679567897
1,S,DreaMS,hit_rate,13,52,0.9038461538461539
1,S,DreaMS,recall,13,52,0.5600853107429027
1,S,DreaMS,hit_rate,14,52,0.9230769230769231
1,S,DreaMS,recall,14,52,0.5996728355104055
1,S,DreaMS,hit_rate,15,52,0.9230769230769231
1,S,DreaMS,recall,15,52,0.6272248378918122
1,S,DreaMS,hit_rate,16,52,0.9615384615384616
1,S,DreaMS,recall,16,52,0.6740986959754499
1,S,DreaMS,hit_rate,17,52,1.0
1,S,DreaMS,recall,17,52,0.7035172286745257
1,S,DreaMS,hit_rate,18,52,1.0
1,S,DreaMS,recall,18,52,0.7113451379447427
1,S,DreaMS,hit_rate,19,52,1.0
1,S,DreaMS,recall,19,52,0.7261912031009815
1,S,DreaMS,hit_rate,20,52,1.0
1,S,DreaMS,recall,20,52,0.7547863759893565
1,S,DreaMS,hit_rate,21,52,1.0
1,S,DreaMS,recall,21,52,0.7635165347195152
1,S,DreaMS,hit_rate,22,52,1.0
1,S,DreaMS,recall,22,52,0.7745509145019651
1,S,DreaMS,hit_rate,23,52,1.0
1,S,DreaMS,recall,23,52,0.7899899671241012
1,S,DreaMS,hit_rate,24,52,1.0
1,S,DreaMS,recall,24,52,0.8007991462454822
1,S,DreaMS,hit_rate,25,52,1.0
1,S,DreaMS,recall,25,52,0.8161204688378928
1,S,DreaMS,hit_rate,26,52,1.0
1,S,DreaMS,recall,26,52,0.8217054968367138
1,S,DreaMS,hit_rate,27,52,1.0
1,S,DreaMS,recall,27,52,0.8290526368761617
1,S,DreaMS,hit_rate,28,52,1.0
1,S,DreaMS,recall,28,52,0.8417606460724654
1,S,DreaMS,hit_rate,29,52,1.0
1,S,DreaMS,recall,29,52,0.8463959817872054
1,S,DreaMS,hit_rate,30,52,1.0
1,S,DreaMS,recall,30,52,0.8556348235525726
1,S,DreaMS,hit_rate,31,52,1.0
1,S,DreaMS,recall,31,52,0.8638338001651711
1,S,DreaMS,hit_rate,32,52,1.0
1,S,DreaMS,recall,32,52,0.8671216640114499
1,S,DreaMS,hit_rate,33,52,1.0
1,S,DreaMS,recall,33,52,0.8735049192702674
1,S,DreaMS,hit_rate,34,52,1.0
1,S,DreaMS,recall,34,52,0.8806624864391467
1,S,DreaMS,hit_rate,35,52,1.0
1,S,DreaMS,recall,35,52,0.8878577443287407
1,S,DreaMS,hit_rate,36,52,1.0
1,S,DreaMS,recall,36,52,0.8919723344990932
1,S,DreaMS,hit_rate,37,52,1.0
1,S,DreaMS,recall,37,52,0.8985366996305331
1,S,DreaMS,hit_rate,38,52,1.0
1,S,DreaMS,recall,38,52,0.9005520946479565
1,S,DreaMS,hit_rate,39,52,1.0
1,S,DreaMS,recall,39,52,0.9044821434533964
1,S,DreaMS,hit_rate,40,52,1.0
1,S,DreaMS,recall,40,52,0.9076838709919941
1,S,DreaMS,hit_rate,41,52,1.0
1,S,DreaMS,recall,41,52,0.9124863278861935
1,S,DreaMS,hit_rate,42,52,1.0
1,S,DreaMS,recall,42,52,0.9172887847803929
1,S,DreaMS,hit_rate,43,52,1.0
1,S,DreaMS,recall,43,52,0.9212694369823594
1,S,DreaMS,hit_rate,44,52,1.0
1,S,DreaMS,recall,44,52,0.9236722773640392
1,S,DreaMS,hit_rate,45,52,1.0
1,S,DreaMS,recall,45,52,0.9289667650836323
1,S,DreaMS,hit_rate,46,52,1.0
1,S,DreaMS,recall,46,52,0.9342422762727652
1,S,DreaMS,hit_rate,47,52,1.0
1,S,DreaMS,recall,47,52,0.9360399351356415
1,S,DreaMS,hit_rate,48,52,1.0
1,S,DreaMS,recall,48,52,0.9382580198802515
1,S,DreaMS,hit_rate,49,52,1.0
1,S,DreaMS,recall,49,52,0.9434089631758167
1,S,DreaMS,hit_rate,50,52,1.0
1,S,DreaMS,recall,50,52,0.9463793082666802
1,S,DreaMS,hit_rate,51,52,1.0
1,S,DreaMS,recall,51,52,0.9471189532370944
1,S,DreaMS,hit_rate,52,52,1.0
1,S,DreaMS,recall,52,52,0.948686523384069
1,S,DreaMS,hit_rate,53,52,1.0
1,S,DreaMS,recall,53,52,0.9500892983279581
1,S,DreaMS,hit_rate,54,52,1.0
1,S,DreaMS,recall,54,52,0.9521984246199372
1,S,DreaMS,hit_rate,55,52,1.0
1,S,DreaMS,recall,55,52,0.9524194679444288
1,S,DreaMS,hit_rate,56,52,1.0
1,S,DreaMS,recall,56,52,0.954512134628838
1,S,DreaMS,hit_rate,57,52,1.0
1,S,DreaMS,recall,57,52,0.9564461265944891
1,S,DreaMS,hit_rate,58,52,1.0
1,S,DreaMS,recall,58,52,0.9569630279071464
1,S,DreaMS,hit_rate,59,52,1.0
1,S,DreaMS,recall,59,52,0.957258885895312
1,S,DreaMS,hit_rate,60,52,1.0
1,S,DreaMS,recall,60,52,0.9578649175807482
1,S,DreaMS,hit_rate,61,52,1.0
1,S,DreaMS,recall,61,52,0.9589968959702517
1,S,DreaMS,hit_rate,62,52,1.0
1,S,DreaMS,recall,62,52,0.9611021780305005
1,S,DreaMS,hit_rate,63,52,1.0
1,S,DreaMS,recall,63,52,0.962234156420004
1,S,DreaMS,hit_rate,64,52,1.0
1,S,DreaMS,recall,64,52,0.9630612314299316
1,S,DreaMS,hit_rate,65,52,1.0
1,S,DreaMS,recall,65,52,0.9642555784251686
1,S,DreaMS,hit_rate,66,52,1.0
1,S,DreaMS,recall,66,52,0.9648616101106048
1,S,DreaMS,hit_rate,67,52,1.0
1,S,DreaMS,recall,67,52,0.9651717838078753
1,S,DreaMS,hit_rate,68,52,1.0
1,S,DreaMS,recall,68,52,0.9687461115650557
1,S,DreaMS,hit_rate,69,52,1.0
1,S,DreaMS,recall,69,52,0.9720993959977446
1,S,DreaMS,hit_rate,70,52,1.0
1,S,DreaMS,recall,70,52,0.9727054276831808
1,S,DreaMS,hit_rate,71,52,1.0
1,S,DreaMS,recall,71,52,0.9732223289958379
1,S,DreaMS,hit_rate,72,52,1.0
1,S,DreaMS,recall,72,52,0.9732223289958379
1,S,DreaMS,hit_rate,73,52,1.0
1,S,DreaMS,recall,73,52,0.9737535460176001
1,S,DreaMS,hit_rate,74,52,1.0
1,S,DreaMS,recall,74,52,0.9740494040057659
1,S,DreaMS,hit_rate,75,52,1.0
1,S,DreaMS,recall,75,52,0.974566305318423
1,S,DreaMS,hit_rate,76,52,1.0
1,S,DreaMS,recall,76,52,0.9748764790156935
1,S,DreaMS,hit_rate,77,52,1.0
1,S,DreaMS,recall,77,52,0.9757035540256213
1,S,DreaMS,hit_rate,78,52,1.0
1,S,DreaMS,recall,78,52,0.9766625419872619
1,S,DreaMS,hit_rate,79,52,1.0
1,S,DreaMS,recall,79,52,0.9772685736726979
1,S,DreaMS,hit_rate,80,52,1.0
1,S,DreaMS,recall,80,52,0.9780956486826257
1,S,DreaMS,hit_rate,81,52,1.0
1,S,DreaMS,recall,81,52,0.9780956486826257
1,S,DreaMS,hit_rate,82,52,1.0
1,S,DreaMS,recall,82,52,0.9787016803680617
1,S,DreaMS,hit_rate,83,52,1.0
1,S,DreaMS,recall,83,52,0.9790118540653322
1,S,DreaMS,hit_rate,84,52,1.0
1,S,DreaMS,recall,84,52,0.97983892907526
1,S,DreaMS,hit_rate,85,52,1.0
1,S,DreaMS,recall,85,52,0.9804449607606962
1,S,DreaMS,hit_rate,86,52,1.0
1,S,DreaMS,recall,86,52,0.9807551344579667
1,S,DreaMS,hit_rate,87,52,1.0
1,S,DreaMS,recall,87,52,0.9810509924461324
1,S,DreaMS,hit_rate,88,52,1.0
1,S,DreaMS,recall,88,52,0.9813611661434029
1,S,DreaMS,hit_rate,89,52,1.0
1,S,DreaMS,recall,89,52,0.9828513711268053
1,S,DreaMS,hit_rate,90,52,1.0
1,S,DreaMS,recall,90,52,0.9833825881485675
1,S,DreaMS,hit_rate,91,52,1.0
1,S,DreaMS,recall,91,52,0.983692761845838
1,S,DreaMS,hit_rate,92,52,1.0
1,S,DreaMS,recall,92,52,0.9845198368557657
1,S,DreaMS,hit_rate,93,52,1.0
1,S,DreaMS,recall,93,52,0.9847408801802573
1,S,DreaMS,hit_rate,94,52,1.0
1,S,DreaMS,recall,94,52,0.9852720972020195
1,S,DreaMS,hit_rate,95,52,1.0
1,S,DreaMS,recall,95,52,0.9858033142237814
1,S,DreaMS,hit_rate,96,52,1.0
1,S,DreaMS,recall,96,52,0.9858033142237814
1,S,DreaMS,hit_rate,97,52,1.0
1,S,DreaMS,recall,97,52,0.9863345312455435
1,S,DreaMS,hit_rate,98,52,1.0
1,S,DreaMS,recall,98,52,0.9868657482673056
1,S,DreaMS,hit_rate,99,52,1.0
1,S,DreaMS,recall,99,52,0.9871759219645759
1,S,DreaMS,hit_rate,100,52,1.0
1,S,DreaMS,recall,100,52,0.9877071389863381
1,S,DreaMS,hit_rate,101,52,1.0
1,S,DreaMS,recall,101,52,0.9880173126836086
1,S,DreaMS,hit_rate,102,52,1.0
1,S,DreaMS,recall,102,52,0.9880173126836086
1,S,DreaMS,hit_rate,103,52,1.0
1,S,DreaMS,recall,103,52,0.9882383560081002
1,S,DreaMS,hit_rate,104,52,1.0
1,S,DreaMS,recall,104,52,0.9885485297053708
1,S,DreaMS,hit_rate,105,52,1.0
1,S,DreaMS,recall,105,52,0.9890797467271327
1,S,DreaMS,hit_rate,106,52,1.0
1,S,DreaMS,recall,106,52,0.9893899204244032
1,S,DreaMS,hit_rate,107,52,1.0
1,S,DreaMS,recall,107,52,0.9896109637488948
1,S,DreaMS,hit_rate,108,52,1.0
1,S,DreaMS,recall,108,52,0.9896109637488948
1,S,DreaMS,hit_rate,109,52,1.0
1,S,DreaMS,recall,109,52,0.9898320070733864
1,S,DreaMS,hit_rate,110,52,1.0
1,S,DreaMS,recall,110,52,0.9900530503978779
1,S,DreaMS,hit_rate,111,52,1.0
1,S,DreaMS,recall,111,52,0.9902740937223696
1,S,DreaMS,hit_rate,112,52,1.0
1,S,DreaMS,recall,112,52,0.9902740937223696
1,S,DreaMS,hit_rate,113,52,1.0
1,S,DreaMS,recall,113,52,0.9911582670203359
1,S,DreaMS,hit_rate,114,52,1.0
1,S,DreaMS,recall,114,52,0.9913793103448275
1,S,DreaMS,hit_rate,115,52,1.0
1,S,DreaMS,recall,115,52,0.9916003536693191
1,S,DreaMS,hit_rate,116,52,1.0
1,S,DreaMS,recall,116,52,0.9918213969938108
1,S,DreaMS,hit_rate,117,52,1.0
1,S,DreaMS,recall,117,52,0.9924845269672856
1,S,DreaMS,hit_rate,118,52,1.0
1,S,DreaMS,recall,118,52,0.993368700265252
1,S,DreaMS,hit_rate,119,52,1.0
1,S,DreaMS,recall,119,52,0.9935897435897437
1,S,DreaMS,hit_rate,120,52,1.0
1,S,DreaMS,recall,120,52,0.9938107869142352
1,S,DreaMS,hit_rate,121,52,1.0
1,S,DreaMS,recall,121,52,0.9940318302387268
1,S,DreaMS,hit_rate,122,52,1.0
1,S,DreaMS,recall,122,52,0.9942528735632183
1,S,DreaMS,hit_rate,123,52,1.0
1,S,DreaMS,recall,123,52,0.9942528735632183
1,S,DreaMS,hit_rate,124,52,1.0
1,S,DreaMS,recall,124,52,0.9944739168877099
1,S,DreaMS,hit_rate,125,52,1.0
1,S,DreaMS,recall,125,52,0.9946949602122016
1,S,DreaMS,hit_rate,126,52,1.0
1,S,DreaMS,recall,126,52,0.9949160035366932
1,S,DreaMS,hit_rate,127,52,1.0
1,S,DreaMS,recall,127,52,0.9951370468611849
1,S,DreaMS,hit_rate,128,52,1.0
1,S,DreaMS,recall,128,52,0.9953580901856764
1,S,DreaMS,hit_rate,129,52,1.0
1,S,DreaMS,recall,129,52,0.995579133510168
1,S,DreaMS,hit_rate,130,52,1.0
1,S,DreaMS,recall,130,52,0.995579133510168
1,S,DreaMS,hit_rate,131,52,1.0
1,S,DreaMS,recall,131,52,0.9958001768346596
1,S,DreaMS,hit_rate,132,52,1.0
1,S,DreaMS,recall,132,52,0.9960212201591511
1,S,DreaMS,hit_rate,133,52,1.0
1,S,DreaMS,recall,133,52,0.9962422634836428
1,S,DreaMS,hit_rate,134,52,1.0
1,S,DreaMS,recall,134,52,0.9964633068081343
1,S,DreaMS,hit_rate,135,52,1.0
1,S,DreaMS,recall,135,52,0.996684350132626
1,S,DreaMS,hit_rate,136,52,1.0
1,S,DreaMS,recall,136,52,0.9969053934571176
1,S,DreaMS,hit_rate,137,52,1.0
1,S,DreaMS,recall,137,52,0.9971264367816092
1,S,DreaMS,hit_rate,138,52,1.0
1,S,DreaMS,recall,138,52,0.9973474801061007
1,S,DreaMS,hit_rate,139,52,1.0
1,S,DreaMS,recall,139,52,0.9973474801061007
1,S,DreaMS,hit_rate,140,52,1.0
1,S,DreaMS,recall,140,52,0.9973474801061007
1,S,DreaMS,hit_rate,141,52,1.0
1,S,DreaMS,recall,141,52,0.9982316534040673
1,S,DreaMS,hit_rate,142,52,1.0
1,S,DreaMS,recall,142,52,0.9984526967285589
1,S,DreaMS,hit_rate,143,52,1.0
1,S,DreaMS,recall,143,52,0.9986737400530503
1,S,DreaMS,hit_rate,144,52,1.0
1,S,DreaMS,recall,144,52,0.9988947833775419
1,S,DreaMS,hit_rate,145,52,1.0
1,S,DreaMS,recall,145,52,0.9991158267020336
1,S,DreaMS,hit_rate,146,52,1.0
1,S,DreaMS,recall,146,52,0.9993368700265252
1,S,DreaMS,hit_rate,147,52,1.0
1,S,DreaMS,recall,147,52,0.9993368700265252
1,S,DreaMS,hit_rate,148,52,1.0
1,S,DreaMS,recall,148,52,0.9995579133510168
1,S,DreaMS,hit_rate,149,52,1.0
1,S,DreaMS,recall,149,52,0.9997789566755084
1,S,DreaMS,hit_rate,150,52,1.0
1,S,DreaMS,recall,150,52,1.0
1,S,Linear SVM,hit_rate,5,52,0.7115384615384616
1,S,Linear SVM,recall,5,52,0.2817243133793796
1,S,Linear SVM,hit_rate,6,52,0.7307692307692307
1,S,Linear SVM,recall,6,52,0.3132282092778974
1,S,Linear SVM,hit_rate,7,52,0.75
1,S,Linear SVM,recall,7,52,0.3549109220860013
1,S,Linear SVM,hit_rate,8,52,0.7884615384615384
1,S,Linear SVM,recall,8,52,0.4075273455176421
1,S,Linear SVM,hit_rate,9,52,0.8076923076923077
1,S,Linear SVM,recall,9,52,0.4477374604108404
1,S,Linear SVM,hit_rate,10,52,0.8269230769230769
1,S,Linear SVM,recall,10,52,0.4766893884585288
1,S,Linear SVM,hit_rate,11,52,0.8653846153846154
1,S,Linear SVM,recall,11,52,0.5065628194113642
1,S,Linear SVM,hit_rate,12,52,0.8846153846153846
1,S,Linear SVM,recall,12,52,0.5529243149751739
1,S,Linear SVM,hit_rate,13,52,0.9038461538461539
1,S,Linear SVM,recall,13,52,0.5907339361832041
1,S,Linear SVM,hit_rate,14,52,0.9038461538461539
1,S,Linear SVM,recall,14,52,0.6067795283082007
1,S,Linear SVM,hit_rate,15,52,0.9038461538461539
1,S,Linear SVM,recall,15,52,0.6228480142060911
1,S,Linear SVM,hit_rate,16,52,0.9230769230769231
1,S,Linear SVM,recall,16,52,0.6377968260779798
1,S,Linear SVM,hit_rate,17,52,0.9230769230769231
1,S,Linear SVM,recall,17,52,0.6438323290365597
1,S,Linear SVM,hit_rate,18,52,0.9423076923076923
1,S,Linear SVM,recall,18,52,0.6778938702811843
1,S,Linear SVM,hit_rate,19,52,0.9423076923076923
1,S,Linear SVM,recall,19,52,0.6926574111241296
1,S,Linear SVM,hit_rate,20,52,0.9615384615384616
1,S,Linear SVM,recall,20,52,0.7202843593393132
1,S,Linear SVM,hit_rate,21,52,0.9615384615384616
1,S,Linear SVM,recall,21,52,0.738392235762407
1,S,Linear SVM,hit_rate,22,52,0.9615384615384616
1,S,Linear SVM,recall,22,52,0.7566815243618694
1,S,Linear SVM,hit_rate,23,52,1.0
1,S,Linear SVM,recall,23,52,0.7943323923584977
1,S,Linear SVM,hit_rate,24,52,1.0
1,S,Linear SVM,recall,24,52,0.8030387450401826
1,S,Linear SVM,hit_rate,25,52,1.0
1,S,Linear SVM,recall,25,52,0.817272249092691
1,S,Linear SVM,hit_rate,26,52,1.0
1,S,Linear SVM,recall,26,52,0.8262696124742763
1,S,Linear SVM,hit_rate,27,52,1.0
1,S,Linear SVM,recall,27,52,0.8313456073692758
1,S,Linear SVM,hit_rate,28,52,1.0
1,S,Linear SVM,recall,28,52,0.8413774507995283
1,S,Linear SVM,hit_rate,29,52,1.0
1,S,Linear SVM,recall,29,52,0.850642411539821
1,S,Linear SVM,hit_rate,30,52,1.0
1,S,Linear SVM,recall,30,52,0.859263998559817
1,S,Linear SVM,hit_rate,31,52,1.0
1,S,Linear SVM,recall,31,52,0.8673831041902348
1,S,Linear SVM,hit_rate,32,52,1.0
1,S,Linear SVM,recall,32,52,0.872127398357606
1,S,Linear SVM,hit_rate,33,52,1.0
1,S,Linear SVM,recall,33,52,0.8773613662094397
1,S,Linear SVM,hit_rate,34,52,1.0
1,S,Linear SVM,recall,34,52,0.8877680535392041
1,S,Linear SVM,hit_rate,35,52,1.0
1,S,Linear SVM,recall,35,52,0.8895279313784864
1,S,Linear SVM,hit_rate,36,52,1.0
1,S,Linear SVM,recall,36,52,0.8910659157266445
1,S,Linear SVM,hit_rate,37,52,1.0
1,S,Linear SVM,recall,37,52,0.8972770168131365
1,S,Linear SVM,hit_rate,38,52,1.0
1,S,Linear SVM,recall,38,52,0.899664453368213
1,S,Linear SVM,hit_rate,39,52,1.0
1,S,Linear SVM,recall,39,52,0.9023446577791865
1,S,Linear SVM,hit_rate,40,52,1.0
1,S,Linear SVM,recall,40,52,0.9039791175582681
1,S,Linear SVM,hit_rate,41,52,1.0
1,S,Linear SVM,recall,41,52,0.9063250759836312
1,S,Linear SVM,hit_rate,42,52,1.0
1,S,Linear SVM,recall,42,52,0.9066209339717968
1,S,Linear SVM,hit_rate,43,52,1.0
1,S,Linear SVM,recall,43,52,0.9115807980993007
1,S,Linear SVM,hit_rate,44,52,1.0
1,S,Linear SVM,recall,44,52,0.9118909717965712
1,S,Linear SVM,hit_rate,45,52,1.0
1,S,Linear SVM,recall,45,52,0.9123791374770445
1,S,Linear SVM,hit_rate,46,52,1.0
1,S,Linear SVM,recall,46,52,0.9144726543280863
1,S,Linear SVM,hit_rate,47,52,1.0
1,S,Linear SVM,recall,47,52,0.9156189484266946
1,S,Linear SVM,hit_rate,48,52,1.0
1,S,Linear SVM,recall,48,52,0.9191187530059038
1,S,Linear SVM,hit_rate,49,52,1.0
1,S,Linear SVM,recall,49,52,0.9217147512465238
1,S,Linear SVM,hit_rate,50,52,1.0
1,S,Linear SVM,recall,50,52,0.9265423946535717
1,S,Linear SVM,hit_rate,51,52,1.0
1,S,Linear SVM,recall,51,52,0.9278880713094222
1,S,Linear SVM,hit_rate,52,52,1.0
1,S,Linear SVM,recall,52,52,0.9317661208320934
1,S,Linear SVM,hit_rate,53,52,1.0
1,S,Linear SVM,recall,53,52,0.9373334092095553
1,S,Linear SVM,hit_rate,54,52,1.0
1,S,Linear SVM,recall,54,52,0.9396793676349182
1,S,Linear SVM,hit_rate,55,52,1.0
1,S,Linear SVM,recall,55,52,0.9418933715796916
1,S,Linear SVM,hit_rate,56,52,1.0
1,S,Linear SVM,recall,56,52,0.9472469616908067
1,S,Linear SVM,hit_rate,57,52,1.0
1,S,Linear SVM,recall,57,52,0.9521760114952477
1,S,Linear SVM,hit_rate,58,52,1.0
1,S,Linear SVM,recall,58,52,0.9536181635820216
1,S,Linear SVM,hit_rate,59,52,1.0
1,S,Linear SVM,recall,59,52,0.9566755900265448
1,S,Linear SVM,hit_rate,60,52,1.0
1,S,Linear SVM,recall,60,52,0.9600288744592336
1,S,Linear SVM,hit_rate,61,52,1.0
1,S,Linear SVM,recall,61,52,0.9608272138369774
1,S,Linear SVM,hit_rate,62,52,1.0
1,S,Linear SVM,recall,62,52,0.9610195215292852
1,S,Linear SVM,hit_rate,63,52,1.0
1,S,Linear SVM,recall,63,52,0.9626539813083669
1,S,Linear SVM,hit_rate,64,52,1.0
1,S,Linear SVM,recall,64,52,0.9645540088530163
1,S,Linear SVM,hit_rate,65,52,1.0
1,S,Linear SVM,recall,65,52,0.9651600405384524
1,S,Linear SVM,hit_rate,66,52,1.0
1,S,Linear SVM,recall,66,52,0.9656482062189258
1,S,Linear SVM,hit_rate,67,52,1.0
1,S,Linear SVM,recall,67,52,0.966150687608504
1,S,Linear SVM,hit_rate,68,52,1.0
1,S,Linear SVM,recall,68,52,0.966150687608504
1,S,Linear SVM,hit_rate,69,52,1.0
1,S,Linear SVM,recall,69,52,0.9669044210545452
1,S,Linear SVM,hit_rate,70,52,1.0
1,S,Linear SVM,recall,70,52,0.9673925867350186
1,S,Linear SVM,hit_rate,71,52,1.0
1,S,Linear SVM,recall,71,52,0.9675848944273262
1,S,Linear SVM,hit_rate,72,52,1.0
1,S,Linear SVM,recall,72,52,0.9680730601077996
1,S,Linear SVM,hit_rate,73,52,1.0
1,S,Linear SVM,recall,73,52,0.9682653678001073
1,S,Linear SVM,hit_rate,74,52,1.0
1,S,Linear SVM,recall,74,52,0.9685612257882729
1,S,Linear SVM,hit_rate,75,52,1.0
1,S,Linear SVM,recall,75,52,0.9690637071778512
1,S,Linear SVM,hit_rate,76,52,1.0
1,S,Linear SVM,recall,76,52,0.9700240640253047
1,S,Linear SVM,hit_rate,77,52,1.0
1,S,Linear SVM,recall,77,52,0.971280278860924
1,S,Linear SVM,hit_rate,78,52,1.0
1,S,Linear SVM,recall,78,52,0.971280278860924
1,S,Linear SVM,hit_rate,79,52,1.0
1,S,Linear SVM,recall,79,52,0.9715761368490897
1,S,Linear SVM,hit_rate,80,52,1.0
1,S,Linear SVM,recall,80,52,0.9723744762268336
1,S,Linear SVM,hit_rate,81,52,1.0
1,S,Linear SVM,recall,81,52,0.9726703342149992
1,S,Linear SVM,hit_rate,82,52,1.0
1,S,Linear SVM,recall,82,52,0.9732763659004354
1,S,Linear SVM,hit_rate,83,52,1.0
1,S,Linear SVM,recall,83,52,0.973468673592743
1,S,Linear SVM,hit_rate,84,52,1.0
1,S,Linear SVM,recall,84,52,0.9737645315809088
1,S,Linear SVM,hit_rate,85,52,1.0
1,S,Linear SVM,recall,85,52,0.9745628709586526
1,S,Linear SVM,hit_rate,86,52,1.0
1,S,Linear SVM,recall,86,52,0.9748730446559232
1,S,Linear SVM,hit_rate,87,52,1.0
1,S,Linear SVM,recall,87,52,0.9753612103363966
1,S,Linear SVM,hit_rate,88,52,1.0
1,S,Linear SVM,recall,88,52,0.9758493760168698
1,S,Linear SVM,hit_rate,89,52,1.0
1,S,Linear SVM,recall,89,52,0.976351857406448
1,S,Linear SVM,hit_rate,90,52,1.0
1,S,Linear SVM,recall,90,52,0.9768400230869213
1,S,Linear SVM,hit_rate,91,52,1.0
1,S,Linear SVM,recall,91,52,0.9768400230869213
1,S,Linear SVM,hit_rate,92,52,1.0
1,S,Linear SVM,recall,92,52,0.9776383624646652
1,S,Linear SVM,hit_rate,93,52,1.0
1,S,Linear SVM,recall,93,52,0.977934220452831
1,S,Linear SVM,hit_rate,94,52,1.0
1,S,Linear SVM,recall,94,52,0.977934220452831
1,S,Linear SVM,hit_rate,95,52,1.0
1,S,Linear SVM,recall,95,52,0.978540252138267
1,S,Linear SVM,hit_rate,96,52,1.0
1,S,Linear SVM,recall,96,52,0.9790427335278452
1,S,Linear SVM,hit_rate,97,52,1.0
1,S,Linear SVM,recall,97,52,0.9795308992083185
1,S,Linear SVM,hit_rate,98,52,1.0
1,S,Linear SVM,recall,98,52,0.979841072905589
1,S,Linear SVM,hit_rate,99,52,1.0
1,S,Linear SVM,recall,99,52,0.9808014297530426
1,S,Linear SVM,hit_rate,100,52,1.0
1,S,Linear SVM,recall,100,52,0.981111603450313
1,S,Linear SVM,hit_rate,101,52,1.0
1,S,Linear SVM,recall,101,52,0.9813039111426208
1,S,Linear SVM,hit_rate,102,52,1.0
1,S,Linear SVM,recall,102,52,0.9818063925321989
1,S,Linear SVM,hit_rate,103,52,1.0
1,S,Linear SVM,recall,103,52,0.9819987002245066
1,S,Linear SVM,hit_rate,104,52,1.0
1,S,Linear SVM,recall,104,52,0.9826488833746898
1,S,Linear SVM,hit_rate,105,52,1.0
1,S,Linear SVM,recall,105,52,0.9829590570719602
1,S,Linear SVM,hit_rate,106,52,1.0
1,S,Linear SVM,recall,106,52,0.9832692307692307
1,S,Linear SVM,hit_rate,107,52,1.0
1,S,Linear SVM,recall,107,52,0.9834615384615385
1,S,Linear SVM,hit_rate,108,52,1.0
1,S,Linear SVM,recall,108,52,0.9841117216117217
1,S,Linear SVM,hit_rate,109,52,1.0
1,S,Linear SVM,recall,109,52,0.9847619047619047
1,S,Linear SVM,hit_rate,110,52,1.0
1,S,Linear SVM,recall,110,52,0.9849542124542124
1,S,Linear SVM,hit_rate,111,52,1.0
1,S,Linear SVM,recall,111,52,0.98514652014652
1,S,Linear SVM,hit_rate,112,52,1.0
1,S,Linear SVM,recall,112,52,0.9853388278388279
1,S,Linear SVM,hit_rate,113,52,1.0
1,S,Linear SVM,recall,113,52,0.9855311355311355
1,S,Linear SVM,hit_rate,114,52,1.0
1,S,Linear SVM,recall,114,52,0.9861813186813186
1,S,Linear SVM,hit_rate,115,52,1.0
1,S,Linear SVM,recall,115,52,0.9861813186813186
1,S,Linear SVM,hit_rate,116,52,1.0
1,S,Linear SVM,recall,116,52,0.9863736263736264
1,S,Linear SVM,hit_rate,117,52,1.0
1,S,Linear SVM,recall,117,52,0.9868315018315018
1,S,Linear SVM,hit_rate,118,52,1.0
1,S,Linear SVM,recall,118,52,0.9868315018315018
1,S,Linear SVM,hit_rate,119,52,1.0
1,S,Linear SVM,recall,119,52,0.987481684981685
1,S,Linear SVM,hit_rate,120,52,1.0
1,S,Linear SVM,recall,120,52,0.9876739926739926
1,S,Linear SVM,hit_rate,121,52,1.0
1,S,Linear SVM,recall,121,52,0.9881318681318683
1,S,Linear SVM,hit_rate,122,52,1.0
1,S,Linear SVM,recall,122,52,0.9881318681318683
1,S,Linear SVM,hit_rate,123,52,1.0
1,S,Linear SVM,recall,123,52,0.9881318681318683
1,S,Linear SVM,hit_rate,124,52,1.0
1,S,Linear SVM,recall,124,52,0.9881318681318683
1,S,Linear SVM,hit_rate,125,52,1.0
1,S,Linear SVM,recall,125,52,0.9881318681318683
1,S,Linear SVM,hit_rate,126,52,1.0
1,S,Linear SVM,recall,126,52,0.9881318681318683
1,S,Linear SVM,hit_rate,127,52,1.0
1,S,Linear SVM,recall,127,52,0.9883241758241758
1,S,Linear SVM,hit_rate,128,52,1.0
1,S,Linear SVM,recall,128,52,0.9887820512820513
1,S,Linear SVM,hit_rate,129,52,1.0
1,S,Linear SVM,recall,129,52,0.9887820512820513
1,S,Linear SVM,hit_rate,130,52,1.0
1,S,Linear SVM,recall,130,52,0.9892399267399268
1,S,Linear SVM,hit_rate,131,52,1.0
1,S,Linear SVM,recall,131,52,0.9892399267399268
1,S,Linear SVM,hit_rate,132,52,1.0
1,S,Linear SVM,recall,132,52,0.9892399267399268
1,S,Linear SVM,hit_rate,133,52,1.0
1,S,Linear SVM,recall,133,52,0.9896978021978022
1,S,Linear SVM,hit_rate,134,52,1.0
1,S,Linear SVM,recall,134,52,0.9901556776556777
1,S,Linear SVM,hit_rate,135,52,1.0
1,S,Linear SVM,recall,135,52,0.9901556776556777
1,S,Linear SVM,hit_rate,136,52,1.0
1,S,Linear SVM,recall,136,52,0.990613553113553
1,S,Linear SVM,hit_rate,137,52,1.0
1,S,Linear SVM,recall,137,52,0.990613553113553
1,S,Linear SVM,hit_rate,138,52,1.0
1,S,Linear SVM,recall,138,52,0.9908058608058609
1,S,Linear SVM,hit_rate,139,52,1.0
1,S,Linear SVM,recall,139,52,0.9908058608058609
1,S,Linear SVM,hit_rate,140,52,1.0
1,S,Linear SVM,recall,140,52,0.9909981684981685
1,S,Linear SVM,hit_rate,141,52,1.0
1,S,Linear SVM,recall,141,52,0.9911904761904762
1,S,Linear SVM,hit_rate,142,52,1.0
1,S,Linear SVM,recall,142,52,0.9911904761904762
1,S,Linear SVM,hit_rate,143,52,1.0
1,S,Linear SVM,recall,143,52,0.9911904761904762
1,S,Linear SVM,hit_rate,144,52,1.0
1,S,Linear SVM,recall,144,52,0.9911904761904762
1,S,Linear SVM,hit_rate,145,52,1.0
1,S,Linear SVM,recall,145,52,0.9911904761904762
1,S,Linear SVM,hit_rate,146,52,1.0
1,S,Linear SVM,recall,146,52,0.991382783882784
1,S,Linear SVM,hit_rate,147,52,1.0
1,S,Linear SVM,recall,147,52,0.991382783882784
1,S,Linear SVM,hit_rate,148,52,1.0
1,S,Linear SVM,recall,148,52,0.9915750915750916
1,S,Linear SVM,hit_rate,149,52,1.0
1,S,Linear SVM,recall,149,52,0.9917673992673992
1,S,Linear SVM,hit_rate,150,52,1.0
1,S,Linear SVM,recall,150,52,0.991959706959707
1,S,Random forest,hit_rate,5,52,0.75
1,S,Random forest,recall,5,52,0.29558117040840126
1,S,Random forest,hit_rate,6,52,0.8269230769230769
1,S,Random forest,recall,6,52,0.3357160186878714
1,S,Random forest,hit_rate,7,52,0.8269230769230769
1,S,Random forest,recall,7,52,0.362340564287749
1,S,Random forest,hit_rate,8,52,0.8461538461538461
1,S,Random forest,recall,8,52,0.394895509342694
1,S,Random forest,hit_rate,9,52,0.8461538461538461
1,S,Random forest,recall,9,52,0.42217099476280134
1,S,Random forest,hit_rate,10,52,0.8461538461538461
1,S,Random forest,recall,10,52,0.4455488587289006
1,S,Random forest,hit_rate,11,52,0.8461538461538461
1,S,Random forest,recall,11,52,0.4723667310275422
1,S,Random forest,hit_rate,12,52,0.8461538461538461
1,S,Random forest,recall,12,52,0.49601865741776285
1,S,Random forest,hit_rate,13,52,0.8653846153846154
1,S,Random forest,recall,13,52,0.5264391840711468
1,S,Random forest,hit_rate,14,52,0.9038461538461539
1,S,Random forest,recall,14,52,0.5729542440192901
1,S,Random forest,hit_rate,15,52,0.9038461538461539
1,S,Random forest,recall,15,52,0.5970373114894544
1,S,Random forest,hit_rate,16,52,0.9230769230769231
1,S,Random forest,recall,16,52,0.6320996799502319
1,S,Random forest,hit_rate,17,52,0.9230769230769231
1,S,Random forest,recall,17,52,0.6521454944521475
1,S,Random forest,hit_rate,18,52,0.9423076923076923
1,S,Random forest,recall,18,52,0.6841550905219174
1,S,Random forest,hit_rate,19,52,0.9615384615384616
1,S,Random forest,recall,19,52,0.7041784356631285
1,S,Random forest,hit_rate,20,52,0.9807692307692307
1,S,Random forest,recall,20,52,0.741989583122685
1,S,Random forest,hit_rate,21,52,0.9807692307692307
1,S,Random forest,recall,21,52,0.7536543300257261
1,S,Random forest,hit_rate,22,52,0.9807692307692307
1,S,Random forest,recall,22,52,0.7626650766543387
1,S,Random forest,hit_rate,23,52,1.0
1,S,Random forest,recall,23,52,0.7868620335436034
1,S,Random forest,hit_rate,24,52,1.0
1,S,Random forest,recall,24,52,0.7966344978925973
1,S,Random forest,hit_rate,25,52,1.0
1,S,Random forest,recall,25,52,0.8034403980855943
1,S,Random forest,hit_rate,26,52,1.0
1,S,Random forest,recall,26,52,0.8084403980855941
1,S,Random forest,hit_rate,27,52,1.0
1,S,Random forest,recall,27,52,0.8147191620566658
1,S,Random forest,hit_rate,28,52,1.0
1,S,Random forest,recall,28,52,0.827952702020975
1,S,Random forest,hit_rate,29,52,1.0
1,S,Random forest,recall,29,52,0.8356567425351895
1,S,Random forest,hit_rate,30,52,1.0
1,S,Random forest,recall,30,52,0.8409422614001127
1,S,Random forest,hit_rate,31,52,1.0
1,S,Random forest,recall,31,52,0.8468989826281526
1,S,Random forest,hit_rate,32,52,1.0
1,S,Random forest,recall,32,52,0.8487706059880703
1,S,Random forest,hit_rate,33,52,1.0
1,S,Random forest,recall,33,52,0.855973770566626
1,S,Random forest,hit_rate,34,52,1.0
1,S,Random forest,recall,34,52,0.8621077793540874
1,S,Random forest,hit_rate,35,52,1.0
1,S,Random forest,recall,35,52,0.8673019579353629
1,S,Random forest,hit_rate,36,52,1.0
1,S,Random forest,recall,36,52,0.8698118198683017
1,S,Random forest,hit_rate,37,52,1.0
1,S,Random forest,recall,37,52,0.8748909425652904
1,S,Random forest,hit_rate,38,52,1.0
1,S,Random forest,recall,38,52,0.8790640934060808
1,S,Random forest,hit_rate,39,52,1.0
1,S,Random forest,recall,39,52,0.8805054888228084
1,S,Random forest,hit_rate,40,52,1.0
1,S,Random forest,recall,40,52,0.884051080947805
1,S,Random forest,hit_rate,41,52,1.0
1,S,Random forest,recall,41,52,0.8888755965528634
1,S,Random forest,hit_rate,42,52,1.0
1,S,Random forest,recall,42,52,0.8912642147220247
1,S,Random forest,hit_rate,43,52,1.0
1,S,Random forest,recall,43,52,0.8976313425774468
1,S,Random forest,hit_rate,44,52,1.0
1,S,Random forest,recall,44,52,0.8990584222850695
1,S,Random forest,hit_rate,45,52,1.0
1,S,Random forest,recall,45,52,0.904847604153656
1,S,Random forest,hit_rate,46,52,1.0
1,S,Random forest,recall,46,52,0.9105780916149127
1,S,Random forest,hit_rate,47,52,1.0
1,S,Random forest,recall,47,52,0.9189883515005046
1,S,Random forest,hit_rate,48,52,1.0
1,S,Random forest,recall,48,52,0.9237987786299364
1,S,Random forest,hit_rate,49,52,1.0
1,S,Random forest,recall,49,52,0.9255964374928125
1,S,Random forest,hit_rate,50,52,1.0
1,S,Random forest,recall,50,52,0.9273563153320948
1,S,Random forest,hit_rate,51,52,1.0
1,S,Random forest,recall,51,52,0.9283847434257404
1,S,Random forest,hit_rate,52,52,1.0
1,S,Random forest,recall,52,52,0.9286949171230108
1,S,Random forest,hit_rate,53,52,1.0
1,S,Random forest,recall,53,52,0.9350680356792126
1,S,Random forest,hit_rate,54,52,1.0
1,S,Random forest,recall,54,52,0.938531884018452
1,S,Random forest,hit_rate,55,52,1.0
1,S,Random forest,recall,55,52,0.9396638624079555
1,S,Random forest,hit_rate,56,52,1.0
1,S,Random forest,recall,56,52,0.943460933822893
1,S,Random forest,hit_rate,57,52,1.0
1,S,Random forest,recall,57,52,0.9450953936019746
1,S,Random forest,hit_rate,58,52,1.0
1,S,Random forest,recall,58,52,0.9450953936019746
1,S,Random forest,hit_rate,59,52,1.0
1,S,Random forest,recall,59,52,0.9478426463492274
1,S,Random forest,hit_rate,60,52,1.0
1,S,Random forest,recall,60,52,0.9505898990964803
1,S,Random forest,hit_rate,61,52,1.0
1,S,Random forest,recall,61,52,0.9522243588755617
1,S,Random forest,hit_rate,62,52,1.0
1,S,Random forest,recall,62,52,0.953548644957373
1,S,Random forest,hit_rate,63,52,1.0
1,S,Random forest,recall,63,52,0.9551528145138567
1,S,Random forest,hit_rate,64,52,1.0
1,S,Random forest,recall,64,52,0.9559511538916006
1,S,Random forest,hit_rate,65,52,1.0
1,S,Random forest,recall,65,52,0.9572073687272198
1,S,Random forest,hit_rate,66,52,1.0
1,S,Random forest,recall,66,52,0.9576955344076932
1,S,Random forest,hit_rate,67,52,1.0
1,S,Random forest,recall,67,52,0.9583015660931294
1,S,Random forest,hit_rate,68,52,1.0
1,S,Random forest,recall,68,52,0.9592476072314782
1,S,Random forest,hit_rate,69,52,1.0
1,S,Random forest,recall,69,52,0.9602079640789319
1,S,Random forest,hit_rate,70,52,1.0
1,S,Random forest,recall,70,52,0.9606961297594052
1,S,Random forest,hit_rate,71,52,1.0
1,S,Random forest,recall,71,52,0.9611842954398786
1,S,Random forest,hit_rate,72,52,1.0
1,S,Random forest,recall,72,52,0.9619380288859196
1,S,Random forest,hit_rate,73,52,1.0
1,S,Random forest,recall,73,52,0.9627363682636635
1,S,Random forest,hit_rate,74,52,1.0
1,S,Random forest,recall,74,52,0.9630322262518293
1,S,Random forest,hit_rate,75,52,1.0
1,S,Random forest,recall,75,52,0.963830565629573
1,S,Random forest,hit_rate,76,52,1.0
1,S,Random forest,recall,76,52,0.9643187313100464
1,S,Random forest,hit_rate,77,52,1.0
1,S,Random forest,recall,77,52,0.9649247629954826
1,S,Random forest,hit_rate,78,52,1.0
1,S,Random forest,recall,78,52,0.9652206209836482
1,S,Random forest,hit_rate,79,52,1.0
1,S,Random forest,recall,79,52,0.965516478971814
1,S,Random forest,hit_rate,80,52,1.0
1,S,Random forest,recall,80,52,0.9658123369599796
1,S,Random forest,hit_rate,81,52,1.0
1,S,Random forest,recall,81,52,0.9664183686454157
1,S,Random forest,hit_rate,82,52,1.0
1,S,Random forest,recall,82,52,0.9672167080231596
1,S,Random forest,hit_rate,83,52,1.0
1,S,Random forest,recall,83,52,0.9675125660113254
1,S,Random forest,hit_rate,84,52,1.0
1,S,Random forest,recall,84,52,0.9681185976967615
1,S,Random forest,hit_rate,85,52,1.0
1,S,Random forest,recall,85,52,0.9684144556849271
1,S,Random forest,hit_rate,86,52,1.0
1,S,Random forest,recall,86,52,0.9691825048400731
1,S,Random forest,hit_rate,87,52,1.0
1,S,Random forest,recall,87,52,0.9694783628282386
1,S,Random forest,hit_rate,88,52,1.0
1,S,Random forest,recall,88,52,0.9699808442178169
1,S,Random forest,hit_rate,89,52,1.0
1,S,Random forest,recall,89,52,0.9704690098982902
1,S,Random forest,hit_rate,90,52,1.0
1,S,Random forest,recall,90,52,0.9717252247339097
1,S,Random forest,hit_rate,91,52,1.0
1,S,Random forest,recall,91,52,0.9717252247339097
1,S,Random forest,hit_rate,92,52,1.0
1,S,Random forest,recall,92,52,0.9726712658722584
1,S,Random forest,hit_rate,93,52,1.0
1,S,Random forest,recall,93,52,0.9731594315527319
1,S,Random forest,hit_rate,94,52,1.0
1,S,Random forest,recall,94,52,0.9739577709304756
1,S,Random forest,hit_rate,95,52,1.0
1,S,Random forest,recall,95,52,0.9747561103082195
1,S,Random forest,hit_rate,96,52,1.0
1,S,Random forest,recall,96,52,0.9760123251438387
1,S,Random forest,hit_rate,97,52,1.0
1,S,Random forest,recall,97,52,0.976618356829275
1,S,Random forest,hit_rate,98,52,1.0
1,S,Random forest,recall,98,52,0.9774166962070188
1,S,Random forest,hit_rate,99,52,1.0
1,S,Random forest,recall,99,52,0.977919177596597
1,S,Random forest,hit_rate,100,52,1.0
1,S,Random forest,recall,100,52,0.9786872267517429
1,S,Random forest,hit_rate,101,52,1.0
1,S,Random forest,recall,101,52,0.9789974004490134
1,S,Random forest,hit_rate,102,52,1.0
1,S,Random forest,recall,102,52,0.9794998818385915
1,S,Random forest,hit_rate,103,52,1.0
1,S,Random forest,recall,103,52,0.979810055535862
1,S,Random forest,hit_rate,104,52,1.0
1,S,Random forest,recall,104,52,0.979810055535862
1,S,Random forest,hit_rate,105,52,1.0
1,S,Random forest,recall,105,52,0.9803125369254402
1,S,Random forest,hit_rate,106,52,1.0
1,S,Random forest,recall,106,52,0.9812728937728938
1,S,Random forest,hit_rate,107,52,1.0
1,S,Random forest,recall,107,52,0.9814652014652014
1,S,Random forest,hit_rate,108,52,1.0
1,S,Random forest,recall,108,52,0.981923076923077
1,S,Random forest,hit_rate,109,52,1.0
1,S,Random forest,recall,109,52,0.9821153846153846
1,S,Random forest,hit_rate,110,52,1.0
1,S,Random forest,recall,110,52,0.9827655677655678
1,S,Random forest,hit_rate,111,52,1.0
1,S,Random forest,recall,111,52,0.9829578754578754
1,S,Random forest,hit_rate,112,52,1.0
1,S,Random forest,recall,112,52,0.983415750915751
1,S,Random forest,hit_rate,113,52,1.0
1,S,Random forest,recall,113,52,0.983415750915751
1,S,Random forest,hit_rate,114,52,1.0
1,S,Random forest,recall,114,52,0.9836080586080586
1,S,Random forest,hit_rate,115,52,1.0
1,S,Random forest,recall,115,52,0.9838003663003664
1,S,Random forest,hit_rate,116,52,1.0
1,S,Random forest,recall,116,52,0.9838003663003664
1,S,Random forest,hit_rate,117,52,1.0
1,S,Random forest,recall,117,52,0.983992673992674
1,S,Random forest,hit_rate,118,52,1.0
1,S,Random forest,recall,118,52,0.983992673992674
1,S,Random forest,hit_rate,119,52,1.0
1,S,Random forest,recall,119,52,0.9844505494505496
1,S,Random forest,hit_rate,120,52,1.0
1,S,Random forest,recall,120,52,0.9844505494505496
1,S,Random forest,hit_rate,121,52,1.0
1,S,Random forest,recall,121,52,0.9846428571428572
1,S,Random forest,hit_rate,122,52,1.0
1,S,Random forest,recall,122,52,0.9852930402930403
1,S,Random forest,hit_rate,123,52,1.0
1,S,Random forest,recall,123,52,0.9854853479853479
1,S,Random forest,hit_rate,124,52,1.0
1,S,Random forest,recall,124,52,0.9856776556776558
1,S,Random forest,hit_rate,125,52,1.0
1,S,Random forest,recall,125,52,0.9858699633699634
1,S,Random forest,hit_rate,126,52,1.0
1,S,Random forest,recall,126,52,0.9858699633699634
1,S,Random forest,hit_rate,127,52,1.0
1,S,Random forest,recall,127,52,0.9858699633699634
1,S,Random forest,hit_rate,128,52,1.0
1,S,Random forest,recall,128,52,0.9858699633699634
1,S,Random forest,hit_rate,129,52,1.0
1,S,Random forest,recall,129,52,0.9860622710622711
1,S,Random forest,hit_rate,130,52,1.0
1,S,Random forest,recall,130,52,0.9862545787545787
1,S,Random forest,hit_rate,131,52,1.0
1,S,Random forest,recall,131,52,0.9864468864468864
1,S,Random forest,hit_rate,132,52,1.0
1,S,Random forest,recall,132,52,0.9866391941391941
1,S,Random forest,hit_rate,133,52,1.0
1,S,Random forest,recall,133,52,0.9868315018315018
1,S,Random forest,hit_rate,134,52,1.0
1,S,Random forest,recall,134,52,0.9868315018315018
1,S,Random forest,hit_rate,135,52,1.0
1,S,Random forest,recall,135,52,0.9868315018315018
1,S,Random forest,hit_rate,136,52,1.0
1,S,Random forest,recall,136,52,0.9870238095238094
1,S,Random forest,hit_rate,137,52,1.0
1,S,Random forest,recall,137,52,0.9872161172161172
1,S,Random forest,hit_rate,138,52,1.0
1,S,Random forest,recall,138,52,0.987408424908425
1,S,Random forest,hit_rate,139,52,1.0
1,S,Random forest,recall,139,52,0.9876007326007326
1,S,Random forest,hit_rate,140,52,1.0
1,S,Random forest,recall,140,52,0.9877930402930404
1,S,Random forest,hit_rate,141,52,1.0
1,S,Random forest,recall,141,52,0.987985347985348
1,S,Random forest,hit_rate,142,52,1.0
1,S,Random forest,recall,142,52,0.9881776556776557
1,S,Random forest,hit_rate,143,52,1.0
1,S,Random forest,recall,143,52,0.9883699633699634
1,S,Random forest,hit_rate,144,52,1.0
1,S,Random forest,recall,144,52,0.9883699633699634
1,S,Random forest,hit_rate,145,52,1.0
1,S,Random forest,recall,145,52,0.9890201465201466
1,S,Random forest,hit_rate,146,52,1.0
1,S,Random forest,recall,146,52,0.9890201465201466
1,S,Random forest,hit_rate,147,52,1.0
1,S,Random forest,recall,147,52,0.9890201465201466
1,S,Random forest,hit_rate,148,52,1.0
1,S,Random forest,recall,148,52,0.9892124542124543
1,S,Random forest,hit_rate,149,52,1.0
1,S,Random forest,recall,149,52,0.9898626373626374
1,S,Random forest,hit_rate,150,52,1.0
1,S,Random forest,recall,150,52,0.9903205128205129
1,F,UltraMS,hit_rate,5,32,1.0
1,F,UltraMS,recall,5,32,0.4878182449433233
1,F,UltraMS,hit_rate,6,32,1.0
1,F,UltraMS,recall,6,32,0.5623471736464349
1,F,UltraMS,hit_rate,7,32,1.0
1,F,UltraMS,recall,7,32,0.5861219630462244
1,F,UltraMS,hit_rate,8,32,1.0
1,F,UltraMS,recall,8,32,0.6164172607969551
1,F,UltraMS,hit_rate,9,32,1.0
1,F,UltraMS,recall,9,32,0.6664807642533914
1,F,UltraMS,hit_rate,10,32,1.0
1,F,UltraMS,recall,10,32,0.7016678840423258
1,F,UltraMS,hit_rate,11,32,1.0
1,F,UltraMS,recall,11,32,0.7280603407068791
1,F,UltraMS,hit_rate,12,32,1.0
1,F,UltraMS,recall,12,32,0.7441693438025652
1,F,UltraMS,hit_rate,13,32,1.0
1,F,UltraMS,recall,13,32,0.7597277711208609
1,F,UltraMS,hit_rate,14,32,1.0
1,F,UltraMS,recall,14,32,0.7781690919059316
1,F,UltraMS,hit_rate,15,32,1.0
1,F,UltraMS,recall,15,32,0.7924820482097347
1,F,UltraMS,hit_rate,16,32,1.0
1,F,UltraMS,recall,16,32,0.8131615525131501
1,F,UltraMS,hit_rate,17,32,1.0
1,F,UltraMS,recall,17,32,0.8261241629353573
1,F,UltraMS,hit_rate,18,32,1.0
1,F,UltraMS,recall,18,32,0.8341938515149143
1,F,UltraMS,hit_rate,19,32,1.0
1,F,UltraMS,recall,19,32,0.8575311766826724
1,F,UltraMS,hit_rate,20,32,1.0
1,F,UltraMS,recall,20,32,0.8759771975026045
1,F,UltraMS,hit_rate,21,32,1.0
1,F,UltraMS,recall,21,32,0.8857728560036959
1,F,UltraMS,hit_rate,22,32,1.0
1,F,UltraMS,recall,22,32,0.9032157531642542
1,F,UltraMS,hit_rate,23,32,1.0
1,F,UltraMS,recall,23,32,0.9132865382350392
1,F,UltraMS,hit_rate,24,32,1.0
1,F,UltraMS,recall,24,32,0.9212970001407941
1,F,UltraMS,hit_rate,25,32,1.0
1,F,UltraMS,recall,25,32,0.9254012120465487
1,F,UltraMS,hit_rate,26,32,1.0
1,F,UltraMS,recall,26,32,0.9375217283001294
1,F,UltraMS,hit_rate,27,32,1.0
1,F,UltraMS,recall,27,32,0.9402672445537101
1,F,UltraMS,hit_rate,28,32,1.0
1,F,UltraMS,recall,28,32,0.9424705348004787
1,F,UltraMS,hit_rate,29,32,1.0
1,F,UltraMS,recall,29,32,0.9433633919433358
1,F,UltraMS,hit_rate,30,32,1.0
1,F,UltraMS,recall,30,32,0.9451008436807876
1,F,UltraMS,hit_rate,31,32,1.0
1,F,UltraMS,recall,31,32,0.9459454382753822
1,F,UltraMS,hit_rate,32,32,1.0
1,F,UltraMS,recall,32,32,0.9500496501811369
1,F,UltraMS,hit_rate,33,32,1.0
1,F,UltraMS,recall,33,32,0.9517871019185886
1,F,UltraMS,hit_rate,34,32,1.0
1,F,UltraMS,recall,34,32,0.9535245536560404
1,F,UltraMS,hit_rate,35,32,1.0
1,F,UltraMS,recall,35,32,0.956620701045666
1,F,UltraMS,hit_rate,36,32,1.0
1,F,UltraMS,recall,36,32,0.957628765561795
1,F,UltraMS,hit_rate,37,32,1.0
1,F,UltraMS,recall,37,32,0.9595296872207811
1,F,UltraMS,hit_rate,38,32,1.0
1,F,UltraMS,recall,38,32,0.9614306088797673
1,F,UltraMS,hit_rate,39,32,1.0
1,F,UltraMS,recall,39,32,0.9623234660226245
1,F,UltraMS,hit_rate,40,32,1.0
1,F,UltraMS,recall,40,32,0.9632163231654817
1,F,UltraMS,hit_rate,41,32,1.0
1,F,UltraMS,recall,41,32,0.9654678759605128
1,F,UltraMS,hit_rate,42,32,1.0
1,F,UltraMS,recall,42,32,0.9673205350712364
1,F,UltraMS,hit_rate,43,32,1.0
1,F,UltraMS,recall,43,32,0.970066051324817
1,F,UltraMS,hit_rate,44,32,1.0
1,F,UltraMS,recall,44,32,0.9732774060877147
1,F,UltraMS,hit_rate,45,32,1.0
1,F,UltraMS,recall,45,32,0.9741220006823093
1,F,UltraMS,hit_rate,46,32,1.0
1,F,UltraMS,recall,46,32,0.9763252909290778
1,F,UltraMS,hit_rate,47,32,1.0
1,F,UltraMS,recall,47,32,0.9771698855236723
1,F,UltraMS,hit_rate,48,32,1.0
1,F,UltraMS,recall,48,32,0.979022544634396
1,F,UltraMS,hit_rate,49,32,1.0
1,F,UltraMS,recall,49,32,0.9812258348811644
1,F,UltraMS,hit_rate,50,32,1.0
1,F,UltraMS,recall,50,32,0.9830784939918881
1,F,UltraMS,hit_rate,51,32,1.0
1,F,UltraMS,recall,51,32,0.9839230885864827
1,F,UltraMS,hit_rate,52,32,1.0
1,F,UltraMS,recall,52,32,0.9847676831810773
1,F,UltraMS,hit_rate,53,32,1.0
1,F,UltraMS,recall,53,32,0.985612277775672
1,F,UltraMS,hit_rate,54,32,1.0
1,F,UltraMS,recall,54,32,0.9874649368863955
1,F,UltraMS,hit_rate,55,32,1.0
1,F,UltraMS,recall,55,32,0.9898316970546985
1,F,UltraMS,hit_rate,56,32,1.0
1,F,UltraMS,recall,56,32,0.9908397615708275
1,F,UltraMS,hit_rate,57,32,1.0
1,F,UltraMS,recall,57,32,0.9908397615708275
1,F,UltraMS,hit_rate,58,32,1.0
1,F,UltraMS,recall,58,32,0.9921984572230014
1,F,UltraMS,hit_rate,59,32,1.0
1,F,UltraMS,recall,59,32,0.9932065217391304
1,F,UltraMS,hit_rate,60,32,1.0
1,F,UltraMS,recall,60,32,0.9932065217391304
1,F,UltraMS,hit_rate,61,32,1.0
1,F,UltraMS,recall,61,32,0.9945652173913043
1,F,UltraMS,hit_rate,62,32,1.0
1,F,UltraMS,recall,62,32,0.9945652173913043
1,F,UltraMS,hit_rate,63,32,1.0
1,F,UltraMS,recall,63,32,0.9959239130434783
1,F,UltraMS,hit_rate,64,32,1.0
1,F,UltraMS,recall,64,32,0.9959239130434783
1,F,UltraMS,hit_rate,65,32,1.0
1,F,UltraMS,recall,65,32,0.9972826086956521
1,F,UltraMS,hit_rate,66,32,1.0
1,F,UltraMS,recall,66,32,0.9972826086956521
1,F,UltraMS,hit_rate,67,32,1.0
1,F,UltraMS,recall,67,32,0.9972826086956521
1,F,UltraMS,hit_rate,68,32,1.0
1,F,UltraMS,recall,68,32,0.9972826086956521
1,F,UltraMS,hit_rate,69,32,1.0
1,F,UltraMS,recall,69,32,0.9972826086956521
1,F,UltraMS,hit_rate,70,32,1.0
1,F,UltraMS,recall,70,32,0.9972826086956521
1,F,UltraMS,hit_rate,71,32,1.0
1,F,UltraMS,recall,71,32,0.998641304347826
1,F,UltraMS,hit_rate,72,32,1.0
1,F,UltraMS,recall,72,32,0.998641304347826
1,F,UltraMS,hit_rate,73,32,1.0
1,F,UltraMS,recall,73,32,0.998641304347826
1,F,UltraMS,hit_rate,74,32,1.0
1,F,UltraMS,recall,74,32,0.998641304347826
1,F,UltraMS,hit_rate,75,32,1.0
1,F,UltraMS,recall,75,32,0.998641304347826
1,F,UltraMS,hit_rate,76,32,1.0
1,F,UltraMS,recall,76,32,0.998641304347826
1,F,UltraMS,hit_rate,77,32,1.0
1,F,UltraMS,recall,77,32,0.998641304347826
1,F,UltraMS,hit_rate,78,32,1.0
1,F,UltraMS,recall,78,32,1.0
1,F,UltraMS,hit_rate,79,32,1.0
1,F,UltraMS,recall,79,32,1.0
1,F,UltraMS,hit_rate,80,32,1.0
1,F,UltraMS,recall,80,32,1.0
1,F,UltraMS,hit_rate,81,32,1.0
1,F,UltraMS,recall,81,32,1.0
1,F,UltraMS,hit_rate,82,32,1.0
1,F,UltraMS,recall,82,32,1.0
1,F,UltraMS,hit_rate,83,32,1.0
1,F,UltraMS,recall,83,32,1.0
1,F,UltraMS,hit_rate,84,32,1.0
1,F,UltraMS,recall,84,32,1.0
1,F,UltraMS,hit_rate,85,32,1.0
1,F,UltraMS,recall,85,32,1.0
1,F,UltraMS,hit_rate,86,32,1.0
1,F,UltraMS,recall,86,32,1.0
1,F,UltraMS,hit_rate,87,32,1.0
1,F,UltraMS,recall,87,32,1.0
1,F,UltraMS,hit_rate,88,32,1.0
1,F,UltraMS,recall,88,32,1.0
1,F,UltraMS,hit_rate,89,32,1.0
1,F,UltraMS,recall,89,32,1.0
1,F,UltraMS,hit_rate,90,32,1.0
1,F,UltraMS,recall,90,32,1.0
1,F,UltraMS,hit_rate,91,32,1.0
1,F,UltraMS,recall,91,32,1.0
1,F,UltraMS,hit_rate,92,32,1.0
1,F,UltraMS,recall,92,32,1.0
1,F,UltraMS,hit_rate,93,32,1.0
1,F,UltraMS,recall,93,32,1.0
1,F,UltraMS,hit_rate,94,32,1.0
1,F,UltraMS,recall,94,32,1.0
1,F,UltraMS,hit_rate,95,32,1.0
1,F,UltraMS,recall,95,32,1.0
1,F,UltraMS,hit_rate,96,32,1.0
1,F,UltraMS,recall,96,32,1.0
1,F,UltraMS,hit_rate,97,32,1.0
1,F,UltraMS,recall,97,32,1.0
1,F,UltraMS,hit_rate,98,32,1.0
1,F,UltraMS,recall,98,32,1.0
1,F,UltraMS,hit_rate,99,32,1.0
1,F,UltraMS,recall,99,32,1.0
1,F,UltraMS,hit_rate,100,32,1.0
1,F,UltraMS,recall,100,32,1.0
1,F,UltraMS,hit_rate,101,32,1.0
1,F,UltraMS,recall,101,32,1.0
1,F,UltraMS,hit_rate,102,32,1.0
1,F,UltraMS,recall,102,32,1.0
1,F,UltraMS,hit_rate,103,32,1.0
1,F,UltraMS,recall,103,32,1.0
1,F,UltraMS,hit_rate,104,32,1.0
1,F,UltraMS,recall,104,32,1.0
1,F,UltraMS,hit_rate,105,32,1.0
1,F,UltraMS,recall,105,32,1.0
1,F,UltraMS,hit_rate,106,32,1.0
1,F,UltraMS,recall,106,32,1.0
1,F,UltraMS,hit_rate,107,32,1.0
1,F,UltraMS,recall,107,32,1.0
1,F,UltraMS,hit_rate,108,32,1.0
1,F,UltraMS,recall,108,32,1.0
1,F,UltraMS,hit_rate,109,32,1.0
1,F,UltraMS,recall,109,32,1.0
1,F,UltraMS,hit_rate,110,32,1.0
1,F,UltraMS,recall,110,32,1.0
1,F,UltraMS,hit_rate,111,32,1.0
1,F,UltraMS,recall,111,32,1.0
1,F,UltraMS,hit_rate,112,32,1.0
1,F,UltraMS,recall,112,32,1.0
1,F,UltraMS,hit_rate,113,32,1.0
1,F,UltraMS,recall,113,32,1.0
1,F,UltraMS,hit_rate,114,32,1.0
1,F,UltraMS,recall,114,32,1.0
1,F,UltraMS,hit_rate,115,32,1.0
1,F,UltraMS,recall,115,32,1.0
1,F,UltraMS,hit_rate,116,32,1.0
1,F,UltraMS,recall,116,32,1.0
1,F,UltraMS,hit_rate,117,32,1.0
1,F,UltraMS,recall,117,32,1.0
1,F,UltraMS,hit_rate,118,32,1.0
1,F,UltraMS,recall,118,32,1.0
1,F,UltraMS,hit_rate,119,32,1.0
1,F,UltraMS,recall,119,32,1.0
1,F,UltraMS,hit_rate,120,32,1.0
1,F,UltraMS,recall,120,32,1.0
1,F,UltraMS,hit_rate,121,32,1.0
1,F,UltraMS,recall,121,32,1.0
1,F,UltraMS,hit_rate,122,32,1.0
1,F,UltraMS,recall,122,32,1.0
1,F,UltraMS,hit_rate,123,32,1.0
1,F,UltraMS,recall,123,32,1.0
1,F,UltraMS,hit_rate,124,32,1.0
1,F,UltraMS,recall,124,32,1.0
1,F,UltraMS,hit_rate,125,32,1.0
1,F,UltraMS,recall,125,32,1.0
1,F,UltraMS,hit_rate,126,32,1.0
1,F,UltraMS,recall,126,32,1.0
1,F,UltraMS,hit_rate,127,32,1.0
1,F,UltraMS,recall,127,32,1.0
1,F,UltraMS,hit_rate,128,32,1.0
1,F,UltraMS,recall,128,32,1.0
1,F,UltraMS,hit_rate,129,32,1.0
1,F,UltraMS,recall,129,32,1.0
1,F,UltraMS,hit_rate,130,32,1.0
1,F,UltraMS,recall,130,32,1.0
1,F,UltraMS,hit_rate,131,32,1.0
1,F,UltraMS,recall,131,32,1.0
1,F,UltraMS,hit_rate,132,32,1.0
1,F,UltraMS,recall,132,32,1.0
1,F,UltraMS,hit_rate,133,32,1.0
1,F,UltraMS,recall,133,32,1.0
1,F,UltraMS,hit_rate,134,32,1.0
1,F,UltraMS,recall,134,32,1.0
1,F,UltraMS,hit_rate,135,32,1.0
1,F,UltraMS,recall,135,32,1.0
1,F,UltraMS,hit_rate,136,32,1.0
1,F,UltraMS,recall,136,32,1.0
1,F,UltraMS,hit_rate,137,32,1.0
1,F,UltraMS,recall,137,32,1.0
1,F,UltraMS,hit_rate,138,32,1.0
1,F,UltraMS,recall,138,32,1.0
1,F,UltraMS,hit_rate,139,32,1.0
1,F,UltraMS,recall,139,32,1.0
1,F,UltraMS,hit_rate,140,32,1.0
1,F,UltraMS,recall,140,32,1.0
1,F,UltraMS,hit_rate,141,32,1.0
1,F,UltraMS,recall,141,32,1.0
1,F,UltraMS,hit_rate,142,32,1.0
1,F,UltraMS,recall,142,32,1.0
1,F,UltraMS,hit_rate,143,32,1.0
1,F,UltraMS,recall,143,32,1.0
1,F,UltraMS,hit_rate,144,32,1.0
1,F,UltraMS,recall,144,32,1.0
1,F,UltraMS,hit_rate,145,32,1.0
1,F,UltraMS,recall,145,32,1.0
1,F,UltraMS,hit_rate,146,32,1.0
1,F,UltraMS,recall,146,32,1.0
1,F,UltraMS,hit_rate,147,32,1.0
1,F,UltraMS,recall,147,32,1.0
1,F,UltraMS,hit_rate,148,32,1.0
1,F,UltraMS,recall,148,32,1.0
1,F,UltraMS,hit_rate,149,32,1.0
1,F,UltraMS,recall,149,32,1.0
1,F,UltraMS,hit_rate,150,32,1.0
1,F,UltraMS,recall,150,32,1.0
1,F,DreaMS,hit_rate,5,32,0.46875
1,F,DreaMS,recall,5,32,0.17068310801996073
1,F,DreaMS,hit_rate,6,32,0.625
1,F,DreaMS,recall,6,32,0.2715242612459824
1,F,DreaMS,hit_rate,7,32,0.6875
1,F,DreaMS,recall,7,32,0.3085297289881331
1,F,DreaMS,hit_rate,8,32,0.71875
1,F,DreaMS,recall,8,32,0.3538387876195601
1,F,DreaMS,hit_rate,9,32,0.75
1,F,DreaMS,recall,9,32,0.422715263527286
1,F,DreaMS,hit_rate,10,32,0.84375
1,F,DreaMS,recall,10,32,0.4582764754132262
1,F,DreaMS,hit_rate,11,32,0.84375
1,F,DreaMS,recall,11,32,0.48892033601251966
1,F,DreaMS,hit_rate,12,32,0.84375
1,F,DreaMS,recall,12,32,0.5107333320442657
1,F,DreaMS,hit_rate,13,32,0.90625
1,F,DreaMS,recall,13,32,0.5484950893372731
1,F,DreaMS,hit_rate,14,32,0.9375
1,F,DreaMS,recall,14,32,0.5861736413051395
1,F,DreaMS,hit_rate,15,32,0.9375
1,F,DreaMS,recall,15,32,0.6072123964811229
1,F,DreaMS,hit_rate,16,32,0.96875
1,F,DreaMS,recall,16,32,0.6524405313563545
1,F,DreaMS,hit_rate,17,32,0.96875
1,F,DreaMS,recall,17,32,0.6599557844520405
1,F,DreaMS,hit_rate,18,32,0.96875
1,F,DreaMS,recall,18,32,0.6682408552371113
1,F,DreaMS,hit_rate,19,32,0.96875
1,F,DreaMS,recall,19,32,0.7010918982444043
1,F,DreaMS,hit_rate,20,32,0.96875
1,F,DreaMS,recall,20,32,0.7229332960938667
1,F,DreaMS,hit_rate,21,32,0.96875
1,F,DreaMS,recall,21,32,0.7396003349038385
1,F,DreaMS,hit_rate,22,32,0.96875
1,F,DreaMS,recall,22,32,0.7521839123722843
1,F,DreaMS,hit_rate,23,32,0.96875
1,F,DreaMS,recall,23,32,0.7741943526194075
1,F,DreaMS,hit_rate,24,32,1.0
1,F,DreaMS,recall,24,32,0.8005304102465836
1,F,DreaMS,hit_rate,25,32,1.0
1,F,DreaMS,recall,25,32,0.8164125988261406
1,F,DreaMS,hit_rate,26,32,1.0
1,F,DreaMS,recall,26,32,0.827749364653753
1,F,DreaMS,hit_rate,27,32,1.0
1,F,DreaMS,recall,27,32,0.8480564730043396
1,F,DreaMS,hit_rate,28,32,1.0
1,F,DreaMS,recall,28,32,0.8673772816555814
1,F,DreaMS,hit_rate,29,32,1.0
1,F,DreaMS,recall,29,32,0.8733388353145033
1,F,DreaMS,hit_rate,30,32,1.0
1,F,DreaMS,recall,30,32,0.8916515794496159
1,F,DreaMS,hit_rate,31,32,1.0
1,F,DreaMS,recall,31,32,0.900994317925419
1,F,DreaMS,hit_rate,32,32,1.0
1,F,DreaMS,recall,32,32,0.90637087072045
1,F,DreaMS,hit_rate,33,32,1.0
1,F,DreaMS,recall,33,32,0.9111997203073641
1,F,DreaMS,hit_rate,34,32,1.0
1,F,DreaMS,recall,34,32,0.9134030105541326
1,F,DreaMS,hit_rate,35,32,1.0
1,F,DreaMS,recall,35,32,0.9182654622915843
1,F,DreaMS,hit_rate,36,32,1.0
1,F,DreaMS,recall,36,32,0.923243121402308
1,F,DreaMS,hit_rate,37,32,1.0
1,F,DreaMS,recall,37,32,0.9259886376558888
1,F,DreaMS,hit_rate,38,32,1.0
1,F,DreaMS,recall,38,32,0.9287341539094695
1,F,DreaMS,hit_rate,39,32,1.0
1,F,DreaMS,recall,39,32,0.9328383658152242
1,F,DreaMS,hit_rate,40,32,1.0
1,F,DreaMS,recall,40,32,0.9359345132048498
1,F,DreaMS,hit_rate,41,32,1.0
1,F,DreaMS,recall,41,32,0.9390306605944755
1,F,DreaMS,hit_rate,42,32,1.0
1,F,DreaMS,recall,42,32,0.9431348725002302
1,F,DreaMS,hit_rate,43,32,1.0
1,F,DreaMS,recall,43,32,0.944872324237682
1,F,DreaMS,hit_rate,44,32,1.0
1,F,DreaMS,recall,44,32,0.9466097759751336
1,F,DreaMS,hit_rate,45,32,1.0
1,F,DreaMS,recall,45,32,0.9505457684191906
1,F,DreaMS,hit_rate,46,32,1.0
1,F,DreaMS,recall,46,32,0.952749058665959
1,F,DreaMS,hit_rate,47,32,1.0
1,F,DreaMS,recall,47,32,0.9546017177766828
1,F,DreaMS,hit_rate,48,32,1.0
1,F,DreaMS,recall,48,32,0.9564543768874063
1,F,DreaMS,hit_rate,49,32,1.0
1,F,DreaMS,recall,49,32,0.9585377102207397
1,F,DreaMS,hit_rate,50,32,1.0
1,F,DreaMS,recall,50,32,0.9603903693314633
1,F,DreaMS,hit_rate,51,32,1.0
1,F,DreaMS,recall,51,32,0.9624737026647967
1,F,DreaMS,hit_rate,52,32,1.0
1,F,DreaMS,recall,52,32,0.9624737026647967
1,F,DreaMS,hit_rate,53,32,1.0
1,F,DreaMS,recall,53,32,0.965565100514259
1,F,DreaMS,hit_rate,54,32,1.0
1,F,DreaMS,recall,54,32,0.9686564983637214
1,F,DreaMS,hit_rate,55,32,1.0
1,F,DreaMS,recall,55,32,0.9710232585320243
1,F,DreaMS,hit_rate,56,32,1.0
1,F,DreaMS,recall,56,32,0.9720313230481533
1,F,DreaMS,hit_rate,57,32,1.0
1,F,DreaMS,recall,57,32,0.9754733520336606
1,F,DreaMS,hit_rate,58,32,1.0
1,F,DreaMS,recall,58,32,0.9778401122019635
1,F,DreaMS,hit_rate,59,32,1.0
1,F,DreaMS,recall,59,32,0.9778401122019635
1,F,DreaMS,hit_rate,60,32,1.0
1,F,DreaMS,recall,60,32,0.9799234455352969
1,F,DreaMS,hit_rate,61,32,1.0
1,F,DreaMS,recall,61,32,0.9812821411874708
1,F,DreaMS,hit_rate,62,32,1.0
1,F,DreaMS,recall,62,32,0.9847241701729781
1,F,DreaMS,hit_rate,63,32,1.0
1,F,DreaMS,recall,63,32,0.9847241701729781
1,F,DreaMS,hit_rate,64,32,1.0
1,F,DreaMS,recall,64,32,0.9878155680224404
1,F,DreaMS,hit_rate,65,32,1.0
1,F,DreaMS,recall,65,32,0.9888236325385694
1,F,DreaMS,hit_rate,66,32,1.0
1,F,DreaMS,recall,66,32,0.9911903927068724
1,F,DreaMS,hit_rate,67,32,1.0
1,F,DreaMS,recall,67,32,0.9921984572230014
1,F,DreaMS,hit_rate,68,32,1.0
1,F,DreaMS,recall,68,32,0.9945652173913043
1,F,DreaMS,hit_rate,69,32,1.0
1,F,DreaMS,recall,69,32,0.9945652173913043
1,F,DreaMS,hit_rate,70,32,1.0
1,F,DreaMS,recall,70,32,0.9945652173913043
1,F,DreaMS,hit_rate,71,32,1.0
1,F,DreaMS,recall,71,32,0.9959239130434783
1,F,DreaMS,hit_rate,72,32,1.0
1,F,DreaMS,recall,72,32,0.9959239130434783
1,F,DreaMS,hit_rate,73,32,1.0
1,F,DreaMS,recall,73,32,0.9959239130434783
1,F,DreaMS,hit_rate,74,32,1.0
1,F,DreaMS,recall,74,32,0.9972826086956521
1,F,DreaMS,hit_rate,75,32,1.0
1,F,DreaMS,recall,75,32,0.9972826086956521
1,F,DreaMS,hit_rate,76,32,1.0
1,F,DreaMS,recall,76,32,0.9972826086956521
1,F,DreaMS,hit_rate,77,32,1.0
1,F,DreaMS,recall,77,32,0.9972826086956521
1,F,DreaMS,hit_rate,78,32,1.0
1,F,DreaMS,recall,78,32,0.9972826086956521
1,F,DreaMS,hit_rate,79,32,1.0
1,F,DreaMS,recall,79,32,0.9972826086956521
1,F,DreaMS,hit_rate,80,32,1.0
1,F,DreaMS,recall,80,32,0.998641304347826
1,F,DreaMS,hit_rate,81,32,1.0
1,F,DreaMS,recall,81,32,0.998641304347826
1,F,DreaMS,hit_rate,82,32,1.0
1,F,DreaMS,recall,82,32,0.998641304347826
1,F,DreaMS,hit_rate,83,32,1.0
1,F,DreaMS,recall,83,32,0.998641304347826
1,F,DreaMS,hit_rate,84,32,1.0
1,F,DreaMS,recall,84,32,0.998641304347826
1,F,DreaMS,hit_rate,85,32,1.0
1,F,DreaMS,recall,85,32,0.998641304347826
1,F,DreaMS,hit_rate,86,32,1.0
1,F,DreaMS,recall,86,32,0.998641304347826
1,F,DreaMS,hit_rate,87,32,1.0
1,F,DreaMS,recall,87,32,1.0
1,F,DreaMS,hit_rate,88,32,1.0
1,F,DreaMS,recall,88,32,1.0
1,F,DreaMS,hit_rate,89,32,1.0
1,F,DreaMS,recall,89,32,1.0
1,F,DreaMS,hit_rate,90,32,1.0
1,F,DreaMS,recall,90,32,1.0
1,F,DreaMS,hit_rate,91,32,1.0
1,F,DreaMS,recall,91,32,1.0
1,F,DreaMS,hit_rate,92,32,1.0
1,F,DreaMS,recall,92,32,1.0
1,F,DreaMS,hit_rate,93,32,1.0
1,F,DreaMS,recall,93,32,1.0
1,F,DreaMS,hit_rate,94,32,1.0
1,F,DreaMS,recall,94,32,1.0
1,F,DreaMS,hit_rate,95,32,1.0
1,F,DreaMS,recall,95,32,1.0
1,F,DreaMS,hit_rate,96,32,1.0
1,F,DreaMS,recall,96,32,1.0
1,F,DreaMS,hit_rate,97,32,1.0
1,F,DreaMS,recall,97,32,1.0
1,F,DreaMS,hit_rate,98,32,1.0
1,F,DreaMS,recall,98,32,1.0
1,F,DreaMS,hit_rate,99,32,1.0
1,F,DreaMS,recall,99,32,1.0
1,F,DreaMS,hit_rate,100,32,1.0
1,F,DreaMS,recall,100,32,1.0
1,F,DreaMS,hit_rate,101,32,1.0
1,F,DreaMS,recall,101,32,1.0
1,F,DreaMS,hit_rate,102,32,1.0
1,F,DreaMS,recall,102,32,1.0
1,F,DreaMS,hit_rate,103,32,1.0
1,F,DreaMS,recall,103,32,1.0
1,F,DreaMS,hit_rate,104,32,1.0
1,F,DreaMS,recall,104,32,1.0
1,F,DreaMS,hit_rate,105,32,1.0
1,F,DreaMS,recall,105,32,1.0
1,F,DreaMS,hit_rate,106,32,1.0
1,F,DreaMS,recall,106,32,1.0
1,F,DreaMS,hit_rate,107,32,1.0
1,F,DreaMS,recall,107,32,1.0
1,F,DreaMS,hit_rate,108,32,1.0
1,F,DreaMS,recall,108,32,1.0
1,F,DreaMS,hit_rate,109,32,1.0
1,F,DreaMS,recall,109,32,1.0
1,F,DreaMS,hit_rate,110,32,1.0
1,F,DreaMS,recall,110,32,1.0
1,F,DreaMS,hit_rate,111,32,1.0
1,F,DreaMS,recall,111,32,1.0
1,F,DreaMS,hit_rate,112,32,1.0
1,F,DreaMS,recall,112,32,1.0
1,F,DreaMS,hit_rate,113,32,1.0
1,F,DreaMS,recall,113,32,1.0
1,F,DreaMS,hit_rate,114,32,1.0
1,F,DreaMS,recall,114,32,1.0
1,F,DreaMS,hit_rate,115,32,1.0
1,F,DreaMS,recall,115,32,1.0
1,F,DreaMS,hit_rate,116,32,1.0
1,F,DreaMS,recall,116,32,1.0
1,F,DreaMS,hit_rate,117,32,1.0
1,F,DreaMS,recall,117,32,1.0
1,F,DreaMS,hit_rate,118,32,1.0
1,F,DreaMS,recall,118,32,1.0
1,F,DreaMS,hit_rate,119,32,1.0
1,F,DreaMS,recall,119,32,1.0
1,F,DreaMS,hit_rate,120,32,1.0
1,F,DreaMS,recall,120,32,1.0
1,F,DreaMS,hit_rate,121,32,1.0
1,F,DreaMS,recall,121,32,1.0
1,F,DreaMS,hit_rate,122,32,1.0
1,F,DreaMS,recall,122,32,1.0
1,F,DreaMS,hit_rate,123,32,1.0
1,F,DreaMS,recall,123,32,1.0
1,F,DreaMS,hit_rate,124,32,1.0
1,F,DreaMS,recall,124,32,1.0
1,F,DreaMS,hit_rate,125,32,1.0
1,F,DreaMS,recall,125,32,1.0
1,F,DreaMS,hit_rate,126,32,1.0
1,F,DreaMS,recall,126,32,1.0
1,F,DreaMS,hit_rate,127,32,1.0
1,F,DreaMS,recall,127,32,1.0
1,F,DreaMS,hit_rate,128,32,1.0
1,F,DreaMS,recall,128,32,1.0
1,F,DreaMS,hit_rate,129,32,1.0
1,F,DreaMS,recall,129,32,1.0
1,F,DreaMS,hit_rate,130,32,1.0
1,F,DreaMS,recall,130,32,1.0
1,F,DreaMS,hit_rate,131,32,1.0
1,F,DreaMS,recall,131,32,1.0
1,F,DreaMS,hit_rate,132,32,1.0
1,F,DreaMS,recall,132,32,1.0
1,F,DreaMS,hit_rate,133,32,1.0
1,F,DreaMS,recall,133,32,1.0
1,F,DreaMS,hit_rate,134,32,1.0
1,F,DreaMS,recall,134,32,1.0
1,F,DreaMS,hit_rate,135,32,1.0
1,F,DreaMS,recall,135,32,1.0
1,F,DreaMS,hit_rate,136,32,1.0
1,F,DreaMS,recall,136,32,1.0
1,F,DreaMS,hit_rate,137,32,1.0
1,F,DreaMS,recall,137,32,1.0
1,F,DreaMS,hit_rate,138,32,1.0
1,F,DreaMS,recall,138,32,1.0
1,F,DreaMS,hit_rate,139,32,1.0
1,F,DreaMS,recall,139,32,1.0
1,F,DreaMS,hit_rate,140,32,1.0
1,F,DreaMS,recall,140,32,1.0
1,F,DreaMS,hit_rate,141,32,1.0
1,F,DreaMS,recall,141,32,1.0
1,F,DreaMS,hit_rate,142,32,1.0
1,F,DreaMS,recall,142,32,1.0
1,F,DreaMS,hit_rate,143,32,1.0
1,F,DreaMS,recall,143,32,1.0
1,F,DreaMS,hit_rate,144,32,1.0
1,F,DreaMS,recall,144,32,1.0
1,F,DreaMS,hit_rate,145,32,1.0
1,F,DreaMS,recall,145,32,1.0
1,F,DreaMS,hit_rate,146,32,1.0
1,F,DreaMS,recall,146,32,1.0
1,F,DreaMS,hit_rate,147,32,1.0
1,F,DreaMS,recall,147,32,1.0
1,F,DreaMS,hit_rate,148,32,1.0
1,F,DreaMS,recall,148,32,1.0
1,F,DreaMS,hit_rate,149,32,1.0
1,F,DreaMS,recall,149,32,1.0
1,F,DreaMS,hit_rate,150,32,1.0
1,F,DreaMS,recall,150,32,1.0
1,F,Linear SVM,hit_rate,5,32,0.875
1,F,Linear SVM,recall,5,32,0.35736454171001486
1,F,Linear SVM,hit_rate,6,32,0.90625
1,F,Linear SVM,recall,6,32,0.412814558324346
1,F,Linear SVM,hit_rate,7,32,0.90625
1,F,Linear SVM,recall,7,32,0.44218113717760776
1,F,Linear SVM,hit_rate,8,32,0.9375
1,F,Linear SVM,recall,8,32,0.5015261028027346
1,F,Linear SVM,hit_rate,9,32,0.9375
1,F,Linear SVM,recall,9,32,0.5261015521404122
1,F,Linear SVM,hit_rate,10,32,0.9375
1,F,Linear SVM,recall,10,32,0.5542231107718393
1,F,Linear SVM,hit_rate,11,32,0.9375
1,F,Linear SVM,recall,11,32,0.579488255013798
1,F,Linear SVM,hit_rate,12,32,0.96875
1,F,Linear SVM,recall,12,32,0.6115397378876494
1,F,Linear SVM,hit_rate,13,32,0.96875
1,F,Linear SVM,recall,13,32,0.644308675374248
1,F,Linear SVM,hit_rate,14,32,0.96875
1,F,Linear SVM,recall,14,32,0.6640635118032674
1,F,Linear SVM,hit_rate,15,32,0.96875
1,F,Linear SVM,recall,15,32,0.7124385570423554
1,F,Linear SVM,hit_rate,16,32,0.96875
1,F,Linear SVM,recall,16,32,0.7256196322101134
1,F,Linear SVM,hit_rate,17,32,0.96875
1,F,Linear SVM,recall,17,32,0.75236068417798
1,F,Linear SVM,hit_rate,18,32,0.96875
1,F,Linear SVM,recall,18,32,0.770845248005205
1,F,Linear SVM,hit_rate,19,32,0.96875
1,F,Linear SVM,recall,19,32,0.777345704309008
1,F,Linear SVM,hit_rate,20,32,0.96875
1,F,Linear SVM,recall,20,32,0.7957204524123745
1,F,Linear SVM,hit_rate,21,32,0.96875
1,F,Linear SVM,recall,21,32,0.8113988366441054
1,F,Linear SVM,hit_rate,22,32,0.96875
1,F,Linear SVM,recall,22,32,0.8295614306290678
1,F,Linear SVM,hit_rate,23,32,1.0
1,F,Linear SVM,recall,23,32,0.8746420966068305
1,F,Linear SVM,hit_rate,24,32,1.0
1,F,Linear SVM,recall,24,32,0.8848553310689762
1,F,Linear SVM,hit_rate,25,32,1.0
1,F,Linear SVM,recall,25,32,0.8958428063868844
1,F,Linear SVM,hit_rate,26,32,1.0
1,F,Linear SVM,recall,26,32,0.9037966559737985
1,F,Linear SVM,hit_rate,27,32,1.0
1,F,Linear SVM,recall,27,32,0.9133062732849586
1,F,Linear SVM,hit_rate,28,32,1.0
1,F,Linear SVM,recall,28,32,0.9172758678795532
1,F,Linear SVM,hit_rate,29,32,1.0
1,F,Linear SVM,recall,29,32,0.9227413897924436
1,F,Linear SVM,hit_rate,30,32,1.0
1,F,Linear SVM,recall,30,32,0.9265894168813174
1,F,Linear SVM,hit_rate,31,32,1.0
1,F,Linear SVM,recall,31,32,0.9333212564146995
1,F,Linear SVM,hit_rate,32,32,1.0
1,F,Linear SVM,recall,32,32,0.9365808737258597
1,F,Linear SVM,hit_rate,33,32,1.0
1,F,Linear SVM,recall,33,32,0.9395570642020502
1,F,Linear SVM,hit_rate,34,32,1.0
1,F,Linear SVM,recall,34,32,0.942302580455631
1,F,Linear SVM,hit_rate,35,32,1.0
1,F,Linear SVM,recall,35,32,0.9450480967092117
1,F,Linear SVM,hit_rate,36,32,1.0
1,F,Linear SVM,recall,36,32,0.9491811612253407
1,F,Linear SVM,hit_rate,37,32,1.0
1,F,Linear SVM,recall,37,32,0.9512644945586741
1,F,Linear SVM,hit_rate,38,32,1.0
1,F,Linear SVM,recall,38,32,0.9574520397977622
1,F,Linear SVM,hit_rate,39,32,1.0
1,F,Linear SVM,recall,39,32,0.9604282302739526
1,F,Linear SVM,hit_rate,40,32,1.0
1,F,Linear SVM,recall,40,32,0.9634044207501431
1,F,Linear SVM,hit_rate,41,32,1.0
1,F,Linear SVM,recall,41,32,0.9651418724875949
1,F,Linear SVM,hit_rate,42,32,1.0
1,F,Linear SVM,recall,42,32,0.9668793242250465
1,F,Linear SVM,hit_rate,43,32,1.0
1,F,Linear SVM,recall,43,32,0.9677239188196411
1,F,Linear SVM,hit_rate,44,32,1.0
1,F,Linear SVM,recall,44,32,0.9694613705570929
1,F,Linear SVM,hit_rate,45,32,1.0
1,F,Linear SVM,recall,45,32,0.9713140296678164
1,F,Linear SVM,hit_rate,46,32,1.0
1,F,Linear SVM,recall,46,32,0.974525384430714
1,F,Linear SVM,hit_rate,47,32,1.0
1,F,Linear SVM,recall,47,32,0.9763780435414376
1,F,Linear SVM,hit_rate,48,32,1.0
1,F,Linear SVM,recall,48,32,0.9782307026521613
1,F,Linear SVM,hit_rate,49,32,1.0
1,F,Linear SVM,recall,49,32,0.9804339928989297
1,F,Linear SVM,hit_rate,50,32,1.0
1,F,Linear SVM,recall,50,32,0.9822866520096534
1,F,Linear SVM,hit_rate,51,32,1.0
1,F,Linear SVM,recall,51,32,0.984489942256422
1,F,Linear SVM,hit_rate,52,32,1.0
1,F,Linear SVM,recall,52,32,0.9853345368510165
1,F,Linear SVM,hit_rate,53,32,1.0
1,F,Linear SVM,recall,53,32,0.987537827097785
1,F,Linear SVM,hit_rate,54,32,1.0
1,F,Linear SVM,recall,54,32,0.990465755025713
1,F,Linear SVM,hit_rate,55,32,1.0
1,F,Linear SVM,recall,55,32,0.990465755025713
1,F,Linear SVM,hit_rate,56,32,1.0
1,F,Linear SVM,recall,56,32,0.990465755025713
1,F,Linear SVM,hit_rate,57,32,1.0
1,F,Linear SVM,recall,57,32,0.990465755025713
1,F,Linear SVM,hit_rate,58,32,1.0
1,F,Linear SVM,recall,58,32,0.990465755025713
1,F,Linear SVM,hit_rate,59,32,1.0
1,F,Linear SVM,recall,59,32,0.990465755025713
1,F,Linear SVM,hit_rate,60,32,1.0
1,F,Linear SVM,recall,60,32,0.990465755025713
1,F,Linear SVM,hit_rate,61,32,1.0
1,F,Linear SVM,recall,61,32,0.990465755025713
1,F,Linear SVM,hit_rate,62,32,1.0
1,F,Linear SVM,recall,62,32,0.990465755025713
1,F,Linear SVM,hit_rate,63,32,1.0
1,F,Linear SVM,recall,63,32,0.990465755025713
1,F,Linear SVM,hit_rate,64,32,1.0
1,F,Linear SVM,recall,64,32,0.9918244506778868
1,F,Linear SVM,hit_rate,65,32,1.0
1,F,Linear SVM,recall,65,32,0.9918244506778868
1,F,Linear SVM,hit_rate,66,32,1.0
1,F,Linear SVM,recall,66,32,0.9939077840112203
1,F,Linear SVM,hit_rate,67,32,1.0
1,F,Linear SVM,recall,67,32,0.9962745441795231
1,F,Linear SVM,hit_rate,68,32,1.0
1,F,Linear SVM,recall,68,32,0.9972826086956521
1,F,Linear SVM,hit_rate,69,32,1.0
1,F,Linear SVM,recall,69,32,0.9972826086956521
1,F,Linear SVM,hit_rate,70,32,1.0
1,F,Linear SVM,recall,70,32,0.9972826086956521
1,F,Linear SVM,hit_rate,71,32,1.0
1,F,Linear SVM,recall,71,32,0.9972826086956521
1,F,Linear SVM,hit_rate,72,32,1.0
1,F,Linear SVM,recall,72,32,0.9972826086956521
1,F,Linear SVM,hit_rate,73,32,1.0
1,F,Linear SVM,recall,73,32,0.9972826086956521
1,F,Linear SVM,hit_rate,74,32,1.0
1,F,Linear SVM,recall,74,32,0.998641304347826
1,F,Linear SVM,hit_rate,75,32,1.0
1,F,Linear SVM,recall,75,32,0.998641304347826
1,F,Linear SVM,hit_rate,76,32,1.0
1,F,Linear SVM,recall,76,32,0.998641304347826
1,F,Linear SVM,hit_rate,77,32,1.0
1,F,Linear SVM,recall,77,32,0.998641304347826
1,F,Linear SVM,hit_rate,78,32,1.0
1,F,Linear SVM,recall,78,32,1.0
1,F,Linear SVM,hit_rate,79,32,1.0
1,F,Linear SVM,recall,79,32,1.0
1,F,Linear SVM,hit_rate,80,32,1.0
1,F,Linear SVM,recall,80,32,1.0
1,F,Linear SVM,hit_rate,81,32,1.0
1,F,Linear SVM,recall,81,32,1.0
1,F,Linear SVM,hit_rate,82,32,1.0
1,F,Linear SVM,recall,82,32,1.0
1,F,Linear SVM,hit_rate,83,32,1.0
1,F,Linear SVM,recall,83,32,1.0
1,F,Linear SVM,hit_rate,84,32,1.0
1,F,Linear SVM,recall,84,32,1.0
1,F,Linear SVM,hit_rate,85,32,1.0
1,F,Linear SVM,recall,85,32,1.0
1,F,Linear SVM,hit_rate,86,32,1.0
1,F,Linear SVM,recall,86,32,1.0
1,F,Linear SVM,hit_rate,87,32,1.0
1,F,Linear SVM,recall,87,32,1.0
1,F,Linear SVM,hit_rate,88,32,1.0
1,F,Linear SVM,recall,88,32,1.0
1,F,Linear SVM,hit_rate,89,32,1.0
1,F,Linear SVM,recall,89,32,1.0
1,F,Linear SVM,hit_rate,90,32,1.0
1,F,Linear SVM,recall,90,32,1.0
1,F,Linear SVM,hit_rate,91,32,1.0
1,F,Linear SVM,recall,91,32,1.0
1,F,Linear SVM,hit_rate,92,32,1.0
1,F,Linear SVM,recall,92,32,1.0
1,F,Linear SVM,hit_rate,93,32,1.0
1,F,Linear SVM,recall,93,32,1.0
1,F,Linear SVM,hit_rate,94,32,1.0
1,F,Linear SVM,recall,94,32,1.0
1,F,Linear SVM,hit_rate,95,32,1.0
1,F,Linear SVM,recall,95,32,1.0
1,F,Linear SVM,hit_rate,96,32,1.0
1,F,Linear SVM,recall,96,32,1.0
1,F,Linear SVM,hit_rate,97,32,1.0
1,F,Linear SVM,recall,97,32,1.0
1,F,Linear SVM,hit_rate,98,32,1.0
1,F,Linear SVM,recall,98,32,1.0
1,F,Linear SVM,hit_rate,99,32,1.0
1,F,Linear SVM,recall,99,32,1.0
1,F,Linear SVM,hit_rate,100,32,1.0
1,F,Linear SVM,recall,100,32,1.0
1,F,Linear SVM,hit_rate,101,32,1.0
1,F,Linear SVM,recall,101,32,1.0
1,F,Linear SVM,hit_rate,102,32,1.0
1,F,Linear SVM,recall,102,32,1.0
1,F,Linear SVM,hit_rate,103,32,1.0
1,F,Linear SVM,recall,103,32,1.0
1,F,Linear SVM,hit_rate,104,32,1.0
1,F,Linear SVM,recall,104,32,1.0
1,F,Linear SVM,hit_rate,105,32,1.0
1,F,Linear SVM,recall,105,32,1.0
1,F,Linear SVM,hit_rate,106,32,1.0
1,F,Linear SVM,recall,106,32,1.0
1,F,Linear SVM,hit_rate,107,32,1.0
1,F,Linear SVM,recall,107,32,1.0
1,F,Linear SVM,hit_rate,108,32,1.0
1,F,Linear SVM,recall,108,32,1.0
1,F,Linear SVM,hit_rate,109,32,1.0
1,F,Linear SVM,recall,109,32,1.0
1,F,Linear SVM,hit_rate,110,32,1.0
1,F,Linear SVM,recall,110,32,1.0
1,F,Linear SVM,hit_rate,111,32,1.0
1,F,Linear SVM,recall,111,32,1.0
1,F,Linear SVM,hit_rate,112,32,1.0
1,F,Linear SVM,recall,112,32,1.0
1,F,Linear SVM,hit_rate,113,32,1.0
1,F,Linear SVM,recall,113,32,1.0
1,F,Linear SVM,hit_rate,114,32,1.0
1,F,Linear SVM,recall,114,32,1.0
1,F,Linear SVM,hit_rate,115,32,1.0
1,F,Linear SVM,recall,115,32,1.0
1,F,Linear SVM,hit_rate,116,32,1.0
1,F,Linear SVM,recall,116,32,1.0
1,F,Linear SVM,hit_rate,117,32,1.0
1,F,Linear SVM,recall,117,32,1.0
1,F,Linear SVM,hit_rate,118,32,1.0
1,F,Linear SVM,recall,118,32,1.0
1,F,Linear SVM,hit_rate,119,32,1.0
1,F,Linear SVM,recall,119,32,1.0
1,F,Linear SVM,hit_rate,120,32,1.0
1,F,Linear SVM,recall,120,32,1.0
1,F,Linear SVM,hit_rate,121,32,1.0
1,F,Linear SVM,recall,121,32,1.0
1,F,Linear SVM,hit_rate,122,32,1.0
1,F,Linear SVM,recall,122,32,1.0
1,F,Linear SVM,hit_rate,123,32,1.0
1,F,Linear SVM,recall,123,32,1.0
1,F,Linear SVM,hit_rate,124,32,1.0
1,F,Linear SVM,recall,124,32,1.0
1,F,Linear SVM,hit_rate,125,32,1.0
1,F,Linear SVM,recall,125,32,1.0
1,F,Linear SVM,hit_rate,126,32,1.0
1,F,Linear SVM,recall,126,32,1.0
1,F,Linear SVM,hit_rate,127,32,1.0
1,F,Linear SVM,recall,127,32,1.0
1,F,Linear SVM,hit_rate,128,32,1.0
1,F,Linear SVM,recall,128,32,1.0
1,F,Linear SVM,hit_rate,129,32,1.0
1,F,Linear SVM,recall,129,32,1.0
1,F,Linear SVM,hit_rate,130,32,1.0
1,F,Linear SVM,recall,130,32,1.0
1,F,Linear SVM,hit_rate,131,32,1.0
1,F,Linear SVM,recall,131,32,1.0
1,F,Linear SVM,hit_rate,132,32,1.0
1,F,Linear SVM,recall,132,32,1.0
1,F,Linear SVM,hit_rate,133,32,1.0
1,F,Linear SVM,recall,133,32,1.0
1,F,Linear SVM,hit_rate,134,32,1.0
1,F,Linear SVM,recall,134,32,1.0
1,F,Linear SVM,hit_rate,135,32,1.0
1,F,Linear SVM,recall,135,32,1.0
1,F,Linear SVM,hit_rate,136,32,1.0
1,F,Linear SVM,recall,136,32,1.0
1,F,Linear SVM,hit_rate,137,32,1.0
1,F,Linear SVM,recall,137,32,1.0
1,F,Linear SVM,hit_rate,138,32,1.0
1,F,Linear SVM,recall,138,32,1.0
1,F,Linear SVM,hit_rate,139,32,1.0
1,F,Linear SVM,recall,139,32,1.0
1,F,Linear SVM,hit_rate,140,32,1.0
1,F,Linear SVM,recall,140,32,1.0
1,F,Linear SVM,hit_rate,141,32,1.0
1,F,Linear SVM,recall,141,32,1.0
1,F,Linear SVM,hit_rate,142,32,1.0
1,F,Linear SVM,recall,142,32,1.0
1,F,Linear SVM,hit_rate,143,32,1.0
1,F,Linear SVM,recall,143,32,1.0
1,F,Linear SVM,hit_rate,144,32,1.0
1,F,Linear SVM,recall,144,32,1.0
1,F,Linear SVM,hit_rate,145,32,1.0
1,F,Linear SVM,recall,145,32,1.0
1,F,Linear SVM,hit_rate,146,32,1.0
1,F,Linear SVM,recall,146,32,1.0
1,F,Linear SVM,hit_rate,147,32,1.0
1,F,Linear SVM,recall,147,32,1.0
1,F,Linear SVM,hit_rate,148,32,1.0
1,F,Linear SVM,recall,148,32,1.0
1,F,Linear SVM,hit_rate,149,32,1.0
1,F,Linear SVM,recall,149,32,1.0
1,F,Linear SVM,hit_rate,150,32,1.0
1,F,Linear SVM,recall,150,32,1.0
1,F,Random forest,hit_rate,5,32,0.84375
1,F,Random forest,recall,5,32,0.3280009529468589
1,F,Random forest,hit_rate,6,32,0.9375
1,F,Random forest,recall,6,32,0.38034126157828596
1,F,Random forest,hit_rate,7,32,0.9375
1,F,Random forest,recall,7,32,0.4248208076614504
1,F,Random forest,hit_rate,8,32,0.9375
1,F,Random forest,recall,8,32,0.4721607052281625
1,F,Random forest,hit_rate,9,32,0.9375
1,F,Random forest,recall,9,32,0.4933189271676345
1,F,Random forest,hit_rate,10,32,0.9375
1,F,Random forest,recall,10,32,0.5545803472907375
1,F,Random forest,hit_rate,11,32,0.9375
1,F,Random forest,recall,11,32,0.5754851617077802
1,F,Random forest,hit_rate,12,32,0.9375
1,F,Random forest,recall,12,32,0.5993818632161647
1,F,Random forest,hit_rate,13,32,0.9375
1,F,Random forest,recall,13,32,0.6178682184623883
1,F,Random forest,hit_rate,14,32,0.9375
1,F,Random forest,recall,14,32,0.6429004013372324
1,F,Random forest,hit_rate,15,32,0.9375
1,F,Random forest,recall,15,32,0.6818810366384321
1,F,Random forest,hit_rate,16,32,0.96875
1,F,Random forest,recall,16,32,0.7104450052729654
1,F,Random forest,hit_rate,17,32,0.96875
1,F,Random forest,recall,17,32,0.7350021769319515
1,F,Random forest,hit_rate,18,32,0.96875
1,F,Random forest,recall,18,32,0.7480197821781751
1,F,Random forest,hit_rate,19,32,0.96875
1,F,Random forest,recall,19,32,0.7576519707577322
1,F,Random forest,hit_rate,20,32,0.96875
1,F,Random forest,recall,20,32,0.7738275465351225
1,F,Random forest,hit_rate,21,32,0.96875
1,F,Random forest,recall,21,32,0.7795567132017891
1,F,Random forest,hit_rate,22,32,0.96875
1,F,Random forest,recall,22,32,0.8009306619496491
1,F,Random forest,hit_rate,23,32,1.0
1,F,Random forest,recall,23,32,0.8446182071887371
1,F,Random forest,hit_rate,24,32,1.0
1,F,Random forest,recall,24,32,0.8519066457682941
1,F,Random forest,hit_rate,25,32,1.0
1,F,Random forest,recall,25,32,0.8567690975057458
1,F,Random forest,hit_rate,26,32,1.0
1,F,Random forest,recall,26,32,0.8656718988639802
1,F,Random forest,hit_rate,27,32,1.0
1,F,Random forest,recall,27,32,0.8808596429990927
1,F,Random forest,hit_rate,28,32,1.0
1,F,Random forest,recall,28,32,0.8946584982453164
1,F,Random forest,hit_rate,29,32,1.0
1,F,Random forest,recall,29,32,0.9033978296820162
1,F,Random forest,hit_rate,30,32,1.0
1,F,Random forest,recall,30,32,0.9101296692153985
1,F,Random forest,hit_rate,31,32,1.0
1,F,Random forest,recall,31,32,0.9149921209528502
1,F,Random forest,hit_rate,32,32,1.0
1,F,Random forest,recall,32,32,0.9158849780957075
1,F,Random forest,hit_rate,33,32,1.0
1,F,Random forest,recall,33,32,0.9176224298331591
1,F,Random forest,hit_rate,34,32,1.0
1,F,Random forest,recall,34,32,0.9216066848254787
1,F,Random forest,hit_rate,35,32,1.0
1,F,Random forest,recall,35,32,0.929066570953843
1,F,Random forest,hit_rate,36,32,1.0
1,F,Random forest,recall,36,32,0.9361758259461626
1,F,Random forest,hit_rate,37,32,1.0
1,F,Random forest,recall,37,32,0.9379132776836143
1,F,Random forest,hit_rate,38,32,1.0
1,F,Random forest,recall,38,32,0.9410094250732399
1,F,Random forest,hit_rate,39,32,1.0
1,F,Random forest,recall,39,32,0.9448302101440249
1,F,Random forest,hit_rate,40,32,1.0
1,F,Random forest,recall,40,32,0.9466828692547486
1,F,Random forest,hit_rate,41,32,1.0
1,F,Random forest,recall,41,32,0.9485355283654723
1,F,Random forest,hit_rate,42,32,1.0
1,F,Random forest,recall,42,32,0.951281044619053
1,F,Random forest,hit_rate,43,32,1.0
1,F,Random forest,recall,43,32,0.9540265608726338
1,F,Random forest,hit_rate,44,32,1.0
1,F,Random forest,recall,44,32,0.9562781136676649
1,F,Random forest,hit_rate,45,32,1.0
1,F,Random forest,recall,45,32,0.9607282071693011
1,F,Random forest,hit_rate,46,32,1.0
1,F,Random forest,recall,46,32,0.9630949673376041
1,F,Random forest,hit_rate,47,32,1.0
1,F,Random forest,recall,47,32,0.9652982575843726
1,F,Random forest,hit_rate,48,32,1.0
1,F,Random forest,recall,48,32,0.9673815909177059
1,F,Random forest,hit_rate,49,32,1.0
1,F,Random forest,recall,49,32,0.9692342500284296
1,F,Random forest,hit_rate,50,32,1.0
1,F,Random forest,recall,50,32,0.9700788446230242
1,F,Random forest,hit_rate,51,32,1.0
1,F,Random forest,recall,51,32,0.9722821348697928
1,F,Random forest,hit_rate,52,32,1.0
1,F,Random forest,recall,52,32,0.9741347939805163
1,F,Random forest,hit_rate,53,32,1.0
1,F,Random forest,recall,53,32,0.9749793885751109
1,F,Random forest,hit_rate,54,32,1.0
1,F,Random forest,recall,54,32,0.9779073165030387
1,F,Random forest,hit_rate,55,32,1.0
1,F,Random forest,recall,55,32,0.9789153810191679
1,F,Random forest,hit_rate,56,32,1.0
1,F,Random forest,recall,56,32,0.9789153810191679
1,F,Random forest,hit_rate,57,32,1.0
1,F,Random forest,recall,57,32,0.9789153810191679
1,F,Random forest,hit_rate,58,32,1.0
1,F,Random forest,recall,58,32,0.9809987143525012
1,F,Random forest,hit_rate,59,32,1.0
1,F,Random forest,recall,59,32,0.9809987143525012
1,F,Random forest,hit_rate,60,32,1.0
1,F,Random forest,recall,60,32,0.9820067788686302
1,F,Random forest,hit_rate,61,32,1.0
1,F,Random forest,recall,61,32,0.9820067788686302
1,F,Random forest,hit_rate,62,32,1.0
1,F,Random forest,recall,62,32,0.9833654745208041
1,F,Random forest,hit_rate,63,32,1.0
1,F,Random forest,recall,63,32,0.9857322346891071
1,F,Random forest,hit_rate,64,32,1.0
1,F,Random forest,recall,64,32,0.9880989948574099
1,F,Random forest,hit_rate,65,32,1.0
1,F,Random forest,recall,65,32,0.9911903927068724
1,F,Random forest,hit_rate,66,32,1.0
1,F,Random forest,recall,66,32,0.9921984572230014
1,F,Random forest,hit_rate,67,32,1.0
1,F,Random forest,recall,67,32,0.9921984572230014
1,F,Random forest,hit_rate,68,32,1.0
1,F,Random forest,recall,68,32,0.9921984572230014
1,F,Random forest,hit_rate,69,32,1.0
1,F,Random forest,recall,69,32,0.9932065217391304
1,F,Random forest,hit_rate,70,32,1.0
1,F,Random forest,recall,70,32,0.9932065217391304
1,F,Random forest,hit_rate,71,32,1.0
1,F,Random forest,recall,71,32,0.9932065217391304
1,F,Random forest,hit_rate,72,32,1.0
1,F,Random forest,recall,72,32,0.9945652173913043
1,F,Random forest,hit_rate,73,32,1.0
1,F,Random forest,recall,73,32,0.9945652173913043
1,F,Random forest,hit_rate,74,32,1.0
1,F,Random forest,recall,74,32,0.9945652173913043
1,F,Random forest,hit_rate,75,32,1.0
1,F,Random forest,recall,75,32,0.9945652173913043
1,F,Random forest,hit_rate,76,32,1.0
1,F,Random forest,recall,76,32,0.9945652173913043
1,F,Random forest,hit_rate,77,32,1.0
1,F,Random forest,recall,77,32,0.9945652173913043
1,F,Random forest,hit_rate,78,32,1.0
1,F,Random forest,recall,78,32,0.9945652173913043
1,F,Random forest,hit_rate,79,32,1.0
1,F,Random forest,recall,79,32,0.9959239130434783
1,F,Random forest,hit_rate,80,32,1.0
1,F,Random forest,recall,80,32,0.9972826086956521
1,F,Random forest,hit_rate,81,32,1.0
1,F,Random forest,recall,81,32,0.998641304347826
1,F,Random forest,hit_rate,82,32,1.0
1,F,Random forest,recall,82,32,0.998641304347826
1,F,Random forest,hit_rate,83,32,1.0
1,F,Random forest,recall,83,32,0.998641304347826
1,F,Random forest,hit_rate,84,32,1.0
1,F,Random forest,recall,84,32,0.998641304347826
1,F,Random forest,hit_rate,85,32,1.0
1,F,Random forest,recall,85,32,1.0
1,F,Random forest,hit_rate,86,32,1.0
1,F,Random forest,recall,86,32,1.0
1,F,Random forest,hit_rate,87,32,1.0
1,F,Random forest,recall,87,32,1.0
1,F,Random forest,hit_rate,88,32,1.0
1,F,Random forest,recall,88,32,1.0
1,F,Random forest,hit_rate,89,32,1.0
1,F,Random forest,recall,89,32,1.0
1,F,Random forest,hit_rate,90,32,1.0
1,F,Random forest,recall,90,32,1.0
1,F,Random forest,hit_rate,91,32,1.0
1,F,Random forest,recall,91,32,1.0
1,F,Random forest,hit_rate,92,32,1.0
1,F,Random forest,recall,92,32,1.0
1,F,Random forest,hit_rate,93,32,1.0
1,F,Random forest,recall,93,32,1.0
1,F,Random forest,hit_rate,94,32,1.0
1,F,Random forest,recall,94,32,1.0
1,F,Random forest,hit_rate,95,32,1.0
1,F,Random forest,recall,95,32,1.0
1,F,Random forest,hit_rate,96,32,1.0
1,F,Random forest,recall,96,32,1.0
1,F,Random forest,hit_rate,97,32,1.0
1,F,Random forest,recall,97,32,1.0
1,F,Random forest,hit_rate,98,32,1.0
1,F,Random forest,recall,98,32,1.0
1,F,Random forest,hit_rate,99,32,1.0
1,F,Random forest,recall,99,32,1.0
1,F,Random forest,hit_rate,100,32,1.0
1,F,Random forest,recall,100,32,1.0
1,F,Random forest,hit_rate,101,32,1.0
1,F,Random forest,recall,101,32,1.0
1,F,Random forest,hit_rate,102,32,1.0
1,F,Random forest,recall,102,32,1.0
1,F,Random forest,hit_rate,103,32,1.0
1,F,Random forest,recall,103,32,1.0
1,F,Random forest,hit_rate,104,32,1.0
1,F,Random forest,recall,104,32,1.0
1,F,Random forest,hit_rate,105,32,1.0
1,F,Random forest,recall,105,32,1.0
1,F,Random forest,hit_rate,106,32,1.0
1,F,Random forest,recall,106,32,1.0
1,F,Random forest,hit_rate,107,32,1.0
1,F,Random forest,recall,107,32,1.0
1,F,Random forest,hit_rate,108,32,1.0
1,F,Random forest,recall,108,32,1.0
1,F,Random forest,hit_rate,109,32,1.0
1,F,Random forest,recall,109,32,1.0
1,F,Random forest,hit_rate,110,32,1.0
1,F,Random forest,recall,110,32,1.0
1,F,Random forest,hit_rate,111,32,1.0
1,F,Random forest,recall,111,32,1.0
1,F,Random forest,hit_rate,112,32,1.0
1,F,Random forest,recall,112,32,1.0
1,F,Random forest,hit_rate,113,32,1.0
1,F,Random forest,recall,113,32,1.0
1,F,Random forest,hit_rate,114,32,1.0
1,F,Random forest,recall,114,32,1.0
1,F,Random forest,hit_rate,115,32,1.0
1,F,Random forest,recall,115,32,1.0
1,F,Random forest,hit_rate,116,32,1.0
1,F,Random forest,recall,116,32,1.0
1,F,Random forest,hit_rate,117,32,1.0
1,F,Random forest,recall,117,32,1.0
1,F,Random forest,hit_rate,118,32,1.0
1,F,Random forest,recall,118,32,1.0
1,F,Random forest,hit_rate,119,32,1.0
1,F,Random forest,recall,119,32,1.0
1,F,Random forest,hit_rate,120,32,1.0
1,F,Random forest,recall,120,32,1.0
1,F,Random forest,hit_rate,121,32,1.0
1,F,Random forest,recall,121,32,1.0
1,F,Random forest,hit_rate,122,32,1.0
1,F,Random forest,recall,122,32,1.0
1,F,Random forest,hit_rate,123,32,1.0
1,F,Random forest,recall,123,32,1.0
1,F,Random forest,hit_rate,124,32,1.0
1,F,Random forest,recall,124,32,1.0
1,F,Random forest,hit_rate,125,32,1.0
1,F,Random forest,recall,125,32,1.0
1,F,Random forest,hit_rate,126,32,1.0
1,F,Random forest,recall,126,32,1.0
1,F,Random forest,hit_rate,127,32,1.0
1,F,Random forest,recall,127,32,1.0
1,F,Random forest,hit_rate,128,32,1.0
1,F,Random forest,recall,128,32,1.0
1,F,Random forest,hit_rate,129,32,1.0
1,F,Random forest,recall,129,32,1.0
1,F,Random forest,hit_rate,130,32,1.0
1,F,Random forest,recall,130,32,1.0
1,F,Random forest,hit_rate,131,32,1.0
1,F,Random forest,recall,131,32,1.0
1,F,Random forest,hit_rate,132,32,1.0
1,F,Random forest,recall,132,32,1.0
1,F,Random forest,hit_rate,133,32,1.0
1,F,Random forest,recall,133,32,1.0
1,F,Random forest,hit_rate,134,32,1.0
1,F,Random forest,recall,134,32,1.0
1,F,Random forest,hit_rate,135,32,1.0
1,F,Random forest,recall,135,32,1.0
1,F,Random forest,hit_rate,136,32,1.0
1,F,Random forest,recall,136,32,1.0
1,F,Random forest,hit_rate,137,32,1.0
1,F,Random forest,recall,137,32,1.0
1,F,Random forest,hit_rate,138,32,1.0
1,F,Random forest,recall,138,32,1.0
1,F,Random forest,hit_rate,139,32,1.0
1,F,Random forest,recall,139,32,1.0
1,F,Random forest,hit_rate,140,32,1.0
1,F,Random forest,recall,140,32,1.0
1,F,Random forest,hit_rate,141,32,1.0
1,F,Random forest,recall,141,32,1.0
1,F,Random forest,hit_rate,142,32,1.0
1,F,Random forest,recall,142,32,1.0
1,F,Random forest,hit_rate,143,32,1.0
1,F,Random forest,recall,143,32,1.0
1,F,Random forest,hit_rate,144,32,1.0
1,F,Random forest,recall,144,32,1.0
1,F,Random forest,hit_rate,145,32,1.0
1,F,Random forest,recall,145,32,1.0
1,F,Random forest,hit_rate,146,32,1.0
1,F,Random forest,recall,146,32,1.0
1,F,Random forest,hit_rate,147,32,1.0
1,F,Random forest,recall,147,32,1.0
1,F,Random forest,hit_rate,148,32,1.0
1,F,Random forest,recall,148,32,1.0
1,F,Random forest,hit_rate,149,32,1.0
1,F,Random forest,recall,149,32,1.0
1,F,Random forest,hit_rate,150,32,1.0
1,F,Random forest,recall,150,32,1.0
1,Cl,UltraMS,hit_rate,5,30,0.9666666666666667
1,Cl,UltraMS,recall,5,30,0.46070530776413127
1,Cl,UltraMS,hit_rate,6,30,0.9666666666666667
1,Cl,UltraMS,recall,6,30,0.4978681122798769
1,Cl,UltraMS,hit_rate,7,30,0.9666666666666667
1,Cl,UltraMS,recall,7,30,0.5357574125221184
1,Cl,UltraMS,hit_rate,8,30,0.9666666666666667
1,Cl,UltraMS,recall,8,30,0.5906397524044583
1,Cl,UltraMS,hit_rate,9,30,1.0
1,Cl,UltraMS,recall,9,30,0.6560271427918488
1,Cl,UltraMS,hit_rate,10,30,1.0
1,Cl,UltraMS,recall,10,30,0.6964416955593425
1,Cl,UltraMS,hit_rate,11,30,1.0
1,Cl,UltraMS,recall,11,30,0.7179762720939191
1,Cl,UltraMS,hit_rate,12,30,1.0
1,Cl,UltraMS,recall,12,30,0.7401895816601698
1,Cl,UltraMS,hit_rate,13,30,1.0
1,Cl,UltraMS,recall,13,30,0.7600990839226133
1,Cl,UltraMS,hit_rate,14,30,1.0
1,Cl,UltraMS,recall,14,30,0.7780788819024113
1,Cl,UltraMS,hit_rate,15,30,1.0
1,Cl,UltraMS,recall,15,30,0.8025144136908844
1,Cl,UltraMS,hit_rate,16,30,1.0
1,Cl,UltraMS,recall,16,30,0.812741376270788
1,Cl,UltraMS,hit_rate,17,30,1.0
1,Cl,UltraMS,recall,17,30,0.8448459383753503
1,Cl,UltraMS,hit_rate,18,30,1.0
1,Cl,UltraMS,recall,18,30,0.8569271578095108
1,Cl,UltraMS,hit_rate,19,30,1.0
1,Cl,UltraMS,recall,19,30,0.8621796830620361
1,Cl,UltraMS,hit_rate,20,30,1.0
1,Cl,UltraMS,recall,20,30,0.8641404673757616
1,Cl,UltraMS,hit_rate,21,30,1.0
1,Cl,UltraMS,recall,21,30,0.8743674299556653
1,Cl,UltraMS,hit_rate,22,30,1.0
1,Cl,UltraMS,recall,22,30,0.8786797842680196
1,Cl,UltraMS,hit_rate,23,30,1.0
1,Cl,UltraMS,recall,23,30,0.8943557749440103
1,Cl,UltraMS,hit_rate,24,30,1.0
1,Cl,UltraMS,recall,24,30,0.9076130405542171
1,Cl,UltraMS,hit_rate,25,30,1.0
1,Cl,UltraMS,recall,25,30,0.9136736466148232
1,Cl,UltraMS,hit_rate,26,30,1.0
1,Cl,UltraMS,recall,26,30,0.9149556978968744
1,Cl,UltraMS,hit_rate,27,30,1.0
1,Cl,UltraMS,recall,27,30,0.9169164822105998
1,Cl,UltraMS,hit_rate,28,30,1.0
1,Cl,UltraMS,recall,28,30,0.9280275933217109
1,Cl,UltraMS,hit_rate,29,30,1.0
1,Cl,UltraMS,recall,29,30,0.9332801185742362
1,Cl,UltraMS,hit_rate,30,30,1.0
1,Cl,UltraMS,recall,30,30,0.9332801185742362
1,Cl,UltraMS,hit_rate,31,30,1.0
1,Cl,UltraMS,recall,31,30,0.9382712059182646
1,Cl,UltraMS,hit_rate,32,30,1.0
1,Cl,UltraMS,recall,32,30,0.9382712059182646
1,Cl,UltraMS,hit_rate,33,30,1.0
1,Cl,UltraMS,recall,33,30,0.939553257200316
1,Cl,UltraMS,hit_rate,34,30,1.0
1,Cl,UltraMS,recall,34,30,0.939553257200316
1,Cl,UltraMS,hit_rate,35,30,1.0
1,Cl,UltraMS,recall,35,30,0.9506643683114272
1,Cl,UltraMS,hit_rate,36,30,1.0
1,Cl,UltraMS,recall,36,30,0.9506643683114272
1,Cl,UltraMS,hit_rate,37,30,1.0
1,Cl,UltraMS,recall,37,30,0.9539072039072038
1,Cl,UltraMS,hit_rate,38,30,1.0
1,Cl,UltraMS,recall,38,30,0.9551892551892552
1,Cl,UltraMS,hit_rate,39,30,1.0
1,Cl,UltraMS,recall,39,30,0.9564713064713064
1,Cl,UltraMS,hit_rate,40,30,1.0
1,Cl,UltraMS,recall,40,30,0.9564713064713064
1,Cl,UltraMS,hit_rate,41,30,1.0
1,Cl,UltraMS,recall,41,30,0.9612332112332111
1,Cl,UltraMS,hit_rate,42,30,1.0
1,Cl,UltraMS,recall,42,30,0.9625152625152625
1,Cl,UltraMS,hit_rate,43,30,1.0
1,Cl,UltraMS,recall,43,30,0.9625152625152625
1,Cl,UltraMS,hit_rate,44,30,1.0
1,Cl,UltraMS,recall,44,30,0.9637973137973137
1,Cl,UltraMS,hit_rate,45,30,1.0
1,Cl,UltraMS,recall,45,30,0.9637973137973137
1,Cl,UltraMS,hit_rate,46,30,1.0
1,Cl,UltraMS,recall,46,30,0.9749084249084248
1,Cl,UltraMS,hit_rate,47,30,1.0
1,Cl,UltraMS,recall,47,30,0.9761904761904762
1,Cl,UltraMS,hit_rate,48,30,1.0
1,Cl,UltraMS,recall,48,30,0.9761904761904762
1,Cl,UltraMS,hit_rate,49,30,1.0
1,Cl,UltraMS,recall,49,30,0.9761904761904762
1,Cl,UltraMS,hit_rate,50,30,1.0
1,Cl,UltraMS,recall,50,30,0.9761904761904762
1,Cl,UltraMS,hit_rate,51,30,1.0
1,Cl,UltraMS,recall,51,30,0.9761904761904762
1,Cl,UltraMS,hit_rate,52,30,1.0
1,Cl,UltraMS,recall,52,30,0.9761904761904762
1,Cl,UltraMS,hit_rate,53,30,1.0
1,Cl,UltraMS,recall,53,30,0.9761904761904762
1,Cl,UltraMS,hit_rate,54,30,1.0
1,Cl,UltraMS,recall,54,30,0.9761904761904762
1,Cl,UltraMS,hit_rate,55,30,1.0
1,Cl,UltraMS,recall,55,30,0.9761904761904762
1,Cl,UltraMS,hit_rate,56,30,1.0
1,Cl,UltraMS,recall,56,30,0.9761904761904762
1,Cl,UltraMS,hit_rate,57,30,1.0
1,Cl,UltraMS,recall,57,30,0.9761904761904762
1,Cl,UltraMS,hit_rate,58,30,1.0
1,Cl,UltraMS,recall,58,30,0.9761904761904762
1,Cl,UltraMS,hit_rate,59,30,1.0
1,Cl,UltraMS,recall,59,30,0.9761904761904762
1,Cl,UltraMS,hit_rate,60,30,1.0
1,Cl,UltraMS,recall,60,30,0.9761904761904762
1,Cl,UltraMS,hit_rate,61,30,1.0
1,Cl,UltraMS,recall,61,30,0.9761904761904762
1,Cl,UltraMS,hit_rate,62,30,1.0
1,Cl,UltraMS,recall,62,30,0.980952380952381
1,Cl,UltraMS,hit_rate,63,30,1.0
1,Cl,UltraMS,recall,63,30,0.9857142857142857
1,Cl,UltraMS,hit_rate,64,30,1.0
1,Cl,UltraMS,recall,64,30,0.9857142857142857
1,Cl,UltraMS,hit_rate,65,30,1.0
1,Cl,UltraMS,recall,65,30,0.9857142857142857
1,Cl,UltraMS,hit_rate,66,30,1.0
1,Cl,UltraMS,recall,66,30,0.9857142857142857
1,Cl,UltraMS,hit_rate,67,30,1.0
1,Cl,UltraMS,recall,67,30,0.9857142857142857
1,Cl,UltraMS,hit_rate,68,30,1.0
1,Cl,UltraMS,recall,68,30,0.9857142857142857
1,Cl,UltraMS,hit_rate,69,30,1.0
1,Cl,UltraMS,recall,69,30,0.9857142857142857
1,Cl,UltraMS,hit_rate,70,30,1.0
1,Cl,UltraMS,recall,70,30,0.9857142857142857
1,Cl,UltraMS,hit_rate,71,30,1.0
1,Cl,UltraMS,recall,71,30,0.9857142857142857
1,Cl,UltraMS,hit_rate,72,30,1.0
1,Cl,UltraMS,recall,72,30,0.9857142857142857
1,Cl,UltraMS,hit_rate,73,30,1.0
1,Cl,UltraMS,recall,73,30,0.9904761904761905
1,Cl,UltraMS,hit_rate,74,30,1.0
1,Cl,UltraMS,recall,74,30,0.9904761904761905
1,Cl,UltraMS,hit_rate,75,30,1.0
1,Cl,UltraMS,recall,75,30,0.9904761904761905
1,Cl,UltraMS,hit_rate,76,30,1.0
1,Cl,UltraMS,recall,76,30,0.9904761904761905
1,Cl,UltraMS,hit_rate,77,30,1.0
1,Cl,UltraMS,recall,77,30,0.9904761904761905
1,Cl,UltraMS,hit_rate,78,30,1.0
1,Cl,UltraMS,recall,78,30,0.9904761904761905
1,Cl,UltraMS,hit_rate,79,30,1.0
1,Cl,UltraMS,recall,79,30,0.9904761904761905
1,Cl,UltraMS,hit_rate,80,30,1.0
1,Cl,UltraMS,recall,80,30,0.9904761904761905
1,Cl,UltraMS,hit_rate,81,30,1.0
1,Cl,UltraMS,recall,81,30,0.9904761904761905
1,Cl,UltraMS,hit_rate,82,30,1.0
1,Cl,UltraMS,recall,82,30,0.9904761904761905
1,Cl,UltraMS,hit_rate,83,30,1.0
1,Cl,UltraMS,recall,83,30,0.9904761904761905
1,Cl,UltraMS,hit_rate,84,30,1.0
1,Cl,UltraMS,recall,84,30,0.9904761904761905
1,Cl,UltraMS,hit_rate,85,30,1.0
1,Cl,UltraMS,recall,85,30,0.9952380952380953
1,Cl,UltraMS,hit_rate,86,30,1.0
1,Cl,UltraMS,recall,86,30,0.9952380952380953
1,Cl,UltraMS,hit_rate,87,30,1.0
1,Cl,UltraMS,recall,87,30,0.9952380952380953
1,Cl,UltraMS,hit_rate,88,30,1.0
1,Cl,UltraMS,recall,88,30,0.9952380952380953
1,Cl,UltraMS,hit_rate,89,30,1.0
1,Cl,UltraMS,recall,89,30,0.9952380952380953
1,Cl,UltraMS,hit_rate,90,30,1.0
1,Cl,UltraMS,recall,90,30,0.9952380952380953
1,Cl,UltraMS,hit_rate,91,30,1.0
1,Cl,UltraMS,recall,91,30,0.9952380952380953
1,Cl,UltraMS,hit_rate,92,30,1.0
1,Cl,UltraMS,recall,92,30,0.9952380952380953
1,Cl,UltraMS,hit_rate,93,30,1.0
1,Cl,UltraMS,recall,93,30,0.9952380952380953
1,Cl,UltraMS,hit_rate,94,30,1.0
1,Cl,UltraMS,recall,94,30,1.0
1,Cl,UltraMS,hit_rate,95,30,1.0
1,Cl,UltraMS,recall,95,30,1.0
1,Cl,UltraMS,hit_rate,96,30,1.0
1,Cl,UltraMS,recall,96,30,1.0
1,Cl,UltraMS,hit_rate,97,30,1.0
1,Cl,UltraMS,recall,97,30,1.0
1,Cl,UltraMS,hit_rate,98,30,1.0
1,Cl,UltraMS,recall,98,30,1.0
1,Cl,UltraMS,hit_rate,99,30,1.0
1,Cl,UltraMS,recall,99,30,1.0
1,Cl,UltraMS,hit_rate,100,30,1.0
1,Cl,UltraMS,recall,100,30,1.0
1,Cl,UltraMS,hit_rate,101,30,1.0
1,Cl,UltraMS,recall,101,30,1.0
1,Cl,UltraMS,hit_rate,102,30,1.0
1,Cl,UltraMS,recall,102,30,1.0
1,Cl,UltraMS,hit_rate,103,30,1.0
1,Cl,UltraMS,recall,103,30,1.0
1,Cl,UltraMS,hit_rate,104,30,1.0
1,Cl,UltraMS,recall,104,30,1.0
1,Cl,UltraMS,hit_rate,105,30,1.0
1,Cl,UltraMS,recall,105,30,1.0
1,Cl,UltraMS,hit_rate,106,30,1.0
1,Cl,UltraMS,recall,106,30,1.0
1,Cl,UltraMS,hit_rate,107,30,1.0
1,Cl,UltraMS,recall,107,30,1.0
1,Cl,UltraMS,hit_rate,108,30,1.0
1,Cl,UltraMS,recall,108,30,1.0
1,Cl,UltraMS,hit_rate,109,30,1.0
1,Cl,UltraMS,recall,109,30,1.0
1,Cl,UltraMS,hit_rate,110,30,1.0
1,Cl,UltraMS,recall,110,30,1.0
1,Cl,UltraMS,hit_rate,111,30,1.0
1,Cl,UltraMS,recall,111,30,1.0
1,Cl,UltraMS,hit_rate,112,30,1.0
1,Cl,UltraMS,recall,112,30,1.0
1,Cl,UltraMS,hit_rate,113,30,1.0
1,Cl,UltraMS,recall,113,30,1.0
1,Cl,UltraMS,hit_rate,114,30,1.0
1,Cl,UltraMS,recall,114,30,1.0
1,Cl,UltraMS,hit_rate,115,30,1.0
1,Cl,UltraMS,recall,115,30,1.0
1,Cl,UltraMS,hit_rate,116,30,1.0
1,Cl,UltraMS,recall,116,30,1.0
1,Cl,UltraMS,hit_rate,117,30,1.0
1,Cl,UltraMS,recall,117,30,1.0
1,Cl,UltraMS,hit_rate,118,30,1.0
1,Cl,UltraMS,recall,118,30,1.0
1,Cl,UltraMS,hit_rate,119,30,1.0
1,Cl,UltraMS,recall,119,30,1.0
1,Cl,UltraMS,hit_rate,120,30,1.0
1,Cl,UltraMS,recall,120,30,1.0
1,Cl,UltraMS,hit_rate,121,30,1.0
1,Cl,UltraMS,recall,121,30,1.0
1,Cl,UltraMS,hit_rate,122,30,1.0
1,Cl,UltraMS,recall,122,30,1.0
1,Cl,UltraMS,hit_rate,123,30,1.0
1,Cl,UltraMS,recall,123,30,1.0
1,Cl,UltraMS,hit_rate,124,30,1.0
1,Cl,UltraMS,recall,124,30,1.0
1,Cl,UltraMS,hit_rate,125,30,1.0
1,Cl,UltraMS,recall,125,30,1.0
1,Cl,UltraMS,hit_rate,126,30,1.0
1,Cl,UltraMS,recall,126,30,1.0
1,Cl,UltraMS,hit_rate,127,30,1.0
1,Cl,UltraMS,recall,127,30,1.0
1,Cl,UltraMS,hit_rate,128,30,1.0
1,Cl,UltraMS,recall,128,30,1.0
1,Cl,UltraMS,hit_rate,129,30,1.0
1,Cl,UltraMS,recall,129,30,1.0
1,Cl,UltraMS,hit_rate,130,30,1.0
1,Cl,UltraMS,recall,130,30,1.0
1,Cl,UltraMS,hit_rate,131,30,1.0
1,Cl,UltraMS,recall,131,30,1.0
1,Cl,UltraMS,hit_rate,132,30,1.0
1,Cl,UltraMS,recall,132,30,1.0
1,Cl,UltraMS,hit_rate,133,30,1.0
1,Cl,UltraMS,recall,133,30,1.0
1,Cl,UltraMS,hit_rate,134,30,1.0
1,Cl,UltraMS,recall,134,30,1.0
1,Cl,UltraMS,hit_rate,135,30,1.0
1,Cl,UltraMS,recall,135,30,1.0
1,Cl,UltraMS,hit_rate,136,30,1.0
1,Cl,UltraMS,recall,136,30,1.0
1,Cl,UltraMS,hit_rate,137,30,1.0
1,Cl,UltraMS,recall,137,30,1.0
1,Cl,UltraMS,hit_rate,138,30,1.0
1,Cl,UltraMS,recall,138,30,1.0
1,Cl,UltraMS,hit_rate,139,30,1.0
1,Cl,UltraMS,recall,139,30,1.0
1,Cl,UltraMS,hit_rate,140,30,1.0
1,Cl,UltraMS,recall,140,30,1.0
1,Cl,UltraMS,hit_rate,141,30,1.0
1,Cl,UltraMS,recall,141,30,1.0
1,Cl,UltraMS,hit_rate,142,30,1.0
1,Cl,UltraMS,recall,142,30,1.0
1,Cl,UltraMS,hit_rate,143,30,1.0
1,Cl,UltraMS,recall,143,30,1.0
1,Cl,UltraMS,hit_rate,144,30,1.0
1,Cl,UltraMS,recall,144,30,1.0
1,Cl,UltraMS,hit_rate,145,30,1.0
1,Cl,UltraMS,recall,145,30,1.0
1,Cl,UltraMS,hit_rate,146,30,1.0
1,Cl,UltraMS,recall,146,30,1.0
1,Cl,UltraMS,hit_rate,147,30,1.0
1,Cl,UltraMS,recall,147,30,1.0
1,Cl,UltraMS,hit_rate,148,30,1.0
1,Cl,UltraMS,recall,148,30,1.0
1,Cl,UltraMS,hit_rate,149,30,1.0
1,Cl,UltraMS,recall,149,30,1.0
1,Cl,UltraMS,hit_rate,150,30,1.0
1,Cl,UltraMS,recall,150,30,1.0
1,Cl,DreaMS,hit_rate,5,30,0.6
1,Cl,DreaMS,recall,5,30,0.22887223887223887
1,Cl,DreaMS,hit_rate,6,30,0.6333333333333333
1,Cl,DreaMS,recall,6,30,0.28207348207348204
1,Cl,DreaMS,hit_rate,7,30,0.6666666666666666
1,Cl,DreaMS,recall,7,30,0.3231340881340881
1,Cl,DreaMS,hit_rate,8,30,0.7333333333333333
1,Cl,DreaMS,recall,8,30,0.34774056009350124
1,Cl,DreaMS,hit_rate,9,30,0.7666666666666667
1,Cl,DreaMS,recall,9,30,0.3840136987195811
1,Cl,DreaMS,hit_rate,10,30,0.7666666666666667
1,Cl,DreaMS,recall,10,30,0.4076555797144032
1,Cl,DreaMS,hit_rate,11,30,0.8
1,Cl,DreaMS,recall,11,30,0.435433357492181
1,Cl,DreaMS,hit_rate,12,30,0.8666666666666667
1,Cl,DreaMS,recall,12,30,0.4546163640281287
1,Cl,DreaMS,hit_rate,13,30,0.9
1,Cl,DreaMS,recall,13,30,0.5032166526284173
1,Cl,DreaMS,hit_rate,14,30,0.9333333333333333
1,Cl,DreaMS,recall,14,30,0.52594392535569
1,Cl,DreaMS,hit_rate,15,30,0.9333333333333333
1,Cl,DreaMS,recall,15,30,0.5389742283859931
1,Cl,DreaMS,hit_rate,16,30,0.9666666666666667
1,Cl,DreaMS,recall,16,30,0.586619916031681
1,Cl,DreaMS,hit_rate,17,30,1.0
1,Cl,DreaMS,recall,17,30,0.6092800336917983
1,Cl,DreaMS,hit_rate,18,30,1.0
1,Cl,DreaMS,recall,18,30,0.6295325589443236
1,Cl,DreaMS,hit_rate,19,30,1.0
1,Cl,DreaMS,recall,19,30,0.6539680907327966
1,Cl,DreaMS,hit_rate,20,30,1.0
1,Cl,DreaMS,recall,20,30,0.6726188843835903
1,Cl,DreaMS,hit_rate,21,30,1.0
1,Cl,DreaMS,recall,21,30,0.6850936318583377
1,Cl,DreaMS,hit_rate,22,30,1.0
1,Cl,DreaMS,recall,22,30,0.7217097934744994
1,Cl,DreaMS,hit_rate,23,30,1.0
1,Cl,DreaMS,recall,23,30,0.7449110366757427
1,Cl,DreaMS,hit_rate,24,30,1.0
1,Cl,DreaMS,recall,24,30,0.7561841753018222
1,Cl,DreaMS,hit_rate,25,30,1.0
1,Cl,DreaMS,recall,25,30,0.7920066861243332
1,Cl,DreaMS,hit_rate,26,30,1.0
1,Cl,DreaMS,recall,26,30,0.8124445815622287
1,Cl,DreaMS,hit_rate,27,30,1.0
1,Cl,DreaMS,recall,27,30,0.8242732757438639
1,Cl,DreaMS,hit_rate,28,30,1.0
1,Cl,DreaMS,recall,28,30,0.8442227706933589
1,Cl,DreaMS,hit_rate,29,30,1.0
1,Cl,DreaMS,recall,29,30,0.8472530737236619
1,Cl,DreaMS,hit_rate,30,30,1.0
1,Cl,DreaMS,recall,30,30,0.862373508844097
1,Cl,DreaMS,hit_rate,31,30,1.0
1,Cl,DreaMS,recall,31,30,0.8654038118744001
1,Cl,DreaMS,hit_rate,32,30,1.0
1,Cl,DreaMS,recall,32,30,0.8767674482380365
1,Cl,DreaMS,hit_rate,33,30,1.0
1,Cl,DreaMS,recall,33,30,0.8863828328534211
1,Cl,DreaMS,hit_rate,34,30,1.0
1,Cl,DreaMS,recall,34,30,0.9051396316102198
1,Cl,DreaMS,hit_rate,35,30,1.0
1,Cl,DreaMS,recall,35,30,0.9094519859225743
1,Cl,DreaMS,hit_rate,36,30,1.0
1,Cl,DreaMS,recall,36,30,0.9094519859225743
1,Cl,DreaMS,hit_rate,37,30,1.0
1,Cl,DreaMS,recall,37,30,0.9114127702362997
1,Cl,DreaMS,hit_rate,38,30,1.0
1,Cl,DreaMS,recall,38,30,0.9155957767722475
1,Cl,DreaMS,hit_rate,39,30,1.0
1,Cl,DreaMS,recall,39,30,0.9188386123680241
1,Cl,DreaMS,hit_rate,40,30,1.0
1,Cl,DreaMS,recall,40,30,0.9223428858722978
1,Cl,DreaMS,hit_rate,41,30,1.0
1,Cl,DreaMS,recall,41,30,0.9223428858722978
1,Cl,DreaMS,hit_rate,42,30,1.0
1,Cl,DreaMS,recall,42,30,0.9258471593765711
1,Cl,DreaMS,hit_rate,43,30,1.0
1,Cl,DreaMS,recall,43,30,0.9314027149321268
1,Cl,DreaMS,hit_rate,44,30,1.0
1,Cl,DreaMS,recall,44,30,0.9326847662141782
1,Cl,DreaMS,hit_rate,45,30,1.0
1,Cl,DreaMS,recall,45,30,0.9361890397184515
1,Cl,DreaMS,hit_rate,46,30,1.0
1,Cl,DreaMS,recall,46,30,0.938149824032177
1,Cl,DreaMS,hit_rate,47,30,1.0
1,Cl,DreaMS,recall,47,30,0.9527652086475616
1,Cl,DreaMS,hit_rate,48,30,1.0
1,Cl,DreaMS,recall,48,30,0.9560080442433384
1,Cl,DreaMS,hit_rate,49,30,1.0
1,Cl,DreaMS,recall,49,30,0.9595123177476119
1,Cl,DreaMS,hit_rate,50,30,1.0
1,Cl,DreaMS,recall,50,30,0.9636953242835596
1,Cl,DreaMS,hit_rate,51,30,1.0
1,Cl,DreaMS,recall,51,30,0.9656561085972851
1,Cl,DreaMS,hit_rate,52,30,1.0
1,Cl,DreaMS,recall,52,30,0.9656561085972851
1,Cl,DreaMS,hit_rate,53,30,1.0
1,Cl,DreaMS,recall,53,30,0.9688989441930619
1,Cl,DreaMS,hit_rate,54,30,1.0
1,Cl,DreaMS,recall,54,30,0.9701809954751132
1,Cl,DreaMS,hit_rate,55,30,1.0
1,Cl,DreaMS,recall,55,30,0.9721417797888386
1,Cl,DreaMS,hit_rate,56,30,1.0
1,Cl,DreaMS,recall,56,30,0.9753846153846154
1,Cl,DreaMS,hit_rate,57,30,1.0
1,Cl,DreaMS,recall,57,30,0.9766666666666667
1,Cl,DreaMS,hit_rate,58,30,1.0
1,Cl,DreaMS,recall,58,30,0.98
1,Cl,DreaMS,hit_rate,59,30,1.0
1,Cl,DreaMS,recall,59,30,0.98
1,Cl,DreaMS,hit_rate,60,30,1.0
1,Cl,DreaMS,recall,60,30,0.98
1,Cl,DreaMS,hit_rate,61,30,1.0
1,Cl,DreaMS,recall,61,30,0.98
1,Cl,DreaMS,hit_rate,62,30,1.0
1,Cl,DreaMS,recall,62,30,0.98
1,Cl,DreaMS,hit_rate,63,30,1.0
1,Cl,DreaMS,recall,63,30,0.98
1,Cl,DreaMS,hit_rate,64,30,1.0
1,Cl,DreaMS,recall,64,30,0.9833333333333333
1,Cl,DreaMS,hit_rate,65,30,1.0
1,Cl,DreaMS,recall,65,30,0.9833333333333333
1,Cl,DreaMS,hit_rate,66,30,1.0
1,Cl,DreaMS,recall,66,30,0.9833333333333333
1,Cl,DreaMS,hit_rate,67,30,1.0
1,Cl,DreaMS,recall,67,30,0.9833333333333333
1,Cl,DreaMS,hit_rate,68,30,1.0
1,Cl,DreaMS,recall,68,30,0.9833333333333333
1,Cl,DreaMS,hit_rate,69,30,1.0
1,Cl,DreaMS,recall,69,30,0.9833333333333333
1,Cl,DreaMS,hit_rate,70,30,1.0
1,Cl,DreaMS,recall,70,30,0.9833333333333333
1,Cl,DreaMS,hit_rate,71,30,1.0
1,Cl,DreaMS,recall,71,30,0.9833333333333333
1,Cl,DreaMS,hit_rate,72,30,1.0
1,Cl,DreaMS,recall,72,30,0.9833333333333333
1,Cl,DreaMS,hit_rate,73,30,1.0
1,Cl,DreaMS,recall,73,30,0.9833333333333333
1,Cl,DreaMS,hit_rate,74,30,1.0
1,Cl,DreaMS,recall,74,30,0.9833333333333333
1,Cl,DreaMS,hit_rate,75,30,1.0
1,Cl,DreaMS,recall,75,30,0.9833333333333333
1,Cl,DreaMS,hit_rate,76,30,1.0
1,Cl,DreaMS,recall,76,30,0.9833333333333333
1,Cl,DreaMS,hit_rate,77,30,1.0
1,Cl,DreaMS,recall,77,30,0.9833333333333333
1,Cl,DreaMS,hit_rate,78,30,1.0
1,Cl,DreaMS,recall,78,30,0.9833333333333333
1,Cl,DreaMS,hit_rate,79,30,1.0
1,Cl,DreaMS,recall,79,30,0.9833333333333333
1,Cl,DreaMS,hit_rate,80,30,1.0
1,Cl,DreaMS,recall,80,30,0.9833333333333333
1,Cl,DreaMS,hit_rate,81,30,1.0
1,Cl,DreaMS,recall,81,30,0.9833333333333333
1,Cl,DreaMS,hit_rate,82,30,1.0
1,Cl,DreaMS,recall,82,30,0.9833333333333333
1,Cl,DreaMS,hit_rate,83,30,1.0
1,Cl,DreaMS,recall,83,30,0.9833333333333333
1,Cl,DreaMS,hit_rate,84,30,1.0
1,Cl,DreaMS,recall,84,30,0.9833333333333333
1,Cl,DreaMS,hit_rate,85,30,1.0
1,Cl,DreaMS,recall,85,30,0.9833333333333333
1,Cl,DreaMS,hit_rate,86,30,1.0
1,Cl,DreaMS,recall,86,30,0.9833333333333333
1,Cl,DreaMS,hit_rate,87,30,1.0
1,Cl,DreaMS,recall,87,30,0.9833333333333333
1,Cl,DreaMS,hit_rate,88,30,1.0
1,Cl,DreaMS,recall,88,30,0.9833333333333333
1,Cl,DreaMS,hit_rate,89,30,1.0
1,Cl,DreaMS,recall,89,30,0.9833333333333333
1,Cl,DreaMS,hit_rate,90,30,1.0
1,Cl,DreaMS,recall,90,30,0.9833333333333333
1,Cl,DreaMS,hit_rate,91,30,1.0
1,Cl,DreaMS,recall,91,30,0.9833333333333333
1,Cl,DreaMS,hit_rate,92,30,1.0
1,Cl,DreaMS,recall,92,30,0.9833333333333333
1,Cl,DreaMS,hit_rate,93,30,1.0
1,Cl,DreaMS,recall,93,30,0.9833333333333333
1,Cl,DreaMS,hit_rate,94,30,1.0
1,Cl,DreaMS,recall,94,30,0.9833333333333333
1,Cl,DreaMS,hit_rate,95,30,1.0
1,Cl,DreaMS,recall,95,30,0.9833333333333333
1,Cl,DreaMS,hit_rate,96,30,1.0
1,Cl,DreaMS,recall,96,30,0.9833333333333333
1,Cl,DreaMS,hit_rate,97,30,1.0
1,Cl,DreaMS,recall,97,30,0.9833333333333333
1,Cl,DreaMS,hit_rate,98,30,1.0
1,Cl,DreaMS,recall,98,30,0.9833333333333333
1,Cl,DreaMS,hit_rate,99,30,1.0
1,Cl,DreaMS,recall,99,30,0.9866666666666667
1,Cl,DreaMS,hit_rate,100,30,1.0
1,Cl,DreaMS,recall,100,30,0.9866666666666667
1,Cl,DreaMS,hit_rate,101,30,1.0
1,Cl,DreaMS,recall,101,30,0.9866666666666667
1,Cl,DreaMS,hit_rate,102,30,1.0
1,Cl,DreaMS,recall,102,30,0.9866666666666667
1,Cl,DreaMS,hit_rate,103,30,1.0
1,Cl,DreaMS,recall,103,30,0.9866666666666667
1,Cl,DreaMS,hit_rate,104,30,1.0
1,Cl,DreaMS,recall,104,30,0.9866666666666667
1,Cl,DreaMS,hit_rate,105,30,1.0
1,Cl,DreaMS,recall,105,30,0.9866666666666667
1,Cl,DreaMS,hit_rate,106,30,1.0
1,Cl,DreaMS,recall,106,30,0.9866666666666667
1,Cl,DreaMS,hit_rate,107,30,1.0
1,Cl,DreaMS,recall,107,30,0.9866666666666667
1,Cl,DreaMS,hit_rate,108,30,1.0
1,Cl,DreaMS,recall,108,30,0.9866666666666667
1,Cl,DreaMS,hit_rate,109,30,1.0
1,Cl,DreaMS,recall,109,30,0.9866666666666667
1,Cl,DreaMS,hit_rate,110,30,1.0
1,Cl,DreaMS,recall,110,30,0.9866666666666667
1,Cl,DreaMS,hit_rate,111,30,1.0
1,Cl,DreaMS,recall,111,30,0.9866666666666667
1,Cl,DreaMS,hit_rate,112,30,1.0
1,Cl,DreaMS,recall,112,30,0.9866666666666667
1,Cl,DreaMS,hit_rate,113,30,1.0
1,Cl,DreaMS,recall,113,30,0.9866666666666667
1,Cl,DreaMS,hit_rate,114,30,1.0
1,Cl,DreaMS,recall,114,30,0.9866666666666667
1,Cl,DreaMS,hit_rate,115,30,1.0
1,Cl,DreaMS,recall,115,30,0.9866666666666667
1,Cl,DreaMS,hit_rate,116,30,1.0
1,Cl,DreaMS,recall,116,30,0.99
1,Cl,DreaMS,hit_rate,117,30,1.0
1,Cl,DreaMS,recall,117,30,0.99
1,Cl,DreaMS,hit_rate,118,30,1.0
1,Cl,DreaMS,recall,118,30,0.99
1,Cl,DreaMS,hit_rate,119,30,1.0
1,Cl,DreaMS,recall,119,30,0.99
1,Cl,DreaMS,hit_rate,120,30,1.0
1,Cl,DreaMS,recall,120,30,0.99
1,Cl,DreaMS,hit_rate,121,30,1.0
1,Cl,DreaMS,recall,121,30,0.99
1,Cl,DreaMS,hit_rate,122,30,1.0
1,Cl,DreaMS,recall,122,30,0.99
1,Cl,DreaMS,hit_rate,123,30,1.0
1,Cl,DreaMS,recall,123,30,0.99
1,Cl,DreaMS,hit_rate,124,30,1.0
1,Cl,DreaMS,recall,124,30,0.99
1,Cl,DreaMS,hit_rate,125,30,1.0
1,Cl,DreaMS,recall,125,30,0.99
1,Cl,DreaMS,hit_rate,126,30,1.0
1,Cl,DreaMS,recall,126,30,0.99
1,Cl,DreaMS,hit_rate,127,30,1.0
1,Cl,DreaMS,recall,127,30,0.9933333333333334
1,Cl,DreaMS,hit_rate,128,30,1.0
1,Cl,DreaMS,recall,128,30,0.9933333333333334
1,Cl,DreaMS,hit_rate,129,30,1.0
1,Cl,DreaMS,recall,129,30,0.9933333333333334
1,Cl,DreaMS,hit_rate,130,30,1.0
1,Cl,DreaMS,recall,130,30,0.9933333333333334
1,Cl,DreaMS,hit_rate,131,30,1.0
1,Cl,DreaMS,recall,131,30,0.9933333333333334
1,Cl,DreaMS,hit_rate,132,30,1.0
1,Cl,DreaMS,recall,132,30,0.9933333333333334
1,Cl,DreaMS,hit_rate,133,30,1.0
1,Cl,DreaMS,recall,133,30,0.9933333333333334
1,Cl,DreaMS,hit_rate,134,30,1.0
1,Cl,DreaMS,recall,134,30,0.9933333333333334
1,Cl,DreaMS,hit_rate,135,30,1.0
1,Cl,DreaMS,recall,135,30,0.9933333333333334
1,Cl,DreaMS,hit_rate,136,30,1.0
1,Cl,DreaMS,recall,136,30,0.9933333333333334
1,Cl,DreaMS,hit_rate,137,30,1.0
1,Cl,DreaMS,recall,137,30,0.9933333333333334
1,Cl,DreaMS,hit_rate,138,30,1.0
1,Cl,DreaMS,recall,138,30,0.9933333333333334
1,Cl,DreaMS,hit_rate,139,30,1.0
1,Cl,DreaMS,recall,139,30,0.9933333333333334
1,Cl,DreaMS,hit_rate,140,30,1.0
1,Cl,DreaMS,recall,140,30,0.9933333333333334
1,Cl,DreaMS,hit_rate,141,30,1.0
1,Cl,DreaMS,recall,141,30,0.9933333333333334
1,Cl,DreaMS,hit_rate,142,30,1.0
1,Cl,DreaMS,recall,142,30,0.9966666666666666
1,Cl,DreaMS,hit_rate,143,30,1.0
1,Cl,DreaMS,recall,143,30,0.9966666666666666
1,Cl,DreaMS,hit_rate,144,30,1.0
1,Cl,DreaMS,recall,144,30,0.9966666666666666
1,Cl,DreaMS,hit_rate,145,30,1.0
1,Cl,DreaMS,recall,145,30,0.9966666666666666
1,Cl,DreaMS,hit_rate,146,30,1.0
1,Cl,DreaMS,recall,146,30,0.9966666666666666
1,Cl,DreaMS,hit_rate,147,30,1.0
1,Cl,DreaMS,recall,147,30,0.9966666666666666
1,Cl,DreaMS,hit_rate,148,30,1.0
1,Cl,DreaMS,recall,148,30,0.9966666666666666
1,Cl,DreaMS,hit_rate,149,30,1.0
1,Cl,DreaMS,recall,149,30,0.9966666666666666
1,Cl,DreaMS,hit_rate,150,30,1.0
1,Cl,DreaMS,recall,150,30,1.0
1,Cl,Linear SVM,hit_rate,5,30,0.7666666666666667
1,Cl,Linear SVM,recall,5,30,0.3077019821137468
1,Cl,Linear SVM,hit_rate,6,30,0.8333333333333334
1,Cl,Linear SVM,recall,6,30,0.3620430114547761
1,Cl,Linear SVM,hit_rate,7,30,0.8333333333333334
1,Cl,Linear SVM,recall,7,30,0.3957324701442348
1,Cl,Linear SVM,hit_rate,8,30,0.8333333333333334
1,Cl,Linear SVM,recall,8,30,0.4321105365223012
1,Cl,Linear SVM,hit_rate,9,30,0.8666666666666667
1,Cl,Linear SVM,recall,9,30,0.4811703655821303
1,Cl,Linear SVM,hit_rate,10,30,0.9
1,Cl,Linear SVM,recall,10,30,0.5185779579897228
1,Cl,Linear SVM,hit_rate,11,30,0.9333333333333333
1,Cl,Linear SVM,recall,11,30,0.5528813996461055
1,Cl,Linear SVM,hit_rate,12,30,0.9333333333333333
1,Cl,Linear SVM,recall,12,30,0.5737455028631498
1,Cl,Linear SVM,hit_rate,13,30,0.9333333333333333
1,Cl,Linear SVM,recall,13,30,0.6083753174929645
1,Cl,Linear SVM,hit_rate,14,30,0.9333333333333333
1,Cl,Linear SVM,recall,14,30,0.6462646177352059
1,Cl,Linear SVM,hit_rate,15,30,0.9333333333333333
1,Cl,Linear SVM,recall,15,30,0.6548504763210645
1,Cl,Linear SVM,hit_rate,16,30,0.9333333333333333
1,Cl,Linear SVM,recall,16,30,0.6720221934927815
1,Cl,Linear SVM,hit_rate,17,30,0.9333333333333333
1,Cl,Linear SVM,recall,17,30,0.6835983624218916
1,Cl,Linear SVM,hit_rate,18,30,0.9666666666666667
1,Cl,Linear SVM,recall,18,30,0.7205086416851123
1,Cl,Linear SVM,hit_rate,19,30,0.9666666666666667
1,Cl,Linear SVM,recall,19,30,0.7434884396649104
1,Cl,Linear SVM,hit_rate,20,30,0.9666666666666667
1,Cl,Linear SVM,recall,20,30,0.7478007939772647
1,Cl,Linear SVM,hit_rate,21,30,0.9666666666666667
1,Cl,Linear SVM,recall,21,30,0.7817041128805834
1,Cl,Linear SVM,hit_rate,22,30,0.9666666666666667
1,Cl,Linear SVM,recall,22,30,0.8057421119185825
1,Cl,Linear SVM,hit_rate,23,30,1.0
1,Cl,Linear SVM,recall,23,30,0.8477649039413746
1,Cl,Linear SVM,hit_rate,24,30,1.0
1,Cl,Linear SVM,recall,24,30,0.8530174291938998
1,Cl,Linear SVM,hit_rate,25,30,1.0
1,Cl,Linear SVM,recall,25,30,0.8618558130322836
1,Cl,Linear SVM,hit_rate,26,30,1.0
1,Cl,Linear SVM,recall,26,30,0.8618558130322836
1,Cl,Linear SVM,hit_rate,27,30,1.0
1,Cl,Linear SVM,recall,27,30,0.8671083382848088
1,Cl,Linear SVM,hit_rate,28,30,1.0
1,Cl,Linear SVM,recall,28,30,0.8714206925971634
1,Cl,Linear SVM,hit_rate,29,30,1.0
1,Cl,Linear SVM,recall,29,30,0.8766732178496885
1,Cl,Linear SVM,hit_rate,30,30,1.0
1,Cl,Linear SVM,recall,30,30,0.881664305193717
1,Cl,Linear SVM,hit_rate,31,30,1.0
1,Cl,Linear SVM,recall,31,30,0.8890069625363743
1,Cl,Linear SVM,hit_rate,32,30,1.0
1,Cl,Linear SVM,recall,32,30,0.8963238722062253
1,Cl,Linear SVM,hit_rate,33,30,1.0
1,Cl,Linear SVM,recall,33,30,0.9101222633575575
1,Cl,Linear SVM,hit_rate,34,30,1.0
1,Cl,Linear SVM,recall,34,30,0.9184555966908908
1,Cl,Linear SVM,hit_rate,35,30,1.0
1,Cl,Linear SVM,recall,35,30,0.9197376479729422
1,Cl,Linear SVM,hit_rate,36,30,1.0
1,Cl,Linear SVM,recall,36,30,0.9197376479729422
1,Cl,Linear SVM,hit_rate,37,30,1.0
1,Cl,Linear SVM,recall,37,30,0.9216984322866677
1,Cl,Linear SVM,hit_rate,38,30,1.0
1,Cl,Linear SVM,recall,38,30,0.9410923716806071
1,Cl,Linear SVM,hit_rate,39,30,1.0
1,Cl,Linear SVM,recall,39,30,0.94412267471091
1,Cl,Linear SVM,hit_rate,40,30,1.0
1,Cl,Linear SVM,recall,40,30,0.94412267471091
1,Cl,Linear SVM,hit_rate,41,30,1.0
1,Cl,Linear SVM,recall,41,30,0.94412267471091
1,Cl,Linear SVM,hit_rate,42,30,1.0
1,Cl,Linear SVM,recall,42,30,0.94412267471091
1,Cl,Linear SVM,hit_rate,43,30,1.0
1,Cl,Linear SVM,recall,43,30,0.9552337858220211
1,Cl,Linear SVM,hit_rate,44,30,1.0
1,Cl,Linear SVM,recall,44,30,0.9565158371040724
1,Cl,Linear SVM,hit_rate,45,30,1.0
1,Cl,Linear SVM,recall,45,30,0.9577978883861237
1,Cl,Linear SVM,hit_rate,46,30,1.0
1,Cl,Linear SVM,recall,46,30,0.9577978883861237
1,Cl,Linear SVM,hit_rate,47,30,1.0
1,Cl,Linear SVM,recall,47,30,0.9597586726998492
1,Cl,Linear SVM,hit_rate,48,30,1.0
1,Cl,Linear SVM,recall,48,30,0.9630015082956259
1,Cl,Linear SVM,hit_rate,49,30,1.0
1,Cl,Linear SVM,recall,49,30,0.9665057817998994
1,Cl,Linear SVM,hit_rate,50,30,1.0
1,Cl,Linear SVM,recall,50,30,0.9687280040221217
1,Cl,Linear SVM,hit_rate,51,30,1.0
1,Cl,Linear SVM,recall,51,30,0.9700100553041728
1,Cl,Linear SVM,hit_rate,52,30,1.0
1,Cl,Linear SVM,recall,52,30,0.9732528908999497
1,Cl,Linear SVM,hit_rate,53,30,1.0
1,Cl,Linear SVM,recall,53,30,0.9732528908999497
1,Cl,Linear SVM,hit_rate,54,30,1.0
1,Cl,Linear SVM,recall,54,30,0.9764957264957264
1,Cl,Linear SVM,hit_rate,55,30,1.0
1,Cl,Linear SVM,recall,55,30,0.9764957264957264
1,Cl,Linear SVM,hit_rate,56,30,1.0
1,Cl,Linear SVM,recall,56,30,0.9764957264957264
1,Cl,Linear SVM,hit_rate,57,30,1.0
1,Cl,Linear SVM,recall,57,30,0.9796296296296296
1,Cl,Linear SVM,hit_rate,58,30,1.0
1,Cl,Linear SVM,recall,58,30,0.9796296296296296
1,Cl,Linear SVM,hit_rate,59,30,1.0
1,Cl,Linear SVM,recall,59,30,0.9796296296296296
1,Cl,Linear SVM,hit_rate,60,30,1.0
1,Cl,Linear SVM,recall,60,30,0.9796296296296296
1,Cl,Linear SVM,hit_rate,61,30,1.0
1,Cl,Linear SVM,recall,61,30,0.9796296296296296
1,Cl,Linear SVM,hit_rate,62,30,1.0
1,Cl,Linear SVM,recall,62,30,0.9796296296296296
1,Cl,Linear SVM,hit_rate,63,30,1.0
1,Cl,Linear SVM,recall,63,30,0.9796296296296296
1,Cl,Linear SVM,hit_rate,64,30,1.0
1,Cl,Linear SVM,recall,64,30,0.9796296296296296
1,Cl,Linear SVM,hit_rate,65,30,1.0
1,Cl,Linear SVM,recall,65,30,0.9796296296296296
1,Cl,Linear SVM,hit_rate,66,30,1.0
1,Cl,Linear SVM,recall,66,30,0.9796296296296296
1,Cl,Linear SVM,hit_rate,67,30,1.0
1,Cl,Linear SVM,recall,67,30,0.9796296296296296
1,Cl,Linear SVM,hit_rate,68,30,1.0
1,Cl,Linear SVM,recall,68,30,0.9814814814814814
1,Cl,Linear SVM,hit_rate,69,30,1.0
1,Cl,Linear SVM,recall,69,30,0.9814814814814814
1,Cl,Linear SVM,hit_rate,70,30,1.0
1,Cl,Linear SVM,recall,70,30,0.9814814814814814
1,Cl,Linear SVM,hit_rate,71,30,1.0
1,Cl,Linear SVM,recall,71,30,0.9814814814814814
1,Cl,Linear SVM,hit_rate,72,30,1.0
1,Cl,Linear SVM,recall,72,30,0.9814814814814814
1,Cl,Linear SVM,hit_rate,73,30,1.0
1,Cl,Linear SVM,recall,73,30,0.9814814814814814
1,Cl,Linear SVM,hit_rate,74,30,1.0
1,Cl,Linear SVM,recall,74,30,0.9814814814814814
1,Cl,Linear SVM,hit_rate,75,30,1.0
1,Cl,Linear SVM,recall,75,30,0.9814814814814814
1,Cl,Linear SVM,hit_rate,76,30,1.0
1,Cl,Linear SVM,recall,76,30,0.9814814814814814
1,Cl,Linear SVM,hit_rate,77,30,1.0
1,Cl,Linear SVM,recall,77,30,0.9814814814814814
1,Cl,Linear SVM,hit_rate,78,30,1.0
1,Cl,Linear SVM,recall,78,30,0.9814814814814814
1,Cl,Linear SVM,hit_rate,79,30,1.0
1,Cl,Linear SVM,recall,79,30,0.9814814814814814
1,Cl,Linear SVM,hit_rate,80,30,1.0
1,Cl,Linear SVM,recall,80,30,0.9833333333333333
1,Cl,Linear SVM,hit_rate,81,30,1.0
1,Cl,Linear SVM,recall,81,30,0.9833333333333333
1,Cl,Linear SVM,hit_rate,82,30,1.0
1,Cl,Linear SVM,recall,82,30,0.9833333333333333
1,Cl,Linear SVM,hit_rate,83,30,1.0
1,Cl,Linear SVM,recall,83,30,0.9833333333333333
1,Cl,Linear SVM,hit_rate,84,30,1.0
1,Cl,Linear SVM,recall,84,30,0.9833333333333333
1,Cl,Linear SVM,hit_rate,85,30,1.0
1,Cl,Linear SVM,recall,85,30,0.9833333333333333
1,Cl,Linear SVM,hit_rate,86,30,1.0
1,Cl,Linear SVM,recall,86,30,0.9833333333333333
1,Cl,Linear SVM,hit_rate,87,30,1.0
1,Cl,Linear SVM,recall,87,30,0.9833333333333333
1,Cl,Linear SVM,hit_rate,88,30,1.0
1,Cl,Linear SVM,recall,88,30,0.9833333333333333
1,Cl,Linear SVM,hit_rate,89,30,1.0
1,Cl,Linear SVM,recall,89,30,0.9833333333333333
1,Cl,Linear SVM,hit_rate,90,30,1.0
1,Cl,Linear SVM,recall,90,30,0.9833333333333333
1,Cl,Linear SVM,hit_rate,91,30,1.0
1,Cl,Linear SVM,recall,91,30,0.9833333333333333
1,Cl,Linear SVM,hit_rate,92,30,1.0
1,Cl,Linear SVM,recall,92,30,0.9833333333333333
1,Cl,Linear SVM,hit_rate,93,30,1.0
1,Cl,Linear SVM,recall,93,30,0.9833333333333333
1,Cl,Linear SVM,hit_rate,94,30,1.0
1,Cl,Linear SVM,recall,94,30,0.9833333333333333
1,Cl,Linear SVM,hit_rate,95,30,1.0
1,Cl,Linear SVM,recall,95,30,0.9833333333333333
1,Cl,Linear SVM,hit_rate,96,30,1.0
1,Cl,Linear SVM,recall,96,30,0.9833333333333333
1,Cl,Linear SVM,hit_rate,97,30,1.0
1,Cl,Linear SVM,recall,97,30,0.9833333333333333
1,Cl,Linear SVM,hit_rate,98,30,1.0
1,Cl,Linear SVM,recall,98,30,0.9833333333333333
1,Cl,Linear SVM,hit_rate,99,30,1.0
1,Cl,Linear SVM,recall,99,30,0.9833333333333333
1,Cl,Linear SVM,hit_rate,100,30,1.0
1,Cl,Linear SVM,recall,100,30,0.9833333333333333
1,Cl,Linear SVM,hit_rate,101,30,1.0
1,Cl,Linear SVM,recall,101,30,0.9833333333333333
1,Cl,Linear SVM,hit_rate,102,30,1.0
1,Cl,Linear SVM,recall,102,30,0.9833333333333333
1,Cl,Linear SVM,hit_rate,103,30,1.0
1,Cl,Linear SVM,recall,103,30,0.9833333333333333
1,Cl,Linear SVM,hit_rate,104,30,1.0
1,Cl,Linear SVM,recall,104,30,0.9833333333333333
1,Cl,Linear SVM,hit_rate,105,30,1.0
1,Cl,Linear SVM,recall,105,30,0.9833333333333333
1,Cl,Linear SVM,hit_rate,106,30,1.0
1,Cl,Linear SVM,recall,106,30,0.9833333333333333
1,Cl,Linear SVM,hit_rate,107,30,1.0
1,Cl,Linear SVM,recall,107,30,0.9833333333333333
1,Cl,Linear SVM,hit_rate,108,30,1.0
1,Cl,Linear SVM,recall,108,30,0.9833333333333333
1,Cl,Linear SVM,hit_rate,109,30,1.0
1,Cl,Linear SVM,recall,109,30,0.9833333333333333
1,Cl,Linear SVM,hit_rate,110,30,1.0
1,Cl,Linear SVM,recall,110,30,0.9851851851851853
1,Cl,Linear SVM,hit_rate,111,30,1.0
1,Cl,Linear SVM,recall,111,30,0.9851851851851853
1,Cl,Linear SVM,hit_rate,112,30,1.0
1,Cl,Linear SVM,recall,112,30,0.9851851851851853
1,Cl,Linear SVM,hit_rate,113,30,1.0
1,Cl,Linear SVM,recall,113,30,0.9851851851851853
1,Cl,Linear SVM,hit_rate,114,30,1.0
1,Cl,Linear SVM,recall,114,30,0.9851851851851853
1,Cl,Linear SVM,hit_rate,115,30,1.0
1,Cl,Linear SVM,recall,115,30,0.9851851851851853
1,Cl,Linear SVM,hit_rate,116,30,1.0
1,Cl,Linear SVM,recall,116,30,0.987037037037037
1,Cl,Linear SVM,hit_rate,117,30,1.0
1,Cl,Linear SVM,recall,117,30,0.987037037037037
1,Cl,Linear SVM,hit_rate,118,30,1.0
1,Cl,Linear SVM,recall,118,30,0.987037037037037
1,Cl,Linear SVM,hit_rate,119,30,1.0
1,Cl,Linear SVM,recall,119,30,0.987037037037037
1,Cl,Linear SVM,hit_rate,120,30,1.0
1,Cl,Linear SVM,recall,120,30,0.987037037037037
1,Cl,Linear SVM,hit_rate,121,30,1.0
1,Cl,Linear SVM,recall,121,30,0.987037037037037
1,Cl,Linear SVM,hit_rate,122,30,1.0
1,Cl,Linear SVM,recall,122,30,0.987037037037037
1,Cl,Linear SVM,hit_rate,123,30,1.0
1,Cl,Linear SVM,recall,123,30,0.987037037037037
1,Cl,Linear SVM,hit_rate,124,30,1.0
1,Cl,Linear SVM,recall,124,30,0.987037037037037
1,Cl,Linear SVM,hit_rate,125,30,1.0
1,Cl,Linear SVM,recall,125,30,0.987037037037037
1,Cl,Linear SVM,hit_rate,126,30,1.0
1,Cl,Linear SVM,recall,126,30,0.987037037037037
1,Cl,Linear SVM,hit_rate,127,30,1.0
1,Cl,Linear SVM,recall,127,30,0.987037037037037
1,Cl,Linear SVM,hit_rate,128,30,1.0
1,Cl,Linear SVM,recall,128,30,0.9888888888888888
1,Cl,Linear SVM,hit_rate,129,30,1.0
1,Cl,Linear SVM,recall,129,30,0.9888888888888888
1,Cl,Linear SVM,hit_rate,130,30,1.0
1,Cl,Linear SVM,recall,130,30,0.9907407407407407
1,Cl,Linear SVM,hit_rate,131,30,1.0
1,Cl,Linear SVM,recall,131,30,0.9907407407407407
1,Cl,Linear SVM,hit_rate,132,30,1.0
1,Cl,Linear SVM,recall,132,30,0.9907407407407407
1,Cl,Linear SVM,hit_rate,133,30,1.0
1,Cl,Linear SVM,recall,133,30,0.9907407407407407
1,Cl,Linear SVM,hit_rate,134,30,1.0
1,Cl,Linear SVM,recall,134,30,0.9907407407407407
1,Cl,Linear SVM,hit_rate,135,30,1.0
1,Cl,Linear SVM,recall,135,30,0.9907407407407407
1,Cl,Linear SVM,hit_rate,136,30,1.0
1,Cl,Linear SVM,recall,136,30,0.9925925925925926
1,Cl,Linear SVM,hit_rate,137,30,1.0
1,Cl,Linear SVM,recall,137,30,0.9925925925925926
1,Cl,Linear SVM,hit_rate,138,30,1.0
1,Cl,Linear SVM,recall,138,30,0.9925925925925926
1,Cl,Linear SVM,hit_rate,139,30,1.0
1,Cl,Linear SVM,recall,139,30,0.9925925925925926
1,Cl,Linear SVM,hit_rate,140,30,1.0
1,Cl,Linear SVM,recall,140,30,0.9925925925925926
1,Cl,Linear SVM,hit_rate,141,30,1.0
1,Cl,Linear SVM,recall,141,30,0.9925925925925926
1,Cl,Linear SVM,hit_rate,142,30,1.0
1,Cl,Linear SVM,recall,142,30,0.9925925925925926
1,Cl,Linear SVM,hit_rate,143,30,1.0
1,Cl,Linear SVM,recall,143,30,0.9925925925925926
1,Cl,Linear SVM,hit_rate,144,30,1.0
1,Cl,Linear SVM,recall,144,30,0.9925925925925926
1,Cl,Linear SVM,hit_rate,145,30,1.0
1,Cl,Linear SVM,recall,145,30,0.9925925925925926
1,Cl,Linear SVM,hit_rate,146,30,1.0
1,Cl,Linear SVM,recall,146,30,0.9925925925925926
1,Cl,Linear SVM,hit_rate,147,30,1.0
1,Cl,Linear SVM,recall,147,30,0.9925925925925926
1,Cl,Linear SVM,hit_rate,148,30,1.0
1,Cl,Linear SVM,recall,148,30,0.9925925925925926
1,Cl,Linear SVM,hit_rate,149,30,1.0
1,Cl,Linear SVM,recall,149,30,0.9925925925925926
1,Cl,Linear SVM,hit_rate,150,30,1.0
1,Cl,Linear SVM,recall,150,30,0.9925925925925926
1,Cl,Random forest,hit_rate,5,30,0.6666666666666666
1,Cl,Random forest,recall,5,30,0.23810220280808514
1,Cl,Random forest,hit_rate,6,30,0.7333333333333333
1,Cl,Random forest,recall,6,30,0.2826670823729647
1,Cl,Random forest,hit_rate,7,30,0.7666666666666667
1,Cl,Random forest,recall,7,30,0.31318656289244523
1,Cl,Random forest,hit_rate,8,30,0.8333333333333334
1,Cl,Random forest,recall,8,30,0.41035828006416236
1,Cl,Random forest,hit_rate,9,30,0.9
1,Cl,Random forest,recall,9,30,0.44770093740681965
1,Cl,Random forest,hit_rate,10,30,0.9
1,Cl,Random forest,recall,10,30,0.48436760407348634
1,Cl,Random forest,hit_rate,11,30,0.9666666666666667
1,Cl,Random forest,recall,11,30,0.532145381851264
1,Cl,Random forest,hit_rate,12,30,0.9666666666666667
1,Cl,Random forest,recall,12,30,0.567453929512753
1,Cl,Random forest,hit_rate,13,30,0.9666666666666667
1,Cl,Random forest,recall,13,30,0.5914632535220771
1,Cl,Random forest,hit_rate,14,30,0.9666666666666667
1,Cl,Random forest,recall,14,30,0.5942410312998548
1,Cl,Random forest,hit_rate,15,30,0.9666666666666667
1,Cl,Random forest,recall,15,30,0.6139380009968245
1,Cl,Random forest,hit_rate,16,30,0.9666666666666667
1,Cl,Random forest,recall,16,30,0.6169683040271274
1,Cl,Random forest,hit_rate,17,30,0.9666666666666667
1,Cl,Random forest,recall,17,30,0.6351839772428006
1,Cl,Random forest,hit_rate,18,30,0.9666666666666667
1,Cl,Random forest,recall,18,30,0.6512445833034068
1,Cl,Random forest,hit_rate,19,30,0.9666666666666667
1,Cl,Random forest,recall,19,30,0.666962166373931
1,Cl,Random forest,hit_rate,20,30,0.9666666666666667
1,Cl,Random forest,recall,20,30,0.6741754759401817
1,Cl,Random forest,hit_rate,21,30,0.9666666666666667
1,Cl,Random forest,recall,21,30,0.6840849782026251
1,Cl,Random forest,hit_rate,22,30,0.9666666666666667
1,Cl,Random forest,recall,22,30,0.6976852668029138
1,Cl,Random forest,hit_rate,23,30,1.0
1,Cl,Random forest,recall,23,30,0.7647664862370743
1,Cl,Random forest,hit_rate,24,30,1.0
1,Cl,Random forest,recall,24,30,0.7815951804187098
1,Cl,Random forest,hit_rate,25,30,1.0
1,Cl,Random forest,recall,25,30,0.8065191126955832
1,Cl,Random forest,hit_rate,26,30,1.0
1,Cl,Random forest,recall,26,30,0.8133567195331903
1,Cl,Random forest,hit_rate,27,30,1.0
1,Cl,Random forest,recall,27,30,0.8249728811493517
1,Cl,Random forest,hit_rate,28,30,1.0
1,Cl,Random forest,recall,28,30,0.8335587397352103
1,Cl,Random forest,hit_rate,29,30,1.0
1,Cl,Random forest,recall,29,30,0.8441053826347944
1,Cl,Random forest,hit_rate,30,30,1.0
1,Cl,Random forest,recall,30,30,0.8589643798467328
1,Cl,Random forest,hit_rate,31,30,1.0
1,Cl,Random forest,recall,31,30,0.8663070371893902
1,Cl,Random forest,hit_rate,32,30,1.0
1,Cl,Random forest,recall,32,30,0.8735203467556408
1,Cl,Random forest,hit_rate,33,30,1.0
1,Cl,Random forest,recall,33,30,0.8777033532915886
1,Cl,Random forest,hit_rate,34,30,1.0
1,Cl,Random forest,recall,34,30,0.8993700199582553
1,Cl,Random forest,hit_rate,35,30,1.0
1,Cl,Random forest,recall,35,30,0.9095047000929355
1,Cl,Random forest,hit_rate,36,30,1.0
1,Cl,Random forest,recall,36,30,0.9236461142343496
1,Cl,Random forest,hit_rate,37,30,1.0
1,Cl,Random forest,recall,37,30,0.927150387738623
1,Cl,Random forest,hit_rate,38,30,1.0
1,Cl,Random forest,recall,38,30,0.9314627420509775
1,Cl,Random forest,hit_rate,39,30,1.0
1,Cl,Random forest,recall,39,30,0.9357750963633317
1,Cl,Random forest,hit_rate,40,30,1.0
1,Cl,Random forest,recall,40,30,0.9468862074744427
1,Cl,Random forest,hit_rate,41,30,1.0
1,Cl,Random forest,recall,41,30,0.9468862074744427
1,Cl,Random forest,hit_rate,42,30,1.0
1,Cl,Random forest,recall,42,30,0.9481682587564941
1,Cl,Random forest,hit_rate,43,30,1.0
1,Cl,Random forest,recall,43,30,0.9494503100385453
1,Cl,Random forest,hit_rate,44,30,1.0
1,Cl,Random forest,recall,44,30,0.9514110943522708
1,Cl,Random forest,hit_rate,45,30,1.0
1,Cl,Random forest,recall,45,30,0.9555941008882185
1,Cl,Random forest,hit_rate,46,30,1.0
1,Cl,Random forest,recall,46,30,0.9555941008882185
1,Cl,Random forest,hit_rate,47,30,1.0
1,Cl,Random forest,recall,47,30,0.959098374392492
1,Cl,Random forest,hit_rate,48,30,1.0
1,Cl,Random forest,recall,48,30,0.9613205966147143
1,Cl,Random forest,hit_rate,49,30,1.0
1,Cl,Random forest,recall,49,30,0.9626026478967655
1,Cl,Random forest,hit_rate,50,30,1.0
1,Cl,Random forest,recall,50,30,0.9658454834925423
1,Cl,Random forest,hit_rate,51,30,1.0
1,Cl,Random forest,recall,51,30,0.9676973353443942
1,Cl,Random forest,hit_rate,52,30,1.0
1,Cl,Random forest,recall,52,30,0.9676973353443942
1,Cl,Random forest,hit_rate,53,30,1.0
1,Cl,Random forest,recall,53,30,0.9709401709401709
1,Cl,Random forest,hit_rate,54,30,1.0
1,Cl,Random forest,recall,54,30,0.9709401709401709
1,Cl,Random forest,hit_rate,55,30,1.0
1,Cl,Random forest,recall,55,30,0.9709401709401709
1,Cl,Random forest,hit_rate,56,30,1.0
1,Cl,Random forest,recall,56,30,0.9709401709401709
1,Cl,Random forest,hit_rate,57,30,1.0
1,Cl,Random forest,recall,57,30,0.9722222222222222
1,Cl,Random forest,hit_rate,58,30,1.0
1,Cl,Random forest,recall,58,30,0.9722222222222222
1,Cl,Random forest,hit_rate,59,30,1.0
1,Cl,Random forest,recall,59,30,0.9722222222222222
1,Cl,Random forest,hit_rate,60,30,1.0
1,Cl,Random forest,recall,60,30,0.9722222222222222
1,Cl,Random forest,hit_rate,61,30,1.0
1,Cl,Random forest,recall,61,30,0.9722222222222222
1,Cl,Random forest,hit_rate,62,30,1.0
1,Cl,Random forest,recall,62,30,0.9722222222222222
1,Cl,Random forest,hit_rate,63,30,1.0
1,Cl,Random forest,recall,63,30,0.9722222222222222
1,Cl,Random forest,hit_rate,64,30,1.0
1,Cl,Random forest,recall,64,30,0.9722222222222222
1,Cl,Random forest,hit_rate,65,30,1.0
1,Cl,Random forest,recall,65,30,0.9722222222222222
1,Cl,Random forest,hit_rate,66,30,1.0
1,Cl,Random forest,recall,66,30,0.9722222222222222
1,Cl,Random forest,hit_rate,67,30,1.0
1,Cl,Random forest,recall,67,30,0.9722222222222222
1,Cl,Random forest,hit_rate,68,30,1.0
1,Cl,Random forest,recall,68,30,0.9722222222222222
1,Cl,Random forest,hit_rate,69,30,1.0
1,Cl,Random forest,recall,69,30,0.9722222222222222
1,Cl,Random forest,hit_rate,70,30,1.0
1,Cl,Random forest,recall,70,30,0.9722222222222222
1,Cl,Random forest,hit_rate,71,30,1.0
1,Cl,Random forest,recall,71,30,0.9722222222222222
1,Cl,Random forest,hit_rate,72,30,1.0
1,Cl,Random forest,recall,72,30,0.9722222222222222
1,Cl,Random forest,hit_rate,73,30,1.0
1,Cl,Random forest,recall,73,30,0.9722222222222222
1,Cl,Random forest,hit_rate,74,30,1.0
1,Cl,Random forest,recall,74,30,0.9722222222222222
1,Cl,Random forest,hit_rate,75,30,1.0
1,Cl,Random forest,recall,75,30,0.9722222222222222
1,Cl,Random forest,hit_rate,76,30,1.0
1,Cl,Random forest,recall,76,30,0.9722222222222222
1,Cl,Random forest,hit_rate,77,30,1.0
1,Cl,Random forest,recall,77,30,0.9722222222222222
1,Cl,Random forest,hit_rate,78,30,1.0
1,Cl,Random forest,recall,78,30,0.9722222222222222
1,Cl,Random forest,hit_rate,79,30,1.0
1,Cl,Random forest,recall,79,30,0.9722222222222222
1,Cl,Random forest,hit_rate,80,30,1.0
1,Cl,Random forest,recall,80,30,0.9722222222222222
1,Cl,Random forest,hit_rate,81,30,1.0
1,Cl,Random forest,recall,81,30,0.9722222222222222
1,Cl,Random forest,hit_rate,82,30,1.0
1,Cl,Random forest,recall,82,30,0.9722222222222222
1,Cl,Random forest,hit_rate,83,30,1.0
1,Cl,Random forest,recall,83,30,0.9722222222222222
1,Cl,Random forest,hit_rate,84,30,1.0
1,Cl,Random forest,recall,84,30,0.9740740740740741
1,Cl,Random forest,hit_rate,85,30,1.0
1,Cl,Random forest,recall,85,30,0.9740740740740741
1,Cl,Random forest,hit_rate,86,30,1.0
1,Cl,Random forest,recall,86,30,0.9740740740740741
1,Cl,Random forest,hit_rate,87,30,1.0
1,Cl,Random forest,recall,87,30,0.9740740740740741
1,Cl,Random forest,hit_rate,88,30,1.0
1,Cl,Random forest,recall,88,30,0.9740740740740741
1,Cl,Random forest,hit_rate,89,30,1.0
1,Cl,Random forest,recall,89,30,0.9740740740740741
1,Cl,Random forest,hit_rate,90,30,1.0
1,Cl,Random forest,recall,90,30,0.9740740740740741
1,Cl,Random forest,hit_rate,91,30,1.0
1,Cl,Random forest,recall,91,30,0.9740740740740741
1,Cl,Random forest,hit_rate,92,30,1.0
1,Cl,Random forest,recall,92,30,0.9740740740740741
1,Cl,Random forest,hit_rate,93,30,1.0
1,Cl,Random forest,recall,93,30,0.9740740740740741
1,Cl,Random forest,hit_rate,94,30,1.0
1,Cl,Random forest,recall,94,30,0.9740740740740741
1,Cl,Random forest,hit_rate,95,30,1.0
1,Cl,Random forest,recall,95,30,0.9740740740740741
1,Cl,Random forest,hit_rate,96,30,1.0
1,Cl,Random forest,recall,96,30,0.9740740740740741
1,Cl,Random forest,hit_rate,97,30,1.0
1,Cl,Random forest,recall,97,30,0.9740740740740741
1,Cl,Random forest,hit_rate,98,30,1.0
1,Cl,Random forest,recall,98,30,0.9740740740740741
1,Cl,Random forest,hit_rate,99,30,1.0
1,Cl,Random forest,recall,99,30,0.9740740740740741
1,Cl,Random forest,hit_rate,100,30,1.0
1,Cl,Random forest,recall,100,30,0.9740740740740741
1,Cl,Random forest,hit_rate,101,30,1.0
1,Cl,Random forest,recall,101,30,0.9740740740740741
1,Cl,Random forest,hit_rate,102,30,1.0
1,Cl,Random forest,recall,102,30,0.9740740740740741
1,Cl,Random forest,hit_rate,103,30,1.0
1,Cl,Random forest,recall,103,30,0.9740740740740741
1,Cl,Random forest,hit_rate,104,30,1.0
1,Cl,Random forest,recall,104,30,0.9740740740740741
1,Cl,Random forest,hit_rate,105,30,1.0
1,Cl,Random forest,recall,105,30,0.9740740740740741
1,Cl,Random forest,hit_rate,106,30,1.0
1,Cl,Random forest,recall,106,30,0.9740740740740741
1,Cl,Random forest,hit_rate,107,30,1.0
1,Cl,Random forest,recall,107,30,0.9740740740740741
1,Cl,Random forest,hit_rate,108,30,1.0
1,Cl,Random forest,recall,108,30,0.9740740740740741
1,Cl,Random forest,hit_rate,109,30,1.0
1,Cl,Random forest,recall,109,30,0.9740740740740741
1,Cl,Random forest,hit_rate,110,30,1.0
1,Cl,Random forest,recall,110,30,0.9740740740740741
1,Cl,Random forest,hit_rate,111,30,1.0
1,Cl,Random forest,recall,111,30,0.9740740740740741
1,Cl,Random forest,hit_rate,112,30,1.0
1,Cl,Random forest,recall,112,30,0.975925925925926
1,Cl,Random forest,hit_rate,113,30,1.0
1,Cl,Random forest,recall,113,30,0.975925925925926
1,Cl,Random forest,hit_rate,114,30,1.0
1,Cl,Random forest,recall,114,30,0.975925925925926
1,Cl,Random forest,hit_rate,115,30,1.0
1,Cl,Random forest,recall,115,30,0.975925925925926
1,Cl,Random forest,hit_rate,116,30,1.0
1,Cl,Random forest,recall,116,30,0.975925925925926
1,Cl,Random forest,hit_rate,117,30,1.0
1,Cl,Random forest,recall,117,30,0.975925925925926
1,Cl,Random forest,hit_rate,118,30,1.0
1,Cl,Random forest,recall,118,30,0.975925925925926
1,Cl,Random forest,hit_rate,119,30,1.0
1,Cl,Random forest,recall,119,30,0.975925925925926
1,Cl,Random forest,hit_rate,120,30,1.0
1,Cl,Random forest,recall,120,30,0.975925925925926
1,Cl,Random forest,hit_rate,121,30,1.0
1,Cl,Random forest,recall,121,30,0.975925925925926
1,Cl,Random forest,hit_rate,122,30,1.0
1,Cl,Random forest,recall,122,30,0.975925925925926
1,Cl,Random forest,hit_rate,123,30,1.0
1,Cl,Random forest,recall,123,30,0.975925925925926
1,Cl,Random forest,hit_rate,124,30,1.0
1,Cl,Random forest,recall,124,30,0.975925925925926
1,Cl,Random forest,hit_rate,125,30,1.0
1,Cl,Random forest,recall,125,30,0.9777777777777777
1,Cl,Random forest,hit_rate,126,30,1.0
1,Cl,Random forest,recall,126,30,0.9777777777777777
1,Cl,Random forest,hit_rate,127,30,1.0
1,Cl,Random forest,recall,127,30,0.9777777777777777
1,Cl,Random forest,hit_rate,128,30,1.0
1,Cl,Random forest,recall,128,30,0.9777777777777777
1,Cl,Random forest,hit_rate,129,30,1.0
1,Cl,Random forest,recall,129,30,0.9777777777777777
1,Cl,Random forest,hit_rate,130,30,1.0
1,Cl,Random forest,recall,130,30,0.9777777777777777
1,Cl,Random forest,hit_rate,131,30,1.0
1,Cl,Random forest,recall,131,30,0.9777777777777777
1,Cl,Random forest,hit_rate,132,30,1.0
1,Cl,Random forest,recall,132,30,0.9777777777777777
1,Cl,Random forest,hit_rate,133,30,1.0
1,Cl,Random forest,recall,133,30,0.9777777777777777
1,Cl,Random forest,hit_rate,134,30,1.0
1,Cl,Random forest,recall,134,30,0.9777777777777777
1,Cl,Random forest,hit_rate,135,30,1.0
1,Cl,Random forest,recall,135,30,0.9777777777777777
1,Cl,Random forest,hit_rate,136,30,1.0
1,Cl,Random forest,recall,136,30,0.9777777777777777
1,Cl,Random forest,hit_rate,137,30,1.0
1,Cl,Random forest,recall,137,30,0.9777777777777777
1,Cl,Random forest,hit_rate,138,30,1.0
1,Cl,Random forest,recall,138,30,0.9777777777777777
1,Cl,Random forest,hit_rate,139,30,1.0
1,Cl,Random forest,recall,139,30,0.9777777777777777
1,Cl,Random forest,hit_rate,140,30,1.0
1,Cl,Random forest,recall,140,30,0.9777777777777777
1,Cl,Random forest,hit_rate,141,30,1.0
1,Cl,Random forest,recall,141,30,0.9796296296296296
1,Cl,Random forest,hit_rate,142,30,1.0
1,Cl,Random forest,recall,142,30,0.9796296296296296
1,Cl,Random forest,hit_rate,143,30,1.0
1,Cl,Random forest,recall,143,30,0.9814814814814814
1,Cl,Random forest,hit_rate,144,30,1.0
1,Cl,Random forest,recall,144,30,0.9814814814814814
1,Cl,Random forest,hit_rate,145,30,1.0
1,Cl,Random forest,recall,145,30,0.9814814814814814
1,Cl,Random forest,hit_rate,146,30,1.0
1,Cl,Random forest,recall,146,30,0.9814814814814814
1,Cl,Random forest,hit_rate,147,30,1.0
1,Cl,Random forest,recall,147,30,0.9814814814814814
1,Cl,Random forest,hit_rate,148,30,1.0
1,Cl,Random forest,recall,148,30,0.9814814814814814
1,Cl,Random forest,hit_rate,149,30,1.0
1,Cl,Random forest,recall,149,30,0.9833333333333333
1,Cl,Random forest,hit_rate,150,30,1.0
1,Cl,Random forest,recall,150,30,0.9833333333333333
1,Br,UltraMS,hit_rate,5,25,0.92
1,Br,UltraMS,recall,5,25,0.6693838383838384
1,Br,UltraMS,hit_rate,6,25,1.0
1,Br,UltraMS,recall,6,25,0.7301616161616161
1,Br,UltraMS,hit_rate,7,25,1.0
1,Br,UltraMS,recall,7,25,0.7632424242424243
1,Br,UltraMS,hit_rate,8,25,1.0
1,Br,UltraMS,recall,8,25,0.8156565656565656
1,Br,UltraMS,hit_rate,9,25,1.0
1,Br,UltraMS,recall,9,25,0.8314040404040404
1,Br,UltraMS,hit_rate,10,25,1.0
1,Br,UltraMS,recall,10,25,0.8435151515151514
1,Br,UltraMS,hit_rate,11,25,1.0
1,Br,UltraMS,recall,11,25,0.8548181818181817
1,Br,UltraMS,hit_rate,12,25,1.0
1,Br,UltraMS,recall,12,25,0.8711212121212121
1,Br,UltraMS,hit_rate,13,25,1.0
1,Br,UltraMS,recall,13,25,0.8774242424242423
1,Br,UltraMS,hit_rate,14,25,1.0
1,Br,UltraMS,recall,14,25,0.9050909090909091
1,Br,UltraMS,hit_rate,15,25,1.0
1,Br,UltraMS,recall,15,25,0.9383939393939394
1,Br,UltraMS,hit_rate,16,25,1.0
1,Br,UltraMS,recall,16,25,0.942030303030303
1,Br,UltraMS,hit_rate,17,25,1.0
1,Br,UltraMS,recall,17,25,0.9496969696969697
1,Br,UltraMS,hit_rate,18,25,1.0
1,Br,UltraMS,recall,18,25,0.9523636363636363
1,Br,UltraMS,hit_rate,19,25,1.0
1,Br,UltraMS,recall,19,25,0.956
1,Br,UltraMS,hit_rate,20,25,1.0
1,Br,UltraMS,recall,20,25,0.9586666666666668
1,Br,UltraMS,hit_rate,21,25,1.0
1,Br,UltraMS,recall,21,25,0.9586666666666668
1,Br,UltraMS,hit_rate,22,25,1.0
1,Br,UltraMS,recall,22,25,0.9586666666666668
1,Br,UltraMS,hit_rate,23,25,1.0
1,Br,UltraMS,recall,23,25,0.9613333333333333
1,Br,UltraMS,hit_rate,24,25,1.0
1,Br,UltraMS,recall,24,25,0.9613333333333333
1,Br,UltraMS,hit_rate,25,25,1.0
1,Br,UltraMS,recall,25,25,0.9613333333333333
1,Br,UltraMS,hit_rate,26,25,1.0
1,Br,UltraMS,recall,26,25,0.9613333333333333
1,Br,UltraMS,hit_rate,27,25,1.0
1,Br,UltraMS,recall,27,25,0.9613333333333333
1,Br,UltraMS,hit_rate,28,25,1.0
1,Br,UltraMS,recall,28,25,0.9613333333333333
1,Br,UltraMS,hit_rate,29,25,1.0
1,Br,UltraMS,recall,29,25,0.9613333333333333
1,Br,UltraMS,hit_rate,30,25,1.0
1,Br,UltraMS,recall,30,25,0.9633333333333334
1,Br,UltraMS,hit_rate,31,25,1.0
1,Br,UltraMS,recall,31,25,0.9633333333333334
1,Br,UltraMS,hit_rate,32,25,1.0
1,Br,UltraMS,recall,32,25,0.9633333333333334
1,Br,UltraMS,hit_rate,33,25,1.0
1,Br,UltraMS,recall,33,25,0.966
1,Br,UltraMS,hit_rate,34,25,1.0
1,Br,UltraMS,recall,34,25,0.966
1,Br,UltraMS,hit_rate,35,25,1.0
1,Br,UltraMS,recall,35,25,0.968
1,Br,UltraMS,hit_rate,36,25,1.0
1,Br,UltraMS,recall,36,25,0.968
1,Br,UltraMS,hit_rate,37,25,1.0
1,Br,UltraMS,recall,37,25,0.968
1,Br,UltraMS,hit_rate,38,25,1.0
1,Br,UltraMS,recall,38,25,0.968
1,Br,UltraMS,hit_rate,39,25,1.0
1,Br,UltraMS,recall,39,25,0.968
1,Br,UltraMS,hit_rate,40,25,1.0
1,Br,UltraMS,recall,40,25,0.97
1,Br,UltraMS,hit_rate,41,25,1.0
1,Br,UltraMS,recall,41,25,0.97
1,Br,UltraMS,hit_rate,42,25,1.0
1,Br,UltraMS,recall,42,25,0.97
1,Br,UltraMS,hit_rate,43,25,1.0
1,Br,UltraMS,recall,43,25,0.97
1,Br,UltraMS,hit_rate,44,25,1.0
1,Br,UltraMS,recall,44,25,0.972
1,Br,UltraMS,hit_rate,45,25,1.0
1,Br,UltraMS,recall,45,25,0.972
1,Br,UltraMS,hit_rate,46,25,1.0
1,Br,UltraMS,recall,46,25,0.972
1,Br,UltraMS,hit_rate,47,25,1.0
1,Br,UltraMS,recall,47,25,0.9740000000000001
1,Br,UltraMS,hit_rate,48,25,1.0
1,Br,UltraMS,recall,48,25,0.9740000000000001
1,Br,UltraMS,hit_rate,49,25,1.0
1,Br,UltraMS,recall,49,25,0.976
1,Br,UltraMS,hit_rate,50,25,1.0
1,Br,UltraMS,recall,50,25,0.978
1,Br,UltraMS,hit_rate,51,25,1.0
1,Br,UltraMS,recall,51,25,0.978
1,Br,UltraMS,hit_rate,52,25,1.0
1,Br,UltraMS,recall,52,25,0.978
1,Br,UltraMS,hit_rate,53,25,1.0
1,Br,UltraMS,recall,53,25,0.978
1,Br,UltraMS,hit_rate,54,25,1.0
1,Br,UltraMS,recall,54,25,0.978
1,Br,UltraMS,hit_rate,55,25,1.0
1,Br,UltraMS,recall,55,25,0.978
1,Br,UltraMS,hit_rate,56,25,1.0
1,Br,UltraMS,recall,56,25,0.978
1,Br,UltraMS,hit_rate,57,25,1.0
1,Br,UltraMS,recall,57,25,0.978
1,Br,UltraMS,hit_rate,58,25,1.0
1,Br,UltraMS,recall,58,25,0.98
1,Br,UltraMS,hit_rate,59,25,1.0
1,Br,UltraMS,recall,59,25,0.98
1,Br,UltraMS,hit_rate,60,25,1.0
1,Br,UltraMS,recall,60,25,0.98
1,Br,UltraMS,hit_rate,61,25,1.0
1,Br,UltraMS,recall,61,25,0.98
1,Br,UltraMS,hit_rate,62,25,1.0
1,Br,UltraMS,recall,62,25,0.982
1,Br,UltraMS,hit_rate,63,25,1.0
1,Br,UltraMS,recall,63,25,0.982
1,Br,UltraMS,hit_rate,64,25,1.0
1,Br,UltraMS,recall,64,25,0.982
1,Br,UltraMS,hit_rate,65,25,1.0
1,Br,UltraMS,recall,65,25,0.982
1,Br,UltraMS,hit_rate,66,25,1.0
1,Br,UltraMS,recall,66,25,0.9840000000000001
1,Br,UltraMS,hit_rate,67,25,1.0
1,Br,UltraMS,recall,67,25,0.9840000000000001
1,Br,UltraMS,hit_rate,68,25,1.0
1,Br,UltraMS,recall,68,25,0.9840000000000001
1,Br,UltraMS,hit_rate,69,25,1.0
1,Br,UltraMS,recall,69,25,0.9840000000000001
1,Br,UltraMS,hit_rate,70,25,1.0
1,Br,UltraMS,recall,70,25,0.986
1,Br,UltraMS,hit_rate,71,25,1.0
1,Br,UltraMS,recall,71,25,0.986
1,Br,UltraMS,hit_rate,72,25,1.0
1,Br,UltraMS,recall,72,25,0.986
1,Br,UltraMS,hit_rate,73,25,1.0
1,Br,UltraMS,recall,73,25,0.986
1,Br,UltraMS,hit_rate,74,25,1.0
1,Br,UltraMS,recall,74,25,0.988
1,Br,UltraMS,hit_rate,75,25,1.0
1,Br,UltraMS,recall,75,25,0.988
1,Br,UltraMS,hit_rate,76,25,1.0
1,Br,UltraMS,recall,76,25,0.988
1,Br,UltraMS,hit_rate,77,25,1.0
1,Br,UltraMS,recall,77,25,0.988
1,Br,UltraMS,hit_rate,78,25,1.0
1,Br,UltraMS,recall,78,25,0.988
1,Br,UltraMS,hit_rate,79,25,1.0
1,Br,UltraMS,recall,79,25,0.988
1,Br,UltraMS,hit_rate,80,25,1.0
1,Br,UltraMS,recall,80,25,0.99
1,Br,UltraMS,hit_rate,81,25,1.0
1,Br,UltraMS,recall,81,25,0.99
1,Br,UltraMS,hit_rate,82,25,1.0
1,Br,UltraMS,recall,82,25,0.99
1,Br,UltraMS,hit_rate,83,25,1.0
1,Br,UltraMS,recall,83,25,0.99
1,Br,UltraMS,hit_rate,84,25,1.0
1,Br,UltraMS,recall,84,25,0.99
1,Br,UltraMS,hit_rate,85,25,1.0
1,Br,UltraMS,recall,85,25,0.992
1,Br,UltraMS,hit_rate,86,25,1.0
1,Br,UltraMS,recall,86,25,0.992
1,Br,UltraMS,hit_rate,87,25,1.0
1,Br,UltraMS,recall,87,25,0.9940000000000001
1,Br,UltraMS,hit_rate,88,25,1.0
1,Br,UltraMS,recall,88,25,0.996
1,Br,UltraMS,hit_rate,89,25,1.0
1,Br,UltraMS,recall,89,25,0.996
1,Br,UltraMS,hit_rate,90,25,1.0
1,Br,UltraMS,recall,90,25,0.996
1,Br,UltraMS,hit_rate,91,25,1.0
1,Br,UltraMS,recall,91,25,0.996
1,Br,UltraMS,hit_rate,92,25,1.0
1,Br,UltraMS,recall,92,25,0.996
1,Br,UltraMS,hit_rate,93,25,1.0
1,Br,UltraMS,recall,93,25,0.996
1,Br,UltraMS,hit_rate,94,25,1.0
1,Br,UltraMS,recall,94,25,0.998
1,Br,UltraMS,hit_rate,95,25,1.0
1,Br,UltraMS,recall,95,25,0.998
1,Br,UltraMS,hit_rate,96,25,1.0
1,Br,UltraMS,recall,96,25,1.0
1,Br,UltraMS,hit_rate,97,25,1.0
1,Br,UltraMS,recall,97,25,1.0
1,Br,UltraMS,hit_rate,98,25,1.0
1,Br,UltraMS,recall,98,25,1.0
1,Br,UltraMS,hit_rate,99,25,1.0
1,Br,UltraMS,recall,99,25,1.0
1,Br,UltraMS,hit_rate,100,25,1.0
1,Br,UltraMS,recall,100,25,1.0
1,Br,UltraMS,hit_rate,101,25,1.0
1,Br,UltraMS,recall,101,25,1.0
1,Br,UltraMS,hit_rate,102,25,1.0
1,Br,UltraMS,recall,102,25,1.0
1,Br,UltraMS,hit_rate,103,25,1.0
1,Br,UltraMS,recall,103,25,1.0
1,Br,UltraMS,hit_rate,104,25,1.0
1,Br,UltraMS,recall,104,25,1.0
1,Br,UltraMS,hit_rate,105,25,1.0
1,Br,UltraMS,recall,105,25,1.0
1,Br,UltraMS,hit_rate,106,25,1.0
1,Br,UltraMS,recall,106,25,1.0
1,Br,UltraMS,hit_rate,107,25,1.0
1,Br,UltraMS,recall,107,25,1.0
1,Br,UltraMS,hit_rate,108,25,1.0
1,Br,UltraMS,recall,108,25,1.0
1,Br,UltraMS,hit_rate,109,25,1.0
1,Br,UltraMS,recall,109,25,1.0
1,Br,UltraMS,hit_rate,110,25,1.0
1,Br,UltraMS,recall,110,25,1.0
1,Br,UltraMS,hit_rate,111,25,1.0
1,Br,UltraMS,recall,111,25,1.0
1,Br,UltraMS,hit_rate,112,25,1.0
1,Br,UltraMS,recall,112,25,1.0
1,Br,UltraMS,hit_rate,113,25,1.0
1,Br,UltraMS,recall,113,25,1.0
1,Br,UltraMS,hit_rate,114,25,1.0
1,Br,UltraMS,recall,114,25,1.0
1,Br,UltraMS,hit_rate,115,25,1.0
1,Br,UltraMS,recall,115,25,1.0
1,Br,UltraMS,hit_rate,116,25,1.0
1,Br,UltraMS,recall,116,25,1.0
1,Br,UltraMS,hit_rate,117,25,1.0
1,Br,UltraMS,recall,117,25,1.0
1,Br,UltraMS,hit_rate,118,25,1.0
1,Br,UltraMS,recall,118,25,1.0
1,Br,UltraMS,hit_rate,119,25,1.0
1,Br,UltraMS,recall,119,25,1.0
1,Br,UltraMS,hit_rate,120,25,1.0
1,Br,UltraMS,recall,120,25,1.0
1,Br,UltraMS,hit_rate,121,25,1.0
1,Br,UltraMS,recall,121,25,1.0
1,Br,UltraMS,hit_rate,122,25,1.0
1,Br,UltraMS,recall,122,25,1.0
1,Br,UltraMS,hit_rate,123,25,1.0
1,Br,UltraMS,recall,123,25,1.0
1,Br,UltraMS,hit_rate,124,25,1.0
1,Br,UltraMS,recall,124,25,1.0
1,Br,UltraMS,hit_rate,125,25,1.0
1,Br,UltraMS,recall,125,25,1.0
1,Br,UltraMS,hit_rate,126,25,1.0
1,Br,UltraMS,recall,126,25,1.0
1,Br,UltraMS,hit_rate,127,25,1.0
1,Br,UltraMS,recall,127,25,1.0
1,Br,UltraMS,hit_rate,128,25,1.0
1,Br,UltraMS,recall,128,25,1.0
1,Br,UltraMS,hit_rate,129,25,1.0
1,Br,UltraMS,recall,129,25,1.0
1,Br,UltraMS,hit_rate,130,25,1.0
1,Br,UltraMS,recall,130,25,1.0
1,Br,UltraMS,hit_rate,131,25,1.0
1,Br,UltraMS,recall,131,25,1.0
1,Br,UltraMS,hit_rate,132,25,1.0
1,Br,UltraMS,recall,132,25,1.0
1,Br,UltraMS,hit_rate,133,25,1.0
1,Br,UltraMS,recall,133,25,1.0
1,Br,UltraMS,hit_rate,134,25,1.0
1,Br,UltraMS,recall,134,25,1.0
1,Br,UltraMS,hit_rate,135,25,1.0
1,Br,UltraMS,recall,135,25,1.0
1,Br,UltraMS,hit_rate,136,25,1.0
1,Br,UltraMS,recall,136,25,1.0
1,Br,UltraMS,hit_rate,137,25,1.0
1,Br,UltraMS,recall,137,25,1.0
1,Br,UltraMS,hit_rate,138,25,1.0
1,Br,UltraMS,recall,138,25,1.0
1,Br,UltraMS,hit_rate,139,25,1.0
1,Br,UltraMS,recall,139,25,1.0
1,Br,UltraMS,hit_rate,140,25,1.0
1,Br,UltraMS,recall,140,25,1.0
1,Br,UltraMS,hit_rate,141,25,1.0
1,Br,UltraMS,recall,141,25,1.0
1,Br,UltraMS,hit_rate,142,25,1.0
1,Br,UltraMS,recall,142,25,1.0
1,Br,UltraMS,hit_rate,143,25,1.0
1,Br,UltraMS,recall,143,25,1.0
1,Br,UltraMS,hit_rate,144,25,1.0
1,Br,UltraMS,recall,144,25,1.0
1,Br,UltraMS,hit_rate,145,25,1.0
1,Br,UltraMS,recall,145,25,1.0
1,Br,UltraMS,hit_rate,146,25,1.0
1,Br,UltraMS,recall,146,25,1.0
1,Br,UltraMS,hit_rate,147,25,1.0
1,Br,UltraMS,recall,147,25,1.0
1,Br,UltraMS,hit_rate,148,25,1.0
1,Br,UltraMS,recall,148,25,1.0
1,Br,UltraMS,hit_rate,149,25,1.0
1,Br,UltraMS,recall,149,25,1.0
1,Br,UltraMS,hit_rate,150,25,1.0
1,Br,UltraMS,recall,150,25,1.0
1,Br,DreaMS,hit_rate,5,25,0.76
1,Br,DreaMS,recall,5,25,0.4754949494949494
1,Br,DreaMS,hit_rate,6,25,0.8
1,Br,DreaMS,recall,6,25,0.5729090909090908
1,Br,DreaMS,hit_rate,7,25,0.92
1,Br,DreaMS,recall,7,25,0.6262121212121212
1,Br,DreaMS,hit_rate,8,25,0.96
1,Br,DreaMS,recall,8,25,0.6728787878787879
1,Br,DreaMS,hit_rate,9,25,0.96
1,Br,DreaMS,recall,9,25,0.686989898989899
1,Br,DreaMS,hit_rate,10,25,0.96
1,Br,DreaMS,recall,10,25,0.7002929292929292
1,Br,DreaMS,hit_rate,11,25,0.96
1,Br,DreaMS,recall,11,25,0.7317373737373737
1,Br,DreaMS,hit_rate,12,25,0.96
1,Br,DreaMS,recall,12,25,0.7511515151515152
1,Br,DreaMS,hit_rate,13,25,0.96
1,Br,DreaMS,recall,13,25,0.7671515151515151
1,Br,DreaMS,hit_rate,14,25,0.96
1,Br,DreaMS,recall,14,25,0.7901515151515152
1,Br,DreaMS,hit_rate,15,25,0.96
1,Br,DreaMS,recall,15,25,0.8204848484848485
1,Br,DreaMS,hit_rate,16,25,0.96
1,Br,DreaMS,recall,16,25,0.8254848484848485
1,Br,DreaMS,hit_rate,17,25,0.96
1,Br,DreaMS,recall,17,25,0.829121212121212
1,Br,DreaMS,hit_rate,18,25,0.96
1,Br,DreaMS,recall,18,25,0.8354242424242423
1,Br,DreaMS,hit_rate,19,25,0.96
1,Br,DreaMS,recall,19,25,0.8517272727272727
1,Br,DreaMS,hit_rate,20,25,1.0
1,Br,DreaMS,recall,20,25,0.8963939393939394
1,Br,DreaMS,hit_rate,21,25,1.0
1,Br,DreaMS,recall,21,25,0.9193636363636364
1,Br,DreaMS,hit_rate,22,25,1.0
1,Br,DreaMS,recall,22,25,0.9193636363636364
1,Br,DreaMS,hit_rate,23,25,1.0
1,Br,DreaMS,recall,23,25,0.9213636363636364
1,Br,DreaMS,hit_rate,24,25,1.0
1,Br,DreaMS,recall,24,25,0.9463636363636364
1,Br,DreaMS,hit_rate,25,25,1.0
1,Br,DreaMS,recall,25,25,0.9463636363636364
1,Br,DreaMS,hit_rate,26,25,1.0
1,Br,DreaMS,recall,26,25,0.95
1,Br,DreaMS,hit_rate,27,25,1.0
1,Br,DreaMS,recall,27,25,0.9593333333333334
1,Br,DreaMS,hit_rate,28,25,1.0
1,Br,DreaMS,recall,28,25,0.9620000000000001
1,Br,DreaMS,hit_rate,29,25,1.0
1,Br,DreaMS,recall,29,25,0.9640000000000001
1,Br,DreaMS,hit_rate,30,25,1.0
1,Br,DreaMS,recall,30,25,0.9706666666666667
1,Br,DreaMS,hit_rate,31,25,1.0
1,Br,DreaMS,recall,31,25,0.9706666666666667
1,Br,DreaMS,hit_rate,32,25,1.0
1,Br,DreaMS,recall,32,25,0.9726666666666667
1,Br,DreaMS,hit_rate,33,25,1.0
1,Br,DreaMS,recall,33,25,0.982
1,Br,DreaMS,hit_rate,34,25,1.0
1,Br,DreaMS,recall,34,25,0.982
1,Br,DreaMS,hit_rate,35,25,1.0
1,Br,DreaMS,recall,35,25,0.9840000000000001
1,Br,DreaMS,hit_rate,36,25,1.0
1,Br,DreaMS,recall,36,25,0.9840000000000001
1,Br,DreaMS,hit_rate,37,25,1.0
1,Br,DreaMS,recall,37,25,0.986
1,Br,DreaMS,hit_rate,38,25,1.0
1,Br,DreaMS,recall,38,25,0.986
1,Br,DreaMS,hit_rate,39,25,1.0
1,Br,DreaMS,recall,39,25,0.986
1,Br,DreaMS,hit_rate,40,25,1.0
1,Br,DreaMS,recall,40,25,0.986
1,Br,DreaMS,hit_rate,41,25,1.0
1,Br,DreaMS,recall,41,25,0.986
1,Br,DreaMS,hit_rate,42,25,1.0
1,Br,DreaMS,recall,42,25,0.986
1,Br,DreaMS,hit_rate,43,25,1.0
1,Br,DreaMS,recall,43,25,0.986
1,Br,DreaMS,hit_rate,44,25,1.0
1,Br,DreaMS,recall,44,25,0.986
1,Br,DreaMS,hit_rate,45,25,1.0
1,Br,DreaMS,recall,45,25,0.986
1,Br,DreaMS,hit_rate,46,25,1.0
1,Br,DreaMS,recall,46,25,0.986
1,Br,DreaMS,hit_rate,47,25,1.0
1,Br,DreaMS,recall,47,25,0.986
1,Br,DreaMS,hit_rate,48,25,1.0
1,Br,DreaMS,recall,48,25,0.986
1,Br,DreaMS,hit_rate,49,25,1.0
1,Br,DreaMS,recall,49,25,0.988
1,Br,DreaMS,hit_rate,50,25,1.0
1,Br,DreaMS,recall,50,25,0.99
1,Br,DreaMS,hit_rate,51,25,1.0
1,Br,DreaMS,recall,51,25,0.99
1,Br,DreaMS,hit_rate,52,25,1.0
1,Br,DreaMS,recall,52,25,0.99
1,Br,DreaMS,hit_rate,53,25,1.0
1,Br,DreaMS,recall,53,25,0.99
1,Br,DreaMS,hit_rate,54,25,1.0
1,Br,DreaMS,recall,54,25,0.99
1,Br,DreaMS,hit_rate,55,25,1.0
1,Br,DreaMS,recall,55,25,0.99
1,Br,DreaMS,hit_rate,56,25,1.0
1,Br,DreaMS,recall,56,25,0.99
1,Br,DreaMS,hit_rate,57,25,1.0
1,Br,DreaMS,recall,57,25,0.99
1,Br,DreaMS,hit_rate,58,25,1.0
1,Br,DreaMS,recall,58,25,0.99
1,Br,DreaMS,hit_rate,59,25,1.0
1,Br,DreaMS,recall,59,25,0.99
1,Br,DreaMS,hit_rate,60,25,1.0
1,Br,DreaMS,recall,60,25,0.992
1,Br,DreaMS,hit_rate,61,25,1.0
1,Br,DreaMS,recall,61,25,0.992
1,Br,DreaMS,hit_rate,62,25,1.0
1,Br,DreaMS,recall,62,25,0.9940000000000001
1,Br,DreaMS,hit_rate,63,25,1.0
1,Br,DreaMS,recall,63,25,0.996
1,Br,DreaMS,hit_rate,64,25,1.0
1,Br,DreaMS,recall,64,25,0.996
1,Br,DreaMS,hit_rate,65,25,1.0
1,Br,DreaMS,recall,65,25,0.996
1,Br,DreaMS,hit_rate,66,25,1.0
1,Br,DreaMS,recall,66,25,0.996
1,Br,DreaMS,hit_rate,67,25,1.0
1,Br,DreaMS,recall,67,25,0.996
1,Br,DreaMS,hit_rate,68,25,1.0
1,Br,DreaMS,recall,68,25,0.996
1,Br,DreaMS,hit_rate,69,25,1.0
1,Br,DreaMS,recall,69,25,0.996
1,Br,DreaMS,hit_rate,70,25,1.0
1,Br,DreaMS,recall,70,25,0.996
1,Br,DreaMS,hit_rate,71,25,1.0
1,Br,DreaMS,recall,71,25,0.996
1,Br,DreaMS,hit_rate,72,25,1.0
1,Br,DreaMS,recall,72,25,0.996
1,Br,DreaMS,hit_rate,73,25,1.0
1,Br,DreaMS,recall,73,25,0.996
1,Br,DreaMS,hit_rate,74,25,1.0
1,Br,DreaMS,recall,74,25,0.996
1,Br,DreaMS,hit_rate,75,25,1.0
1,Br,DreaMS,recall,75,25,0.996
1,Br,DreaMS,hit_rate,76,25,1.0
1,Br,DreaMS,recall,76,25,0.998
1,Br,DreaMS,hit_rate,77,25,1.0
1,Br,DreaMS,recall,77,25,0.998
1,Br,DreaMS,hit_rate,78,25,1.0
1,Br,DreaMS,recall,78,25,0.998
1,Br,DreaMS,hit_rate,79,25,1.0
1,Br,DreaMS,recall,79,25,0.998
1,Br,DreaMS,hit_rate,80,25,1.0
1,Br,DreaMS,recall,80,25,0.998
1,Br,DreaMS,hit_rate,81,25,1.0
1,Br,DreaMS,recall,81,25,0.998
1,Br,DreaMS,hit_rate,82,25,1.0
1,Br,DreaMS,recall,82,25,0.998
1,Br,DreaMS,hit_rate,83,25,1.0
1,Br,DreaMS,recall,83,25,0.998
1,Br,DreaMS,hit_rate,84,25,1.0
1,Br,DreaMS,recall,84,25,0.998
1,Br,DreaMS,hit_rate,85,25,1.0
1,Br,DreaMS,recall,85,25,0.998
1,Br,DreaMS,hit_rate,86,25,1.0
1,Br,DreaMS,recall,86,25,0.998
1,Br,DreaMS,hit_rate,87,25,1.0
1,Br,DreaMS,recall,87,25,0.998
1,Br,DreaMS,hit_rate,88,25,1.0
1,Br,DreaMS,recall,88,25,0.998
1,Br,DreaMS,hit_rate,89,25,1.0
1,Br,DreaMS,recall,89,25,0.998
1,Br,DreaMS,hit_rate,90,25,1.0
1,Br,DreaMS,recall,90,25,0.998
1,Br,DreaMS,hit_rate,91,25,1.0
1,Br,DreaMS,recall,91,25,0.998
1,Br,DreaMS,hit_rate,92,25,1.0
1,Br,DreaMS,recall,92,25,0.998
1,Br,DreaMS,hit_rate,93,25,1.0
1,Br,DreaMS,recall,93,25,0.998
1,Br,DreaMS,hit_rate,94,25,1.0
1,Br,DreaMS,recall,94,25,0.998
1,Br,DreaMS,hit_rate,95,25,1.0
1,Br,DreaMS,recall,95,25,0.998
1,Br,DreaMS,hit_rate,96,25,1.0
1,Br,DreaMS,recall,96,25,0.998
1,Br,DreaMS,hit_rate,97,25,1.0
1,Br,DreaMS,recall,97,25,0.998
1,Br,DreaMS,hit_rate,98,25,1.0
1,Br,DreaMS,recall,98,25,0.998
1,Br,DreaMS,hit_rate,99,25,1.0
1,Br,DreaMS,recall,99,25,1.0
1,Br,DreaMS,hit_rate,100,25,1.0
1,Br,DreaMS,recall,100,25,1.0
1,Br,DreaMS,hit_rate,101,25,1.0
1,Br,DreaMS,recall,101,25,1.0
1,Br,DreaMS,hit_rate,102,25,1.0
1,Br,DreaMS,recall,102,25,1.0
1,Br,DreaMS,hit_rate,103,25,1.0
1,Br,DreaMS,recall,103,25,1.0
1,Br,DreaMS,hit_rate,104,25,1.0
1,Br,DreaMS,recall,104,25,1.0
1,Br,DreaMS,hit_rate,105,25,1.0
1,Br,DreaMS,recall,105,25,1.0
1,Br,DreaMS,hit_rate,106,25,1.0
1,Br,DreaMS,recall,106,25,1.0
1,Br,DreaMS,hit_rate,107,25,1.0
1,Br,DreaMS,recall,107,25,1.0
1,Br,DreaMS,hit_rate,108,25,1.0
1,Br,DreaMS,recall,108,25,1.0
1,Br,DreaMS,hit_rate,109,25,1.0
1,Br,DreaMS,recall,109,25,1.0
1,Br,DreaMS,hit_rate,110,25,1.0
1,Br,DreaMS,recall,110,25,1.0
1,Br,DreaMS,hit_rate,111,25,1.0
1,Br,DreaMS,recall,111,25,1.0
1,Br,DreaMS,hit_rate,112,25,1.0
1,Br,DreaMS,recall,112,25,1.0
1,Br,DreaMS,hit_rate,113,25,1.0
1,Br,DreaMS,recall,113,25,1.0
1,Br,DreaMS,hit_rate,114,25,1.0
1,Br,DreaMS,recall,114,25,1.0
1,Br,DreaMS,hit_rate,115,25,1.0
1,Br,DreaMS,recall,115,25,1.0
1,Br,DreaMS,hit_rate,116,25,1.0
1,Br,DreaMS,recall,116,25,1.0
1,Br,DreaMS,hit_rate,117,25,1.0
1,Br,DreaMS,recall,117,25,1.0
1,Br,DreaMS,hit_rate,118,25,1.0
1,Br,DreaMS,recall,118,25,1.0
1,Br,DreaMS,hit_rate,119,25,1.0
1,Br,DreaMS,recall,119,25,1.0
1,Br,DreaMS,hit_rate,120,25,1.0
1,Br,DreaMS,recall,120,25,1.0
1,Br,DreaMS,hit_rate,121,25,1.0
1,Br,DreaMS,recall,121,25,1.0
1,Br,DreaMS,hit_rate,122,25,1.0
1,Br,DreaMS,recall,122,25,1.0
1,Br,DreaMS,hit_rate,123,25,1.0
1,Br,DreaMS,recall,123,25,1.0
1,Br,DreaMS,hit_rate,124,25,1.0
1,Br,DreaMS,recall,124,25,1.0
1,Br,DreaMS,hit_rate,125,25,1.0
1,Br,DreaMS,recall,125,25,1.0
1,Br,DreaMS,hit_rate,126,25,1.0
1,Br,DreaMS,recall,126,25,1.0
1,Br,DreaMS,hit_rate,127,25,1.0
1,Br,DreaMS,recall,127,25,1.0
1,Br,DreaMS,hit_rate,128,25,1.0
1,Br,DreaMS,recall,128,25,1.0
1,Br,DreaMS,hit_rate,129,25,1.0
1,Br,DreaMS,recall,129,25,1.0
1,Br,DreaMS,hit_rate,130,25,1.0
1,Br,DreaMS,recall,130,25,1.0
1,Br,DreaMS,hit_rate,131,25,1.0
1,Br,DreaMS,recall,131,25,1.0
1,Br,DreaMS,hit_rate,132,25,1.0
1,Br,DreaMS,recall,132,25,1.0
1,Br,DreaMS,hit_rate,133,25,1.0
1,Br,DreaMS,recall,133,25,1.0
1,Br,DreaMS,hit_rate,134,25,1.0
1,Br,DreaMS,recall,134,25,1.0
1,Br,DreaMS,hit_rate,135,25,1.0
1,Br,DreaMS,recall,135,25,1.0
1,Br,DreaMS,hit_rate,136,25,1.0
1,Br,DreaMS,recall,136,25,1.0
1,Br,DreaMS,hit_rate,137,25,1.0
1,Br,DreaMS,recall,137,25,1.0
1,Br,DreaMS,hit_rate,138,25,1.0
1,Br,DreaMS,recall,138,25,1.0
1,Br,DreaMS,hit_rate,139,25,1.0
1,Br,DreaMS,recall,139,25,1.0
1,Br,DreaMS,hit_rate,140,25,1.0
1,Br,DreaMS,recall,140,25,1.0
1,Br,DreaMS,hit_rate,141,25,1.0
1,Br,DreaMS,recall,141,25,1.0
1,Br,DreaMS,hit_rate,142,25,1.0
1,Br,DreaMS,recall,142,25,1.0
1,Br,DreaMS,hit_rate,143,25,1.0
1,Br,DreaMS,recall,143,25,1.0
1,Br,DreaMS,hit_rate,144,25,1.0
1,Br,DreaMS,recall,144,25,1.0
1,Br,DreaMS,hit_rate,145,25,1.0
1,Br,DreaMS,recall,145,25,1.0
1,Br,DreaMS,hit_rate,146,25,1.0
1,Br,DreaMS,recall,146,25,1.0
1,Br,DreaMS,hit_rate,147,25,1.0
1,Br,DreaMS,recall,147,25,1.0
1,Br,DreaMS,hit_rate,148,25,1.0
1,Br,DreaMS,recall,148,25,1.0
1,Br,DreaMS,hit_rate,149,25,1.0
1,Br,DreaMS,recall,149,25,1.0
1,Br,DreaMS,hit_rate,150,25,1.0
1,Br,DreaMS,recall,150,25,1.0
1,Br,Linear SVM,hit_rate,5,25,0.72
1,Br,Linear SVM,recall,5,25,0.41493939393939394
1,Br,Linear SVM,hit_rate,6,25,0.8
1,Br,Linear SVM,recall,6,25,0.4616868686868687
1,Br,Linear SVM,hit_rate,7,25,0.88
1,Br,Linear SVM,recall,7,25,0.506020202020202
1,Br,Linear SVM,hit_rate,8,25,0.88
1,Br,Linear SVM,recall,8,25,0.5181313131313131
1,Br,Linear SVM,hit_rate,9,25,0.92
1,Br,Linear SVM,recall,9,25,0.5635757575757575
1,Br,Linear SVM,hit_rate,10,25,0.96
1,Br,Linear SVM,recall,10,25,0.6443535353535352
1,Br,Linear SVM,hit_rate,11,25,0.96
1,Br,Linear SVM,recall,11,25,0.6937676767676768
1,Br,Linear SVM,hit_rate,12,25,0.96
1,Br,Linear SVM,recall,12,25,0.7258787878787879
1,Br,Linear SVM,hit_rate,13,25,0.96
1,Br,Linear SVM,recall,13,25,0.7592121212121212
1,Br,Linear SVM,hit_rate,14,25,0.96
1,Br,Linear SVM,recall,14,25,0.7812121212121212
1,Br,Linear SVM,hit_rate,15,25,1.0
1,Br,Linear SVM,recall,15,25,0.8372121212121212
1,Br,Linear SVM,hit_rate,16,25,1.0
1,Br,Linear SVM,recall,16,25,0.8372121212121212
1,Br,Linear SVM,hit_rate,17,25,1.0
1,Br,Linear SVM,recall,17,25,0.8398787878787879
1,Br,Linear SVM,hit_rate,18,25,1.0
1,Br,Linear SVM,recall,18,25,0.8515454545454546
1,Br,Linear SVM,hit_rate,19,25,1.0
1,Br,Linear SVM,recall,19,25,0.8668484848484848
1,Br,Linear SVM,hit_rate,20,25,1.0
1,Br,Linear SVM,recall,20,25,0.8911818181818183
1,Br,Linear SVM,hit_rate,21,25,1.0
1,Br,Linear SVM,recall,21,25,0.9058484848484848
1,Br,Linear SVM,hit_rate,22,25,1.0
1,Br,Linear SVM,recall,22,25,0.9135151515151514
1,Br,Linear SVM,hit_rate,23,25,1.0
1,Br,Linear SVM,recall,23,25,0.9181818181818181
1,Br,Linear SVM,hit_rate,24,25,1.0
1,Br,Linear SVM,recall,24,25,0.9218181818181819
1,Br,Linear SVM,hit_rate,25,25,1.0
1,Br,Linear SVM,recall,25,25,0.9321212121212121
1,Br,Linear SVM,hit_rate,26,25,1.0
1,Br,Linear SVM,recall,26,25,0.9357575757575758
1,Br,Linear SVM,hit_rate,27,25,1.0
1,Br,Linear SVM,recall,27,25,0.9357575757575758
1,Br,Linear SVM,hit_rate,28,25,1.0
1,Br,Linear SVM,recall,28,25,0.9393939393939393
1,Br,Linear SVM,hit_rate,29,25,1.0
1,Br,Linear SVM,recall,29,25,0.946060606060606
1,Br,Linear SVM,hit_rate,30,25,1.0
1,Br,Linear SVM,recall,30,25,0.946060606060606
1,Br,Linear SVM,hit_rate,31,25,1.0
1,Br,Linear SVM,recall,31,25,0.9487272727272728
1,Br,Linear SVM,hit_rate,32,25,1.0
1,Br,Linear SVM,recall,32,25,0.9487272727272728
1,Br,Linear SVM,hit_rate,33,25,1.0
1,Br,Linear SVM,recall,33,25,0.9507272727272728
1,Br,Linear SVM,hit_rate,34,25,1.0
1,Br,Linear SVM,recall,34,25,0.9543636363636364
1,Br,Linear SVM,hit_rate,35,25,1.0
1,Br,Linear SVM,recall,35,25,0.96
1,Br,Linear SVM,hit_rate,36,25,1.0
1,Br,Linear SVM,recall,36,25,0.96
1,Br,Linear SVM,hit_rate,37,25,1.0
1,Br,Linear SVM,recall,37,25,0.9619999999999999
1,Br,Linear SVM,hit_rate,38,25,1.0
1,Br,Linear SVM,recall,38,25,0.9640000000000001
1,Br,Linear SVM,hit_rate,39,25,1.0
1,Br,Linear SVM,recall,39,25,0.9726666666666667
1,Br,Linear SVM,hit_rate,40,25,1.0
1,Br,Linear SVM,recall,40,25,0.9746666666666667
1,Br,Linear SVM,hit_rate,41,25,1.0
1,Br,Linear SVM,recall,41,25,0.9766666666666666
1,Br,Linear SVM,hit_rate,42,25,1.0
1,Br,Linear SVM,recall,42,25,0.9766666666666666
1,Br,Linear SVM,hit_rate,43,25,1.0
1,Br,Linear SVM,recall,43,25,0.9766666666666666
1,Br,Linear SVM,hit_rate,44,25,1.0
1,Br,Linear SVM,recall,44,25,0.9766666666666666
1,Br,Linear SVM,hit_rate,45,25,1.0
1,Br,Linear SVM,recall,45,25,0.9766666666666666
1,Br,Linear SVM,hit_rate,46,25,1.0
1,Br,Linear SVM,recall,46,25,0.9766666666666666
1,Br,Linear SVM,hit_rate,47,25,1.0
1,Br,Linear SVM,recall,47,25,0.9766666666666666
1,Br,Linear SVM,hit_rate,48,25,1.0
1,Br,Linear SVM,recall,48,25,0.9766666666666666
1,Br,Linear SVM,hit_rate,49,25,1.0
1,Br,Linear SVM,recall,49,25,0.992
1,Br,Linear SVM,hit_rate,50,25,1.0
1,Br,Linear SVM,recall,50,25,0.992
1,Br,Linear SVM,hit_rate,51,25,1.0
1,Br,Linear SVM,recall,51,25,0.992
1,Br,Linear SVM,hit_rate,52,25,1.0
1,Br,Linear SVM,recall,52,25,0.992
1,Br,Linear SVM,hit_rate,53,25,1.0
1,Br,Linear SVM,recall,53,25,0.9940000000000001
1,Br,Linear SVM,hit_rate,54,25,1.0
1,Br,Linear SVM,recall,54,25,0.9940000000000001
1,Br,Linear SVM,hit_rate,55,25,1.0
1,Br,Linear SVM,recall,55,25,0.9940000000000001
1,Br,Linear SVM,hit_rate,56,25,1.0
1,Br,Linear SVM,recall,56,25,0.9940000000000001
1,Br,Linear SVM,hit_rate,57,25,1.0
1,Br,Linear SVM,recall,57,25,0.9940000000000001
1,Br,Linear SVM,hit_rate,58,25,1.0
1,Br,Linear SVM,recall,58,25,0.9940000000000001
1,Br,Linear SVM,hit_rate,59,25,1.0
1,Br,Linear SVM,recall,59,25,0.9940000000000001
1,Br,Linear SVM,hit_rate,60,25,1.0
1,Br,Linear SVM,recall,60,25,0.9940000000000001
1,Br,Linear SVM,hit_rate,61,25,1.0
1,Br,Linear SVM,recall,61,25,0.9940000000000001
1,Br,Linear SVM,hit_rate,62,25,1.0
1,Br,Linear SVM,recall,62,25,0.9940000000000001
1,Br,Linear SVM,hit_rate,63,25,1.0
1,Br,Linear SVM,recall,63,25,0.9940000000000001
1,Br,Linear SVM,hit_rate,64,25,1.0
1,Br,Linear SVM,recall,64,25,0.996
1,Br,Linear SVM,hit_rate,65,25,1.0
1,Br,Linear SVM,recall,65,25,0.996
1,Br,Linear SVM,hit_rate,66,25,1.0
1,Br,Linear SVM,recall,66,25,0.996
1,Br,Linear SVM,hit_rate,67,25,1.0
1,Br,Linear SVM,recall,67,25,0.996
1,Br,Linear SVM,hit_rate,68,25,1.0
1,Br,Linear SVM,recall,68,25,0.996
1,Br,Linear SVM,hit_rate,69,25,1.0
1,Br,Linear SVM,recall,69,25,0.996
1,Br,Linear SVM,hit_rate,70,25,1.0
1,Br,Linear SVM,recall,70,25,0.998
1,Br,Linear SVM,hit_rate,71,25,1.0
1,Br,Linear SVM,recall,71,25,0.998
1,Br,Linear SVM,hit_rate,72,25,1.0
1,Br,Linear SVM,recall,72,25,0.998
1,Br,Linear SVM,hit_rate,73,25,1.0
1,Br,Linear SVM,recall,73,25,0.998
1,Br,Linear SVM,hit_rate,74,25,1.0
1,Br,Linear SVM,recall,74,25,0.998
1,Br,Linear SVM,hit_rate,75,25,1.0
1,Br,Linear SVM,recall,75,25,0.998
1,Br,Linear SVM,hit_rate,76,25,1.0
1,Br,Linear SVM,recall,76,25,0.998
1,Br,Linear SVM,hit_rate,77,25,1.0
1,Br,Linear SVM,recall,77,25,0.998
1,Br,Linear SVM,hit_rate,78,25,1.0
1,Br,Linear SVM,recall,78,25,0.998
1,Br,Linear SVM,hit_rate,79,25,1.0
1,Br,Linear SVM,recall,79,25,0.998
1,Br,Linear SVM,hit_rate,80,25,1.0
1,Br,Linear SVM,recall,80,25,0.998
1,Br,Linear SVM,hit_rate,81,25,1.0
1,Br,Linear SVM,recall,81,25,0.998
1,Br,Linear SVM,hit_rate,82,25,1.0
1,Br,Linear SVM,recall,82,25,0.998
1,Br,Linear SVM,hit_rate,83,25,1.0
1,Br,Linear SVM,recall,83,25,0.998
1,Br,Linear SVM,hit_rate,84,25,1.0
1,Br,Linear SVM,recall,84,25,0.998
1,Br,Linear SVM,hit_rate,85,25,1.0
1,Br,Linear SVM,recall,85,25,0.998
1,Br,Linear SVM,hit_rate,86,25,1.0
1,Br,Linear SVM,recall,86,25,0.998
1,Br,Linear SVM,hit_rate,87,25,1.0
1,Br,Linear SVM,recall,87,25,0.998
1,Br,Linear SVM,hit_rate,88,25,1.0
1,Br,Linear SVM,recall,88,25,0.998
1,Br,Linear SVM,hit_rate,89,25,1.0
1,Br,Linear SVM,recall,89,25,0.998
1,Br,Linear SVM,hit_rate,90,25,1.0
1,Br,Linear SVM,recall,90,25,0.998
1,Br,Linear SVM,hit_rate,91,25,1.0
1,Br,Linear SVM,recall,91,25,0.998
1,Br,Linear SVM,hit_rate,92,25,1.0
1,Br,Linear SVM,recall,92,25,0.998
1,Br,Linear SVM,hit_rate,93,25,1.0
1,Br,Linear SVM,recall,93,25,0.998
1,Br,Linear SVM,hit_rate,94,25,1.0
1,Br,Linear SVM,recall,94,25,0.998
1,Br,Linear SVM,hit_rate,95,25,1.0
1,Br,Linear SVM,recall,95,25,0.998
1,Br,Linear SVM,hit_rate,96,25,1.0
1,Br,Linear SVM,recall,96,25,0.998
1,Br,Linear SVM,hit_rate,97,25,1.0
1,Br,Linear SVM,recall,97,25,0.998
1,Br,Linear SVM,hit_rate,98,25,1.0
1,Br,Linear SVM,recall,98,25,0.998
1,Br,Linear SVM,hit_rate,99,25,1.0
1,Br,Linear SVM,recall,99,25,0.998
1,Br,Linear SVM,hit_rate,100,25,1.0
1,Br,Linear SVM,recall,100,25,0.998
1,Br,Linear SVM,hit_rate,101,25,1.0
1,Br,Linear SVM,recall,101,25,0.998
1,Br,Linear SVM,hit_rate,102,25,1.0
1,Br,Linear SVM,recall,102,25,0.998
1,Br,Linear SVM,hit_rate,103,25,1.0
1,Br,Linear SVM,recall,103,25,1.0
1,Br,Linear SVM,hit_rate,104,25,1.0
1,Br,Linear SVM,recall,104,25,1.0
1,Br,Linear SVM,hit_rate,105,25,1.0
1,Br,Linear SVM,recall,105,25,1.0
1,Br,Linear SVM,hit_rate,106,25,1.0
1,Br,Linear SVM,recall,106,25,1.0
1,Br,Linear SVM,hit_rate,107,25,1.0
1,Br,Linear SVM,recall,107,25,1.0
1,Br,Linear SVM,hit_rate,108,25,1.0
1,Br,Linear SVM,recall,108,25,1.0
1,Br,Linear SVM,hit_rate,109,25,1.0
1,Br,Linear SVM,recall,109,25,1.0
1,Br,Linear SVM,hit_rate,110,25,1.0
1,Br,Linear SVM,recall,110,25,1.0
1,Br,Linear SVM,hit_rate,111,25,1.0
1,Br,Linear SVM,recall,111,25,1.0
1,Br,Linear SVM,hit_rate,112,25,1.0
1,Br,Linear SVM,recall,112,25,1.0
1,Br,Linear SVM,hit_rate,113,25,1.0
1,Br,Linear SVM,recall,113,25,1.0
1,Br,Linear SVM,hit_rate,114,25,1.0
1,Br,Linear SVM,recall,114,25,1.0
1,Br,Linear SVM,hit_rate,115,25,1.0
1,Br,Linear SVM,recall,115,25,1.0
1,Br,Linear SVM,hit_rate,116,25,1.0
1,Br,Linear SVM,recall,116,25,1.0
1,Br,Linear SVM,hit_rate,117,25,1.0
1,Br,Linear SVM,recall,117,25,1.0
1,Br,Linear SVM,hit_rate,118,25,1.0
1,Br,Linear SVM,recall,118,25,1.0
1,Br,Linear SVM,hit_rate,119,25,1.0
1,Br,Linear SVM,recall,119,25,1.0
1,Br,Linear SVM,hit_rate,120,25,1.0
1,Br,Linear SVM,recall,120,25,1.0
1,Br,Linear SVM,hit_rate,121,25,1.0
1,Br,Linear SVM,recall,121,25,1.0
1,Br,Linear SVM,hit_rate,122,25,1.0
1,Br,Linear SVM,recall,122,25,1.0
1,Br,Linear SVM,hit_rate,123,25,1.0
1,Br,Linear SVM,recall,123,25,1.0
1,Br,Linear SVM,hit_rate,124,25,1.0
1,Br,Linear SVM,recall,124,25,1.0
1,Br,Linear SVM,hit_rate,125,25,1.0
1,Br,Linear SVM,recall,125,25,1.0
1,Br,Linear SVM,hit_rate,126,25,1.0
1,Br,Linear SVM,recall,126,25,1.0
1,Br,Linear SVM,hit_rate,127,25,1.0
1,Br,Linear SVM,recall,127,25,1.0
1,Br,Linear SVM,hit_rate,128,25,1.0
1,Br,Linear SVM,recall,128,25,1.0
1,Br,Linear SVM,hit_rate,129,25,1.0
1,Br,Linear SVM,recall,129,25,1.0
1,Br,Linear SVM,hit_rate,130,25,1.0
1,Br,Linear SVM,recall,130,25,1.0
1,Br,Linear SVM,hit_rate,131,25,1.0
1,Br,Linear SVM,recall,131,25,1.0
1,Br,Linear SVM,hit_rate,132,25,1.0
1,Br,Linear SVM,recall,132,25,1.0
1,Br,Linear SVM,hit_rate,133,25,1.0
1,Br,Linear SVM,recall,133,25,1.0
1,Br,Linear SVM,hit_rate,134,25,1.0
1,Br,Linear SVM,recall,134,25,1.0
1,Br,Linear SVM,hit_rate,135,25,1.0
1,Br,Linear SVM,recall,135,25,1.0
1,Br,Linear SVM,hit_rate,136,25,1.0
1,Br,Linear SVM,recall,136,25,1.0
1,Br,Linear SVM,hit_rate,137,25,1.0
1,Br,Linear SVM,recall,137,25,1.0
1,Br,Linear SVM,hit_rate,138,25,1.0
1,Br,Linear SVM,recall,138,25,1.0
1,Br,Linear SVM,hit_rate,139,25,1.0
1,Br,Linear SVM,recall,139,25,1.0
1,Br,Linear SVM,hit_rate,140,25,1.0
1,Br,Linear SVM,recall,140,25,1.0
1,Br,Linear SVM,hit_rate,141,25,1.0
1,Br,Linear SVM,recall,141,25,1.0
1,Br,Linear SVM,hit_rate,142,25,1.0
1,Br,Linear SVM,recall,142,25,1.0
1,Br,Linear SVM,hit_rate,143,25,1.0
1,Br,Linear SVM,recall,143,25,1.0
1,Br,Linear SVM,hit_rate,144,25,1.0
1,Br,Linear SVM,recall,144,25,1.0
1,Br,Linear SVM,hit_rate,145,25,1.0
1,Br,Linear SVM,recall,145,25,1.0
1,Br,Linear SVM,hit_rate,146,25,1.0
1,Br,Linear SVM,recall,146,25,1.0
1,Br,Linear SVM,hit_rate,147,25,1.0
1,Br,Linear SVM,recall,147,25,1.0
1,Br,Linear SVM,hit_rate,148,25,1.0
1,Br,Linear SVM,recall,148,25,1.0
1,Br,Linear SVM,hit_rate,149,25,1.0
1,Br,Linear SVM,recall,149,25,1.0
1,Br,Linear SVM,hit_rate,150,25,1.0
1,Br,Linear SVM,recall,150,25,1.0
1,Br,Random forest,hit_rate,5,25,0.64
1,Br,Random forest,recall,5,25,0.3999393939393939
1,Br,Random forest,hit_rate,6,25,0.64
1,Br,Random forest,recall,6,25,0.44260606060606067
1,Br,Random forest,hit_rate,7,25,0.64
1,Br,Random forest,recall,7,25,0.45735353535353535
1,Br,Random forest,hit_rate,8,25,0.68
1,Br,Random forest,recall,8,25,0.5017979797979798
1,Br,Random forest,hit_rate,9,25,0.68
1,Br,Random forest,recall,9,25,0.5189090909090909
1,Br,Random forest,hit_rate,10,25,0.72
1,Br,Random forest,recall,10,25,0.566020202020202
1,Br,Random forest,hit_rate,11,25,0.72
1,Br,Random forest,recall,11,25,0.5741010101010101
1,Br,Random forest,hit_rate,12,25,0.8
1,Br,Random forest,recall,12,25,0.6262121212121212
1,Br,Random forest,hit_rate,13,25,0.8
1,Br,Random forest,recall,13,25,0.6462121212121212
1,Br,Random forest,hit_rate,14,25,0.84
1,Br,Random forest,recall,14,25,0.6682121212121211
1,Br,Random forest,hit_rate,15,25,0.84
1,Br,Random forest,recall,15,25,0.6845151515151515
1,Br,Random forest,hit_rate,16,25,0.84
1,Br,Random forest,recall,16,25,0.6961818181818182
1,Br,Random forest,hit_rate,17,25,0.88
1,Br,Random forest,recall,17,25,0.7438484848484848
1,Br,Random forest,hit_rate,18,25,0.88
1,Br,Random forest,recall,18,25,0.7488484848484848
1,Br,Random forest,hit_rate,19,25,0.88
1,Br,Random forest,recall,19,25,0.7588484848484848
1,Br,Random forest,hit_rate,20,25,0.88
1,Br,Random forest,recall,20,25,0.7774848484848484
1,Br,Random forest,hit_rate,21,25,0.96
1,Br,Random forest,recall,21,25,0.8284848484848485
1,Br,Random forest,hit_rate,22,25,0.96
1,Br,Random forest,recall,22,25,0.8284848484848485
1,Br,Random forest,hit_rate,23,25,0.96
1,Br,Random forest,recall,23,25,0.8484848484848484
1,Br,Random forest,hit_rate,24,25,1.0
1,Br,Random forest,recall,24,25,0.8551515151515151
1,Br,Random forest,hit_rate,25,25,1.0
1,Br,Random forest,recall,25,25,0.8817878787878789
1,Br,Random forest,hit_rate,26,25,1.0
1,Br,Random forest,recall,26,25,0.9014242424242425
1,Br,Random forest,hit_rate,27,25,1.0
1,Br,Random forest,recall,27,25,0.9107575757575757
1,Br,Random forest,hit_rate,28,25,1.0
1,Br,Random forest,recall,28,25,0.9143939393939394
1,Br,Random forest,hit_rate,29,25,1.0
1,Br,Random forest,recall,29,25,0.917060606060606
1,Br,Random forest,hit_rate,30,25,1.0
1,Br,Random forest,recall,30,25,0.9233636363636364
1,Br,Random forest,hit_rate,31,25,1.0
1,Br,Random forest,recall,31,25,0.9330303030303031
1,Br,Random forest,hit_rate,32,25,1.0
1,Br,Random forest,recall,32,25,0.9356969696969698
1,Br,Random forest,hit_rate,33,25,1.0
1,Br,Random forest,recall,33,25,0.9356969696969698
1,Br,Random forest,hit_rate,34,25,1.0
1,Br,Random forest,recall,34,25,0.9423636363636365
1,Br,Random forest,hit_rate,35,25,1.0
1,Br,Random forest,recall,35,25,0.946
1,Br,Random forest,hit_rate,36,25,1.0
1,Br,Random forest,recall,36,25,0.948
1,Br,Random forest,hit_rate,37,25,1.0
1,Br,Random forest,recall,37,25,0.9546666666666667
1,Br,Random forest,hit_rate,38,25,1.0
1,Br,Random forest,recall,38,25,0.9613333333333334
1,Br,Random forest,hit_rate,39,25,1.0
1,Br,Random forest,recall,39,25,0.968
1,Br,Random forest,hit_rate,40,25,1.0
1,Br,Random forest,recall,40,25,0.968
1,Br,Random forest,hit_rate,41,25,1.0
1,Br,Random forest,recall,41,25,0.97
1,Br,Random forest,hit_rate,42,25,1.0
1,Br,Random forest,recall,42,25,0.97
1,Br,Random forest,hit_rate,43,25,1.0
1,Br,Random forest,recall,43,25,0.97
1,Br,Random forest,hit_rate,44,25,1.0
1,Br,Random forest,recall,44,25,0.97
1,Br,Random forest,hit_rate,45,25,1.0
1,Br,Random forest,recall,45,25,0.972
1,Br,Random forest,hit_rate,46,25,1.0
1,Br,Random forest,recall,46,25,0.972
1,Br,Random forest,hit_rate,47,25,1.0
1,Br,Random forest,recall,47,25,0.972
1,Br,Random forest,hit_rate,48,25,1.0
1,Br,Random forest,recall,48,25,0.972
1,Br,Random forest,hit_rate,49,25,1.0
1,Br,Random forest,recall,49,25,0.972
1,Br,Random forest,hit_rate,50,25,1.0
1,Br,Random forest,recall,50,25,0.9740000000000001
1,Br,Random forest,hit_rate,51,25,1.0
1,Br,Random forest,recall,51,25,0.9740000000000001
1,Br,Random forest,hit_rate,52,25,1.0
1,Br,Random forest,recall,52,25,0.9740000000000001
1,Br,Random forest,hit_rate,53,25,1.0
1,Br,Random forest,recall,53,25,0.9740000000000001
1,Br,Random forest,hit_rate,54,25,1.0
1,Br,Random forest,recall,54,25,0.9740000000000001
1,Br,Random forest,hit_rate,55,25,1.0
1,Br,Random forest,recall,55,25,0.9740000000000001
1,Br,Random forest,hit_rate,56,25,1.0
1,Br,Random forest,recall,56,25,0.9740000000000001
1,Br,Random forest,hit_rate,57,25,1.0
1,Br,Random forest,recall,57,25,0.9740000000000001
1,Br,Random forest,hit_rate,58,25,1.0
1,Br,Random forest,recall,58,25,0.976
1,Br,Random forest,hit_rate,59,25,1.0
1,Br,Random forest,recall,59,25,0.976
1,Br,Random forest,hit_rate,60,25,1.0
1,Br,Random forest,recall,60,25,0.978
1,Br,Random forest,hit_rate,61,25,1.0
1,Br,Random forest,recall,61,25,0.978
1,Br,Random forest,hit_rate,62,25,1.0
1,Br,Random forest,recall,62,25,0.978
1,Br,Random forest,hit_rate,63,25,1.0
1,Br,Random forest,recall,63,25,0.978
1,Br,Random forest,hit_rate,64,25,1.0
1,Br,Random forest,recall,64,25,0.978
1,Br,Random forest,hit_rate,65,25,1.0
1,Br,Random forest,recall,65,25,0.98
1,Br,Random forest,hit_rate,66,25,1.0
1,Br,Random forest,recall,66,25,0.98
1,Br,Random forest,hit_rate,67,25,1.0
1,Br,Random forest,recall,67,25,0.98
1,Br,Random forest,hit_rate,68,25,1.0
1,Br,Random forest,recall,68,25,0.98
1,Br,Random forest,hit_rate,69,25,1.0
1,Br,Random forest,recall,69,25,0.98
1,Br,Random forest,hit_rate,70,25,1.0
1,Br,Random forest,recall,70,25,0.982
1,Br,Random forest,hit_rate,71,25,1.0
1,Br,Random forest,recall,71,25,0.9840000000000001
1,Br,Random forest,hit_rate,72,25,1.0
1,Br,Random forest,recall,72,25,0.9840000000000001
1,Br,Random forest,hit_rate,73,25,1.0
1,Br,Random forest,recall,73,25,0.9840000000000001
1,Br,Random forest,hit_rate,74,25,1.0
1,Br,Random forest,recall,74,25,0.986
1,Br,Random forest,hit_rate,75,25,1.0
1,Br,Random forest,recall,75,25,0.986
1,Br,Random forest,hit_rate,76,25,1.0
1,Br,Random forest,recall,76,25,0.986
1,Br,Random forest,hit_rate,77,25,1.0
1,Br,Random forest,recall,77,25,0.986
1,Br,Random forest,hit_rate,78,25,1.0
1,Br,Random forest,recall,78,25,0.986
1,Br,Random forest,hit_rate,79,25,1.0
1,Br,Random forest,recall,79,25,0.986
1,Br,Random forest,hit_rate,80,25,1.0
1,Br,Random forest,recall,80,25,0.986
1,Br,Random forest,hit_rate,81,25,1.0
1,Br,Random forest,recall,81,25,0.986
1,Br,Random forest,hit_rate,82,25,1.0
1,Br,Random forest,recall,82,25,0.986
1,Br,Random forest,hit_rate,83,25,1.0
1,Br,Random forest,recall,83,25,0.986
1,Br,Random forest,hit_rate,84,25,1.0
1,Br,Random forest,recall,84,25,0.986
1,Br,Random forest,hit_rate,85,25,1.0
1,Br,Random forest,recall,85,25,0.988
1,Br,Random forest,hit_rate,86,25,1.0
1,Br,Random forest,recall,86,25,0.988
1,Br,Random forest,hit_rate,87,25,1.0
1,Br,Random forest,recall,87,25,0.988
1,Br,Random forest,hit_rate,88,25,1.0
1,Br,Random forest,recall,88,25,0.988
1,Br,Random forest,hit_rate,89,25,1.0
1,Br,Random forest,recall,89,25,0.988
1,Br,Random forest,hit_rate,90,25,1.0
1,Br,Random forest,recall,90,25,0.988
1,Br,Random forest,hit_rate,91,25,1.0
1,Br,Random forest,recall,91,25,0.988
1,Br,Random forest,hit_rate,92,25,1.0
1,Br,Random forest,recall,92,25,0.988
1,Br,Random forest,hit_rate,93,25,1.0
1,Br,Random forest,recall,93,25,0.988
1,Br,Random forest,hit_rate,94,25,1.0
1,Br,Random forest,recall,94,25,0.988
1,Br,Random forest,hit_rate,95,25,1.0
1,Br,Random forest,recall,95,25,0.988
1,Br,Random forest,hit_rate,96,25,1.0
1,Br,Random forest,recall,96,25,0.988
1,Br,Random forest,hit_rate,97,25,1.0
1,Br,Random forest,recall,97,25,0.988
1,Br,Random forest,hit_rate,98,25,1.0
1,Br,Random forest,recall,98,25,0.99
1,Br,Random forest,hit_rate,99,25,1.0
1,Br,Random forest,recall,99,25,0.992
1,Br,Random forest,hit_rate,100,25,1.0
1,Br,Random forest,recall,100,25,0.992
1,Br,Random forest,hit_rate,101,25,1.0
1,Br,Random forest,recall,101,25,0.9940000000000001
1,Br,Random forest,hit_rate,102,25,1.0
1,Br,Random forest,recall,102,25,0.996
1,Br,Random forest,hit_rate,103,25,1.0
1,Br,Random forest,recall,103,25,0.996
1,Br,Random forest,hit_rate,104,25,1.0
1,Br,Random forest,recall,104,25,0.996
1,Br,Random forest,hit_rate,105,25,1.0
1,Br,Random forest,recall,105,25,0.998
1,Br,Random forest,hit_rate,106,25,1.0
1,Br,Random forest,recall,106,25,1.0
1,Br,Random forest,hit_rate,107,25,1.0
1,Br,Random forest,recall,107,25,1.0
1,Br,Random forest,hit_rate,108,25,1.0
1,Br,Random forest,recall,108,25,1.0
1,Br,Random forest,hit_rate,109,25,1.0
1,Br,Random forest,recall,109,25,1.0
1,Br,Random forest,hit_rate,110,25,1.0
1,Br,Random forest,recall,110,25,1.0
1,Br,Random forest,hit_rate,111,25,1.0
1,Br,Random forest,recall,111,25,1.0
1,Br,Random forest,hit_rate,112,25,1.0
1,Br,Random forest,recall,112,25,1.0
1,Br,Random forest,hit_rate,113,25,1.0
1,Br,Random forest,recall,113,25,1.0
1,Br,Random forest,hit_rate,114,25,1.0
1,Br,Random forest,recall,114,25,1.0
1,Br,Random forest,hit_rate,115,25,1.0
1,Br,Random forest,recall,115,25,1.0
1,Br,Random forest,hit_rate,116,25,1.0
1,Br,Random forest,recall,116,25,1.0
1,Br,Random forest,hit_rate,117,25,1.0
1,Br,Random forest,recall,117,25,1.0
1,Br,Random forest,hit_rate,118,25,1.0
1,Br,Random forest,recall,118,25,1.0
1,Br,Random forest,hit_rate,119,25,1.0
1,Br,Random forest,recall,119,25,1.0
1,Br,Random forest,hit_rate,120,25,1.0
1,Br,Random forest,recall,120,25,1.0
1,Br,Random forest,hit_rate,121,25,1.0
1,Br,Random forest,recall,121,25,1.0
1,Br,Random forest,hit_rate,122,25,1.0
1,Br,Random forest,recall,122,25,1.0
1,Br,Random forest,hit_rate,123,25,1.0
1,Br,Random forest,recall,123,25,1.0
1,Br,Random forest,hit_rate,124,25,1.0
1,Br,Random forest,recall,124,25,1.0
1,Br,Random forest,hit_rate,125,25,1.0
1,Br,Random forest,recall,125,25,1.0
1,Br,Random forest,hit_rate,126,25,1.0
1,Br,Random forest,recall,126,25,1.0
1,Br,Random forest,hit_rate,127,25,1.0
1,Br,Random forest,recall,127,25,1.0
1,Br,Random forest,hit_rate,128,25,1.0
1,Br,Random forest,recall,128,25,1.0
1,Br,Random forest,hit_rate,129,25,1.0
1,Br,Random forest,recall,129,25,1.0
1,Br,Random forest,hit_rate,130,25,1.0
1,Br,Random forest,recall,130,25,1.0
1,Br,Random forest,hit_rate,131,25,1.0
1,Br,Random forest,recall,131,25,1.0
1,Br,Random forest,hit_rate,132,25,1.0
1,Br,Random forest,recall,132,25,1.0
1,Br,Random forest,hit_rate,133,25,1.0
1,Br,Random forest,recall,133,25,1.0
1,Br,Random forest,hit_rate,134,25,1.0
1,Br,Random forest,recall,134,25,1.0
1,Br,Random forest,hit_rate,135,25,1.0
1,Br,Random forest,recall,135,25,1.0
1,Br,Random forest,hit_rate,136,25,1.0
1,Br,Random forest,recall,136,25,1.0
1,Br,Random forest,hit_rate,137,25,1.0
1,Br,Random forest,recall,137,25,1.0
1,Br,Random forest,hit_rate,138,25,1.0
1,Br,Random forest,recall,138,25,1.0
1,Br,Random forest,hit_rate,139,25,1.0
1,Br,Random forest,recall,139,25,1.0
1,Br,Random forest,hit_rate,140,25,1.0
1,Br,Random forest,recall,140,25,1.0
1,Br,Random forest,hit_rate,141,25,1.0
1,Br,Random forest,recall,141,25,1.0
1,Br,Random forest,hit_rate,142,25,1.0
1,Br,Random forest,recall,142,25,1.0
1,Br,Random forest,hit_rate,143,25,1.0
1,Br,Random forest,recall,143,25,1.0
1,Br,Random forest,hit_rate,144,25,1.0
1,Br,Random forest,recall,144,25,1.0
1,Br,Random forest,hit_rate,145,25,1.0
1,Br,Random forest,recall,145,25,1.0
1,Br,Random forest,hit_rate,146,25,1.0
1,Br,Random forest,recall,146,25,1.0
1,Br,Random forest,hit_rate,147,25,1.0
1,Br,Random forest,recall,147,25,1.0
1,Br,Random forest,hit_rate,148,25,1.0
1,Br,Random forest,recall,148,25,1.0
1,Br,Random forest,hit_rate,149,25,1.0
1,Br,Random forest,recall,149,25,1.0
1,Br,Random forest,hit_rate,150,25,1.0
1,Br,Random forest,recall,150,25,1.0
2,S,UltraMS,hit_rate,5,36,0.8611111111111112
2,S,UltraMS,recall,5,36,0.515980170126412
2,S,UltraMS,hit_rate,6,36,0.9166666666666666
2,S,UltraMS,recall,6,36,0.5885696611697429
2,S,UltraMS,hit_rate,7,36,0.9722222222222222
2,S,UltraMS,recall,7,36,0.630037753036119
2,S,UltraMS,hit_rate,8,36,1.0
2,S,UltraMS,recall,8,36,0.6593265904846787
2,S,UltraMS,hit_rate,9,36,1.0
2,S,UltraMS,recall,9,36,0.6774768430099312
2,S,UltraMS,hit_rate,10,36,1.0
2,S,UltraMS,recall,10,36,0.71542686729574
2,S,UltraMS,hit_rate,11,36,1.0
2,S,UltraMS,recall,11,36,0.7286487069575306
2,S,UltraMS,hit_rate,12,36,1.0
2,S,UltraMS,recall,12,36,0.7531647002235239
2,S,UltraMS,hit_rate,13,36,1.0
2,S,UltraMS,recall,13,36,0.774968969770849
2,S,UltraMS,hit_rate,14,36,1.0
2,S,UltraMS,recall,14,36,0.8116577874135065
2,S,UltraMS,hit_rate,15,36,1.0
2,S,UltraMS,recall,15,36,0.8232244342742709
2,S,UltraMS,hit_rate,16,36,1.0
2,S,UltraMS,recall,16,36,0.8282398663730363
2,S,UltraMS,hit_rate,17,36,1.0
2,S,UltraMS,recall,17,36,0.8459755949237158
2,S,UltraMS,hit_rate,18,36,1.0
2,S,UltraMS,recall,18,36,0.8580494585600795
2,S,UltraMS,hit_rate,19,36,1.0
2,S,UltraMS,recall,19,36,0.8616824318111083
2,S,UltraMS,hit_rate,20,36,1.0
2,S,UltraMS,recall,20,36,0.8784591656527931
2,S,UltraMS,hit_rate,21,36,1.0
2,S,UltraMS,recall,21,36,0.8939684249120524
2,S,UltraMS,hit_rate,22,36,1.0
2,S,UltraMS,recall,22,36,0.9017606376164383
2,S,UltraMS,hit_rate,23,36,1.0
2,S,UltraMS,recall,23,36,0.918537371458123
2,S,UltraMS,hit_rate,24,36,1.0
2,S,UltraMS,recall,24,36,0.930798462763332
2,S,UltraMS,hit_rate,25,36,1.0
2,S,UltraMS,recall,25,36,0.9376086328190085
2,S,UltraMS,hit_rate,26,36,1.0
2,S,UltraMS,recall,26,36,0.9552350506700997
2,S,UltraMS,hit_rate,27,36,1.0
2,S,UltraMS,recall,27,36,0.9586051487093152
2,S,UltraMS,hit_rate,28,36,1.0
2,S,UltraMS,recall,28,36,0.962866512345679
2,S,UltraMS,hit_rate,29,36,1.0
2,S,UltraMS,recall,29,36,0.9663387345679012
2,S,UltraMS,hit_rate,30,36,1.0
2,S,UltraMS,recall,30,36,0.96997170781893
2,S,UltraMS,hit_rate,31,36,1.0
2,S,UltraMS,recall,31,36,0.9717078189300411
2,S,UltraMS,hit_rate,32,36,1.0
2,S,UltraMS,recall,32,36,0.97534079218107
2,S,UltraMS,hit_rate,33,36,1.0
2,S,UltraMS,recall,33,36,0.9763695987654322
2,S,UltraMS,hit_rate,34,36,1.0
2,S,UltraMS,recall,34,36,0.9772376543209877
2,S,UltraMS,hit_rate,35,36,1.0
2,S,UltraMS,recall,35,36,0.9772376543209877
2,S,UltraMS,hit_rate,36,36,1.0
2,S,UltraMS,recall,36,36,0.9781057098765432
2,S,UltraMS,hit_rate,37,36,1.0
2,S,UltraMS,recall,37,36,0.9789737654320988
2,S,UltraMS,hit_rate,38,36,1.0
2,S,UltraMS,recall,38,36,0.980002572016461
2,S,UltraMS,hit_rate,39,36,1.0
2,S,UltraMS,recall,39,36,0.980002572016461
2,S,UltraMS,hit_rate,40,36,1.0
2,S,UltraMS,recall,40,36,0.980002572016461
2,S,UltraMS,hit_rate,41,36,1.0
2,S,UltraMS,recall,41,36,0.9818994341563787
2,S,UltraMS,hit_rate,42,36,1.0
2,S,UltraMS,recall,42,36,0.9837962962962963
2,S,UltraMS,hit_rate,43,36,1.0
2,S,UltraMS,recall,43,36,0.9846643518518517
2,S,UltraMS,hit_rate,44,36,1.0
2,S,UltraMS,recall,44,36,0.9865612139917695
2,S,UltraMS,hit_rate,45,36,1.0
2,S,UltraMS,recall,45,36,0.9865612139917695
2,S,UltraMS,hit_rate,46,36,1.0
2,S,UltraMS,recall,46,36,0.9884580761316872
2,S,UltraMS,hit_rate,47,36,1.0
2,S,UltraMS,recall,47,36,0.9884580761316872
2,S,UltraMS,hit_rate,48,36,1.0
2,S,UltraMS,recall,48,36,0.9893261316872428
2,S,UltraMS,hit_rate,49,36,1.0
2,S,UltraMS,recall,49,36,0.9912229938271605
2,S,UltraMS,hit_rate,50,36,1.0
2,S,UltraMS,recall,50,36,0.9931198559670782
2,S,UltraMS,hit_rate,51,36,1.0
2,S,UltraMS,recall,51,36,0.9931198559670782
2,S,UltraMS,hit_rate,52,36,1.0
2,S,UltraMS,recall,52,36,0.9931198559670782
2,S,UltraMS,hit_rate,53,36,1.0
2,S,UltraMS,recall,53,36,0.9941486625514402
2,S,UltraMS,hit_rate,54,36,1.0
2,S,UltraMS,recall,54,36,0.9950167181069958
2,S,UltraMS,hit_rate,55,36,1.0
2,S,UltraMS,recall,55,36,0.9950167181069958
2,S,UltraMS,hit_rate,56,36,1.0
2,S,UltraMS,recall,56,36,0.9950167181069958
2,S,UltraMS,hit_rate,57,36,1.0
2,S,UltraMS,recall,57,36,0.996045524691358
2,S,UltraMS,hit_rate,58,36,1.0
2,S,UltraMS,recall,58,36,0.996045524691358
2,S,UltraMS,hit_rate,59,36,1.0
2,S,UltraMS,recall,59,36,0.9970743312757201
2,S,UltraMS,hit_rate,60,36,1.0
2,S,UltraMS,recall,60,36,0.9979423868312757
2,S,UltraMS,hit_rate,61,36,1.0
2,S,UltraMS,recall,61,36,0.9979423868312757
2,S,UltraMS,hit_rate,62,36,1.0
2,S,UltraMS,recall,62,36,0.9979423868312757
2,S,UltraMS,hit_rate,63,36,1.0
2,S,UltraMS,recall,63,36,0.9979423868312757
2,S,UltraMS,hit_rate,64,36,1.0
2,S,UltraMS,recall,64,36,0.9979423868312757
2,S,UltraMS,hit_rate,65,36,1.0
2,S,UltraMS,recall,65,36,0.9979423868312757
2,S,UltraMS,hit_rate,66,36,1.0
2,S,UltraMS,recall,66,36,0.9979423868312757
2,S,UltraMS,hit_rate,67,36,1.0
2,S,UltraMS,recall,67,36,0.9979423868312757
2,S,UltraMS,hit_rate,68,36,1.0
2,S,UltraMS,recall,68,36,0.9989711934156378
2,S,UltraMS,hit_rate,69,36,1.0
2,S,UltraMS,recall,69,36,0.9989711934156378
2,S,UltraMS,hit_rate,70,36,1.0
2,S,UltraMS,recall,70,36,0.9989711934156378
2,S,UltraMS,hit_rate,71,36,1.0
2,S,UltraMS,recall,71,36,0.9989711934156378
2,S,UltraMS,hit_rate,72,36,1.0
2,S,UltraMS,recall,72,36,0.9989711934156378
2,S,UltraMS,hit_rate,73,36,1.0
2,S,UltraMS,recall,73,36,0.9989711934156378
2,S,UltraMS,hit_rate,74,36,1.0
2,S,UltraMS,recall,74,36,0.9989711934156378
2,S,UltraMS,hit_rate,75,36,1.0
2,S,UltraMS,recall,75,36,0.9989711934156378
2,S,UltraMS,hit_rate,76,36,1.0
2,S,UltraMS,recall,76,36,0.9989711934156378
2,S,UltraMS,hit_rate,77,36,1.0
2,S,UltraMS,recall,77,36,0.9989711934156378
2,S,UltraMS,hit_rate,78,36,1.0
2,S,UltraMS,recall,78,36,0.9989711934156378
2,S,UltraMS,hit_rate,79,36,1.0
2,S,UltraMS,recall,79,36,0.9989711934156378
2,S,UltraMS,hit_rate,80,36,1.0
2,S,UltraMS,recall,80,36,0.9989711934156378
2,S,UltraMS,hit_rate,81,36,1.0
2,S,UltraMS,recall,81,36,0.9989711934156378
2,S,UltraMS,hit_rate,82,36,1.0
2,S,UltraMS,recall,82,36,0.9989711934156378
2,S,UltraMS,hit_rate,83,36,1.0
2,S,UltraMS,recall,83,36,0.9989711934156378
2,S,UltraMS,hit_rate,84,36,1.0
2,S,UltraMS,recall,84,36,0.9989711934156378
2,S,UltraMS,hit_rate,85,36,1.0
2,S,UltraMS,recall,85,36,0.9989711934156378
2,S,UltraMS,hit_rate,86,36,1.0
2,S,UltraMS,recall,86,36,0.9989711934156378
2,S,UltraMS,hit_rate,87,36,1.0
2,S,UltraMS,recall,87,36,1.0
2,S,UltraMS,hit_rate,88,36,1.0
2,S,UltraMS,recall,88,36,1.0
2,S,UltraMS,hit_rate,89,36,1.0
2,S,UltraMS,recall,89,36,1.0
2,S,UltraMS,hit_rate,90,36,1.0
2,S,UltraMS,recall,90,36,1.0
2,S,UltraMS,hit_rate,91,36,1.0
2,S,UltraMS,recall,91,36,1.0
2,S,UltraMS,hit_rate,92,36,1.0
2,S,UltraMS,recall,92,36,1.0
2,S,UltraMS,hit_rate,93,36,1.0
2,S,UltraMS,recall,93,36,1.0
2,S,UltraMS,hit_rate,94,36,1.0
2,S,UltraMS,recall,94,36,1.0
2,S,UltraMS,hit_rate,95,36,1.0
2,S,UltraMS,recall,95,36,1.0
2,S,UltraMS,hit_rate,96,36,1.0
2,S,UltraMS,recall,96,36,1.0
2,S,UltraMS,hit_rate,97,36,1.0
2,S,UltraMS,recall,97,36,1.0
2,S,UltraMS,hit_rate,98,36,1.0
2,S,UltraMS,recall,98,36,1.0
2,S,UltraMS,hit_rate,99,36,1.0
2,S,UltraMS,recall,99,36,1.0
2,S,UltraMS,hit_rate,100,36,1.0
2,S,UltraMS,recall,100,36,1.0
2,S,UltraMS,hit_rate,101,36,1.0
2,S,UltraMS,recall,101,36,1.0
2,S,UltraMS,hit_rate,102,36,1.0
2,S,UltraMS,recall,102,36,1.0
2,S,UltraMS,hit_rate,103,36,1.0
2,S,UltraMS,recall,103,36,1.0
2,S,UltraMS,hit_rate,104,36,1.0
2,S,UltraMS,recall,104,36,1.0
2,S,UltraMS,hit_rate,105,36,1.0
2,S,UltraMS,recall,105,36,1.0
2,S,UltraMS,hit_rate,106,36,1.0
2,S,UltraMS,recall,106,36,1.0
2,S,UltraMS,hit_rate,107,36,1.0
2,S,UltraMS,recall,107,36,1.0
2,S,UltraMS,hit_rate,108,36,1.0
2,S,UltraMS,recall,108,36,1.0
2,S,UltraMS,hit_rate,109,36,1.0
2,S,UltraMS,recall,109,36,1.0
2,S,UltraMS,hit_rate,110,36,1.0
2,S,UltraMS,recall,110,36,1.0
2,S,UltraMS,hit_rate,111,36,1.0
2,S,UltraMS,recall,111,36,1.0
2,S,UltraMS,hit_rate,112,36,1.0
2,S,UltraMS,recall,112,36,1.0
2,S,UltraMS,hit_rate,113,36,1.0
2,S,UltraMS,recall,113,36,1.0
2,S,UltraMS,hit_rate,114,36,1.0
2,S,UltraMS,recall,114,36,1.0
2,S,UltraMS,hit_rate,115,36,1.0
2,S,UltraMS,recall,115,36,1.0
2,S,UltraMS,hit_rate,116,36,1.0
2,S,UltraMS,recall,116,36,1.0
2,S,UltraMS,hit_rate,117,36,1.0
2,S,UltraMS,recall,117,36,1.0
2,S,UltraMS,hit_rate,118,36,1.0
2,S,UltraMS,recall,118,36,1.0
2,S,UltraMS,hit_rate,119,36,1.0
2,S,UltraMS,recall,119,36,1.0
2,S,UltraMS,hit_rate,120,36,1.0
2,S,UltraMS,recall,120,36,1.0
2,S,UltraMS,hit_rate,121,36,1.0
2,S,UltraMS,recall,121,36,1.0
2,S,UltraMS,hit_rate,122,36,1.0
2,S,UltraMS,recall,122,36,1.0
2,S,UltraMS,hit_rate,123,36,1.0
2,S,UltraMS,recall,123,36,1.0
2,S,UltraMS,hit_rate,124,36,1.0
2,S,UltraMS,recall,124,36,1.0
2,S,UltraMS,hit_rate,125,36,1.0
2,S,UltraMS,recall,125,36,1.0
2,S,UltraMS,hit_rate,126,36,1.0
2,S,UltraMS,recall,126,36,1.0
2,S,UltraMS,hit_rate,127,36,1.0
2,S,UltraMS,recall,127,36,1.0
2,S,UltraMS,hit_rate,128,36,1.0
2,S,UltraMS,recall,128,36,1.0
2,S,UltraMS,hit_rate,129,36,1.0
2,S,UltraMS,recall,129,36,1.0
2,S,UltraMS,hit_rate,130,36,1.0
2,S,UltraMS,recall,130,36,1.0
2,S,UltraMS,hit_rate,131,36,1.0
2,S,UltraMS,recall,131,36,1.0
2,S,UltraMS,hit_rate,132,36,1.0
2,S,UltraMS,recall,132,36,1.0
2,S,UltraMS,hit_rate,133,36,1.0
2,S,UltraMS,recall,133,36,1.0
2,S,UltraMS,hit_rate,134,36,1.0
2,S,UltraMS,recall,134,36,1.0
2,S,UltraMS,hit_rate,135,36,1.0
2,S,UltraMS,recall,135,36,1.0
2,S,UltraMS,hit_rate,136,36,1.0
2,S,UltraMS,recall,136,36,1.0
2,S,UltraMS,hit_rate,137,36,1.0
2,S,UltraMS,recall,137,36,1.0
2,S,UltraMS,hit_rate,138,36,1.0
2,S,UltraMS,recall,138,36,1.0
2,S,UltraMS,hit_rate,139,36,1.0
2,S,UltraMS,recall,139,36,1.0
2,S,UltraMS,hit_rate,140,36,1.0
2,S,UltraMS,recall,140,36,1.0
2,S,UltraMS,hit_rate,141,36,1.0
2,S,UltraMS,recall,141,36,1.0
2,S,UltraMS,hit_rate,142,36,1.0
2,S,UltraMS,recall,142,36,1.0
2,S,UltraMS,hit_rate,143,36,1.0
2,S,UltraMS,recall,143,36,1.0
2,S,UltraMS,hit_rate,144,36,1.0
2,S,UltraMS,recall,144,36,1.0
2,S,UltraMS,hit_rate,145,36,1.0
2,S,UltraMS,recall,145,36,1.0
2,S,UltraMS,hit_rate,146,36,1.0
2,S,UltraMS,recall,146,36,1.0
2,S,UltraMS,hit_rate,147,36,1.0
2,S,UltraMS,recall,147,36,1.0
2,S,UltraMS,hit_rate,148,36,1.0
2,S,UltraMS,recall,148,36,1.0
2,S,UltraMS,hit_rate,149,36,1.0
2,S,UltraMS,recall,149,36,1.0
2,S,UltraMS,hit_rate,150,36,1.0
2,S,UltraMS,recall,150,36,1.0
2,S,DreaMS,hit_rate,5,36,0.6666666666666666
2,S,DreaMS,recall,5,36,0.3256354983070669
2,S,DreaMS,hit_rate,6,36,0.7222222222222222
2,S,DreaMS,recall,6,36,0.3752615587480783
2,S,DreaMS,hit_rate,7,36,0.8055555555555556
2,S,DreaMS,recall,7,36,0.4206687557177753
2,S,DreaMS,hit_rate,8,36,0.8333333333333334
2,S,DreaMS,recall,8,36,0.45515949645851594
2,S,DreaMS,hit_rate,9,36,0.8888888888888888
2,S,DreaMS,recall,9,36,0.4939471797417058
2,S,DreaMS,hit_rate,10,36,0.8888888888888888
2,S,DreaMS,recall,10,36,0.517828352581212
2,S,DreaMS,hit_rate,11,36,0.9444444444444444
2,S,DreaMS,recall,11,36,0.5644661975340078
2,S,DreaMS,hit_rate,12,36,1.0
2,S,DreaMS,recall,12,36,0.6413684925429206
2,S,DreaMS,hit_rate,13,36,1.0
2,S,DreaMS,recall,13,36,0.6742195727898344
2,S,DreaMS,hit_rate,14,36,1.0
2,S,DreaMS,recall,14,36,0.7192224336423684
2,S,DreaMS,hit_rate,15,36,1.0
2,S,DreaMS,recall,15,36,0.7647067911058925
2,S,DreaMS,hit_rate,16,36,1.0
2,S,DreaMS,recall,16,36,0.7832371725345583
2,S,DreaMS,hit_rate,17,36,1.0
2,S,DreaMS,recall,17,36,0.7981620545243913
2,S,DreaMS,hit_rate,18,36,1.0
2,S,DreaMS,recall,18,36,0.8071898323021689
2,S,DreaMS,hit_rate,19,36,1.0
2,S,DreaMS,recall,19,36,0.8364665661438537
2,S,DreaMS,hit_rate,20,36,1.0
2,S,DreaMS,recall,20,36,0.8495628063234272
2,S,DreaMS,hit_rate,21,36,1.0
2,S,DreaMS,recall,21,36,0.86639832911279
2,S,DreaMS,hit_rate,22,36,1.0
2,S,DreaMS,recall,22,36,0.8710279587424196
2,S,DreaMS,hit_rate,23,36,1.0
2,S,DreaMS,recall,23,36,0.8828012854973639
2,S,DreaMS,hit_rate,24,36,1.0
2,S,DreaMS,recall,24,36,0.9052502342126524
2,S,DreaMS,hit_rate,25,36,1.0
2,S,DreaMS,recall,25,36,0.906118289768208
2,S,DreaMS,hit_rate,26,36,1.0
2,S,DreaMS,recall,26,36,0.922008596508188
2,S,DreaMS,hit_rate,27,36,1.0
2,S,DreaMS,recall,27,36,0.9339308113817917
2,S,DreaMS,hit_rate,28,36,1.0
2,S,DreaMS,recall,28,36,0.9399050760876742
2,S,DreaMS,hit_rate,29,36,1.0
2,S,DreaMS,recall,29,36,0.9458471905877952
2,S,DreaMS,hit_rate,30,36,1.0
2,S,DreaMS,recall,30,36,0.9492172886270107
2,S,DreaMS,hit_rate,31,36,1.0
2,S,DreaMS,recall,31,36,0.9524966096146651
2,S,DreaMS,hit_rate,32,36,1.0
2,S,DreaMS,recall,32,36,0.9549078750467639
2,S,DreaMS,hit_rate,33,36,1.0
2,S,DreaMS,recall,33,36,0.9549078750467639
2,S,DreaMS,hit_rate,34,36,1.0
2,S,DreaMS,recall,34,36,0.9557759306023195
2,S,DreaMS,hit_rate,35,36,1.0
2,S,DreaMS,recall,35,36,0.9608731995884773
2,S,DreaMS,hit_rate,36,36,1.0
2,S,DreaMS,recall,36,36,0.9634452160493827
2,S,DreaMS,hit_rate,37,36,1.0
2,S,DreaMS,recall,37,36,0.9651813271604939
2,S,DreaMS,hit_rate,38,36,1.0
2,S,DreaMS,recall,38,36,0.9669174382716049
2,S,DreaMS,hit_rate,39,36,1.0
2,S,DreaMS,recall,39,36,0.9694894547325101
2,S,DreaMS,hit_rate,40,36,1.0
2,S,DreaMS,recall,40,36,0.9705182613168724
2,S,DreaMS,hit_rate,41,36,1.0
2,S,DreaMS,recall,41,36,0.9713863168724279
2,S,DreaMS,hit_rate,42,36,1.0
2,S,DreaMS,recall,42,36,0.9722543724279835
2,S,DreaMS,hit_rate,43,36,1.0
2,S,DreaMS,recall,43,36,0.9739904835390946
2,S,DreaMS,hit_rate,44,36,1.0
2,S,DreaMS,recall,44,36,0.9748585390946501
2,S,DreaMS,hit_rate,45,36,1.0
2,S,DreaMS,recall,45,36,0.9758873456790123
2,S,DreaMS,hit_rate,46,36,1.0
2,S,DreaMS,recall,46,36,0.9767554012345678
2,S,DreaMS,hit_rate,47,36,1.0
2,S,DreaMS,recall,47,36,0.9767554012345678
2,S,DreaMS,hit_rate,48,36,1.0
2,S,DreaMS,recall,48,36,0.9776234567901234
2,S,DreaMS,hit_rate,49,36,1.0
2,S,DreaMS,recall,49,36,0.978491512345679
2,S,DreaMS,hit_rate,50,36,1.0
2,S,DreaMS,recall,50,36,0.9793595679012346
2,S,DreaMS,hit_rate,51,36,1.0
2,S,DreaMS,recall,51,36,0.9803883744855967
2,S,DreaMS,hit_rate,52,36,1.0
2,S,DreaMS,recall,52,36,0.9822852366255144
2,S,DreaMS,hit_rate,53,36,1.0
2,S,DreaMS,recall,53,36,0.98315329218107
2,S,DreaMS,hit_rate,54,36,1.0
2,S,DreaMS,recall,54,36,0.9841820987654322
2,S,DreaMS,hit_rate,55,36,1.0
2,S,DreaMS,recall,55,36,0.9860789609053499
2,S,DreaMS,hit_rate,56,36,1.0
2,S,DreaMS,recall,56,36,0.9869470164609054
2,S,DreaMS,hit_rate,57,36,1.0
2,S,DreaMS,recall,57,36,0.9869470164609054
2,S,DreaMS,hit_rate,58,36,1.0
2,S,DreaMS,recall,58,36,0.9879758230452675
2,S,DreaMS,hit_rate,59,36,1.0
2,S,DreaMS,recall,59,36,0.9879758230452675
2,S,DreaMS,hit_rate,60,36,1.0
2,S,DreaMS,recall,60,36,0.9879758230452675
2,S,DreaMS,hit_rate,61,36,1.0
2,S,DreaMS,recall,61,36,0.9888438786008231
2,S,DreaMS,hit_rate,62,36,1.0
2,S,DreaMS,recall,62,36,0.9907407407407407
2,S,DreaMS,hit_rate,63,36,1.0
2,S,DreaMS,recall,63,36,0.9907407407407407
2,S,DreaMS,hit_rate,64,36,1.0
2,S,DreaMS,recall,64,36,0.9907407407407407
2,S,DreaMS,hit_rate,65,36,1.0
2,S,DreaMS,recall,65,36,0.9907407407407407
2,S,DreaMS,hit_rate,66,36,1.0
2,S,DreaMS,recall,66,36,0.9917695473251028
2,S,DreaMS,hit_rate,67,36,1.0
2,S,DreaMS,recall,67,36,0.992798353909465
2,S,DreaMS,hit_rate,68,36,1.0
2,S,DreaMS,recall,68,36,0.992798353909465
2,S,DreaMS,hit_rate,69,36,1.0
2,S,DreaMS,recall,69,36,0.992798353909465
2,S,DreaMS,hit_rate,70,36,1.0
2,S,DreaMS,recall,70,36,0.9938271604938271
2,S,DreaMS,hit_rate,71,36,1.0
2,S,DreaMS,recall,71,36,0.9948559670781894
2,S,DreaMS,hit_rate,72,36,1.0
2,S,DreaMS,recall,72,36,0.9958847736625513
2,S,DreaMS,hit_rate,73,36,1.0
2,S,DreaMS,recall,73,36,0.9958847736625513
2,S,DreaMS,hit_rate,74,36,1.0
2,S,DreaMS,recall,74,36,0.9958847736625513
2,S,DreaMS,hit_rate,75,36,1.0
2,S,DreaMS,recall,75,36,0.9958847736625513
2,S,DreaMS,hit_rate,76,36,1.0
2,S,DreaMS,recall,76,36,0.9958847736625513
2,S,DreaMS,hit_rate,77,36,1.0
2,S,DreaMS,recall,77,36,0.9958847736625513
2,S,DreaMS,hit_rate,78,36,1.0
2,S,DreaMS,recall,78,36,0.9958847736625513
2,S,DreaMS,hit_rate,79,36,1.0
2,S,DreaMS,recall,79,36,0.9958847736625513
2,S,DreaMS,hit_rate,80,36,1.0
2,S,DreaMS,recall,80,36,0.9969135802469135
2,S,DreaMS,hit_rate,81,36,1.0
2,S,DreaMS,recall,81,36,0.9979423868312757
2,S,DreaMS,hit_rate,82,36,1.0
2,S,DreaMS,recall,82,36,0.9979423868312757
2,S,DreaMS,hit_rate,83,36,1.0
2,S,DreaMS,recall,83,36,0.9979423868312757
2,S,DreaMS,hit_rate,84,36,1.0
2,S,DreaMS,recall,84,36,0.9979423868312757
2,S,DreaMS,hit_rate,85,36,1.0
2,S,DreaMS,recall,85,36,0.9989711934156378
2,S,DreaMS,hit_rate,86,36,1.0
2,S,DreaMS,recall,86,36,0.9989711934156378
2,S,DreaMS,hit_rate,87,36,1.0
2,S,DreaMS,recall,87,36,0.9989711934156378
2,S,DreaMS,hit_rate,88,36,1.0
2,S,DreaMS,recall,88,36,0.9989711934156378
2,S,DreaMS,hit_rate,89,36,1.0
2,S,DreaMS,recall,89,36,0.9989711934156378
2,S,DreaMS,hit_rate,90,36,1.0
2,S,DreaMS,recall,90,36,0.9989711934156378
2,S,DreaMS,hit_rate,91,36,1.0
2,S,DreaMS,recall,91,36,0.9989711934156378
2,S,DreaMS,hit_rate,92,36,1.0
2,S,DreaMS,recall,92,36,1.0
2,S,DreaMS,hit_rate,93,36,1.0
2,S,DreaMS,recall,93,36,1.0
2,S,DreaMS,hit_rate,94,36,1.0
2,S,DreaMS,recall,94,36,1.0
2,S,DreaMS,hit_rate,95,36,1.0
2,S,DreaMS,recall,95,36,1.0
2,S,DreaMS,hit_rate,96,36,1.0
2,S,DreaMS,recall,96,36,1.0
2,S,DreaMS,hit_rate,97,36,1.0
2,S,DreaMS,recall,97,36,1.0
2,S,DreaMS,hit_rate,98,36,1.0
2,S,DreaMS,recall,98,36,1.0
2,S,DreaMS,hit_rate,99,36,1.0
2,S,DreaMS,recall,99,36,1.0
2,S,DreaMS,hit_rate,100,36,1.0
2,S,DreaMS,recall,100,36,1.0
2,S,DreaMS,hit_rate,101,36,1.0
2,S,DreaMS,recall,101,36,1.0
2,S,DreaMS,hit_rate,102,36,1.0
2,S,DreaMS,recall,102,36,1.0
2,S,DreaMS,hit_rate,103,36,1.0
2,S,DreaMS,recall,103,36,1.0
2,S,DreaMS,hit_rate,104,36,1.0
2,S,DreaMS,recall,104,36,1.0
2,S,DreaMS,hit_rate,105,36,1.0
2,S,DreaMS,recall,105,36,1.0
2,S,DreaMS,hit_rate,106,36,1.0
2,S,DreaMS,recall,106,36,1.0
2,S,DreaMS,hit_rate,107,36,1.0
2,S,DreaMS,recall,107,36,1.0
2,S,DreaMS,hit_rate,108,36,1.0
2,S,DreaMS,recall,108,36,1.0
2,S,DreaMS,hit_rate,109,36,1.0
2,S,DreaMS,recall,109,36,1.0
2,S,DreaMS,hit_rate,110,36,1.0
2,S,DreaMS,recall,110,36,1.0
2,S,DreaMS,hit_rate,111,36,1.0
2,S,DreaMS,recall,111,36,1.0
2,S,DreaMS,hit_rate,112,36,1.0
2,S,DreaMS,recall,112,36,1.0
2,S,DreaMS,hit_rate,113,36,1.0
2,S,DreaMS,recall,113,36,1.0
2,S,DreaMS,hit_rate,114,36,1.0
2,S,DreaMS,recall,114,36,1.0
2,S,DreaMS,hit_rate,115,36,1.0
2,S,DreaMS,recall,115,36,1.0
2,S,DreaMS,hit_rate,116,36,1.0
2,S,DreaMS,recall,116,36,1.0
2,S,DreaMS,hit_rate,117,36,1.0
2,S,DreaMS,recall,117,36,1.0
2,S,DreaMS,hit_rate,118,36,1.0
2,S,DreaMS,recall,118,36,1.0
2,S,DreaMS,hit_rate,119,36,1.0
2,S,DreaMS,recall,119,36,1.0
2,S,DreaMS,hit_rate,120,36,1.0
2,S,DreaMS,recall,120,36,1.0
2,S,DreaMS,hit_rate,121,36,1.0
2,S,DreaMS,recall,121,36,1.0
2,S,DreaMS,hit_rate,122,36,1.0
2,S,DreaMS,recall,122,36,1.0
2,S,DreaMS,hit_rate,123,36,1.0
2,S,DreaMS,recall,123,36,1.0
2,S,DreaMS,hit_rate,124,36,1.0
2,S,DreaMS,recall,124,36,1.0
2,S,DreaMS,hit_rate,125,36,1.0
2,S,DreaMS,recall,125,36,1.0
2,S,DreaMS,hit_rate,126,36,1.0
2,S,DreaMS,recall,126,36,1.0
2,S,DreaMS,hit_rate,127,36,1.0
2,S,DreaMS,recall,127,36,1.0
2,S,DreaMS,hit_rate,128,36,1.0
2,S,DreaMS,recall,128,36,1.0
2,S,DreaMS,hit_rate,129,36,1.0
2,S,DreaMS,recall,129,36,1.0
2,S,DreaMS,hit_rate,130,36,1.0
2,S,DreaMS,recall,130,36,1.0
2,S,DreaMS,hit_rate,131,36,1.0
2,S,DreaMS,recall,131,36,1.0
2,S,DreaMS,hit_rate,132,36,1.0
2,S,DreaMS,recall,132,36,1.0
2,S,DreaMS,hit_rate,133,36,1.0
2,S,DreaMS,recall,133,36,1.0
2,S,DreaMS,hit_rate,134,36,1.0
2,S,DreaMS,recall,134,36,1.0
2,S,DreaMS,hit_rate,135,36,1.0
2,S,DreaMS,recall,135,36,1.0
2,S,DreaMS,hit_rate,136,36,1.0
2,S,DreaMS,recall,136,36,1.0
2,S,DreaMS,hit_rate,137,36,1.0
2,S,DreaMS,recall,137,36,1.0
2,S,DreaMS,hit_rate,138,36,1.0
2,S,DreaMS,recall,138,36,1.0
2,S,DreaMS,hit_rate,139,36,1.0
2,S,DreaMS,recall,139,36,1.0
2,S,DreaMS,hit_rate,140,36,1.0
2,S,DreaMS,recall,140,36,1.0
2,S,DreaMS,hit_rate,141,36,1.0
2,S,DreaMS,recall,141,36,1.0
2,S,DreaMS,hit_rate,142,36,1.0
2,S,DreaMS,recall,142,36,1.0
2,S,DreaMS,hit_rate,143,36,1.0
2,S,DreaMS,recall,143,36,1.0
2,S,DreaMS,hit_rate,144,36,1.0
2,S,DreaMS,recall,144,36,1.0
2,S,DreaMS,hit_rate,145,36,1.0
2,S,DreaMS,recall,145,36,1.0
2,S,DreaMS,hit_rate,146,36,1.0
2,S,DreaMS,recall,146,36,1.0
2,S,DreaMS,hit_rate,147,36,1.0
2,S,DreaMS,recall,147,36,1.0
2,S,DreaMS,hit_rate,148,36,1.0
2,S,DreaMS,recall,148,36,1.0
2,S,DreaMS,hit_rate,149,36,1.0
2,S,DreaMS,recall,149,36,1.0
2,S,DreaMS,hit_rate,150,36,1.0
2,S,DreaMS,recall,150,36,1.0
2,S,Linear SVM,hit_rate,5,36,0.7777777777777778
2,S,Linear SVM,recall,5,36,0.4193666355431061
2,S,Linear SVM,hit_rate,6,36,0.8611111111111112
2,S,Linear SVM,recall,6,36,0.45746930576383193
2,S,Linear SVM,hit_rate,7,36,0.9166666666666666
2,S,Linear SVM,recall,7,36,0.5186575773687702
2,S,Linear SVM,hit_rate,8,36,0.9722222222222222
2,S,Linear SVM,recall,8,36,0.5638140027335288
2,S,Linear SVM,hit_rate,9,36,1.0
2,S,Linear SVM,recall,9,36,0.5846591989770094
2,S,Linear SVM,hit_rate,10,36,1.0
2,S,Linear SVM,recall,10,36,0.6165254857554694
2,S,Linear SVM,hit_rate,11,36,1.0
2,S,Linear SVM,recall,11,36,0.6477313940447111
2,S,Linear SVM,hit_rate,12,36,1.0
2,S,Linear SVM,recall,12,36,0.7493075106024454
2,S,Linear SVM,hit_rate,13,36,1.0
2,S,Linear SVM,recall,13,36,0.7742807932656789
2,S,Linear SVM,hit_rate,14,36,1.0
2,S,Linear SVM,recall,14,36,0.8014227534448124
2,S,Linear SVM,hit_rate,15,36,1.0
2,S,Linear SVM,recall,15,36,0.8138648830744419
2,S,Linear SVM,hit_rate,16,36,1.0
2,S,Linear SVM,recall,16,36,0.8229487775750031
2,S,Linear SVM,hit_rate,17,36,1.0
2,S,Linear SVM,recall,17,36,0.8353843985686306
2,S,Linear SVM,hit_rate,18,36,1.0
2,S,Linear SVM,recall,18,36,0.8425392807235128
2,S,Linear SVM,hit_rate,19,36,1.0
2,S,Linear SVM,recall,19,36,0.8539976140568462
2,S,Linear SVM,hit_rate,20,36,1.0
2,S,Linear SVM,recall,20,36,0.8682666318491482
2,S,Linear SVM,hit_rate,21,36,1.0
2,S,Linear SVM,recall,21,36,0.8818356937331611
2,S,Linear SVM,hit_rate,22,36,1.0
2,S,Linear SVM,recall,22,36,0.8999859462584135
2,S,Linear SVM,hit_rate,23,36,1.0
2,S,Linear SVM,recall,23,36,0.903631779591747
2,S,Linear SVM,hit_rate,24,36,1.0
2,S,Linear SVM,recall,24,36,0.9154051063466913
2,S,Linear SVM,hit_rate,25,36,1.0
2,S,Linear SVM,recall,25,36,0.9241249986245901
2,S,Linear SVM,hit_rate,26,36,1.0
2,S,Linear SVM,recall,26,36,0.9281702509847933
2,S,Linear SVM,hit_rate,27,36,1.0
2,S,Linear SVM,recall,27,36,0.9281702509847933
2,S,Linear SVM,hit_rate,28,36,1.0
2,S,Linear SVM,recall,28,36,0.9299063620959045
2,S,Linear SVM,hit_rate,29,36,1.0
2,S,Linear SVM,recall,29,36,0.9326712797913778
2,S,Linear SVM,hit_rate,30,36,1.0
2,S,Linear SVM,recall,30,36,0.9385666303558461
2,S,Linear SVM,hit_rate,31,36,1.0
2,S,Linear SVM,recall,31,36,0.9443479938271605
2,S,Linear SVM,hit_rate,32,36,1.0
2,S,Linear SVM,recall,32,36,0.9555041152263376
2,S,Linear SVM,hit_rate,33,36,1.0
2,S,Linear SVM,recall,33,36,0.9581082818930042
2,S,Linear SVM,hit_rate,34,36,1.0
2,S,Linear SVM,recall,34,36,0.9589763374485598
2,S,Linear SVM,hit_rate,35,36,1.0
2,S,Linear SVM,recall,35,36,0.9615805041152264
2,S,Linear SVM,hit_rate,36,36,1.0
2,S,Linear SVM,recall,36,36,0.9615805041152264
2,S,Linear SVM,hit_rate,37,36,1.0
2,S,Linear SVM,recall,37,36,0.9615805041152264
2,S,Linear SVM,hit_rate,38,36,1.0
2,S,Linear SVM,recall,38,36,0.963991769547325
2,S,Linear SVM,hit_rate,39,36,1.0
2,S,Linear SVM,recall,39,36,0.963991769547325
2,S,Linear SVM,hit_rate,40,36,1.0
2,S,Linear SVM,recall,40,36,0.9672710905349794
2,S,Linear SVM,hit_rate,41,36,1.0
2,S,Linear SVM,recall,41,36,0.968139146090535
2,S,Linear SVM,hit_rate,42,36,1.0
2,S,Linear SVM,recall,42,36,0.9696823559670782
2,S,Linear SVM,hit_rate,43,36,1.0
2,S,Linear SVM,recall,43,36,0.9712255658436213
2,S,Linear SVM,hit_rate,44,36,1.0
2,S,Linear SVM,recall,44,36,0.9729616769547325
2,S,Linear SVM,hit_rate,45,36,1.0
2,S,Linear SVM,recall,45,36,0.9739904835390946
2,S,Linear SVM,hit_rate,46,36,1.0
2,S,Linear SVM,recall,46,36,0.9739904835390946
2,S,Linear SVM,hit_rate,47,36,1.0
2,S,Linear SVM,recall,47,36,0.9739904835390946
2,S,Linear SVM,hit_rate,48,36,1.0
2,S,Linear SVM,recall,48,36,0.9748585390946501
2,S,Linear SVM,hit_rate,49,36,1.0
2,S,Linear SVM,recall,49,36,0.9758873456790123
2,S,Linear SVM,hit_rate,50,36,1.0
2,S,Linear SVM,recall,50,36,0.9769161522633745
2,S,Linear SVM,hit_rate,51,36,1.0
2,S,Linear SVM,recall,51,36,0.97778420781893
2,S,Linear SVM,hit_rate,52,36,1.0
2,S,Linear SVM,recall,52,36,0.9796810699588477
2,S,Linear SVM,hit_rate,53,36,1.0
2,S,Linear SVM,recall,53,36,0.9805491255144033
2,S,Linear SVM,hit_rate,54,36,1.0
2,S,Linear SVM,recall,54,36,0.9814171810699589
2,S,Linear SVM,hit_rate,55,36,1.0
2,S,Linear SVM,recall,55,36,0.9822852366255144
2,S,Linear SVM,hit_rate,56,36,1.0
2,S,Linear SVM,recall,56,36,0.9841820987654322
2,S,Linear SVM,hit_rate,57,36,1.0
2,S,Linear SVM,recall,57,36,0.9841820987654322
2,S,Linear SVM,hit_rate,58,36,1.0
2,S,Linear SVM,recall,58,36,0.9860789609053499
2,S,Linear SVM,hit_rate,59,36,1.0
2,S,Linear SVM,recall,59,36,0.9879758230452675
2,S,Linear SVM,hit_rate,60,36,1.0
2,S,Linear SVM,recall,60,36,0.9898726851851851
2,S,Linear SVM,hit_rate,61,36,1.0
2,S,Linear SVM,recall,61,36,0.9907407407407407
2,S,Linear SVM,hit_rate,62,36,1.0
2,S,Linear SVM,recall,62,36,0.9907407407407407
2,S,Linear SVM,hit_rate,63,36,1.0
2,S,Linear SVM,recall,63,36,0.9917695473251028
2,S,Linear SVM,hit_rate,64,36,1.0
2,S,Linear SVM,recall,64,36,0.9917695473251028
2,S,Linear SVM,hit_rate,65,36,1.0
2,S,Linear SVM,recall,65,36,0.9917695473251028
2,S,Linear SVM,hit_rate,66,36,1.0
2,S,Linear SVM,recall,66,36,0.9917695473251028
2,S,Linear SVM,hit_rate,67,36,1.0
2,S,Linear SVM,recall,67,36,0.9917695473251028
2,S,Linear SVM,hit_rate,68,36,1.0
2,S,Linear SVM,recall,68,36,0.9917695473251028
2,S,Linear SVM,hit_rate,69,36,1.0
2,S,Linear SVM,recall,69,36,0.9917695473251028
2,S,Linear SVM,hit_rate,70,36,1.0
2,S,Linear SVM,recall,70,36,0.9917695473251028
2,S,Linear SVM,hit_rate,71,36,1.0
2,S,Linear SVM,recall,71,36,0.992798353909465
2,S,Linear SVM,hit_rate,72,36,1.0
2,S,Linear SVM,recall,72,36,0.9938271604938271
2,S,Linear SVM,hit_rate,73,36,1.0
2,S,Linear SVM,recall,73,36,0.9948559670781894
2,S,Linear SVM,hit_rate,74,36,1.0
2,S,Linear SVM,recall,74,36,0.9948559670781894
2,S,Linear SVM,hit_rate,75,36,1.0
2,S,Linear SVM,recall,75,36,0.9948559670781894
2,S,Linear SVM,hit_rate,76,36,1.0
2,S,Linear SVM,recall,76,36,0.9958847736625513
2,S,Linear SVM,hit_rate,77,36,1.0
2,S,Linear SVM,recall,77,36,0.9969135802469135
2,S,Linear SVM,hit_rate,78,36,1.0
2,S,Linear SVM,recall,78,36,0.9969135802469135
2,S,Linear SVM,hit_rate,79,36,1.0
2,S,Linear SVM,recall,79,36,0.9969135802469135
2,S,Linear SVM,hit_rate,80,36,1.0
2,S,Linear SVM,recall,80,36,0.9969135802469135
2,S,Linear SVM,hit_rate,81,36,1.0
2,S,Linear SVM,recall,81,36,0.9969135802469135
2,S,Linear SVM,hit_rate,82,36,1.0
2,S,Linear SVM,recall,82,36,0.9979423868312757
2,S,Linear SVM,hit_rate,83,36,1.0
2,S,Linear SVM,recall,83,36,0.9979423868312757
2,S,Linear SVM,hit_rate,84,36,1.0
2,S,Linear SVM,recall,84,36,0.9979423868312757
2,S,Linear SVM,hit_rate,85,36,1.0
2,S,Linear SVM,recall,85,36,0.9979423868312757
2,S,Linear SVM,hit_rate,86,36,1.0
2,S,Linear SVM,recall,86,36,0.9979423868312757
2,S,Linear SVM,hit_rate,87,36,1.0
2,S,Linear SVM,recall,87,36,0.9979423868312757
2,S,Linear SVM,hit_rate,88,36,1.0
2,S,Linear SVM,recall,88,36,0.9979423868312757
2,S,Linear SVM,hit_rate,89,36,1.0
2,S,Linear SVM,recall,89,36,0.9979423868312757
2,S,Linear SVM,hit_rate,90,36,1.0
2,S,Linear SVM,recall,90,36,0.9979423868312757
2,S,Linear SVM,hit_rate,91,36,1.0
2,S,Linear SVM,recall,91,36,0.9989711934156378
2,S,Linear SVM,hit_rate,92,36,1.0
2,S,Linear SVM,recall,92,36,1.0
2,S,Linear SVM,hit_rate,93,36,1.0
2,S,Linear SVM,recall,93,36,1.0
2,S,Linear SVM,hit_rate,94,36,1.0
2,S,Linear SVM,recall,94,36,1.0
2,S,Linear SVM,hit_rate,95,36,1.0
2,S,Linear SVM,recall,95,36,1.0
2,S,Linear SVM,hit_rate,96,36,1.0
2,S,Linear SVM,recall,96,36,1.0
2,S,Linear SVM,hit_rate,97,36,1.0
2,S,Linear SVM,recall,97,36,1.0
2,S,Linear SVM,hit_rate,98,36,1.0
2,S,Linear SVM,recall,98,36,1.0
2,S,Linear SVM,hit_rate,99,36,1.0
2,S,Linear SVM,recall,99,36,1.0
2,S,Linear SVM,hit_rate,100,36,1.0
2,S,Linear SVM,recall,100,36,1.0
2,S,Linear SVM,hit_rate,101,36,1.0
2,S,Linear SVM,recall,101,36,1.0
2,S,Linear SVM,hit_rate,102,36,1.0
2,S,Linear SVM,recall,102,36,1.0
2,S,Linear SVM,hit_rate,103,36,1.0
2,S,Linear SVM,recall,103,36,1.0
2,S,Linear SVM,hit_rate,104,36,1.0
2,S,Linear SVM,recall,104,36,1.0
2,S,Linear SVM,hit_rate,105,36,1.0
2,S,Linear SVM,recall,105,36,1.0
2,S,Linear SVM,hit_rate,106,36,1.0
2,S,Linear SVM,recall,106,36,1.0
2,S,Linear SVM,hit_rate,107,36,1.0
2,S,Linear SVM,recall,107,36,1.0
2,S,Linear SVM,hit_rate,108,36,1.0
2,S,Linear SVM,recall,108,36,1.0
2,S,Linear SVM,hit_rate,109,36,1.0
2,S,Linear SVM,recall,109,36,1.0
2,S,Linear SVM,hit_rate,110,36,1.0
2,S,Linear SVM,recall,110,36,1.0
2,S,Linear SVM,hit_rate,111,36,1.0
2,S,Linear SVM,recall,111,36,1.0
2,S,Linear SVM,hit_rate,112,36,1.0
2,S,Linear SVM,recall,112,36,1.0
2,S,Linear SVM,hit_rate,113,36,1.0
2,S,Linear SVM,recall,113,36,1.0
2,S,Linear SVM,hit_rate,114,36,1.0
2,S,Linear SVM,recall,114,36,1.0
2,S,Linear SVM,hit_rate,115,36,1.0
2,S,Linear SVM,recall,115,36,1.0
2,S,Linear SVM,hit_rate,116,36,1.0
2,S,Linear SVM,recall,116,36,1.0
2,S,Linear SVM,hit_rate,117,36,1.0
2,S,Linear SVM,recall,117,36,1.0
2,S,Linear SVM,hit_rate,118,36,1.0
2,S,Linear SVM,recall,118,36,1.0
2,S,Linear SVM,hit_rate,119,36,1.0
2,S,Linear SVM,recall,119,36,1.0
2,S,Linear SVM,hit_rate,120,36,1.0
2,S,Linear SVM,recall,120,36,1.0
2,S,Linear SVM,hit_rate,121,36,1.0
2,S,Linear SVM,recall,121,36,1.0
2,S,Linear SVM,hit_rate,122,36,1.0
2,S,Linear SVM,recall,122,36,1.0
2,S,Linear SVM,hit_rate,123,36,1.0
2,S,Linear SVM,recall,123,36,1.0
2,S,Linear SVM,hit_rate,124,36,1.0
2,S,Linear SVM,recall,124,36,1.0
2,S,Linear SVM,hit_rate,125,36,1.0
2,S,Linear SVM,recall,125,36,1.0
2,S,Linear SVM,hit_rate,126,36,1.0
2,S,Linear SVM,recall,126,36,1.0
2,S,Linear SVM,hit_rate,127,36,1.0
2,S,Linear SVM,recall,127,36,1.0
2,S,Linear SVM,hit_rate,128,36,1.0
2,S,Linear SVM,recall,128,36,1.0
2,S,Linear SVM,hit_rate,129,36,1.0
2,S,Linear SVM,recall,129,36,1.0
2,S,Linear SVM,hit_rate,130,36,1.0
2,S,Linear SVM,recall,130,36,1.0
2,S,Linear SVM,hit_rate,131,36,1.0
2,S,Linear SVM,recall,131,36,1.0
2,S,Linear SVM,hit_rate,132,36,1.0
2,S,Linear SVM,recall,132,36,1.0
2,S,Linear SVM,hit_rate,133,36,1.0
2,S,Linear SVM,recall,133,36,1.0
2,S,Linear SVM,hit_rate,134,36,1.0
2,S,Linear SVM,recall,134,36,1.0
2,S,Linear SVM,hit_rate,135,36,1.0
2,S,Linear SVM,recall,135,36,1.0
2,S,Linear SVM,hit_rate,136,36,1.0
2,S,Linear SVM,recall,136,36,1.0
2,S,Linear SVM,hit_rate,137,36,1.0
2,S,Linear SVM,recall,137,36,1.0
2,S,Linear SVM,hit_rate,138,36,1.0
2,S,Linear SVM,recall,138,36,1.0
2,S,Linear SVM,hit_rate,139,36,1.0
2,S,Linear SVM,recall,139,36,1.0
2,S,Linear SVM,hit_rate,140,36,1.0
2,S,Linear SVM,recall,140,36,1.0
2,S,Linear SVM,hit_rate,141,36,1.0
2,S,Linear SVM,recall,141,36,1.0
2,S,Linear SVM,hit_rate,142,36,1.0
2,S,Linear SVM,recall,142,36,1.0
2,S,Linear SVM,hit_rate,143,36,1.0
2,S,Linear SVM,recall,143,36,1.0
2,S,Linear SVM,hit_rate,144,36,1.0
2,S,Linear SVM,recall,144,36,1.0
2,S,Linear SVM,hit_rate,145,36,1.0
2,S,Linear SVM,recall,145,36,1.0
2,S,Linear SVM,hit_rate,146,36,1.0
2,S,Linear SVM,recall,146,36,1.0
2,S,Linear SVM,hit_rate,147,36,1.0
2,S,Linear SVM,recall,147,36,1.0
2,S,Linear SVM,hit_rate,148,36,1.0
2,S,Linear SVM,recall,148,36,1.0
2,S,Linear SVM,hit_rate,149,36,1.0
2,S,Linear SVM,recall,149,36,1.0
2,S,Linear SVM,hit_rate,150,36,1.0
2,S,Linear SVM,recall,150,36,1.0
2,S,Random forest,hit_rate,5,36,0.8333333333333334
2,S,Random forest,recall,5,36,0.42396978853269707
2,S,Random forest,hit_rate,6,36,0.8611111111111112
2,S,Random forest,recall,6,36,0.466793862606771
2,S,Random forest,hit_rate,7,36,0.8611111111111112
2,S,Random forest,recall,7,36,0.5075355219248192
2,S,Random forest,hit_rate,8,36,0.8611111111111112
2,S,Random forest,recall,8,36,0.52327626266556
2,S,Random forest,hit_rate,9,36,0.8611111111111112
2,S,Random forest,recall,9,36,0.5544829274302314
2,S,Random forest,hit_rate,10,36,0.8611111111111112
2,S,Random forest,recall,10,36,0.591095581751219
2,S,Random forest,hit_rate,11,36,0.9166666666666666
2,S,Random forest,recall,11,36,0.6262211429184469
2,S,Random forest,hit_rate,12,36,0.9166666666666666
2,S,Random forest,recall,12,36,0.656958414679003
2,S,Random forest,hit_rate,13,36,0.9444444444444444
2,S,Random forest,recall,13,36,0.6964324373127478
2,S,Random forest,hit_rate,14,36,0.9444444444444444
2,S,Random forest,recall,14,36,0.7026824373127478
2,S,Random forest,hit_rate,15,36,1.0
2,S,Random forest,recall,15,36,0.7377904620041058
2,S,Random forest,hit_rate,16,36,1.0
2,S,Random forest,recall,16,36,0.7610607809341469
2,S,Random forest,hit_rate,17,36,1.0
2,S,Random forest,recall,17,36,0.7877051178215395
2,S,Random forest,hit_rate,18,36,1.0
2,S,Random forest,recall,18,36,0.8041981733770949
2,S,Random forest,hit_rate,19,36,1.0
2,S,Random forest,recall,19,36,0.8254704245615193
2,S,Random forest,hit_rate,20,36,1.0
2,S,Random forest,recall,20,36,0.8397569788296912
2,S,Random forest,hit_rate,21,36,1.0
2,S,Random forest,recall,21,36,0.8455383423010058
2,S,Random forest,hit_rate,22,36,1.0
2,S,Random forest,recall,22,36,0.8525542736735547
2,S,Random forest,hit_rate,23,36,1.0
2,S,Random forest,recall,23,36,0.8585285383794371
2,S,Random forest,hit_rate,24,36,1.0
2,S,Random forest,recall,24,36,0.863808358640875
2,S,Random forest,hit_rate,25,36,1.0
2,S,Random forest,recall,25,36,0.8867489918245637
2,S,Random forest,hit_rate,26,36,1.0
2,S,Random forest,recall,26,36,0.8955010343082238
2,S,Random forest,hit_rate,27,36,1.0
2,S,Random forest,recall,27,36,0.9016489101252172
2,S,Random forest,hit_rate,28,36,1.0
2,S,Random forest,recall,28,36,0.9067551192755441
2,S,Random forest,hit_rate,29,36,1.0
2,S,Random forest,recall,29,36,0.9160905418564733
2,S,Random forest,hit_rate,30,36,1.0
2,S,Random forest,recall,30,36,0.9227399608833432
2,S,Random forest,hit_rate,31,36,1.0
2,S,Random forest,recall,31,36,0.9386486391694725
2,S,Random forest,hit_rate,32,36,1.0
2,S,Random forest,recall,32,36,0.9401918490460157
2,S,Random forest,hit_rate,33,36,1.0
2,S,Random forest,recall,33,36,0.9401918490460157
2,S,Random forest,hit_rate,34,36,1.0
2,S,Random forest,recall,34,36,0.9444999766180323
2,S,Random forest,hit_rate,35,36,1.0
2,S,Random forest,recall,35,36,0.9522014122708566
2,S,Random forest,hit_rate,36,36,1.0
2,S,Random forest,recall,36,36,0.9566235269360269
2,S,Random forest,hit_rate,37,36,1.0
2,S,Random forest,recall,37,36,0.9591487794612795
2,S,Random forest,hit_rate,38,36,1.0
2,S,Random forest,recall,38,36,0.9642460484474373
2,S,Random forest,hit_rate,39,36,1.0
2,S,Random forest,recall,39,36,0.9685074120838011
2,S,Random forest,hit_rate,40,36,1.0
2,S,Random forest,recall,40,36,0.9725758744855967
2,S,Random forest,hit_rate,41,36,1.0
2,S,Random forest,recall,41,36,0.9725758744855967
2,S,Random forest,hit_rate,42,36,1.0
2,S,Random forest,recall,42,36,0.9743119855967078
2,S,Random forest,hit_rate,43,36,1.0
2,S,Random forest,recall,43,36,0.9751800411522633
2,S,Random forest,hit_rate,44,36,1.0
2,S,Random forest,recall,44,36,0.9788130144032922
2,S,Random forest,hit_rate,45,36,1.0
2,S,Random forest,recall,45,36,0.9788130144032922
2,S,Random forest,hit_rate,46,36,1.0
2,S,Random forest,recall,46,36,0.9796810699588477
2,S,Random forest,hit_rate,47,36,1.0
2,S,Random forest,recall,47,36,0.98070987654321
2,S,Random forest,hit_rate,48,36,1.0
2,S,Random forest,recall,48,36,0.9815779320987654
2,S,Random forest,hit_rate,49,36,1.0
2,S,Random forest,recall,49,36,0.982445987654321
2,S,Random forest,hit_rate,50,36,1.0
2,S,Random forest,recall,50,36,0.9833140432098766
2,S,Random forest,hit_rate,51,36,1.0
2,S,Random forest,recall,51,36,0.9841820987654322
2,S,Random forest,hit_rate,52,36,1.0
2,S,Random forest,recall,52,36,0.9841820987654322
2,S,Random forest,hit_rate,53,36,1.0
2,S,Random forest,recall,53,36,0.9850501543209877
2,S,Random forest,hit_rate,54,36,1.0
2,S,Random forest,recall,54,36,0.9859182098765432
2,S,Random forest,hit_rate,55,36,1.0
2,S,Random forest,recall,55,36,0.9859182098765432
2,S,Random forest,hit_rate,56,36,1.0
2,S,Random forest,recall,56,36,0.987815072016461
2,S,Random forest,hit_rate,57,36,1.0
2,S,Random forest,recall,57,36,0.9888438786008231
2,S,Random forest,hit_rate,58,36,1.0
2,S,Random forest,recall,58,36,0.9888438786008231
2,S,Random forest,hit_rate,59,36,1.0
2,S,Random forest,recall,59,36,0.9897119341563787
2,S,Random forest,hit_rate,60,36,1.0
2,S,Random forest,recall,60,36,0.9907407407407407
2,S,Random forest,hit_rate,61,36,1.0
2,S,Random forest,recall,61,36,0.9907407407407407
2,S,Random forest,hit_rate,62,36,1.0
2,S,Random forest,recall,62,36,0.9907407407407407
2,S,Random forest,hit_rate,63,36,1.0
2,S,Random forest,recall,63,36,0.9907407407407407
2,S,Random forest,hit_rate,64,36,1.0
2,S,Random forest,recall,64,36,0.9907407407407407
2,S,Random forest,hit_rate,65,36,1.0
2,S,Random forest,recall,65,36,0.9907407407407407
2,S,Random forest,hit_rate,66,36,1.0
2,S,Random forest,recall,66,36,0.9907407407407407
2,S,Random forest,hit_rate,67,36,1.0
2,S,Random forest,recall,67,36,0.9907407407407407
2,S,Random forest,hit_rate,68,36,1.0
2,S,Random forest,recall,68,36,0.9907407407407407
2,S,Random forest,hit_rate,69,36,1.0
2,S,Random forest,recall,69,36,0.9907407407407407
2,S,Random forest,hit_rate,70,36,1.0
2,S,Random forest,recall,70,36,0.9917695473251028
2,S,Random forest,hit_rate,71,36,1.0
2,S,Random forest,recall,71,36,0.9917695473251028
2,S,Random forest,hit_rate,72,36,1.0
2,S,Random forest,recall,72,36,0.992798353909465
2,S,Random forest,hit_rate,73,36,1.0
2,S,Random forest,recall,73,36,0.992798353909465
2,S,Random forest,hit_rate,74,36,1.0
2,S,Random forest,recall,74,36,0.9938271604938271
2,S,Random forest,hit_rate,75,36,1.0
2,S,Random forest,recall,75,36,0.9938271604938271
2,S,Random forest,hit_rate,76,36,1.0
2,S,Random forest,recall,76,36,0.9938271604938271
2,S,Random forest,hit_rate,77,36,1.0
2,S,Random forest,recall,77,36,0.9938271604938271
2,S,Random forest,hit_rate,78,36,1.0
2,S,Random forest,recall,78,36,0.9938271604938271
2,S,Random forest,hit_rate,79,36,1.0
2,S,Random forest,recall,79,36,0.9948559670781894
2,S,Random forest,hit_rate,80,36,1.0
2,S,Random forest,recall,80,36,0.9958847736625513
2,S,Random forest,hit_rate,81,36,1.0
2,S,Random forest,recall,81,36,0.9958847736625513
2,S,Random forest,hit_rate,82,36,1.0
2,S,Random forest,recall,82,36,0.9958847736625513
2,S,Random forest,hit_rate,83,36,1.0
2,S,Random forest,recall,83,36,0.9958847736625513
2,S,Random forest,hit_rate,84,36,1.0
2,S,Random forest,recall,84,36,0.9958847736625513
2,S,Random forest,hit_rate,85,36,1.0
2,S,Random forest,recall,85,36,0.9969135802469135
2,S,Random forest,hit_rate,86,36,1.0
2,S,Random forest,recall,86,36,0.9969135802469135
2,S,Random forest,hit_rate,87,36,1.0
2,S,Random forest,recall,87,36,0.9979423868312757
2,S,Random forest,hit_rate,88,36,1.0
2,S,Random forest,recall,88,36,0.9989711934156378
2,S,Random forest,hit_rate,89,36,1.0
2,S,Random forest,recall,89,36,0.9989711934156378
2,S,Random forest,hit_rate,90,36,1.0
2,S,Random forest,recall,90,36,1.0
2,S,Random forest,hit_rate,91,36,1.0
2,S,Random forest,recall,91,36,1.0
2,S,Random forest,hit_rate,92,36,1.0
2,S,Random forest,recall,92,36,1.0
2,S,Random forest,hit_rate,93,36,1.0
2,S,Random forest,recall,93,36,1.0
2,S,Random forest,hit_rate,94,36,1.0
2,S,Random forest,recall,94,36,1.0
2,S,Random forest,hit_rate,95,36,1.0
2,S,Random forest,recall,95,36,1.0
2,S,Random forest,hit_rate,96,36,1.0
2,S,Random forest,recall,96,36,1.0
2,S,Random forest,hit_rate,97,36,1.0
2,S,Random forest,recall,97,36,1.0
2,S,Random forest,hit_rate,98,36,1.0
2,S,Random forest,recall,98,36,1.0
2,S,Random forest,hit_rate,99,36,1.0
2,S,Random forest,recall,99,36,1.0
2,S,Random forest,hit_rate,100,36,1.0
2,S,Random forest,recall,100,36,1.0
2,S,Random forest,hit_rate,101,36,1.0
2,S,Random forest,recall,101,36,1.0
2,S,Random forest,hit_rate,102,36,1.0
2,S,Random forest,recall,102,36,1.0
2,S,Random forest,hit_rate,103,36,1.0
2,S,Random forest,recall,103,36,1.0
2,S,Random forest,hit_rate,104,36,1.0
2,S,Random forest,recall,104,36,1.0
2,S,Random forest,hit_rate,105,36,1.0
2,S,Random forest,recall,105,36,1.0
2,S,Random forest,hit_rate,106,36,1.0
2,S,Random forest,recall,106,36,1.0
2,S,Random forest,hit_rate,107,36,1.0
2,S,Random forest,recall,107,36,1.0
2,S,Random forest,hit_rate,108,36,1.0
2,S,Random forest,recall,108,36,1.0
2,S,Random forest,hit_rate,109,36,1.0
2,S,Random forest,recall,109,36,1.0
2,S,Random forest,hit_rate,110,36,1.0
2,S,Random forest,recall,110,36,1.0
2,S,Random forest,hit_rate,111,36,1.0
2,S,Random forest,recall,111,36,1.0
2,S,Random forest,hit_rate,112,36,1.0
2,S,Random forest,recall,112,36,1.0
2,S,Random forest,hit_rate,113,36,1.0
2,S,Random forest,recall,113,36,1.0
2,S,Random forest,hit_rate,114,36,1.0
2,S,Random forest,recall,114,36,1.0
2,S,Random forest,hit_rate,115,36,1.0
2,S,Random forest,recall,115,36,1.0
2,S,Random forest,hit_rate,116,36,1.0
2,S,Random forest,recall,116,36,1.0
2,S,Random forest,hit_rate,117,36,1.0
2,S,Random forest,recall,117,36,1.0
2,S,Random forest,hit_rate,118,36,1.0
2,S,Random forest,recall,118,36,1.0
2,S,Random forest,hit_rate,119,36,1.0
2,S,Random forest,recall,119,36,1.0
2,S,Random forest,hit_rate,120,36,1.0
2,S,Random forest,recall,120,36,1.0
2,S,Random forest,hit_rate,121,36,1.0
2,S,Random forest,recall,121,36,1.0
2,S,Random forest,hit_rate,122,36,1.0
2,S,Random forest,recall,122,36,1.0
2,S,Random forest,hit_rate,123,36,1.0
2,S,Random forest,recall,123,36,1.0
2,S,Random forest,hit_rate,124,36,1.0
2,S,Random forest,recall,124,36,1.0
2,S,Random forest,hit_rate,125,36,1.0
2,S,Random forest,recall,125,36,1.0
2,S,Random forest,hit_rate,126,36,1.0
2,S,Random forest,recall,126,36,1.0
2,S,Random forest,hit_rate,127,36,1.0
2,S,Random forest,recall,127,36,1.0
2,S,Random forest,hit_rate,128,36,1.0
2,S,Random forest,recall,128,36,1.0
2,S,Random forest,hit_rate,129,36,1.0
2,S,Random forest,recall,129,36,1.0
2,S,Random forest,hit_rate,130,36,1.0
2,S,Random forest,recall,130,36,1.0
2,S,Random forest,hit_rate,131,36,1.0
2,S,Random forest,recall,131,36,1.0
2,S,Random forest,hit_rate,132,36,1.0
2,S,Random forest,recall,132,36,1.0
2,S,Random forest,hit_rate,133,36,1.0
2,S,Random forest,recall,133,36,1.0
2,S,Random forest,hit_rate,134,36,1.0
2,S,Random forest,recall,134,36,1.0
2,S,Random forest,hit_rate,135,36,1.0
2,S,Random forest,recall,135,36,1.0
2,S,Random forest,hit_rate,136,36,1.0
2,S,Random forest,recall,136,36,1.0
2,S,Random forest,hit_rate,137,36,1.0
2,S,Random forest,recall,137,36,1.0
2,S,Random forest,hit_rate,138,36,1.0
2,S,Random forest,recall,138,36,1.0
2,S,Random forest,hit_rate,139,36,1.0
2,S,Random forest,recall,139,36,1.0
2,S,Random forest,hit_rate,140,36,1.0
2,S,Random forest,recall,140,36,1.0
2,S,Random forest,hit_rate,141,36,1.0
2,S,Random forest,recall,141,36,1.0
2,S,Random forest,hit_rate,142,36,1.0
2,S,Random forest,recall,142,36,1.0
2,S,Random forest,hit_rate,143,36,1.0
2,S,Random forest,recall,143,36,1.0
2,S,Random forest,hit_rate,144,36,1.0
2,S,Random forest,recall,144,36,1.0
2,S,Random forest,hit_rate,145,36,1.0
2,S,Random forest,recall,145,36,1.0
2,S,Random forest,hit_rate,146,36,1.0
2,S,Random forest,recall,146,36,1.0
2,S,Random forest,hit_rate,147,36,1.0
2,S,Random forest,recall,147,36,1.0
2,S,Random forest,hit_rate,148,36,1.0
2,S,Random forest,recall,148,36,1.0
2,S,Random forest,hit_rate,149,36,1.0
2,S,Random forest,recall,149,36,1.0
2,S,Random forest,hit_rate,150,36,1.0
2,S,Random forest,recall,150,36,1.0
2,F,UltraMS,hit_rate,5,35,0.9428571428571428
2,F,UltraMS,recall,5,35,0.5549207374649464
2,F,UltraMS,hit_rate,6,35,0.9428571428571428
2,F,UltraMS,recall,6,35,0.5954380413561998
2,F,UltraMS,hit_rate,7,35,0.9428571428571428
2,F,UltraMS,recall,7,35,0.6217032444071172
2,F,UltraMS,hit_rate,8,35,1.0
2,F,UltraMS,recall,8,35,0.6649729884048482
2,F,UltraMS,hit_rate,9,35,1.0
2,F,UltraMS,recall,9,35,0.7051967445739825
2,F,UltraMS,hit_rate,10,35,1.0
2,F,UltraMS,recall,10,35,0.725730655107893
2,F,UltraMS,hit_rate,11,35,1.0
2,F,UltraMS,recall,11,35,0.7455140045478007
2,F,UltraMS,hit_rate,12,35,1.0
2,F,UltraMS,recall,12,35,0.7684005227914618
2,F,UltraMS,hit_rate,13,35,1.0
2,F,UltraMS,recall,13,35,0.7886691330023445
2,F,UltraMS,hit_rate,14,35,1.0
2,F,UltraMS,recall,14,35,0.8170836015565646
2,F,UltraMS,hit_rate,15,35,1.0
2,F,UltraMS,recall,15,35,0.8312544090099808
2,F,UltraMS,hit_rate,16,35,1.0
2,F,UltraMS,recall,16,35,0.8397328728592885
2,F,UltraMS,hit_rate,17,35,1.0
2,F,UltraMS,recall,17,35,0.8576905283852672
2,F,UltraMS,hit_rate,18,35,1.0
2,F,UltraMS,recall,18,35,0.8777873004274174
2,F,UltraMS,hit_rate,19,35,1.0
2,F,UltraMS,recall,19,35,0.887064344578411
2,F,UltraMS,hit_rate,20,35,1.0
2,F,UltraMS,recall,20,35,0.8997015385864491
2,F,UltraMS,hit_rate,21,35,1.0
2,F,UltraMS,recall,21,35,0.9065390127065319
2,F,UltraMS,hit_rate,22,35,1.0
2,F,UltraMS,recall,22,35,0.9141047781431413
2,F,UltraMS,hit_rate,23,35,1.0
2,F,UltraMS,recall,23,35,0.9193470141679861
2,F,UltraMS,hit_rate,24,35,1.0
2,F,UltraMS,recall,24,35,0.9251924247960054
2,F,UltraMS,hit_rate,25,35,1.0
2,F,UltraMS,recall,25,35,0.9344108512970406
2,F,UltraMS,hit_rate,26,35,1.0
2,F,UltraMS,recall,26,35,0.9396530873218852
2,F,UltraMS,hit_rate,27,35,1.0
2,F,UltraMS,recall,27,35,0.9410816587504566
2,F,UltraMS,hit_rate,28,35,1.0
2,F,UltraMS,recall,28,35,0.9451810376324443
2,F,UltraMS,hit_rate,29,35,1.0
2,F,UltraMS,recall,29,35,0.9482089879430032
2,F,UltraMS,hit_rate,30,35,1.0
2,F,UltraMS,recall,30,35,0.9507804165144319
2,F,UltraMS,hit_rate,31,35,1.0
2,F,UltraMS,recall,31,35,0.9507804165144319
2,F,UltraMS,hit_rate,32,35,1.0
2,F,UltraMS,recall,32,35,0.9522089879430032
2,F,UltraMS,hit_rate,33,35,1.0
2,F,UltraMS,recall,33,35,0.9533518450858605
2,F,UltraMS,hit_rate,34,35,1.0
2,F,UltraMS,recall,34,35,0.9559232736572889
2,F,UltraMS,hit_rate,35,35,1.0
2,F,UltraMS,recall,35,35,0.9601753744976252
2,F,UltraMS,hit_rate,36,35,1.0
2,F,UltraMS,recall,36,35,0.9630982827913775
2,F,UltraMS,hit_rate,37,35,1.0
2,F,UltraMS,recall,37,35,0.9716360979174279
2,F,UltraMS,hit_rate,38,35,1.0
2,F,UltraMS,recall,38,35,0.9728783339422725
2,F,UltraMS,hit_rate,39,35,1.0
2,F,UltraMS,recall,39,35,0.9757018633540373
2,F,UltraMS,hit_rate,40,35,1.0
2,F,UltraMS,recall,40,35,0.9768447204968944
2,F,UltraMS,hit_rate,41,35,1.0
2,F,UltraMS,recall,41,35,0.9794161490683231
2,F,UltraMS,hit_rate,42,35,1.0
2,F,UltraMS,recall,42,35,0.9818012422360248
2,F,UltraMS,hit_rate,43,35,1.0
2,F,UltraMS,recall,43,35,0.9841863354037267
2,F,UltraMS,hit_rate,44,35,1.0
2,F,UltraMS,recall,44,35,0.9853291925465839
2,F,UltraMS,hit_rate,45,35,1.0
2,F,UltraMS,recall,45,35,0.9879006211180125
2,F,UltraMS,hit_rate,46,35,1.0
2,F,UltraMS,recall,46,35,0.9879006211180125
2,F,UltraMS,hit_rate,47,35,1.0
2,F,UltraMS,recall,47,35,0.9890434782608696
2,F,UltraMS,hit_rate,48,35,1.0
2,F,UltraMS,recall,48,35,0.9928571428571429
2,F,UltraMS,hit_rate,49,35,1.0
2,F,UltraMS,recall,49,35,0.9928571428571429
2,F,UltraMS,hit_rate,50,35,1.0
2,F,UltraMS,recall,50,35,0.9942857142857142
2,F,UltraMS,hit_rate,51,35,1.0
2,F,UltraMS,recall,51,35,0.9942857142857142
2,F,UltraMS,hit_rate,52,35,1.0
2,F,UltraMS,recall,52,35,0.9942857142857142
2,F,UltraMS,hit_rate,53,35,1.0
2,F,UltraMS,recall,53,35,0.9957142857142858
2,F,UltraMS,hit_rate,54,35,1.0
2,F,UltraMS,recall,54,35,0.9957142857142858
2,F,UltraMS,hit_rate,55,35,1.0
2,F,UltraMS,recall,55,35,0.9957142857142858
2,F,UltraMS,hit_rate,56,35,1.0
2,F,UltraMS,recall,56,35,0.9971428571428571
2,F,UltraMS,hit_rate,57,35,1.0
2,F,UltraMS,recall,57,35,0.9971428571428571
2,F,UltraMS,hit_rate,58,35,1.0
2,F,UltraMS,recall,58,35,0.9971428571428571
2,F,UltraMS,hit_rate,59,35,1.0
2,F,UltraMS,recall,59,35,0.9971428571428571
2,F,UltraMS,hit_rate,60,35,1.0
2,F,UltraMS,recall,60,35,0.9971428571428571
2,F,UltraMS,hit_rate,61,35,1.0
2,F,UltraMS,recall,61,35,0.9971428571428571
2,F,UltraMS,hit_rate,62,35,1.0
2,F,UltraMS,recall,62,35,0.9985714285714287
2,F,UltraMS,hit_rate,63,35,1.0
2,F,UltraMS,recall,63,35,0.9985714285714287
2,F,UltraMS,hit_rate,64,35,1.0
2,F,UltraMS,recall,64,35,0.9985714285714287
2,F,UltraMS,hit_rate,65,35,1.0
2,F,UltraMS,recall,65,35,0.9985714285714287
2,F,UltraMS,hit_rate,66,35,1.0
2,F,UltraMS,recall,66,35,0.9985714285714287
2,F,UltraMS,hit_rate,67,35,1.0
2,F,UltraMS,recall,67,35,0.9985714285714287
2,F,UltraMS,hit_rate,68,35,1.0
2,F,UltraMS,recall,68,35,0.9985714285714287
2,F,UltraMS,hit_rate,69,35,1.0
2,F,UltraMS,recall,69,35,0.9985714285714287
2,F,UltraMS,hit_rate,70,35,1.0
2,F,UltraMS,recall,70,35,0.9985714285714287
2,F,UltraMS,hit_rate,71,35,1.0
2,F,UltraMS,recall,71,35,1.0
2,F,UltraMS,hit_rate,72,35,1.0
2,F,UltraMS,recall,72,35,1.0
2,F,UltraMS,hit_rate,73,35,1.0
2,F,UltraMS,recall,73,35,1.0
2,F,UltraMS,hit_rate,74,35,1.0
2,F,UltraMS,recall,74,35,1.0
2,F,UltraMS,hit_rate,75,35,1.0
2,F,UltraMS,recall,75,35,1.0
2,F,UltraMS,hit_rate,76,35,1.0
2,F,UltraMS,recall,76,35,1.0
2,F,UltraMS,hit_rate,77,35,1.0
2,F,UltraMS,recall,77,35,1.0
2,F,UltraMS,hit_rate,78,35,1.0
2,F,UltraMS,recall,78,35,1.0
2,F,UltraMS,hit_rate,79,35,1.0
2,F,UltraMS,recall,79,35,1.0
2,F,UltraMS,hit_rate,80,35,1.0
2,F,UltraMS,recall,80,35,1.0
2,F,UltraMS,hit_rate,81,35,1.0
2,F,UltraMS,recall,81,35,1.0
2,F,UltraMS,hit_rate,82,35,1.0
2,F,UltraMS,recall,82,35,1.0
2,F,UltraMS,hit_rate,83,35,1.0
2,F,UltraMS,recall,83,35,1.0
2,F,UltraMS,hit_rate,84,35,1.0
2,F,UltraMS,recall,84,35,1.0
2,F,UltraMS,hit_rate,85,35,1.0
2,F,UltraMS,recall,85,35,1.0
2,F,UltraMS,hit_rate,86,35,1.0
2,F,UltraMS,recall,86,35,1.0
2,F,UltraMS,hit_rate,87,35,1.0
2,F,UltraMS,recall,87,35,1.0
2,F,UltraMS,hit_rate,88,35,1.0
2,F,UltraMS,recall,88,35,1.0
2,F,UltraMS,hit_rate,89,35,1.0
2,F,UltraMS,recall,89,35,1.0
2,F,UltraMS,hit_rate,90,35,1.0
2,F,UltraMS,recall,90,35,1.0
2,F,UltraMS,hit_rate,91,35,1.0
2,F,UltraMS,recall,91,35,1.0
2,F,UltraMS,hit_rate,92,35,1.0
2,F,UltraMS,recall,92,35,1.0
2,F,UltraMS,hit_rate,93,35,1.0
2,F,UltraMS,recall,93,35,1.0
2,F,UltraMS,hit_rate,94,35,1.0
2,F,UltraMS,recall,94,35,1.0
2,F,UltraMS,hit_rate,95,35,1.0
2,F,UltraMS,recall,95,35,1.0
2,F,UltraMS,hit_rate,96,35,1.0
2,F,UltraMS,recall,96,35,1.0
2,F,UltraMS,hit_rate,97,35,1.0
2,F,UltraMS,recall,97,35,1.0
2,F,UltraMS,hit_rate,98,35,1.0
2,F,UltraMS,recall,98,35,1.0
2,F,UltraMS,hit_rate,99,35,1.0
2,F,UltraMS,recall,99,35,1.0
2,F,UltraMS,hit_rate,100,35,1.0
2,F,UltraMS,recall,100,35,1.0
2,F,UltraMS,hit_rate,101,35,1.0
2,F,UltraMS,recall,101,35,1.0
2,F,UltraMS,hit_rate,102,35,1.0
2,F,UltraMS,recall,102,35,1.0
2,F,UltraMS,hit_rate,103,35,1.0
2,F,UltraMS,recall,103,35,1.0
2,F,UltraMS,hit_rate,104,35,1.0
2,F,UltraMS,recall,104,35,1.0
2,F,UltraMS,hit_rate,105,35,1.0
2,F,UltraMS,recall,105,35,1.0
2,F,UltraMS,hit_rate,106,35,1.0
2,F,UltraMS,recall,106,35,1.0
2,F,UltraMS,hit_rate,107,35,1.0
2,F,UltraMS,recall,107,35,1.0
2,F,UltraMS,hit_rate,108,35,1.0
2,F,UltraMS,recall,108,35,1.0
2,F,UltraMS,hit_rate,109,35,1.0
2,F,UltraMS,recall,109,35,1.0
2,F,UltraMS,hit_rate,110,35,1.0
2,F,UltraMS,recall,110,35,1.0
2,F,UltraMS,hit_rate,111,35,1.0
2,F,UltraMS,recall,111,35,1.0
2,F,UltraMS,hit_rate,112,35,1.0
2,F,UltraMS,recall,112,35,1.0
2,F,UltraMS,hit_rate,113,35,1.0
2,F,UltraMS,recall,113,35,1.0
2,F,UltraMS,hit_rate,114,35,1.0
2,F,UltraMS,recall,114,35,1.0
2,F,UltraMS,hit_rate,115,35,1.0
2,F,UltraMS,recall,115,35,1.0
2,F,UltraMS,hit_rate,116,35,1.0
2,F,UltraMS,recall,116,35,1.0
2,F,UltraMS,hit_rate,117,35,1.0
2,F,UltraMS,recall,117,35,1.0
2,F,UltraMS,hit_rate,118,35,1.0
2,F,UltraMS,recall,118,35,1.0
2,F,UltraMS,hit_rate,119,35,1.0
2,F,UltraMS,recall,119,35,1.0
2,F,UltraMS,hit_rate,120,35,1.0
2,F,UltraMS,recall,120,35,1.0
2,F,UltraMS,hit_rate,121,35,1.0
2,F,UltraMS,recall,121,35,1.0
2,F,UltraMS,hit_rate,122,35,1.0
2,F,UltraMS,recall,122,35,1.0
2,F,UltraMS,hit_rate,123,35,1.0
2,F,UltraMS,recall,123,35,1.0
2,F,UltraMS,hit_rate,124,35,1.0
2,F,UltraMS,recall,124,35,1.0
2,F,UltraMS,hit_rate,125,35,1.0
2,F,UltraMS,recall,125,35,1.0
2,F,UltraMS,hit_rate,126,35,1.0
2,F,UltraMS,recall,126,35,1.0
2,F,UltraMS,hit_rate,127,35,1.0
2,F,UltraMS,recall,127,35,1.0
2,F,UltraMS,hit_rate,128,35,1.0
2,F,UltraMS,recall,128,35,1.0
2,F,UltraMS,hit_rate,129,35,1.0
2,F,UltraMS,recall,129,35,1.0
2,F,UltraMS,hit_rate,130,35,1.0
2,F,UltraMS,recall,130,35,1.0
2,F,UltraMS,hit_rate,131,35,1.0
2,F,UltraMS,recall,131,35,1.0
2,F,UltraMS,hit_rate,132,35,1.0
2,F,UltraMS,recall,132,35,1.0
2,F,UltraMS,hit_rate,133,35,1.0
2,F,UltraMS,recall,133,35,1.0
2,F,UltraMS,hit_rate,134,35,1.0
2,F,UltraMS,recall,134,35,1.0
2,F,UltraMS,hit_rate,135,35,1.0
2,F,UltraMS,recall,135,35,1.0
2,F,UltraMS,hit_rate,136,35,1.0
2,F,UltraMS,recall,136,35,1.0
2,F,UltraMS,hit_rate,137,35,1.0
2,F,UltraMS,recall,137,35,1.0
2,F,UltraMS,hit_rate,138,35,1.0
2,F,UltraMS,recall,138,35,1.0
2,F,UltraMS,hit_rate,139,35,1.0
2,F,UltraMS,recall,139,35,1.0
2,F,UltraMS,hit_rate,140,35,1.0
2,F,UltraMS,recall,140,35,1.0
2,F,UltraMS,hit_rate,141,35,1.0
2,F,UltraMS,recall,141,35,1.0
2,F,UltraMS,hit_rate,142,35,1.0
2,F,UltraMS,recall,142,35,1.0
2,F,UltraMS,hit_rate,143,35,1.0
2,F,UltraMS,recall,143,35,1.0
2,F,UltraMS,hit_rate,144,35,1.0
2,F,UltraMS,recall,144,35,1.0
2,F,UltraMS,hit_rate,145,35,1.0
2,F,UltraMS,recall,145,35,1.0
2,F,UltraMS,hit_rate,146,35,1.0
2,F,UltraMS,recall,146,35,1.0
2,F,UltraMS,hit_rate,147,35,1.0
2,F,UltraMS,recall,147,35,1.0
2,F,UltraMS,hit_rate,148,35,1.0
2,F,UltraMS,recall,148,35,1.0
2,F,UltraMS,hit_rate,149,35,1.0
2,F,UltraMS,recall,149,35,1.0
2,F,UltraMS,hit_rate,150,35,1.0
2,F,UltraMS,recall,150,35,1.0
2,F,DreaMS,hit_rate,5,35,0.7428571428571429
2,F,DreaMS,recall,5,35,0.36215911819273156
2,F,DreaMS,hit_rate,6,35,0.8
2,F,DreaMS,recall,6,35,0.4372384832720967
2,F,DreaMS,hit_rate,7,35,0.8571428571428571
2,F,DreaMS,recall,7,35,0.4723143497188073
2,F,DreaMS,hit_rate,8,35,0.8571428571428571
2,F,DreaMS,recall,8,35,0.49647144865851484
2,F,DreaMS,hit_rate,9,35,0.8571428571428571
2,F,DreaMS,recall,9,35,0.5335223659951464
2,F,DreaMS,hit_rate,10,35,0.9142857142857143
2,F,DreaMS,recall,10,35,0.5731792287402444
2,F,DreaMS,hit_rate,11,35,0.9142857142857143
2,F,DreaMS,recall,11,35,0.5917203421553074
2,F,DreaMS,hit_rate,12,35,0.9142857142857143
2,F,DreaMS,recall,12,35,0.6110641766588057
2,F,DreaMS,hit_rate,13,35,0.9142857142857143
2,F,DreaMS,recall,13,35,0.6345803467632113
2,F,DreaMS,hit_rate,14,35,0.9142857142857143
2,F,DreaMS,recall,14,35,0.6475390330045062
2,F,DreaMS,hit_rate,15,35,0.9142857142857143
2,F,DreaMS,recall,15,35,0.6631157361495322
2,F,DreaMS,hit_rate,16,35,0.9142857142857143
2,F,DreaMS,recall,16,35,0.6775189699068033
2,F,DreaMS,hit_rate,17,35,0.9428571428571428
2,F,DreaMS,recall,17,35,0.6981096786540703
2,F,DreaMS,hit_rate,18,35,0.9428571428571428
2,F,DreaMS,recall,18,35,0.7149165405292551
2,F,DreaMS,hit_rate,19,35,1.0
2,F,DreaMS,recall,19,35,0.7450873479826713
2,F,DreaMS,hit_rate,20,35,1.0
2,F,DreaMS,recall,20,35,0.7695075885426634
2,F,DreaMS,hit_rate,21,35,1.0
2,F,DreaMS,recall,21,35,0.7943722735471
2,F,DreaMS,hit_rate,22,35,1.0
2,F,DreaMS,recall,22,35,0.8111039662241708
2,F,DreaMS,hit_rate,23,35,1.0
2,F,DreaMS,recall,23,35,0.8252479571538761
2,F,DreaMS,hit_rate,24,35,1.0
2,F,DreaMS,recall,24,35,0.8530654174713364
2,F,DreaMS,hit_rate,25,35,1.0
2,F,DreaMS,recall,25,35,0.8690865650608068
2,F,DreaMS,hit_rate,26,35,1.0
2,F,DreaMS,recall,26,35,0.8860600936026585
2,F,DreaMS,hit_rate,27,35,1.0
2,F,DreaMS,recall,27,35,0.8948533500356664
2,F,DreaMS,hit_rate,28,35,1.0
2,F,DreaMS,recall,28,35,0.9113170746559494
2,F,DreaMS,hit_rate,29,35,1.0
2,F,DreaMS,recall,29,35,0.922216173425892
2,F,DreaMS,hit_rate,30,35,1.0
2,F,DreaMS,recall,30,35,0.9328295579101207
2,F,DreaMS,hit_rate,31,35,1.0
2,F,DreaMS,recall,31,35,0.9360438436244063
2,F,DreaMS,hit_rate,32,35,1.0
2,F,DreaMS,recall,32,35,0.9448673730361711
2,F,DreaMS,hit_rate,33,35,1.0
2,F,DreaMS,recall,33,35,0.947538180489587
2,F,DreaMS,hit_rate,34,35,1.0
2,F,DreaMS,recall,34,35,0.9492188527584947
2,F,DreaMS,hit_rate,35,35,1.0
2,F,DreaMS,recall,35,35,0.9516039459261965
2,F,DreaMS,hit_rate,36,35,1.0
2,F,DreaMS,recall,36,35,0.9542747533796128
2,F,DreaMS,hit_rate,37,35,1.0
2,F,DreaMS,recall,37,35,0.9554176105224699
2,F,DreaMS,hit_rate,38,35,1.0
2,F,DreaMS,recall,38,35,0.9582411399342347
2,F,DreaMS,hit_rate,39,35,1.0
2,F,DreaMS,recall,39,35,0.9683069053708441
2,F,DreaMS,hit_rate,40,35,1.0
2,F,DreaMS,recall,40,35,0.9699875776397515
2,F,DreaMS,hit_rate,41,35,1.0
2,F,DreaMS,recall,41,35,0.97255900621118
2,F,DreaMS,hit_rate,42,35,1.0
2,F,DreaMS,recall,42,35,0.9737018633540373
2,F,DreaMS,hit_rate,43,35,1.0
2,F,DreaMS,recall,43,35,0.9775155279503106
2,F,DreaMS,hit_rate,44,35,1.0
2,F,DreaMS,recall,44,35,0.9775155279503106
2,F,DreaMS,hit_rate,45,35,1.0
2,F,DreaMS,recall,45,35,0.9786583850931677
2,F,DreaMS,hit_rate,46,35,1.0
2,F,DreaMS,recall,46,35,0.9798012422360248
2,F,DreaMS,hit_rate,47,35,1.0
2,F,DreaMS,recall,47,35,0.9809440993788819
2,F,DreaMS,hit_rate,48,35,1.0
2,F,DreaMS,recall,48,35,0.9833291925465838
2,F,DreaMS,hit_rate,49,35,1.0
2,F,DreaMS,recall,49,35,0.984472049689441
2,F,DreaMS,hit_rate,50,35,1.0
2,F,DreaMS,recall,50,35,0.9857142857142858
2,F,DreaMS,hit_rate,51,35,1.0
2,F,DreaMS,recall,51,35,0.9857142857142858
2,F,DreaMS,hit_rate,52,35,1.0
2,F,DreaMS,recall,52,35,0.9871428571428571
2,F,DreaMS,hit_rate,53,35,1.0
2,F,DreaMS,recall,53,35,0.9871428571428571
2,F,DreaMS,hit_rate,54,35,1.0
2,F,DreaMS,recall,54,35,0.9885714285714287
2,F,DreaMS,hit_rate,55,35,1.0
2,F,DreaMS,recall,55,35,0.9885714285714287
2,F,DreaMS,hit_rate,56,35,1.0
2,F,DreaMS,recall,56,35,0.9885714285714287
2,F,DreaMS,hit_rate,57,35,1.0
2,F,DreaMS,recall,57,35,0.9885714285714287
2,F,DreaMS,hit_rate,58,35,1.0
2,F,DreaMS,recall,58,35,0.9885714285714287
2,F,DreaMS,hit_rate,59,35,1.0
2,F,DreaMS,recall,59,35,0.9885714285714287
2,F,DreaMS,hit_rate,60,35,1.0
2,F,DreaMS,recall,60,35,0.9885714285714287
2,F,DreaMS,hit_rate,61,35,1.0
2,F,DreaMS,recall,61,35,0.9885714285714287
2,F,DreaMS,hit_rate,62,35,1.0
2,F,DreaMS,recall,62,35,0.9885714285714287
2,F,DreaMS,hit_rate,63,35,1.0
2,F,DreaMS,recall,63,35,0.99
2,F,DreaMS,hit_rate,64,35,1.0
2,F,DreaMS,recall,64,35,0.99
2,F,DreaMS,hit_rate,65,35,1.0
2,F,DreaMS,recall,65,35,0.99
2,F,DreaMS,hit_rate,66,35,1.0
2,F,DreaMS,recall,66,35,0.99
2,F,DreaMS,hit_rate,67,35,1.0
2,F,DreaMS,recall,67,35,0.99
2,F,DreaMS,hit_rate,68,35,1.0
2,F,DreaMS,recall,68,35,0.99
2,F,DreaMS,hit_rate,69,35,1.0
2,F,DreaMS,recall,69,35,0.99
2,F,DreaMS,hit_rate,70,35,1.0
2,F,DreaMS,recall,70,35,0.9914285714285715
2,F,DreaMS,hit_rate,71,35,1.0
2,F,DreaMS,recall,71,35,0.9914285714285715
2,F,DreaMS,hit_rate,72,35,1.0
2,F,DreaMS,recall,72,35,0.9914285714285715
2,F,DreaMS,hit_rate,73,35,1.0
2,F,DreaMS,recall,73,35,0.9914285714285715
2,F,DreaMS,hit_rate,74,35,1.0
2,F,DreaMS,recall,74,35,0.9914285714285715
2,F,DreaMS,hit_rate,75,35,1.0
2,F,DreaMS,recall,75,35,0.9914285714285715
2,F,DreaMS,hit_rate,76,35,1.0
2,F,DreaMS,recall,76,35,0.9928571428571429
2,F,DreaMS,hit_rate,77,35,1.0
2,F,DreaMS,recall,77,35,0.9928571428571429
2,F,DreaMS,hit_rate,78,35,1.0
2,F,DreaMS,recall,78,35,0.9942857142857142
2,F,DreaMS,hit_rate,79,35,1.0
2,F,DreaMS,recall,79,35,0.9942857142857142
2,F,DreaMS,hit_rate,80,35,1.0
2,F,DreaMS,recall,80,35,0.9957142857142858
2,F,DreaMS,hit_rate,81,35,1.0
2,F,DreaMS,recall,81,35,0.9957142857142858
2,F,DreaMS,hit_rate,82,35,1.0
2,F,DreaMS,recall,82,35,0.9971428571428571
2,F,DreaMS,hit_rate,83,35,1.0
2,F,DreaMS,recall,83,35,0.9971428571428571
2,F,DreaMS,hit_rate,84,35,1.0
2,F,DreaMS,recall,84,35,0.9971428571428571
2,F,DreaMS,hit_rate,85,35,1.0
2,F,DreaMS,recall,85,35,0.9971428571428571
2,F,DreaMS,hit_rate,86,35,1.0
2,F,DreaMS,recall,86,35,0.9971428571428571
2,F,DreaMS,hit_rate,87,35,1.0
2,F,DreaMS,recall,87,35,0.9971428571428571
2,F,DreaMS,hit_rate,88,35,1.0
2,F,DreaMS,recall,88,35,0.9971428571428571
2,F,DreaMS,hit_rate,89,35,1.0
2,F,DreaMS,recall,89,35,0.9985714285714287
2,F,DreaMS,hit_rate,90,35,1.0
2,F,DreaMS,recall,90,35,0.9985714285714287
2,F,DreaMS,hit_rate,91,35,1.0
2,F,DreaMS,recall,91,35,1.0
2,F,DreaMS,hit_rate,92,35,1.0
2,F,DreaMS,recall,92,35,1.0
2,F,DreaMS,hit_rate,93,35,1.0
2,F,DreaMS,recall,93,35,1.0
2,F,DreaMS,hit_rate,94,35,1.0
2,F,DreaMS,recall,94,35,1.0
2,F,DreaMS,hit_rate,95,35,1.0
2,F,DreaMS,recall,95,35,1.0
2,F,DreaMS,hit_rate,96,35,1.0
2,F,DreaMS,recall,96,35,1.0
2,F,DreaMS,hit_rate,97,35,1.0
2,F,DreaMS,recall,97,35,1.0
2,F,DreaMS,hit_rate,98,35,1.0
2,F,DreaMS,recall,98,35,1.0
2,F,DreaMS,hit_rate,99,35,1.0
2,F,DreaMS,recall,99,35,1.0
2,F,DreaMS,hit_rate,100,35,1.0
2,F,DreaMS,recall,100,35,1.0
2,F,DreaMS,hit_rate,101,35,1.0
2,F,DreaMS,recall,101,35,1.0
2,F,DreaMS,hit_rate,102,35,1.0
2,F,DreaMS,recall,102,35,1.0
2,F,DreaMS,hit_rate,103,35,1.0
2,F,DreaMS,recall,103,35,1.0
2,F,DreaMS,hit_rate,104,35,1.0
2,F,DreaMS,recall,104,35,1.0
2,F,DreaMS,hit_rate,105,35,1.0
2,F,DreaMS,recall,105,35,1.0
2,F,DreaMS,hit_rate,106,35,1.0
2,F,DreaMS,recall,106,35,1.0
2,F,DreaMS,hit_rate,107,35,1.0
2,F,DreaMS,recall,107,35,1.0
2,F,DreaMS,hit_rate,108,35,1.0
2,F,DreaMS,recall,108,35,1.0
2,F,DreaMS,hit_rate,109,35,1.0
2,F,DreaMS,recall,109,35,1.0
2,F,DreaMS,hit_rate,110,35,1.0
2,F,DreaMS,recall,110,35,1.0
2,F,DreaMS,hit_rate,111,35,1.0
2,F,DreaMS,recall,111,35,1.0
2,F,DreaMS,hit_rate,112,35,1.0
2,F,DreaMS,recall,112,35,1.0
2,F,DreaMS,hit_rate,113,35,1.0
2,F,DreaMS,recall,113,35,1.0
2,F,DreaMS,hit_rate,114,35,1.0
2,F,DreaMS,recall,114,35,1.0
2,F,DreaMS,hit_rate,115,35,1.0
2,F,DreaMS,recall,115,35,1.0
2,F,DreaMS,hit_rate,116,35,1.0
2,F,DreaMS,recall,116,35,1.0
2,F,DreaMS,hit_rate,117,35,1.0
2,F,DreaMS,recall,117,35,1.0
2,F,DreaMS,hit_rate,118,35,1.0
2,F,DreaMS,recall,118,35,1.0
2,F,DreaMS,hit_rate,119,35,1.0
2,F,DreaMS,recall,119,35,1.0
2,F,DreaMS,hit_rate,120,35,1.0
2,F,DreaMS,recall,120,35,1.0
2,F,DreaMS,hit_rate,121,35,1.0
2,F,DreaMS,recall,121,35,1.0
2,F,DreaMS,hit_rate,122,35,1.0
2,F,DreaMS,recall,122,35,1.0
2,F,DreaMS,hit_rate,123,35,1.0
2,F,DreaMS,recall,123,35,1.0
2,F,DreaMS,hit_rate,124,35,1.0
2,F,DreaMS,recall,124,35,1.0
2,F,DreaMS,hit_rate,125,35,1.0
2,F,DreaMS,recall,125,35,1.0
2,F,DreaMS,hit_rate,126,35,1.0
2,F,DreaMS,recall,126,35,1.0
2,F,DreaMS,hit_rate,127,35,1.0
2,F,DreaMS,recall,127,35,1.0
2,F,DreaMS,hit_rate,128,35,1.0
2,F,DreaMS,recall,128,35,1.0
2,F,DreaMS,hit_rate,129,35,1.0
2,F,DreaMS,recall,129,35,1.0
2,F,DreaMS,hit_rate,130,35,1.0
2,F,DreaMS,recall,130,35,1.0
2,F,DreaMS,hit_rate,131,35,1.0
2,F,DreaMS,recall,131,35,1.0
2,F,DreaMS,hit_rate,132,35,1.0
2,F,DreaMS,recall,132,35,1.0
2,F,DreaMS,hit_rate,133,35,1.0
2,F,DreaMS,recall,133,35,1.0
2,F,DreaMS,hit_rate,134,35,1.0
2,F,DreaMS,recall,134,35,1.0
2,F,DreaMS,hit_rate,135,35,1.0
2,F,DreaMS,recall,135,35,1.0
2,F,DreaMS,hit_rate,136,35,1.0
2,F,DreaMS,recall,136,35,1.0
2,F,DreaMS,hit_rate,137,35,1.0
2,F,DreaMS,recall,137,35,1.0
2,F,DreaMS,hit_rate,138,35,1.0
2,F,DreaMS,recall,138,35,1.0
2,F,DreaMS,hit_rate,139,35,1.0
2,F,DreaMS,recall,139,35,1.0
2,F,DreaMS,hit_rate,140,35,1.0
2,F,DreaMS,recall,140,35,1.0
2,F,DreaMS,hit_rate,141,35,1.0
2,F,DreaMS,recall,141,35,1.0
2,F,DreaMS,hit_rate,142,35,1.0
2,F,DreaMS,recall,142,35,1.0
2,F,DreaMS,hit_rate,143,35,1.0
2,F,DreaMS,recall,143,35,1.0
2,F,DreaMS,hit_rate,144,35,1.0
2,F,DreaMS,recall,144,35,1.0
2,F,DreaMS,hit_rate,145,35,1.0
2,F,DreaMS,recall,145,35,1.0
2,F,DreaMS,hit_rate,146,35,1.0
2,F,DreaMS,recall,146,35,1.0
2,F,DreaMS,hit_rate,147,35,1.0
2,F,DreaMS,recall,147,35,1.0
2,F,DreaMS,hit_rate,148,35,1.0
2,F,DreaMS,recall,148,35,1.0
2,F,DreaMS,hit_rate,149,35,1.0
2,F,DreaMS,recall,149,35,1.0
2,F,DreaMS,hit_rate,150,35,1.0
2,F,DreaMS,recall,150,35,1.0
2,F,Linear SVM,hit_rate,5,35,0.9428571428571428
2,F,Linear SVM,recall,5,35,0.4739180275535775
2,F,Linear SVM,hit_rate,6,35,0.9714285714285714
2,F,Linear SVM,recall,6,35,0.5536170766066638
2,F,Linear SVM,hit_rate,7,35,0.9714285714285714
2,F,Linear SVM,recall,7,35,0.5809805247527207
2,F,Linear SVM,hit_rate,8,35,0.9714285714285714
2,F,Linear SVM,recall,8,35,0.6032734419195873
2,F,Linear SVM,hit_rate,9,35,0.9714285714285714
2,F,Linear SVM,recall,9,35,0.6176615971816922
2,F,Linear SVM,hit_rate,10,35,0.9714285714285714
2,F,Linear SVM,recall,10,35,0.6616860430601753
2,F,Linear SVM,hit_rate,11,35,0.9714285714285714
2,F,Linear SVM,recall,11,35,0.6739383800951212
2,F,Linear SVM,hit_rate,12,35,0.9714285714285714
2,F,Linear SVM,recall,12,35,0.7082988212412765
2,F,Linear SVM,hit_rate,13,35,1.0
2,F,Linear SVM,recall,13,35,0.7461869765033813
2,F,Linear SVM,hit_rate,14,35,1.0
2,F,Linear SVM,recall,14,35,0.7590534867438412
2,F,Linear SVM,hit_rate,15,35,1.0
2,F,Linear SVM,recall,15,35,0.776920730611085
2,F,Linear SVM,hit_rate,16,35,1.0
2,F,Linear SVM,recall,16,35,0.7878198293810279
2,F,Linear SVM,hit_rate,17,35,1.0
2,F,Linear SVM,recall,17,35,0.8043447726916854
2,F,Linear SVM,hit_rate,18,35,1.0
2,F,Linear SVM,recall,18,35,0.8214237434104077
2,F,Linear SVM,hit_rate,19,35,1.0
2,F,Linear SVM,recall,19,35,0.8364865018471156
2,F,Linear SVM,hit_rate,20,35,1.0
2,F,Linear SVM,recall,20,35,0.860146365792694
2,F,Linear SVM,hit_rate,21,35,1.0
2,F,Linear SVM,recall,21,35,0.8686539079399876
2,F,Linear SVM,hit_rate,22,35,1.0
2,F,Linear SVM,recall,22,35,0.8750427968288765
2,F,Linear SVM,hit_rate,23,35,1.0
2,F,Linear SVM,recall,23,35,0.8888387151962235
2,F,Linear SVM,hit_rate,24,35,1.0
2,F,Linear SVM,recall,24,35,0.9003984115385283
2,F,Linear SVM,hit_rate,25,35,1.0
2,F,Linear SVM,recall,25,35,0.9076784626894234
2,F,Linear SVM,hit_rate,26,35,1.0
2,F,Linear SVM,recall,26,35,0.9153632757450806
2,F,Linear SVM,hit_rate,27,35,1.0
2,F,Linear SVM,recall,27,35,0.9262317622701255
2,F,Linear SVM,hit_rate,28,35,1.0
2,F,Linear SVM,recall,28,35,0.9327120935330653
2,F,Linear SVM,hit_rate,29,35,1.0
2,F,Linear SVM,recall,29,35,0.9403352819388626
2,F,Linear SVM,hit_rate,30,35,1.0
2,F,Linear SVM,recall,30,35,0.9526629521373767
2,F,Linear SVM,hit_rate,31,35,1.0
2,F,Linear SVM,recall,31,35,0.9642287175739861
2,F,Linear SVM,hit_rate,32,35,1.0
2,F,Linear SVM,recall,32,35,0.9666138107416881
2,F,Linear SVM,hit_rate,33,35,1.0
2,F,Linear SVM,recall,33,35,0.9666138107416881
2,F,Linear SVM,hit_rate,34,35,1.0
2,F,Linear SVM,recall,34,35,0.9666138107416881
2,F,Linear SVM,hit_rate,35,35,1.0
2,F,Linear SVM,recall,35,35,0.9709652904640117
2,F,Linear SVM,hit_rate,36,35,1.0
2,F,Linear SVM,recall,36,35,0.9735367190354404
2,F,Linear SVM,hit_rate,37,35,1.0
2,F,Linear SVM,recall,37,35,0.9735367190354404
2,F,Linear SVM,hit_rate,38,35,1.0
2,F,Linear SVM,recall,38,35,0.9759218122031421
2,F,Linear SVM,hit_rate,39,35,1.0
2,F,Linear SVM,recall,39,35,0.9784932407745706
2,F,Linear SVM,hit_rate,40,35,1.0
2,F,Linear SVM,recall,40,35,0.9801739130434782
2,F,Linear SVM,hit_rate,41,35,1.0
2,F,Linear SVM,recall,41,35,0.9801739130434782
2,F,Linear SVM,hit_rate,42,35,1.0
2,F,Linear SVM,recall,42,35,0.9828447204968944
2,F,Linear SVM,hit_rate,43,35,1.0
2,F,Linear SVM,recall,43,35,0.9839875776397515
2,F,Linear SVM,hit_rate,44,35,1.0
2,F,Linear SVM,recall,44,35,0.9839875776397515
2,F,Linear SVM,hit_rate,45,35,1.0
2,F,Linear SVM,recall,45,35,0.9839875776397515
2,F,Linear SVM,hit_rate,46,35,1.0
2,F,Linear SVM,recall,46,35,0.9852298136645962
2,F,Linear SVM,hit_rate,47,35,1.0
2,F,Linear SVM,recall,47,35,0.9878012422360248
2,F,Linear SVM,hit_rate,48,35,1.0
2,F,Linear SVM,recall,48,35,0.9903726708074534
2,F,Linear SVM,hit_rate,49,35,1.0
2,F,Linear SVM,recall,49,35,0.9916149068322982
2,F,Linear SVM,hit_rate,50,35,1.0
2,F,Linear SVM,recall,50,35,0.9928571428571429
2,F,Linear SVM,hit_rate,51,35,1.0
2,F,Linear SVM,recall,51,35,0.9942857142857142
2,F,Linear SVM,hit_rate,52,35,1.0
2,F,Linear SVM,recall,52,35,0.9942857142857142
2,F,Linear SVM,hit_rate,53,35,1.0
2,F,Linear SVM,recall,53,35,0.9942857142857142
2,F,Linear SVM,hit_rate,54,35,1.0
2,F,Linear SVM,recall,54,35,0.9942857142857142
2,F,Linear SVM,hit_rate,55,35,1.0
2,F,Linear SVM,recall,55,35,0.9942857142857142
2,F,Linear SVM,hit_rate,56,35,1.0
2,F,Linear SVM,recall,56,35,0.9942857142857142
2,F,Linear SVM,hit_rate,57,35,1.0
2,F,Linear SVM,recall,57,35,0.9942857142857142
2,F,Linear SVM,hit_rate,58,35,1.0
2,F,Linear SVM,recall,58,35,0.9942857142857142
2,F,Linear SVM,hit_rate,59,35,1.0
2,F,Linear SVM,recall,59,35,0.9942857142857142
2,F,Linear SVM,hit_rate,60,35,1.0
2,F,Linear SVM,recall,60,35,0.9942857142857142
2,F,Linear SVM,hit_rate,61,35,1.0
2,F,Linear SVM,recall,61,35,0.9942857142857142
2,F,Linear SVM,hit_rate,62,35,1.0
2,F,Linear SVM,recall,62,35,0.9942857142857142
2,F,Linear SVM,hit_rate,63,35,1.0
2,F,Linear SVM,recall,63,35,0.9942857142857142
2,F,Linear SVM,hit_rate,64,35,1.0
2,F,Linear SVM,recall,64,35,0.9942857142857142
2,F,Linear SVM,hit_rate,65,35,1.0
2,F,Linear SVM,recall,65,35,0.9942857142857142
2,F,Linear SVM,hit_rate,66,35,1.0
2,F,Linear SVM,recall,66,35,0.9957142857142858
2,F,Linear SVM,hit_rate,67,35,1.0
2,F,Linear SVM,recall,67,35,0.9957142857142858
2,F,Linear SVM,hit_rate,68,35,1.0
2,F,Linear SVM,recall,68,35,0.9957142857142858
2,F,Linear SVM,hit_rate,69,35,1.0
2,F,Linear SVM,recall,69,35,0.9957142857142858
2,F,Linear SVM,hit_rate,70,35,1.0
2,F,Linear SVM,recall,70,35,0.9957142857142858
2,F,Linear SVM,hit_rate,71,35,1.0
2,F,Linear SVM,recall,71,35,0.9957142857142858
2,F,Linear SVM,hit_rate,72,35,1.0
2,F,Linear SVM,recall,72,35,0.9957142857142858
2,F,Linear SVM,hit_rate,73,35,1.0
2,F,Linear SVM,recall,73,35,0.9957142857142858
2,F,Linear SVM,hit_rate,74,35,1.0
2,F,Linear SVM,recall,74,35,0.9957142857142858
2,F,Linear SVM,hit_rate,75,35,1.0
2,F,Linear SVM,recall,75,35,0.9957142857142858
2,F,Linear SVM,hit_rate,76,35,1.0
2,F,Linear SVM,recall,76,35,0.9957142857142858
2,F,Linear SVM,hit_rate,77,35,1.0
2,F,Linear SVM,recall,77,35,0.9971428571428571
2,F,Linear SVM,hit_rate,78,35,1.0
2,F,Linear SVM,recall,78,35,0.9971428571428571
2,F,Linear SVM,hit_rate,79,35,1.0
2,F,Linear SVM,recall,79,35,0.9971428571428571
2,F,Linear SVM,hit_rate,80,35,1.0
2,F,Linear SVM,recall,80,35,0.9971428571428571
2,F,Linear SVM,hit_rate,81,35,1.0
2,F,Linear SVM,recall,81,35,0.9985714285714287
2,F,Linear SVM,hit_rate,82,35,1.0
2,F,Linear SVM,recall,82,35,0.9985714285714287
2,F,Linear SVM,hit_rate,83,35,1.0
2,F,Linear SVM,recall,83,35,0.9985714285714287
2,F,Linear SVM,hit_rate,84,35,1.0
2,F,Linear SVM,recall,84,35,0.9985714285714287
2,F,Linear SVM,hit_rate,85,35,1.0
2,F,Linear SVM,recall,85,35,0.9985714285714287
2,F,Linear SVM,hit_rate,86,35,1.0
2,F,Linear SVM,recall,86,35,0.9985714285714287
2,F,Linear SVM,hit_rate,87,35,1.0
2,F,Linear SVM,recall,87,35,0.9985714285714287
2,F,Linear SVM,hit_rate,88,35,1.0
2,F,Linear SVM,recall,88,35,1.0
2,F,Linear SVM,hit_rate,89,35,1.0
2,F,Linear SVM,recall,89,35,1.0
2,F,Linear SVM,hit_rate,90,35,1.0
2,F,Linear SVM,recall,90,35,1.0
2,F,Linear SVM,hit_rate,91,35,1.0
2,F,Linear SVM,recall,91,35,1.0
2,F,Linear SVM,hit_rate,92,35,1.0
2,F,Linear SVM,recall,92,35,1.0
2,F,Linear SVM,hit_rate,93,35,1.0
2,F,Linear SVM,recall,93,35,1.0
2,F,Linear SVM,hit_rate,94,35,1.0
2,F,Linear SVM,recall,94,35,1.0
2,F,Linear SVM,hit_rate,95,35,1.0
2,F,Linear SVM,recall,95,35,1.0
2,F,Linear SVM,hit_rate,96,35,1.0
2,F,Linear SVM,recall,96,35,1.0
2,F,Linear SVM,hit_rate,97,35,1.0
2,F,Linear SVM,recall,97,35,1.0
2,F,Linear SVM,hit_rate,98,35,1.0
2,F,Linear SVM,recall,98,35,1.0
2,F,Linear SVM,hit_rate,99,35,1.0
2,F,Linear SVM,recall,99,35,1.0
2,F,Linear SVM,hit_rate,100,35,1.0
2,F,Linear SVM,recall,100,35,1.0
2,F,Linear SVM,hit_rate,101,35,1.0
2,F,Linear SVM,recall,101,35,1.0
2,F,Linear SVM,hit_rate,102,35,1.0
2,F,Linear SVM,recall,102,35,1.0
2,F,Linear SVM,hit_rate,103,35,1.0
2,F,Linear SVM,recall,103,35,1.0
2,F,Linear SVM,hit_rate,104,35,1.0
2,F,Linear SVM,recall,104,35,1.0
2,F,Linear SVM,hit_rate,105,35,1.0
2,F,Linear SVM,recall,105,35,1.0
2,F,Linear SVM,hit_rate,106,35,1.0
2,F,Linear SVM,recall,106,35,1.0
2,F,Linear SVM,hit_rate,107,35,1.0
2,F,Linear SVM,recall,107,35,1.0
2,F,Linear SVM,hit_rate,108,35,1.0
2,F,Linear SVM,recall,108,35,1.0
2,F,Linear SVM,hit_rate,109,35,1.0
2,F,Linear SVM,recall,109,35,1.0
2,F,Linear SVM,hit_rate,110,35,1.0
2,F,Linear SVM,recall,110,35,1.0
2,F,Linear SVM,hit_rate,111,35,1.0
2,F,Linear SVM,recall,111,35,1.0
2,F,Linear SVM,hit_rate,112,35,1.0
2,F,Linear SVM,recall,112,35,1.0
2,F,Linear SVM,hit_rate,113,35,1.0
2,F,Linear SVM,recall,113,35,1.0
2,F,Linear SVM,hit_rate,114,35,1.0
2,F,Linear SVM,recall,114,35,1.0
2,F,Linear SVM,hit_rate,115,35,1.0
2,F,Linear SVM,recall,115,35,1.0
2,F,Linear SVM,hit_rate,116,35,1.0
2,F,Linear SVM,recall,116,35,1.0
2,F,Linear SVM,hit_rate,117,35,1.0
2,F,Linear SVM,recall,117,35,1.0
2,F,Linear SVM,hit_rate,118,35,1.0
2,F,Linear SVM,recall,118,35,1.0
2,F,Linear SVM,hit_rate,119,35,1.0
2,F,Linear SVM,recall,119,35,1.0
2,F,Linear SVM,hit_rate,120,35,1.0
2,F,Linear SVM,recall,120,35,1.0
2,F,Linear SVM,hit_rate,121,35,1.0
2,F,Linear SVM,recall,121,35,1.0
2,F,Linear SVM,hit_rate,122,35,1.0
2,F,Linear SVM,recall,122,35,1.0
2,F,Linear SVM,hit_rate,123,35,1.0
2,F,Linear SVM,recall,123,35,1.0
2,F,Linear SVM,hit_rate,124,35,1.0
2,F,Linear SVM,recall,124,35,1.0
2,F,Linear SVM,hit_rate,125,35,1.0
2,F,Linear SVM,recall,125,35,1.0
2,F,Linear SVM,hit_rate,126,35,1.0
2,F,Linear SVM,recall,126,35,1.0
2,F,Linear SVM,hit_rate,127,35,1.0
2,F,Linear SVM,recall,127,35,1.0
2,F,Linear SVM,hit_rate,128,35,1.0
2,F,Linear SVM,recall,128,35,1.0
2,F,Linear SVM,hit_rate,129,35,1.0
2,F,Linear SVM,recall,129,35,1.0
2,F,Linear SVM,hit_rate,130,35,1.0
2,F,Linear SVM,recall,130,35,1.0
2,F,Linear SVM,hit_rate,131,35,1.0
2,F,Linear SVM,recall,131,35,1.0
2,F,Linear SVM,hit_rate,132,35,1.0
2,F,Linear SVM,recall,132,35,1.0
2,F,Linear SVM,hit_rate,133,35,1.0
2,F,Linear SVM,recall,133,35,1.0
2,F,Linear SVM,hit_rate,134,35,1.0
2,F,Linear SVM,recall,134,35,1.0
2,F,Linear SVM,hit_rate,135,35,1.0
2,F,Linear SVM,recall,135,35,1.0
2,F,Linear SVM,hit_rate,136,35,1.0
2,F,Linear SVM,recall,136,35,1.0
2,F,Linear SVM,hit_rate,137,35,1.0
2,F,Linear SVM,recall,137,35,1.0
2,F,Linear SVM,hit_rate,138,35,1.0
2,F,Linear SVM,recall,138,35,1.0
2,F,Linear SVM,hit_rate,139,35,1.0
2,F,Linear SVM,recall,139,35,1.0
2,F,Linear SVM,hit_rate,140,35,1.0
2,F,Linear SVM,recall,140,35,1.0
2,F,Linear SVM,hit_rate,141,35,1.0
2,F,Linear SVM,recall,141,35,1.0
2,F,Linear SVM,hit_rate,142,35,1.0
2,F,Linear SVM,recall,142,35,1.0
2,F,Linear SVM,hit_rate,143,35,1.0
2,F,Linear SVM,recall,143,35,1.0
2,F,Linear SVM,hit_rate,144,35,1.0
2,F,Linear SVM,recall,144,35,1.0
2,F,Linear SVM,hit_rate,145,35,1.0
2,F,Linear SVM,recall,145,35,1.0
2,F,Linear SVM,hit_rate,146,35,1.0
2,F,Linear SVM,recall,146,35,1.0
2,F,Linear SVM,hit_rate,147,35,1.0
2,F,Linear SVM,recall,147,35,1.0
2,F,Linear SVM,hit_rate,148,35,1.0
2,F,Linear SVM,recall,148,35,1.0
2,F,Linear SVM,hit_rate,149,35,1.0
2,F,Linear SVM,recall,149,35,1.0
2,F,Linear SVM,hit_rate,150,35,1.0
2,F,Linear SVM,recall,150,35,1.0
2,F,Random forest,hit_rate,5,35,0.9142857142857143
2,F,Random forest,recall,5,35,0.3902430663965191
2,F,Random forest,hit_rate,6,35,0.9142857142857143
2,F,Random forest,recall,6,35,0.45037148139888367
2,F,Random forest,hit_rate,7,35,0.9142857142857143
2,F,Random forest,recall,7,35,0.4933797149953525
2,F,Random forest,hit_rate,8,35,0.9428571428571428
2,F,Random forest,recall,8,35,0.5329385688399207
2,F,Random forest,hit_rate,9,35,0.9428571428571428
2,F,Random forest,recall,9,35,0.560136884266223
2,F,Random forest,hit_rate,10,35,0.9428571428571428
2,F,Random forest,recall,10,35,0.6144637119670002
2,F,Random forest,hit_rate,11,35,0.9714285714285714
2,F,Random forest,recall,11,35,0.6555294716041884
2,F,Random forest,hit_rate,12,35,0.9714285714285714
2,F,Random forest,recall,12,35,0.6698226249656648
2,F,Random forest,hit_rate,13,35,1.0
2,F,Random forest,recall,13,35,0.7259381681526365
2,F,Random forest,hit_rate,14,35,1.0
2,F,Random forest,recall,14,35,0.7305413427558111
2,F,Random forest,hit_rate,15,35,1.0
2,F,Random forest,recall,15,35,0.7369482691627376
2,F,Random forest,hit_rate,16,35,1.0
2,F,Random forest,recall,16,35,0.7496024699734966
2,F,Random forest,hit_rate,17,35,1.0
2,F,Random forest,recall,17,35,0.7628677760959456
2,F,Random forest,hit_rate,18,35,1.0
2,F,Random forest,recall,18,35,0.7909444792409718
2,F,Random forest,hit_rate,19,35,1.0
2,F,Random forest,recall,19,35,0.8043911912591124
2,F,Random forest,hit_rate,20,35,1.0
2,F,Random forest,recall,20,35,0.8126769055448266
2,F,Random forest,hit_rate,21,35,1.0
2,F,Random forest,recall,21,35,0.8239361483723925
2,F,Random forest,hit_rate,22,35,1.0
2,F,Random forest,recall,22,35,0.8341882492127286
2,F,Random forest,hit_rate,23,35,1.0
2,F,Random forest,recall,23,35,0.8411784452911599
2,F,Random forest,hit_rate,24,35,1.0
2,F,Random forest,recall,24,35,0.8497498738625885
2,F,Random forest,hit_rate,25,35,1.0
2,F,Random forest,recall,25,35,0.8707736833863979
2,F,Random forest,hit_rate,26,35,1.0
2,F,Random forest,recall,26,35,0.8858968717921951
2,F,Random forest,hit_rate,27,35,1.0
2,F,Random forest,recall,27,35,0.8952680202515789
2,F,Random forest,hit_rate,28,35,1.0
2,F,Random forest,recall,28,35,0.9049490317866277
2,F,Random forest,hit_rate,29,35,1.0
2,F,Random forest,recall,29,35,0.9094055535257581
2,F,Random forest,hit_rate,30,35,1.0
2,F,Random forest,recall,30,35,0.9126198392400438
2,F,Random forest,hit_rate,31,35,1.0
2,F,Random forest,recall,31,35,0.9169769820971867
2,F,Random forest,hit_rate,32,35,1.0
2,F,Random forest,recall,32,35,0.9181198392400438
2,F,Random forest,hit_rate,33,35,1.0
2,F,Random forest,recall,33,35,0.9209433686518086
2,F,Random forest,hit_rate,34,35,1.0
2,F,Random forest,recall,34,35,0.923514797223237
2,F,Random forest,hit_rate,35,35,1.0
2,F,Random forest,recall,35,35,0.9260862257946657
2,F,Random forest,hit_rate,36,35,1.0
2,F,Random forest,recall,36,35,0.9330091340884179
2,F,Random forest,hit_rate,37,35,1.0
2,F,Random forest,recall,37,35,0.9359320423821702
2,F,Random forest,hit_rate,38,35,1.0
2,F,Random forest,recall,38,35,0.9445692363902083
2,F,Random forest,hit_rate,39,35,1.0
2,F,Random forest,recall,39,35,0.9526686152721958
2,F,Random forest,hit_rate,40,35,1.0
2,F,Random forest,recall,40,35,0.9626350018268178
2,F,Random forest,hit_rate,41,35,1.0
2,F,Random forest,recall,41,35,0.9654585312385824
2,F,Random forest,hit_rate,42,35,1.0
2,F,Random forest,recall,42,35,0.969810010960906
2,F,Random forest,hit_rate,43,35,1.0
2,F,Random forest,recall,43,35,0.9727329192546583
2,F,Random forest,hit_rate,44,35,1.0
2,F,Random forest,recall,44,35,0.9765465838509316
2,F,Random forest,hit_rate,45,35,1.0
2,F,Random forest,recall,45,35,0.9803602484472049
2,F,Random forest,hit_rate,46,35,1.0
2,F,Random forest,recall,46,35,0.9816024844720496
2,F,Random forest,hit_rate,47,35,1.0
2,F,Random forest,recall,47,35,0.9839875776397515
2,F,Random forest,hit_rate,48,35,1.0
2,F,Random forest,recall,48,35,0.9866583850931676
2,F,Random forest,hit_rate,49,35,1.0
2,F,Random forest,recall,49,35,0.9890434782608696
2,F,Random forest,hit_rate,50,35,1.0
2,F,Random forest,recall,50,35,0.9914285714285715
2,F,Random forest,hit_rate,51,35,1.0
2,F,Random forest,recall,51,35,0.9914285714285715
2,F,Random forest,hit_rate,52,35,1.0
2,F,Random forest,recall,52,35,0.9914285714285715
2,F,Random forest,hit_rate,53,35,1.0
2,F,Random forest,recall,53,35,0.9914285714285715
2,F,Random forest,hit_rate,54,35,1.0
2,F,Random forest,recall,54,35,0.9914285714285715
2,F,Random forest,hit_rate,55,35,1.0
2,F,Random forest,recall,55,35,0.9914285714285715
2,F,Random forest,hit_rate,56,35,1.0
2,F,Random forest,recall,56,35,0.9914285714285715
2,F,Random forest,hit_rate,57,35,1.0
2,F,Random forest,recall,57,35,0.9914285714285715
2,F,Random forest,hit_rate,58,35,1.0
2,F,Random forest,recall,58,35,0.9914285714285715
2,F,Random forest,hit_rate,59,35,1.0
2,F,Random forest,recall,59,35,0.9914285714285715
2,F,Random forest,hit_rate,60,35,1.0
2,F,Random forest,recall,60,35,0.9914285714285715
2,F,Random forest,hit_rate,61,35,1.0
2,F,Random forest,recall,61,35,0.9914285714285715
2,F,Random forest,hit_rate,62,35,1.0
2,F,Random forest,recall,62,35,0.9914285714285715
2,F,Random forest,hit_rate,63,35,1.0
2,F,Random forest,recall,63,35,0.9928571428571429
2,F,Random forest,hit_rate,64,35,1.0
2,F,Random forest,recall,64,35,0.9942857142857142
2,F,Random forest,hit_rate,65,35,1.0
2,F,Random forest,recall,65,35,0.9942857142857142
2,F,Random forest,hit_rate,66,35,1.0
2,F,Random forest,recall,66,35,0.9942857142857142
2,F,Random forest,hit_rate,67,35,1.0
2,F,Random forest,recall,67,35,0.9942857142857142
2,F,Random forest,hit_rate,68,35,1.0
2,F,Random forest,recall,68,35,0.9942857142857142
2,F,Random forest,hit_rate,69,35,1.0
2,F,Random forest,recall,69,35,0.9942857142857142
2,F,Random forest,hit_rate,70,35,1.0
2,F,Random forest,recall,70,35,0.9942857142857142
2,F,Random forest,hit_rate,71,35,1.0
2,F,Random forest,recall,71,35,0.9942857142857142
2,F,Random forest,hit_rate,72,35,1.0
2,F,Random forest,recall,72,35,0.9957142857142858
2,F,Random forest,hit_rate,73,35,1.0
2,F,Random forest,recall,73,35,0.9957142857142858
2,F,Random forest,hit_rate,74,35,1.0
2,F,Random forest,recall,74,35,0.9971428571428571
2,F,Random forest,hit_rate,75,35,1.0
2,F,Random forest,recall,75,35,0.9971428571428571
2,F,Random forest,hit_rate,76,35,1.0
2,F,Random forest,recall,76,35,0.9971428571428571
2,F,Random forest,hit_rate,77,35,1.0
2,F,Random forest,recall,77,35,0.9971428571428571
2,F,Random forest,hit_rate,78,35,1.0
2,F,Random forest,recall,78,35,0.9971428571428571
2,F,Random forest,hit_rate,79,35,1.0
2,F,Random forest,recall,79,35,0.9971428571428571
2,F,Random forest,hit_rate,80,35,1.0
2,F,Random forest,recall,80,35,0.9971428571428571
2,F,Random forest,hit_rate,81,35,1.0
2,F,Random forest,recall,81,35,0.9985714285714287
2,F,Random forest,hit_rate,82,35,1.0
2,F,Random forest,recall,82,35,0.9985714285714287
2,F,Random forest,hit_rate,83,35,1.0
2,F,Random forest,recall,83,35,0.9985714285714287
2,F,Random forest,hit_rate,84,35,1.0
2,F,Random forest,recall,84,35,0.9985714285714287
2,F,Random forest,hit_rate,85,35,1.0
2,F,Random forest,recall,85,35,1.0
2,F,Random forest,hit_rate,86,35,1.0
2,F,Random forest,recall,86,35,1.0
2,F,Random forest,hit_rate,87,35,1.0
2,F,Random forest,recall,87,35,1.0
2,F,Random forest,hit_rate,88,35,1.0
2,F,Random forest,recall,88,35,1.0
2,F,Random forest,hit_rate,89,35,1.0
2,F,Random forest,recall,89,35,1.0
2,F,Random forest,hit_rate,90,35,1.0
2,F,Random forest,recall,90,35,1.0
2,F,Random forest,hit_rate,91,35,1.0
2,F,Random forest,recall,91,35,1.0
2,F,Random forest,hit_rate,92,35,1.0
2,F,Random forest,recall,92,35,1.0
2,F,Random forest,hit_rate,93,35,1.0
2,F,Random forest,recall,93,35,1.0
2,F,Random forest,hit_rate,94,35,1.0
2,F,Random forest,recall,94,35,1.0
2,F,Random forest,hit_rate,95,35,1.0
2,F,Random forest,recall,95,35,1.0
2,F,Random forest,hit_rate,96,35,1.0
2,F,Random forest,recall,96,35,1.0
2,F,Random forest,hit_rate,97,35,1.0
2,F,Random forest,recall,97,35,1.0
2,F,Random forest,hit_rate,98,35,1.0
2,F,Random forest,recall,98,35,1.0
2,F,Random forest,hit_rate,99,35,1.0
2,F,Random forest,recall,99,35,1.0
2,F,Random forest,hit_rate,100,35,1.0
2,F,Random forest,recall,100,35,1.0
2,F,Random forest,hit_rate,101,35,1.0
2,F,Random forest,recall,101,35,1.0
2,F,Random forest,hit_rate,102,35,1.0
2,F,Random forest,recall,102,35,1.0
2,F,Random forest,hit_rate,103,35,1.0
2,F,Random forest,recall,103,35,1.0
2,F,Random forest,hit_rate,104,35,1.0
2,F,Random forest,recall,104,35,1.0
2,F,Random forest,hit_rate,105,35,1.0
2,F,Random forest,recall,105,35,1.0
2,F,Random forest,hit_rate,106,35,1.0
2,F,Random forest,recall,106,35,1.0
2,F,Random forest,hit_rate,107,35,1.0
2,F,Random forest,recall,107,35,1.0
2,F,Random forest,hit_rate,108,35,1.0
2,F,Random forest,recall,108,35,1.0
2,F,Random forest,hit_rate,109,35,1.0
2,F,Random forest,recall,109,35,1.0
2,F,Random forest,hit_rate,110,35,1.0
2,F,Random forest,recall,110,35,1.0
2,F,Random forest,hit_rate,111,35,1.0
2,F,Random forest,recall,111,35,1.0
2,F,Random forest,hit_rate,112,35,1.0
2,F,Random forest,recall,112,35,1.0
2,F,Random forest,hit_rate,113,35,1.0
2,F,Random forest,recall,113,35,1.0
2,F,Random forest,hit_rate,114,35,1.0
2,F,Random forest,recall,114,35,1.0
2,F,Random forest,hit_rate,115,35,1.0
2,F,Random forest,recall,115,35,1.0
2,F,Random forest,hit_rate,116,35,1.0
2,F,Random forest,recall,116,35,1.0
2,F,Random forest,hit_rate,117,35,1.0
2,F,Random forest,recall,117,35,1.0
2,F,Random forest,hit_rate,118,35,1.0
2,F,Random forest,recall,118,35,1.0
2,F,Random forest,hit_rate,119,35,1.0
2,F,Random forest,recall,119,35,1.0
2,F,Random forest,hit_rate,120,35,1.0
2,F,Random forest,recall,120,35,1.0
2,F,Random forest,hit_rate,121,35,1.0
2,F,Random forest,recall,121,35,1.0
2,F,Random forest,hit_rate,122,35,1.0
2,F,Random forest,recall,122,35,1.0
2,F,Random forest,hit_rate,123,35,1.0
2,F,Random forest,recall,123,35,1.0
2,F,Random forest,hit_rate,124,35,1.0
2,F,Random forest,recall,124,35,1.0
2,F,Random forest,hit_rate,125,35,1.0
2,F,Random forest,recall,125,35,1.0
2,F,Random forest,hit_rate,126,35,1.0
2,F,Random forest,recall,126,35,1.0
2,F,Random forest,hit_rate,127,35,1.0
2,F,Random forest,recall,127,35,1.0
2,F,Random forest,hit_rate,128,35,1.0
2,F,Random forest,recall,128,35,1.0
2,F,Random forest,hit_rate,129,35,1.0
2,F,Random forest,recall,129,35,1.0
2,F,Random forest,hit_rate,130,35,1.0
2,F,Random forest,recall,130,35,1.0
2,F,Random forest,hit_rate,131,35,1.0
2,F,Random forest,recall,131,35,1.0
2,F,Random forest,hit_rate,132,35,1.0
2,F,Random forest,recall,132,35,1.0
2,F,Random forest,hit_rate,133,35,1.0
2,F,Random forest,recall,133,35,1.0
2,F,Random forest,hit_rate,134,35,1.0
2,F,Random forest,recall,134,35,1.0
2,F,Random forest,hit_rate,135,35,1.0
2,F,Random forest,recall,135,35,1.0
2,F,Random forest,hit_rate,136,35,1.0
2,F,Random forest,recall,136,35,1.0
2,F,Random forest,hit_rate,137,35,1.0
2,F,Random forest,recall,137,35,1.0
2,F,Random forest,hit_rate,138,35,1.0
2,F,Random forest,recall,138,35,1.0
2,F,Random forest,hit_rate,139,35,1.0
2,F,Random forest,recall,139,35,1.0
2,F,Random forest,hit_rate,140,35,1.0
2,F,Random forest,recall,140,35,1.0
2,F,Random forest,hit_rate,141,35,1.0
2,F,Random forest,recall,141,35,1.0
2,F,Random forest,hit_rate,142,35,1.0
2,F,Random forest,recall,142,35,1.0
2,F,Random forest,hit_rate,143,35,1.0
2,F,Random forest,recall,143,35,1.0
2,F,Random forest,hit_rate,144,35,1.0
2,F,Random forest,recall,144,35,1.0
2,F,Random forest,hit_rate,145,35,1.0
2,F,Random forest,recall,145,35,1.0
2,F,Random forest,hit_rate,146,35,1.0
2,F,Random forest,recall,146,35,1.0
2,F,Random forest,hit_rate,147,35,1.0
2,F,Random forest,recall,147,35,1.0
2,F,Random forest,hit_rate,148,35,1.0
2,F,Random forest,recall,148,35,1.0
2,F,Random forest,hit_rate,149,35,1.0
2,F,Random forest,recall,149,35,1.0
2,F,Random forest,hit_rate,150,35,1.0
2,F,Random forest,recall,150,35,1.0
2,Cl,UltraMS,hit_rate,5,30,0.8666666666666667
2,Cl,UltraMS,recall,5,30,0.4809612238192801
2,Cl,UltraMS,hit_rate,6,30,0.8666666666666667
2,Cl,UltraMS,recall,6,30,0.4991093719674282
2,Cl,UltraMS,hit_rate,7,30,0.9333333333333333
2,Cl,UltraMS,recall,7,30,0.5590413843994406
2,Cl,UltraMS,hit_rate,8,30,0.9666666666666667
2,Cl,UltraMS,recall,8,30,0.6469468887179884
2,Cl,UltraMS,hit_rate,9,30,0.9666666666666667
2,Cl,UltraMS,recall,9,30,0.6852501107871952
2,Cl,UltraMS,hit_rate,10,30,1.0
2,Cl,UltraMS,recall,10,30,0.73394166433169
2,Cl,UltraMS,hit_rate,11,30,1.0
2,Cl,UltraMS,recall,11,30,0.7558559975120078
2,Cl,UltraMS,hit_rate,12,30,1.0
2,Cl,UltraMS,recall,12,30,0.786538136960132
2,Cl,UltraMS,hit_rate,13,30,1.0
2,Cl,UltraMS,recall,13,30,0.7946540789891173
2,Cl,UltraMS,hit_rate,14,30,1.0
2,Cl,UltraMS,recall,14,30,0.8173875004885235
2,Cl,UltraMS,hit_rate,15,30,1.0
2,Cl,UltraMS,recall,15,30,0.8446485727495958
2,Cl,UltraMS,hit_rate,16,30,1.0
2,Cl,UltraMS,recall,16,30,0.8572641491311568
2,Cl,UltraMS,hit_rate,17,30,1.0
2,Cl,UltraMS,recall,17,30,0.863332525199533
2,Cl,UltraMS,hit_rate,18,30,1.0
2,Cl,UltraMS,recall,18,30,0.8735675679345756
2,Cl,UltraMS,hit_rate,19,30,1.0
2,Cl,UltraMS,recall,19,30,0.8774137217807295
2,Cl,UltraMS,hit_rate,20,30,1.0
2,Cl,UltraMS,recall,20,30,0.8884568453238529
2,Cl,UltraMS,hit_rate,21,30,1.0
2,Cl,UltraMS,recall,21,30,0.8884568453238529
2,Cl,UltraMS,hit_rate,22,30,1.0
2,Cl,UltraMS,recall,22,30,0.892128342908394
2,Cl,UltraMS,hit_rate,23,30,1.0
2,Cl,UltraMS,recall,23,30,0.8935172317972828
2,Cl,UltraMS,hit_rate,24,30,1.0
2,Cl,UltraMS,recall,24,30,0.9003936886737398
2,Cl,UltraMS,hit_rate,25,30,1.0
2,Cl,UltraMS,recall,25,30,0.9042398425198938
2,Cl,UltraMS,hit_rate,26,30,1.0
2,Cl,UltraMS,recall,26,30,0.9110937892267815
2,Cl,UltraMS,hit_rate,27,30,1.0
2,Cl,UltraMS,recall,27,30,0.9152140047600406
2,Cl,UltraMS,hit_rate,28,30,1.0
2,Cl,UltraMS,recall,28,30,0.9164960560420918
2,Cl,UltraMS,hit_rate,29,30,1.0
2,Cl,UltraMS,recall,29,30,0.9179453314044108
2,Cl,UltraMS,hit_rate,30,30,1.0
2,Cl,UltraMS,recall,30,30,0.9192273826864619
2,Cl,UltraMS,hit_rate,31,30,1.0
2,Cl,UltraMS,recall,31,30,0.9211881670001875
2,Cl,UltraMS,hit_rate,32,30,1.0
2,Cl,UltraMS,recall,32,30,0.926179254344216
2,Cl,UltraMS,hit_rate,33,30,1.0
2,Cl,UltraMS,recall,33,30,0.9275681432331049
2,Cl,UltraMS,hit_rate,34,30,1.0
2,Cl,UltraMS,recall,34,30,0.9319873351522967
2,Cl,UltraMS,hit_rate,35,30,1.0
2,Cl,UltraMS,recall,35,30,0.9319873351522967
2,Cl,UltraMS,hit_rate,36,30,1.0
2,Cl,UltraMS,recall,36,30,0.9362996894646511
2,Cl,UltraMS,hit_rate,37,30,1.0
2,Cl,UltraMS,recall,37,30,0.9409314139493168
2,Cl,UltraMS,hit_rate,38,30,1.0
2,Cl,UltraMS,recall,38,30,0.94663265715056
2,Cl,UltraMS,hit_rate,39,30,1.0
2,Cl,UltraMS,recall,39,30,0.9480819325128789
2,Cl,UltraMS,hit_rate,40,30,1.0
2,Cl,UltraMS,recall,40,30,0.9494708214017678
2,Cl,UltraMS,hit_rate,41,30,1.0
2,Cl,UltraMS,recall,41,30,0.9527136569975444
2,Cl,UltraMS,hit_rate,42,30,1.0
2,Cl,UltraMS,recall,42,30,0.9553845971684847
2,Cl,UltraMS,hit_rate,43,30,1.0
2,Cl,UltraMS,recall,43,30,0.9581159238128548
2,Cl,UltraMS,hit_rate,44,30,1.0
2,Cl,UltraMS,recall,44,30,0.9608472504572249
2,Cl,UltraMS,hit_rate,45,30,1.0
2,Cl,UltraMS,recall,45,30,0.9608472504572249
2,Cl,UltraMS,hit_rate,46,30,1.0
2,Cl,UltraMS,recall,46,30,0.9608472504572249
2,Cl,UltraMS,hit_rate,47,30,1.0
2,Cl,UltraMS,recall,47,30,0.9608472504572249
2,Cl,UltraMS,hit_rate,48,30,1.0
2,Cl,UltraMS,recall,48,30,0.9655393614153205
2,Cl,UltraMS,hit_rate,49,30,1.0
2,Cl,UltraMS,recall,49,30,0.9668214126973719
2,Cl,UltraMS,hit_rate,50,30,1.0
2,Cl,UltraMS,recall,50,30,0.9682706880596906
2,Cl,UltraMS,hit_rate,51,30,1.0
2,Cl,UltraMS,recall,51,30,0.9682706880596906
2,Cl,UltraMS,hit_rate,52,30,1.0
2,Cl,UltraMS,recall,52,30,0.9696595769485795
2,Cl,UltraMS,hit_rate,53,30,1.0
2,Cl,UltraMS,recall,53,30,0.9723909035929498
2,Cl,UltraMS,hit_rate,54,30,1.0
2,Cl,UltraMS,recall,54,30,0.9737797924818385
2,Cl,UltraMS,hit_rate,55,30,1.0
2,Cl,UltraMS,recall,55,30,0.9787655474675935
2,Cl,UltraMS,hit_rate,56,30,1.0
2,Cl,UltraMS,recall,56,30,0.9801544363564825
2,Cl,UltraMS,hit_rate,57,30,1.0
2,Cl,UltraMS,recall,57,30,0.9814364876385337
2,Cl,UltraMS,hit_rate,58,30,1.0
2,Cl,UltraMS,recall,58,30,0.9828253765274226
2,Cl,UltraMS,hit_rate,59,30,1.0
2,Cl,UltraMS,recall,59,30,0.9828253765274226
2,Cl,UltraMS,hit_rate,60,30,1.0
2,Cl,UltraMS,recall,60,30,0.9842746518897414
2,Cl,UltraMS,hit_rate,61,30,1.0
2,Cl,UltraMS,recall,61,30,0.9842746518897414
2,Cl,UltraMS,hit_rate,62,30,1.0
2,Cl,UltraMS,recall,62,30,0.9842746518897414
2,Cl,UltraMS,hit_rate,63,30,1.0
2,Cl,UltraMS,recall,63,30,0.9856635407786302
2,Cl,UltraMS,hit_rate,64,30,1.0
2,Cl,UltraMS,recall,64,30,0.987112816140949
2,Cl,UltraMS,hit_rate,65,30,1.0
2,Cl,UltraMS,recall,65,30,0.9890736004546745
2,Cl,UltraMS,hit_rate,66,30,1.0
2,Cl,UltraMS,recall,66,30,0.9890736004546745
2,Cl,UltraMS,hit_rate,67,30,1.0
2,Cl,UltraMS,recall,67,30,0.9890736004546745
2,Cl,UltraMS,hit_rate,68,30,1.0
2,Cl,UltraMS,recall,68,30,0.9890736004546745
2,Cl,UltraMS,hit_rate,69,30,1.0
2,Cl,UltraMS,recall,69,30,0.9890736004546745
2,Cl,UltraMS,hit_rate,70,30,1.0
2,Cl,UltraMS,recall,70,30,0.9904624893435635
2,Cl,UltraMS,hit_rate,71,30,1.0
2,Cl,UltraMS,recall,71,30,0.9904624893435635
2,Cl,UltraMS,hit_rate,72,30,1.0
2,Cl,UltraMS,recall,72,30,0.9904624893435635
2,Cl,UltraMS,hit_rate,73,30,1.0
2,Cl,UltraMS,recall,73,30,0.9904624893435635
2,Cl,UltraMS,hit_rate,74,30,1.0
2,Cl,UltraMS,recall,74,30,0.9918513782324524
2,Cl,UltraMS,hit_rate,75,30,1.0
2,Cl,UltraMS,recall,75,30,0.9918513782324524
2,Cl,UltraMS,hit_rate,76,30,1.0
2,Cl,UltraMS,recall,76,30,0.9933006535947712
2,Cl,UltraMS,hit_rate,77,30,1.0
2,Cl,UltraMS,recall,77,30,0.9933006535947712
2,Cl,UltraMS,hit_rate,78,30,1.0
2,Cl,UltraMS,recall,78,30,0.9933006535947712
2,Cl,UltraMS,hit_rate,79,30,1.0
2,Cl,UltraMS,recall,79,30,0.9933006535947712
2,Cl,UltraMS,hit_rate,80,30,1.0
2,Cl,UltraMS,recall,80,30,0.9946895424836601
2,Cl,UltraMS,hit_rate,81,30,1.0
2,Cl,UltraMS,recall,81,30,0.9966503267973856
2,Cl,UltraMS,hit_rate,82,30,1.0
2,Cl,UltraMS,recall,82,30,0.9966503267973856
2,Cl,UltraMS,hit_rate,83,30,1.0
2,Cl,UltraMS,recall,83,30,0.9966503267973856
2,Cl,UltraMS,hit_rate,84,30,1.0
2,Cl,UltraMS,recall,84,30,0.9966503267973856
2,Cl,UltraMS,hit_rate,85,30,1.0
2,Cl,UltraMS,recall,85,30,0.9966503267973856
2,Cl,UltraMS,hit_rate,86,30,1.0
2,Cl,UltraMS,recall,86,30,0.9966503267973856
2,Cl,UltraMS,hit_rate,87,30,1.0
2,Cl,UltraMS,recall,87,30,0.9980392156862745
2,Cl,UltraMS,hit_rate,88,30,1.0
2,Cl,UltraMS,recall,88,30,0.9980392156862745
2,Cl,UltraMS,hit_rate,89,30,1.0
2,Cl,UltraMS,recall,89,30,0.9980392156862745
2,Cl,UltraMS,hit_rate,90,30,1.0
2,Cl,UltraMS,recall,90,30,0.9980392156862745
2,Cl,UltraMS,hit_rate,91,30,1.0
2,Cl,UltraMS,recall,91,30,0.9980392156862745
2,Cl,UltraMS,hit_rate,92,30,1.0
2,Cl,UltraMS,recall,92,30,0.9980392156862745
2,Cl,UltraMS,hit_rate,93,30,1.0
2,Cl,UltraMS,recall,93,30,0.9980392156862745
2,Cl,UltraMS,hit_rate,94,30,1.0
2,Cl,UltraMS,recall,94,30,0.9980392156862745
2,Cl,UltraMS,hit_rate,95,30,1.0
2,Cl,UltraMS,recall,95,30,1.0
2,Cl,UltraMS,hit_rate,96,30,1.0
2,Cl,UltraMS,recall,96,30,1.0
2,Cl,UltraMS,hit_rate,97,30,1.0
2,Cl,UltraMS,recall,97,30,1.0
2,Cl,UltraMS,hit_rate,98,30,1.0
2,Cl,UltraMS,recall,98,30,1.0
2,Cl,UltraMS,hit_rate,99,30,1.0
2,Cl,UltraMS,recall,99,30,1.0
2,Cl,UltraMS,hit_rate,100,30,1.0
2,Cl,UltraMS,recall,100,30,1.0
2,Cl,UltraMS,hit_rate,101,30,1.0
2,Cl,UltraMS,recall,101,30,1.0
2,Cl,UltraMS,hit_rate,102,30,1.0
2,Cl,UltraMS,recall,102,30,1.0
2,Cl,UltraMS,hit_rate,103,30,1.0
2,Cl,UltraMS,recall,103,30,1.0
2,Cl,UltraMS,hit_rate,104,30,1.0
2,Cl,UltraMS,recall,104,30,1.0
2,Cl,UltraMS,hit_rate,105,30,1.0
2,Cl,UltraMS,recall,105,30,1.0
2,Cl,UltraMS,hit_rate,106,30,1.0
2,Cl,UltraMS,recall,106,30,1.0
2,Cl,UltraMS,hit_rate,107,30,1.0
2,Cl,UltraMS,recall,107,30,1.0
2,Cl,UltraMS,hit_rate,108,30,1.0
2,Cl,UltraMS,recall,108,30,1.0
2,Cl,UltraMS,hit_rate,109,30,1.0
2,Cl,UltraMS,recall,109,30,1.0
2,Cl,UltraMS,hit_rate,110,30,1.0
2,Cl,UltraMS,recall,110,30,1.0
2,Cl,UltraMS,hit_rate,111,30,1.0
2,Cl,UltraMS,recall,111,30,1.0
2,Cl,UltraMS,hit_rate,112,30,1.0
2,Cl,UltraMS,recall,112,30,1.0
2,Cl,UltraMS,hit_rate,113,30,1.0
2,Cl,UltraMS,recall,113,30,1.0
2,Cl,UltraMS,hit_rate,114,30,1.0
2,Cl,UltraMS,recall,114,30,1.0
2,Cl,UltraMS,hit_rate,115,30,1.0
2,Cl,UltraMS,recall,115,30,1.0
2,Cl,UltraMS,hit_rate,116,30,1.0
2,Cl,UltraMS,recall,116,30,1.0
2,Cl,UltraMS,hit_rate,117,30,1.0
2,Cl,UltraMS,recall,117,30,1.0
2,Cl,UltraMS,hit_rate,118,30,1.0
2,Cl,UltraMS,recall,118,30,1.0
2,Cl,UltraMS,hit_rate,119,30,1.0
2,Cl,UltraMS,recall,119,30,1.0
2,Cl,UltraMS,hit_rate,120,30,1.0
2,Cl,UltraMS,recall,120,30,1.0
2,Cl,UltraMS,hit_rate,121,30,1.0
2,Cl,UltraMS,recall,121,30,1.0
2,Cl,UltraMS,hit_rate,122,30,1.0
2,Cl,UltraMS,recall,122,30,1.0
2,Cl,UltraMS,hit_rate,123,30,1.0
2,Cl,UltraMS,recall,123,30,1.0
2,Cl,UltraMS,hit_rate,124,30,1.0
2,Cl,UltraMS,recall,124,30,1.0
2,Cl,UltraMS,hit_rate,125,30,1.0
2,Cl,UltraMS,recall,125,30,1.0
2,Cl,UltraMS,hit_rate,126,30,1.0
2,Cl,UltraMS,recall,126,30,1.0
2,Cl,UltraMS,hit_rate,127,30,1.0
2,Cl,UltraMS,recall,127,30,1.0
2,Cl,UltraMS,hit_rate,128,30,1.0
2,Cl,UltraMS,recall,128,30,1.0
2,Cl,UltraMS,hit_rate,129,30,1.0
2,Cl,UltraMS,recall,129,30,1.0
2,Cl,UltraMS,hit_rate,130,30,1.0
2,Cl,UltraMS,recall,130,30,1.0
2,Cl,UltraMS,hit_rate,131,30,1.0
2,Cl,UltraMS,recall,131,30,1.0
2,Cl,UltraMS,hit_rate,132,30,1.0
2,Cl,UltraMS,recall,132,30,1.0
2,Cl,UltraMS,hit_rate,133,30,1.0
2,Cl,UltraMS,recall,133,30,1.0
2,Cl,UltraMS,hit_rate,134,30,1.0
2,Cl,UltraMS,recall,134,30,1.0
2,Cl,UltraMS,hit_rate,135,30,1.0
2,Cl,UltraMS,recall,135,30,1.0
2,Cl,UltraMS,hit_rate,136,30,1.0
2,Cl,UltraMS,recall,136,30,1.0
2,Cl,UltraMS,hit_rate,137,30,1.0
2,Cl,UltraMS,recall,137,30,1.0
2,Cl,UltraMS,hit_rate,138,30,1.0
2,Cl,UltraMS,recall,138,30,1.0
2,Cl,UltraMS,hit_rate,139,30,1.0
2,Cl,UltraMS,recall,139,30,1.0
2,Cl,UltraMS,hit_rate,140,30,1.0
2,Cl,UltraMS,recall,140,30,1.0
2,Cl,UltraMS,hit_rate,141,30,1.0
2,Cl,UltraMS,recall,141,30,1.0
2,Cl,UltraMS,hit_rate,142,30,1.0
2,Cl,UltraMS,recall,142,30,1.0
2,Cl,UltraMS,hit_rate,143,30,1.0
2,Cl,UltraMS,recall,143,30,1.0
2,Cl,UltraMS,hit_rate,144,30,1.0
2,Cl,UltraMS,recall,144,30,1.0
2,Cl,UltraMS,hit_rate,145,30,1.0
2,Cl,UltraMS,recall,145,30,1.0
2,Cl,UltraMS,hit_rate,146,30,1.0
2,Cl,UltraMS,recall,146,30,1.0
2,Cl,UltraMS,hit_rate,147,30,1.0
2,Cl,UltraMS,recall,147,30,1.0
2,Cl,UltraMS,hit_rate,148,30,1.0
2,Cl,UltraMS,recall,148,30,1.0
2,Cl,UltraMS,hit_rate,149,30,1.0
2,Cl,UltraMS,recall,149,30,1.0
2,Cl,UltraMS,hit_rate,150,30,1.0
2,Cl,UltraMS,recall,150,30,1.0
2,Cl,DreaMS,hit_rate,5,30,0.5333333333333333
2,Cl,DreaMS,recall,5,30,0.2773999611499612
2,Cl,DreaMS,hit_rate,6,30,0.6
2,Cl,DreaMS,recall,6,30,0.30656662781662786
2,Cl,DreaMS,hit_rate,7,30,0.6666666666666666
2,Cl,DreaMS,recall,7,30,0.3455110135342693
2,Cl,DreaMS,hit_rate,8,30,0.7
2,Cl,DreaMS,recall,8,30,0.3985413165645723
2,Cl,DreaMS,hit_rate,9,30,0.8333333333333334
2,Cl,DreaMS,recall,9,30,0.4529605084837643
2,Cl,DreaMS,hit_rate,10,30,0.8333333333333334
2,Cl,DreaMS,recall,10,30,0.45962717515043094
2,Cl,DreaMS,hit_rate,11,30,0.8333333333333334
2,Cl,DreaMS,recall,11,30,0.4751827307059865
2,Cl,DreaMS,hit_rate,12,30,0.8333333333333334
2,Cl,DreaMS,recall,12,30,0.5051827307059865
2,Cl,DreaMS,hit_rate,13,30,0.8666666666666667
2,Cl,DreaMS,recall,13,30,0.54868700421026
2,Cl,DreaMS,hit_rate,14,30,0.9
2,Cl,DreaMS,recall,14,30,0.568195551218807
2,Cl,DreaMS,hit_rate,15,30,0.9
2,Cl,DreaMS,recall,15,30,0.581592987116243
2,Cl,DreaMS,hit_rate,16,30,0.9
2,Cl,DreaMS,recall,16,30,0.5925391210856327
2,Cl,DreaMS,hit_rate,17,30,0.9
2,Cl,DreaMS,recall,17,30,0.6097613433078549
2,Cl,DreaMS,hit_rate,18,30,0.9333333333333333
2,Cl,DreaMS,recall,18,30,0.6204413879009429
2,Cl,DreaMS,hit_rate,19,30,0.9333333333333333
2,Cl,DreaMS,recall,19,30,0.6386485941314051
2,Cl,DreaMS,hit_rate,20,30,0.9333333333333333
2,Cl,DreaMS,recall,20,30,0.6476015855843965
2,Cl,DreaMS,hit_rate,21,30,0.9333333333333333
2,Cl,DreaMS,recall,21,30,0.669136162118973
2,Cl,DreaMS,hit_rate,22,30,0.9333333333333333
2,Cl,DreaMS,recall,22,30,0.6801724869052977
2,Cl,DreaMS,hit_rate,23,30,0.9666666666666667
2,Cl,DreaMS,recall,23,30,0.7278502258330366
2,Cl,DreaMS,hit_rate,24,30,0.9666666666666667
2,Cl,DreaMS,recall,24,30,0.7340254395082504
2,Cl,DreaMS,hit_rate,25,30,0.9666666666666667
2,Cl,DreaMS,recall,25,30,0.7494801204861872
2,Cl,DreaMS,hit_rate,26,30,0.9666666666666667
2,Cl,DreaMS,recall,26,30,0.7613177273237941
2,Cl,DreaMS,hit_rate,27,30,0.9666666666666667
2,Cl,DreaMS,recall,27,30,0.7656300816361483
2,Cl,DreaMS,hit_rate,28,30,0.9666666666666667
2,Cl,DreaMS,recall,28,30,0.7772562601986263
2,Cl,DreaMS,hit_rate,29,30,0.9666666666666667
2,Cl,DreaMS,recall,29,30,0.7876653257707352
2,Cl,DreaMS,hit_rate,30,30,0.9666666666666667
2,Cl,DreaMS,recall,30,30,0.7924516505570601
2,Cl,DreaMS,hit_rate,31,30,0.9666666666666667
2,Cl,DreaMS,recall,31,30,0.7972379753433849
2,Cl,DreaMS,hit_rate,32,30,0.9666666666666667
2,Cl,DreaMS,recall,32,30,0.7985200266254361
2,Cl,DreaMS,hit_rate,33,30,0.9666666666666667
2,Cl,DreaMS,recall,33,30,0.8037725518779613
2,Cl,DreaMS,hit_rate,34,30,0.9666666666666667
2,Cl,DreaMS,recall,34,30,0.8037725518779613
2,Cl,DreaMS,hit_rate,35,30,0.9666666666666667
2,Cl,DreaMS,recall,35,30,0.8072768253822349
2,Cl,DreaMS,hit_rate,36,30,1.0
2,Cl,DreaMS,recall,36,30,0.8336404617458711
2,Cl,DreaMS,hit_rate,37,30,1.0
2,Cl,DreaMS,recall,37,30,0.8344156555443208
2,Cl,DreaMS,hit_rate,38,30,1.0
2,Cl,DreaMS,recall,38,30,0.837086595715261
2,Cl,DreaMS,hit_rate,39,30,1.0
2,Cl,DreaMS,recall,39,30,0.8383686469973122
2,Cl,DreaMS,hit_rate,40,30,1.0
2,Cl,DreaMS,recall,40,30,0.8464242025528678
2,Cl,DreaMS,hit_rate,41,30,1.0
2,Cl,DreaMS,recall,41,30,0.849095142723808
2,Cl,DreaMS,hit_rate,42,30,1.0
2,Cl,DreaMS,recall,42,30,0.8670438606725259
2,Cl,DreaMS,hit_rate,43,30,1.0
2,Cl,DreaMS,recall,43,30,0.8670438606725259
2,Cl,DreaMS,hit_rate,44,30,1.0
2,Cl,DreaMS,recall,44,30,0.8670438606725259
2,Cl,DreaMS,hit_rate,45,30,1.0
2,Cl,DreaMS,recall,45,30,0.8683259119545773
2,Cl,DreaMS,hit_rate,46,30,1.0
2,Cl,DreaMS,recall,46,30,0.8762746299032952
2,Cl,DreaMS,hit_rate,47,30,1.0
2,Cl,DreaMS,recall,47,30,0.8775566811853466
2,Cl,DreaMS,hit_rate,48,30,1.0
2,Cl,DreaMS,recall,48,30,0.8802880078297167
2,Cl,DreaMS,hit_rate,49,30,1.0
2,Cl,DreaMS,recall,49,30,0.8802880078297167
2,Cl,DreaMS,hit_rate,50,30,1.0
2,Cl,DreaMS,recall,50,30,0.8817372831920356
2,Cl,DreaMS,hit_rate,51,30,1.0
2,Cl,DreaMS,recall,51,30,0.8830193344740868
2,Cl,DreaMS,hit_rate,52,30,1.0
2,Cl,DreaMS,recall,52,30,0.8857506611184569
2,Cl,DreaMS,hit_rate,53,30,1.0
2,Cl,DreaMS,recall,53,30,0.8870327124005082
2,Cl,DreaMS,hit_rate,54,30,1.0
2,Cl,DreaMS,recall,54,30,0.8949814303492262
2,Cl,DreaMS,hit_rate,55,30,1.0
2,Cl,DreaMS,recall,55,30,0.8964307057115449
2,Cl,DreaMS,hit_rate,56,30,1.0
2,Cl,DreaMS,recall,56,30,0.8978195946004338
2,Cl,DreaMS,hit_rate,57,30,1.0
2,Cl,DreaMS,recall,57,30,0.8991016458824851
2,Cl,DreaMS,hit_rate,58,30,1.0
2,Cl,DreaMS,recall,58,30,0.900550921244804
2,Cl,DreaMS,hit_rate,59,30,1.0
2,Cl,DreaMS,recall,59,30,0.900550921244804
2,Cl,DreaMS,hit_rate,60,30,1.0
2,Cl,DreaMS,recall,60,30,0.900550921244804
2,Cl,DreaMS,hit_rate,61,30,1.0
2,Cl,DreaMS,recall,61,30,0.900550921244804
2,Cl,DreaMS,hit_rate,62,30,1.0
2,Cl,DreaMS,recall,62,30,0.9079927817099201
2,Cl,DreaMS,hit_rate,63,30,1.0
2,Cl,DreaMS,recall,63,30,0.9079927817099201
2,Cl,DreaMS,hit_rate,64,30,1.0
2,Cl,DreaMS,recall,64,30,0.9079927817099201
2,Cl,DreaMS,hit_rate,65,30,1.0
2,Cl,DreaMS,recall,65,30,0.9093816705988093
2,Cl,DreaMS,hit_rate,66,30,1.0
2,Cl,DreaMS,recall,66,30,0.9093816705988093
2,Cl,DreaMS,hit_rate,67,30,1.0
2,Cl,DreaMS,recall,67,30,0.9093816705988093
2,Cl,DreaMS,hit_rate,68,30,1.0
2,Cl,DreaMS,recall,68,30,0.9114650039321426
2,Cl,DreaMS,hit_rate,69,30,1.0
2,Cl,DreaMS,recall,69,30,0.9129142792944613
2,Cl,DreaMS,hit_rate,70,30,1.0
2,Cl,DreaMS,recall,70,30,0.9129142792944613
2,Cl,DreaMS,hit_rate,71,30,1.0
2,Cl,DreaMS,recall,71,30,0.9129142792944613
2,Cl,DreaMS,hit_rate,72,30,1.0
2,Cl,DreaMS,recall,72,30,0.9157524435456691
2,Cl,DreaMS,hit_rate,73,30,1.0
2,Cl,DreaMS,recall,73,30,0.9171413324345579
2,Cl,DreaMS,hit_rate,74,30,1.0
2,Cl,DreaMS,recall,74,30,0.9193054151218963
2,Cl,DreaMS,hit_rate,75,30,1.0
2,Cl,DreaMS,recall,75,30,0.9221435793731042
2,Cl,DreaMS,hit_rate,76,30,1.0
2,Cl,DreaMS,recall,76,30,0.9221435793731042
2,Cl,DreaMS,hit_rate,77,30,1.0
2,Cl,DreaMS,recall,77,30,0.9221435793731042
2,Cl,DreaMS,hit_rate,78,30,1.0
2,Cl,DreaMS,recall,78,30,0.923532468261993
2,Cl,DreaMS,hit_rate,79,30,1.0
2,Cl,DreaMS,recall,79,30,0.923532468261993
2,Cl,DreaMS,hit_rate,80,30,1.0
2,Cl,DreaMS,recall,80,30,0.923532468261993
2,Cl,DreaMS,hit_rate,81,30,1.0
2,Cl,DreaMS,recall,81,30,0.9270046904842152
2,Cl,DreaMS,hit_rate,82,30,1.0
2,Cl,DreaMS,recall,82,30,0.9298428547354229
2,Cl,DreaMS,hit_rate,83,30,1.0
2,Cl,DreaMS,recall,83,30,0.9312317436243119
2,Cl,DreaMS,hit_rate,84,30,1.0
2,Cl,DreaMS,recall,84,30,0.9312317436243119
2,Cl,DreaMS,hit_rate,85,30,1.0
2,Cl,DreaMS,recall,85,30,0.9333958263116505
2,Cl,DreaMS,hit_rate,86,30,1.0
2,Cl,DreaMS,recall,86,30,0.935559908998989
2,Cl,DreaMS,hit_rate,87,30,1.0
2,Cl,DreaMS,recall,87,30,0.9369487978878778
2,Cl,DreaMS,hit_rate,88,30,1.0
2,Cl,DreaMS,recall,88,30,0.9405621559375351
2,Cl,DreaMS,hit_rate,89,30,1.0
2,Cl,DreaMS,recall,89,30,0.9419510448264241
2,Cl,DreaMS,hit_rate,90,30,1.0
2,Cl,DreaMS,recall,90,30,0.9419510448264241
2,Cl,DreaMS,hit_rate,91,30,1.0
2,Cl,DreaMS,recall,91,30,0.9419510448264241
2,Cl,DreaMS,hit_rate,92,30,1.0
2,Cl,DreaMS,recall,92,30,0.9427262386248736
2,Cl,DreaMS,hit_rate,93,30,1.0
2,Cl,DreaMS,recall,93,30,0.9427262386248736
2,Cl,DreaMS,hit_rate,94,30,1.0
2,Cl,DreaMS,recall,94,30,0.9427262386248736
2,Cl,DreaMS,hit_rate,95,30,1.0
2,Cl,DreaMS,recall,95,30,0.9449507077856422
2,Cl,DreaMS,hit_rate,96,30,1.0
2,Cl,DreaMS,recall,96,30,0.9463999831479609
2,Cl,DreaMS,hit_rate,97,30,1.0
2,Cl,DreaMS,recall,97,30,0.9478492585102797
2,Cl,DreaMS,hit_rate,98,30,1.0
2,Cl,DreaMS,recall,98,30,0.9507077856420627
2,Cl,DreaMS,hit_rate,99,30,1.0
2,Cl,DreaMS,recall,99,30,0.9521570610043816
2,Cl,DreaMS,hit_rate,100,30,1.0
2,Cl,DreaMS,recall,100,30,0.9521570610043816
2,Cl,DreaMS,hit_rate,101,30,1.0
2,Cl,DreaMS,recall,101,30,0.9521570610043816
2,Cl,DreaMS,hit_rate,102,30,1.0
2,Cl,DreaMS,recall,102,30,0.9521570610043816
2,Cl,DreaMS,hit_rate,103,30,1.0
2,Cl,DreaMS,recall,103,30,0.9521570610043816
2,Cl,DreaMS,hit_rate,104,30,1.0
2,Cl,DreaMS,recall,104,30,0.95438153016515
2,Cl,DreaMS,hit_rate,105,30,1.0
2,Cl,DreaMS,recall,105,30,0.9558308055274689
2,Cl,DreaMS,hit_rate,106,30,1.0
2,Cl,DreaMS,recall,106,30,0.9572800808897877
2,Cl,DreaMS,hit_rate,107,30,1.0
2,Cl,DreaMS,recall,107,30,0.959504550050556
2,Cl,DreaMS,hit_rate,108,30,1.0
2,Cl,DreaMS,recall,108,30,0.9602797438490057
2,Cl,DreaMS,hit_rate,109,30,1.0
2,Cl,DreaMS,recall,109,30,0.9610549376474554
2,Cl,DreaMS,hit_rate,110,30,1.0
2,Cl,DreaMS,recall,110,30,0.9653627401415571
2,Cl,DreaMS,hit_rate,111,30,1.0
2,Cl,DreaMS,recall,111,30,0.9653627401415571
2,Cl,DreaMS,hit_rate,112,30,1.0
2,Cl,DreaMS,recall,112,30,0.9653627401415571
2,Cl,DreaMS,hit_rate,113,30,1.0
2,Cl,DreaMS,recall,113,30,0.9675872093023256
2,Cl,DreaMS,hit_rate,114,30,1.0
2,Cl,DreaMS,recall,114,30,0.9683624031007751
2,Cl,DreaMS,hit_rate,115,30,1.0
2,Cl,DreaMS,recall,115,30,0.9704457364341085
2,Cl,DreaMS,hit_rate,116,30,1.0
2,Cl,DreaMS,recall,116,30,0.9704457364341085
2,Cl,DreaMS,hit_rate,117,30,1.0
2,Cl,DreaMS,recall,117,30,0.9712209302325582
2,Cl,DreaMS,hit_rate,118,30,1.0
2,Cl,DreaMS,recall,118,30,0.9712209302325582
2,Cl,DreaMS,hit_rate,119,30,1.0
2,Cl,DreaMS,recall,119,30,0.9719961240310078
2,Cl,DreaMS,hit_rate,120,30,1.0
2,Cl,DreaMS,recall,120,30,0.9719961240310078
2,Cl,DreaMS,hit_rate,121,30,1.0
2,Cl,DreaMS,recall,121,30,0.9748546511627907
2,Cl,DreaMS,hit_rate,122,30,1.0
2,Cl,DreaMS,recall,122,30,0.9748546511627907
2,Cl,DreaMS,hit_rate,123,30,1.0
2,Cl,DreaMS,recall,123,30,0.9756298449612403
2,Cl,DreaMS,hit_rate,124,30,1.0
2,Cl,DreaMS,recall,124,30,0.9756298449612403
2,Cl,DreaMS,hit_rate,125,30,1.0
2,Cl,DreaMS,recall,125,30,0.9784883720930233
2,Cl,DreaMS,hit_rate,126,30,1.0
2,Cl,DreaMS,recall,126,30,0.9792635658914729
2,Cl,DreaMS,hit_rate,127,30,1.0
2,Cl,DreaMS,recall,127,30,0.9800387596899225
2,Cl,DreaMS,hit_rate,128,30,1.0
2,Cl,DreaMS,recall,128,30,0.9828972868217054
2,Cl,DreaMS,hit_rate,129,30,1.0
2,Cl,DreaMS,recall,129,30,0.983672480620155
2,Cl,DreaMS,hit_rate,130,30,1.0
2,Cl,DreaMS,recall,130,30,0.9857558139534883
2,Cl,DreaMS,hit_rate,131,30,1.0
2,Cl,DreaMS,recall,131,30,0.9865310077519379
2,Cl,DreaMS,hit_rate,132,30,1.0
2,Cl,DreaMS,recall,132,30,0.9865310077519379
2,Cl,DreaMS,hit_rate,133,30,1.0
2,Cl,DreaMS,recall,133,30,0.9865310077519379
2,Cl,DreaMS,hit_rate,134,30,1.0
2,Cl,DreaMS,recall,134,30,0.989389534883721
2,Cl,DreaMS,hit_rate,135,30,1.0
2,Cl,DreaMS,recall,135,30,0.9901647286821705
2,Cl,DreaMS,hit_rate,136,30,1.0
2,Cl,DreaMS,recall,136,30,0.9901647286821705
2,Cl,DreaMS,hit_rate,137,30,1.0
2,Cl,DreaMS,recall,137,30,0.9909399224806201
2,Cl,DreaMS,hit_rate,138,30,1.0
2,Cl,DreaMS,recall,138,30,0.9917151162790697
2,Cl,DreaMS,hit_rate,139,30,1.0
2,Cl,DreaMS,recall,139,30,0.9924903100775194
2,Cl,DreaMS,hit_rate,140,30,1.0
2,Cl,DreaMS,recall,140,30,0.993265503875969
2,Cl,DreaMS,hit_rate,141,30,1.0
2,Cl,DreaMS,recall,141,30,0.9940406976744185
2,Cl,DreaMS,hit_rate,142,30,1.0
2,Cl,DreaMS,recall,142,30,0.9948158914728682
2,Cl,DreaMS,hit_rate,143,30,1.0
2,Cl,DreaMS,recall,143,30,0.9948158914728682
2,Cl,DreaMS,hit_rate,144,30,1.0
2,Cl,DreaMS,recall,144,30,0.9955910852713179
2,Cl,DreaMS,hit_rate,145,30,1.0
2,Cl,DreaMS,recall,145,30,0.9963662790697675
2,Cl,DreaMS,hit_rate,146,30,1.0
2,Cl,DreaMS,recall,146,30,0.9963662790697675
2,Cl,DreaMS,hit_rate,147,30,1.0
2,Cl,DreaMS,recall,147,30,0.9963662790697675
2,Cl,DreaMS,hit_rate,148,30,1.0
2,Cl,DreaMS,recall,148,30,0.9963662790697675
2,Cl,DreaMS,hit_rate,149,30,1.0
2,Cl,DreaMS,recall,149,30,0.997141472868217
2,Cl,DreaMS,hit_rate,150,30,1.0
2,Cl,DreaMS,recall,150,30,1.0
2,Cl,Linear SVM,hit_rate,5,30,0.8666666666666667
2,Cl,Linear SVM,recall,5,30,0.4112812236073105
2,Cl,Linear SVM,hit_rate,6,30,0.9
2,Cl,Linear SVM,recall,6,30,0.4902097395358265
2,Cl,Linear SVM,hit_rate,7,30,0.9
2,Cl,Linear SVM,recall,7,30,0.5005826999087869
2,Cl,Linear SVM,hit_rate,8,30,0.9333333333333333
2,Cl,Linear SVM,recall,8,30,0.5217579135840006
2,Cl,Linear SVM,hit_rate,9,30,0.9333333333333333
2,Cl,Linear SVM,recall,9,30,0.5580283098543969
2,Cl,Linear SVM,hit_rate,10,30,0.9666666666666667
2,Cl,Linear SVM,recall,10,30,0.61136164318773
2,Cl,Linear SVM,hit_rate,11,30,0.9666666666666667
2,Cl,Linear SVM,recall,11,30,0.6149727542988412
2,Cl,Linear SVM,hit_rate,12,30,0.9666666666666667
2,Cl,Linear SVM,recall,12,30,0.6410469578730449
2,Cl,Linear SVM,hit_rate,13,30,0.9666666666666667
2,Cl,Linear SVM,recall,13,30,0.6519754738015607
2,Cl,Linear SVM,hit_rate,14,30,0.9666666666666667
2,Cl,Linear SVM,recall,14,30,0.6654241917502788
2,Cl,Linear SVM,hit_rate,15,30,0.9666666666666667
2,Cl,Linear SVM,recall,15,30,0.6892703455964326
2,Cl,Linear SVM,hit_rate,16,30,0.9666666666666667
2,Cl,Linear SVM,recall,16,30,0.7011895375156244
2,Cl,Linear SVM,hit_rate,17,30,0.9666666666666667
2,Cl,Linear SVM,recall,17,30,0.7211215499476368
2,Cl,Linear SVM,hit_rate,18,30,0.9666666666666667
2,Cl,Linear SVM,recall,18,30,0.7281652309043612
2,Cl,Linear SVM,hit_rate,19,30,0.9666666666666667
2,Cl,Linear SVM,recall,19,30,0.7423202425593729
2,Cl,Linear SVM,hit_rate,20,30,0.9666666666666667
2,Cl,Linear SVM,recall,20,30,0.7493250734772474
2,Cl,Linear SVM,hit_rate,21,30,0.9666666666666667
2,Cl,Linear SVM,recall,21,30,0.7556770548292288
2,Cl,Linear SVM,hit_rate,22,30,0.9666666666666667
2,Cl,Linear SVM,recall,22,30,0.7715803182324922
2,Cl,Linear SVM,hit_rate,23,30,0.9666666666666667
2,Cl,Linear SVM,recall,23,30,0.7894482281004019
2,Cl,Linear SVM,hit_rate,24,30,0.9666666666666667
2,Cl,Linear SVM,recall,24,30,0.7958217458869632
2,Cl,Linear SVM,hit_rate,25,30,0.9666666666666667
2,Cl,Linear SVM,recall,25,30,0.7971037971690145
2,Cl,Linear SVM,hit_rate,26,30,0.9666666666666667
2,Cl,Linear SVM,recall,26,30,0.8083149217931827
2,Cl,Linear SVM,hit_rate,27,30,0.9666666666666667
2,Cl,Linear SVM,recall,27,30,0.8183545488328098
2,Cl,Linear SVM,hit_rate,28,30,0.9666666666666667
2,Cl,Linear SVM,recall,28,30,0.8213343468126078
2,Cl,Linear SVM,hit_rate,29,30,1.0
2,Cl,Linear SVM,recall,29,30,0.858096196074457
2,Cl,Linear SVM,hit_rate,30,30,1.0
2,Cl,Linear SVM,recall,30,30,0.864164572142833
2,Cl,Linear SVM,hit_rate,31,30,1.0
2,Cl,Linear SVM,recall,31,30,0.8734304753217796
2,Cl,Linear SVM,hit_rate,32,30,1.0
2,Cl,Linear SVM,recall,32,30,0.8761618019661498
2,Cl,Linear SVM,hit_rate,33,30,1.0
2,Cl,Linear SVM,recall,33,30,0.8796660754704234
2,Cl,Linear SVM,hit_rate,34,30,1.0
2,Cl,Linear SVM,recall,34,30,0.8796660754704234
2,Cl,Linear SVM,hit_rate,35,30,1.0
2,Cl,Linear SVM,recall,35,30,0.8831703489746968
2,Cl,Linear SVM,hit_rate,36,30,1.0
2,Cl,Linear SVM,recall,36,30,0.8846196243370156
2,Cl,Linear SVM,hit_rate,37,30,1.0
2,Cl,Linear SVM,recall,37,30,0.885901675619067
2,Cl,Linear SVM,hit_rate,38,30,1.0
2,Cl,Linear SVM,recall,38,30,0.8903208675382589
2,Cl,Linear SVM,hit_rate,39,30,1.0
2,Cl,Linear SVM,recall,39,30,0.8916542008715922
2,Cl,Linear SVM,hit_rate,40,30,1.0
2,Cl,Linear SVM,recall,40,30,0.8916542008715922
2,Cl,Linear SVM,hit_rate,41,30,1.0
2,Cl,Linear SVM,recall,41,30,0.8916542008715922
2,Cl,Linear SVM,hit_rate,42,30,1.0
2,Cl,Linear SVM,recall,42,30,0.8944923651228
2,Cl,Linear SVM,hit_rate,43,30,1.0
2,Cl,Linear SVM,recall,43,30,0.8958256984561334
2,Cl,Linear SVM,hit_rate,44,30,1.0
2,Cl,Linear SVM,recall,44,30,0.8958256984561334
2,Cl,Linear SVM,hit_rate,45,30,1.0
2,Cl,Linear SVM,recall,45,30,0.8972749738184521
2,Cl,Linear SVM,hit_rate,46,30,1.0
2,Cl,Linear SVM,recall,46,30,0.8972749738184521
2,Cl,Linear SVM,hit_rate,47,30,1.0
2,Cl,Linear SVM,recall,47,30,0.8972749738184521
2,Cl,Linear SVM,hit_rate,48,30,1.0
2,Cl,Linear SVM,recall,48,30,0.90522369176717
2,Cl,Linear SVM,hit_rate,49,30,1.0
2,Cl,Linear SVM,recall,49,30,0.91322369176717
2,Cl,Linear SVM,hit_rate,50,30,1.0
2,Cl,Linear SVM,recall,50,30,0.9160618560183778
2,Cl,Linear SVM,hit_rate,51,30,1.0
2,Cl,Linear SVM,recall,51,30,0.9160618560183778
2,Cl,Linear SVM,hit_rate,52,30,1.0
2,Cl,Linear SVM,recall,52,30,0.917343907300429
2,Cl,Linear SVM,hit_rate,53,30,1.0
2,Cl,Linear SVM,recall,53,30,0.9186259585824803
2,Cl,Linear SVM,hit_rate,54,30,1.0
2,Cl,Linear SVM,recall,54,30,0.928023951893517
2,Cl,Linear SVM,hit_rate,55,30,1.0
2,Cl,Linear SVM,recall,55,30,0.9293060031755684
2,Cl,Linear SVM,hit_rate,56,30,1.0
2,Cl,Linear SVM,recall,56,30,0.9293060031755684
2,Cl,Linear SVM,hit_rate,57,30,1.0
2,Cl,Linear SVM,recall,57,30,0.9305880544576196
2,Cl,Linear SVM,hit_rate,58,30,1.0
2,Cl,Linear SVM,recall,58,30,0.9320373298199385
2,Cl,Linear SVM,hit_rate,59,30,1.0
2,Cl,Linear SVM,recall,59,30,0.9327949055775143
2,Cl,Linear SVM,hit_rate,60,30,1.0
2,Cl,Linear SVM,recall,60,30,0.9327949055775143
2,Cl,Linear SVM,hit_rate,61,30,1.0
2,Cl,Linear SVM,recall,61,30,0.9341837944664031
2,Cl,Linear SVM,hit_rate,62,30,1.0
2,Cl,Linear SVM,recall,62,30,0.9355726833552921
2,Cl,Linear SVM,hit_rate,63,30,1.0
2,Cl,Linear SVM,recall,63,30,0.936961572244181
2,Cl,Linear SVM,hit_rate,64,30,1.0
2,Cl,Linear SVM,recall,64,30,0.9382949055775143
2,Cl,Linear SVM,hit_rate,65,30,1.0
2,Cl,Linear SVM,recall,65,30,0.9397441809398331
2,Cl,Linear SVM,hit_rate,66,30,1.0
2,Cl,Linear SVM,recall,66,30,0.9424664031620554
2,Cl,Linear SVM,hit_rate,67,30,1.0
2,Cl,Linear SVM,recall,67,30,0.9446128678085199
2,Cl,Linear SVM,hit_rate,68,30,1.0
2,Cl,Linear SVM,recall,68,30,0.9473350900307423
2,Cl,Linear SVM,hit_rate,69,30,1.0
2,Cl,Linear SVM,recall,69,30,0.9473350900307423
2,Cl,Linear SVM,hit_rate,70,30,1.0
2,Cl,Linear SVM,recall,70,30,0.9473350900307423
2,Cl,Linear SVM,hit_rate,71,30,1.0
2,Cl,Linear SVM,recall,71,30,0.948092665788318
2,Cl,Linear SVM,hit_rate,72,30,1.0
2,Cl,Linear SVM,recall,72,30,0.9495419411506368
2,Cl,Linear SVM,hit_rate,73,30,1.0
2,Cl,Linear SVM,recall,73,30,0.9509912165129556
2,Cl,Linear SVM,hit_rate,74,30,1.0
2,Cl,Linear SVM,recall,74,30,0.9509912165129556
2,Cl,Linear SVM,hit_rate,75,30,1.0
2,Cl,Linear SVM,recall,75,30,0.9531376811594203
2,Cl,Linear SVM,hit_rate,76,30,1.0
2,Cl,Linear SVM,recall,76,30,0.9531376811594203
2,Cl,Linear SVM,hit_rate,77,30,1.0
2,Cl,Linear SVM,recall,77,30,0.9531376811594203
2,Cl,Linear SVM,hit_rate,78,30,1.0
2,Cl,Linear SVM,recall,78,30,0.9531376811594203
2,Cl,Linear SVM,hit_rate,79,30,1.0
2,Cl,Linear SVM,recall,79,30,0.9531376811594203
2,Cl,Linear SVM,hit_rate,80,30,1.0
2,Cl,Linear SVM,recall,80,30,0.9544710144927536
2,Cl,Linear SVM,hit_rate,81,30,1.0
2,Cl,Linear SVM,recall,81,30,0.9571932367149759
2,Cl,Linear SVM,hit_rate,82,30,1.0
2,Cl,Linear SVM,recall,82,30,0.9586425120772947
2,Cl,Linear SVM,hit_rate,83,30,1.0
2,Cl,Linear SVM,recall,83,30,0.9600314009661837
2,Cl,Linear SVM,hit_rate,84,30,1.0
2,Cl,Linear SVM,recall,84,30,0.9627536231884057
2,Cl,Linear SVM,hit_rate,85,30,1.0
2,Cl,Linear SVM,recall,85,30,0.9627536231884057
2,Cl,Linear SVM,hit_rate,86,30,1.0
2,Cl,Linear SVM,recall,86,30,0.9627536231884057
2,Cl,Linear SVM,hit_rate,87,30,1.0
2,Cl,Linear SVM,recall,87,30,0.9627536231884057
2,Cl,Linear SVM,hit_rate,88,30,1.0
2,Cl,Linear SVM,recall,88,30,0.9627536231884057
2,Cl,Linear SVM,hit_rate,89,30,1.0
2,Cl,Linear SVM,recall,89,30,0.9627536231884057
2,Cl,Linear SVM,hit_rate,90,30,1.0
2,Cl,Linear SVM,recall,90,30,0.9627536231884057
2,Cl,Linear SVM,hit_rate,91,30,1.0
2,Cl,Linear SVM,recall,91,30,0.9627536231884057
2,Cl,Linear SVM,hit_rate,92,30,1.0
2,Cl,Linear SVM,recall,92,30,0.9627536231884057
2,Cl,Linear SVM,hit_rate,93,30,1.0
2,Cl,Linear SVM,recall,93,30,0.9627536231884057
2,Cl,Linear SVM,hit_rate,94,30,1.0
2,Cl,Linear SVM,recall,94,30,0.9627536231884057
2,Cl,Linear SVM,hit_rate,95,30,1.0
2,Cl,Linear SVM,recall,95,30,0.9627536231884057
2,Cl,Linear SVM,hit_rate,96,30,1.0
2,Cl,Linear SVM,recall,96,30,0.9642028985507246
2,Cl,Linear SVM,hit_rate,97,30,1.0
2,Cl,Linear SVM,recall,97,30,0.9642028985507246
2,Cl,Linear SVM,hit_rate,98,30,1.0
2,Cl,Linear SVM,recall,98,30,0.9642028985507246
2,Cl,Linear SVM,hit_rate,99,30,1.0
2,Cl,Linear SVM,recall,99,30,0.9642028985507246
2,Cl,Linear SVM,hit_rate,100,30,1.0
2,Cl,Linear SVM,recall,100,30,0.9656521739130436
2,Cl,Linear SVM,hit_rate,101,30,1.0
2,Cl,Linear SVM,recall,101,30,0.9671014492753623
2,Cl,Linear SVM,hit_rate,102,30,1.0
2,Cl,Linear SVM,recall,102,30,0.9671014492753623
2,Cl,Linear SVM,hit_rate,103,30,1.0
2,Cl,Linear SVM,recall,103,30,0.9684347826086956
2,Cl,Linear SVM,hit_rate,104,30,1.0
2,Cl,Linear SVM,recall,104,30,0.9698840579710145
2,Cl,Linear SVM,hit_rate,105,30,1.0
2,Cl,Linear SVM,recall,105,30,0.9698840579710145
2,Cl,Linear SVM,hit_rate,106,30,1.0
2,Cl,Linear SVM,recall,106,30,0.9698840579710145
2,Cl,Linear SVM,hit_rate,107,30,1.0
2,Cl,Linear SVM,recall,107,30,0.9698840579710145
2,Cl,Linear SVM,hit_rate,108,30,1.0
2,Cl,Linear SVM,recall,108,30,0.9713333333333334
2,Cl,Linear SVM,hit_rate,109,30,1.0
2,Cl,Linear SVM,recall,109,30,0.9713333333333334
2,Cl,Linear SVM,hit_rate,110,30,1.0
2,Cl,Linear SVM,recall,110,30,0.9713333333333334
2,Cl,Linear SVM,hit_rate,111,30,1.0
2,Cl,Linear SVM,recall,111,30,0.9713333333333334
2,Cl,Linear SVM,hit_rate,112,30,1.0
2,Cl,Linear SVM,recall,112,30,0.9713333333333334
2,Cl,Linear SVM,hit_rate,113,30,1.0
2,Cl,Linear SVM,recall,113,30,0.9713333333333334
2,Cl,Linear SVM,hit_rate,114,30,1.0
2,Cl,Linear SVM,recall,114,30,0.9713333333333334
2,Cl,Linear SVM,hit_rate,115,30,1.0
2,Cl,Linear SVM,recall,115,30,0.9713333333333334
2,Cl,Linear SVM,hit_rate,116,30,1.0
2,Cl,Linear SVM,recall,116,30,0.9734242424242424
2,Cl,Linear SVM,hit_rate,117,30,1.0
2,Cl,Linear SVM,recall,117,30,0.9741818181818183
2,Cl,Linear SVM,hit_rate,118,30,1.0
2,Cl,Linear SVM,recall,118,30,0.9741818181818183
2,Cl,Linear SVM,hit_rate,119,30,1.0
2,Cl,Linear SVM,recall,119,30,0.974939393939394
2,Cl,Linear SVM,hit_rate,120,30,1.0
2,Cl,Linear SVM,recall,120,30,0.9756969696969696
2,Cl,Linear SVM,hit_rate,121,30,1.0
2,Cl,Linear SVM,recall,121,30,0.9756969696969696
2,Cl,Linear SVM,hit_rate,122,30,1.0
2,Cl,Linear SVM,recall,122,30,0.9764545454545455
2,Cl,Linear SVM,hit_rate,123,30,1.0
2,Cl,Linear SVM,recall,123,30,0.9764545454545455
2,Cl,Linear SVM,hit_rate,124,30,1.0
2,Cl,Linear SVM,recall,124,30,0.9764545454545455
2,Cl,Linear SVM,hit_rate,125,30,1.0
2,Cl,Linear SVM,recall,125,30,0.9764545454545455
2,Cl,Linear SVM,hit_rate,126,30,1.0
2,Cl,Linear SVM,recall,126,30,0.9772121212121212
2,Cl,Linear SVM,hit_rate,127,30,1.0
2,Cl,Linear SVM,recall,127,30,0.977969696969697
2,Cl,Linear SVM,hit_rate,128,30,1.0
2,Cl,Linear SVM,recall,128,30,0.977969696969697
2,Cl,Linear SVM,hit_rate,129,30,1.0
2,Cl,Linear SVM,recall,129,30,0.977969696969697
2,Cl,Linear SVM,hit_rate,130,30,1.0
2,Cl,Linear SVM,recall,130,30,0.9787272727272727
2,Cl,Linear SVM,hit_rate,131,30,1.0
2,Cl,Linear SVM,recall,131,30,0.980060606060606
2,Cl,Linear SVM,hit_rate,132,30,1.0
2,Cl,Linear SVM,recall,132,30,0.9821515151515151
2,Cl,Linear SVM,hit_rate,133,30,1.0
2,Cl,Linear SVM,recall,133,30,0.9821515151515151
2,Cl,Linear SVM,hit_rate,134,30,1.0
2,Cl,Linear SVM,recall,134,30,0.9821515151515151
2,Cl,Linear SVM,hit_rate,135,30,1.0
2,Cl,Linear SVM,recall,135,30,0.9821515151515151
2,Cl,Linear SVM,hit_rate,136,30,1.0
2,Cl,Linear SVM,recall,136,30,0.9821515151515151
2,Cl,Linear SVM,hit_rate,137,30,1.0
2,Cl,Linear SVM,recall,137,30,0.9829090909090908
2,Cl,Linear SVM,hit_rate,138,30,1.0
2,Cl,Linear SVM,recall,138,30,0.9842424242424243
2,Cl,Linear SVM,hit_rate,139,30,1.0
2,Cl,Linear SVM,recall,139,30,0.9842424242424243
2,Cl,Linear SVM,hit_rate,140,30,1.0
2,Cl,Linear SVM,recall,140,30,0.985
2,Cl,Linear SVM,hit_rate,141,30,1.0
2,Cl,Linear SVM,recall,141,30,0.9857575757575758
2,Cl,Linear SVM,hit_rate,142,30,1.0
2,Cl,Linear SVM,recall,142,30,0.9857575757575758
2,Cl,Linear SVM,hit_rate,143,30,1.0
2,Cl,Linear SVM,recall,143,30,0.9857575757575758
2,Cl,Linear SVM,hit_rate,144,30,1.0
2,Cl,Linear SVM,recall,144,30,0.9857575757575758
2,Cl,Linear SVM,hit_rate,145,30,1.0
2,Cl,Linear SVM,recall,145,30,0.9857575757575758
2,Cl,Linear SVM,hit_rate,146,30,1.0
2,Cl,Linear SVM,recall,146,30,0.9857575757575758
2,Cl,Linear SVM,hit_rate,147,30,1.0
2,Cl,Linear SVM,recall,147,30,0.9878484848484848
2,Cl,Linear SVM,hit_rate,148,30,1.0
2,Cl,Linear SVM,recall,148,30,0.9878484848484848
2,Cl,Linear SVM,hit_rate,149,30,1.0
2,Cl,Linear SVM,recall,149,30,0.9878484848484848
2,Cl,Linear SVM,hit_rate,150,30,1.0
2,Cl,Linear SVM,recall,150,30,0.9878484848484848
2,Cl,Random forest,hit_rate,5,30,0.7333333333333333
2,Cl,Random forest,recall,5,30,0.3707439275700145
2,Cl,Random forest,hit_rate,6,30,0.7333333333333333
2,Cl,Random forest,recall,6,30,0.3926767170028039
2,Cl,Random forest,hit_rate,7,30,0.7666666666666667
2,Cl,Random forest,recall,7,30,0.43648984831593524
2,Cl,Random forest,hit_rate,8,30,0.8333333333333334
2,Cl,Random forest,recall,8,30,0.5027718995979865
2,Cl,Random forest,hit_rate,9,30,0.8666666666666667
2,Cl,Random forest,recall,9,30,0.5229486672747542
2,Cl,Random forest,hit_rate,10,30,0.8666666666666667
2,Cl,Random forest,recall,10,30,0.5540444072835378
2,Cl,Random forest,hit_rate,11,30,0.9
2,Cl,Random forest,recall,11,30,0.5672709030100335
2,Cl,Random forest,hit_rate,12,30,0.9
2,Cl,Random forest,recall,12,30,0.5827507009898315
2,Cl,Random forest,hit_rate,13,30,0.9333333333333333
2,Cl,Random forest,recall,13,30,0.6116279348670653
2,Cl,Random forest,hit_rate,14,30,0.9333333333333333
2,Cl,Random forest,recall,14,30,0.6232188439579744
2,Cl,Random forest,hit_rate,15,30,0.9333333333333333
2,Cl,Random forest,recall,15,30,0.6485918043309347
2,Cl,Random forest,hit_rate,16,30,0.9333333333333333
2,Cl,Random forest,recall,16,30,0.6549806932198236
2,Cl,Random forest,hit_rate,17,30,0.9666666666666667
2,Cl,Random forest,recall,17,30,0.6897029154420459
2,Cl,Random forest,hit_rate,18,30,1.0
2,Cl,Random forest,recall,18,30,0.7106314313705617
2,Cl,Random forest,hit_rate,19,30,1.0
2,Cl,Random forest,recall,19,30,0.7113890071281375
2,Cl,Random forest,hit_rate,20,30,1.0
2,Cl,Random forest,recall,20,30,0.7168377250768555
2,Cl,Random forest,hit_rate,21,30,1.0
2,Cl,Random forest,recall,21,30,0.7257149589540893
2,Cl,Random forest,hit_rate,22,30,1.0
2,Cl,Random forest,recall,22,30,0.7346679504070808
2,Cl,Random forest,hit_rate,23,30,1.0
2,Cl,Random forest,recall,23,30,0.7408742441133745
2,Cl,Random forest,hit_rate,24,30,1.0
2,Cl,Random forest,recall,24,30,0.7477118509509814
2,Cl,Random forest,hit_rate,25,30,1.0
2,Cl,Random forest,recall,25,30,0.7709014391405695
2,Cl,Random forest,hit_rate,26,30,1.0
2,Cl,Random forest,recall,26,30,0.7865210972602276
2,Cl,Random forest,hit_rate,27,30,1.0
2,Cl,Random forest,recall,27,30,0.7945339177730482
2,Cl,Random forest,hit_rate,28,30,1.0
2,Cl,Random forest,recall,28,30,0.8109111516502822
2,Cl,Random forest,hit_rate,29,30,1.0
2,Cl,Random forest,recall,29,30,0.8185451842843148
2,Cl,Random forest,hit_rate,30,30,1.0
2,Cl,Random forest,recall,30,30,0.8278110874632615
2,Cl,Random forest,hit_rate,31,30,1.0
2,Cl,Random forest,recall,31,30,0.8341630688152428
2,Cl,Random forest,hit_rate,32,30,1.0
2,Cl,Random forest,recall,32,30,0.8468398364920104
2,Cl,Random forest,hit_rate,33,30,1.0
2,Cl,Random forest,recall,33,30,0.8519097665619405
2,Cl,Random forest,hit_rate,34,30,1.0
2,Cl,Random forest,recall,34,30,0.8569796966318707
2,Cl,Random forest,hit_rate,35,30,1.0
2,Cl,Random forest,recall,35,30,0.8618728590250329
2,Cl,Random forest,hit_rate,36,30,1.0
2,Cl,Random forest,recall,36,30,0.8745496267018006
2,Cl,Random forest,hit_rate,37,30,1.0
2,Cl,Random forest,recall,37,30,0.878861981014155
2,Cl,Random forest,hit_rate,38,30,1.0
2,Cl,Random forest,recall,38,30,0.883931911084085
2,Cl,Random forest,hit_rate,39,30,1.0
2,Cl,Random forest,recall,39,30,0.8852652444174184
2,Cl,Random forest,hit_rate,40,30,1.0
2,Cl,Random forest,recall,40,30,0.8852652444174184
2,Cl,Random forest,hit_rate,41,30,1.0
2,Cl,Random forest,recall,41,30,0.8954208134860309
2,Cl,Random forest,hit_rate,42,30,1.0
2,Cl,Random forest,recall,42,30,0.8954208134860309
2,Cl,Random forest,hit_rate,43,30,1.0
2,Cl,Random forest,recall,43,30,0.9047584203236377
2,Cl,Random forest,hit_rate,44,30,1.0
2,Cl,Random forest,recall,44,30,0.9047584203236377
2,Cl,Random forest,hit_rate,45,30,1.0
2,Cl,Random forest,recall,45,30,0.906040471605689
2,Cl,Random forest,hit_rate,46,30,1.0
2,Cl,Random forest,recall,46,30,0.9073225228877403
2,Cl,Random forest,hit_rate,47,30,1.0
2,Cl,Random forest,recall,47,30,0.9114427384209994
2,Cl,Random forest,hit_rate,48,30,1.0
2,Cl,Random forest,recall,48,30,0.9127247897030505
2,Cl,Random forest,hit_rate,49,30,1.0
2,Cl,Random forest,recall,49,30,0.9127247897030505
2,Cl,Random forest,hit_rate,50,30,1.0
2,Cl,Random forest,recall,50,30,0.9154561163474207
2,Cl,Random forest,hit_rate,51,30,1.0
2,Cl,Random forest,recall,51,30,0.9167381676294719
2,Cl,Random forest,hit_rate,52,30,1.0
2,Cl,Random forest,recall,52,30,0.9195763318806798
2,Cl,Random forest,hit_rate,53,30,1.0
2,Cl,Random forest,recall,53,30,0.9217227965271443
2,Cl,Random forest,hit_rate,54,30,1.0
2,Cl,Random forest,recall,54,30,0.9217227965271443
2,Cl,Random forest,hit_rate,55,30,1.0
2,Cl,Random forest,recall,55,30,0.9230048478091957
2,Cl,Random forest,hit_rate,56,30,1.0
2,Cl,Random forest,recall,56,30,0.924286899091247
2,Cl,Random forest,hit_rate,57,30,1.0
2,Cl,Random forest,recall,57,30,0.9263265261308739
2,Cl,Random forest,hit_rate,58,30,1.0
2,Cl,Random forest,recall,58,30,0.9277154150197628
2,Cl,Random forest,hit_rate,59,30,1.0
2,Cl,Random forest,recall,59,30,0.9291043039086517
2,Cl,Random forest,hit_rate,60,30,1.0
2,Cl,Random forest,recall,60,30,0.9298618796662275
2,Cl,Random forest,hit_rate,61,30,1.0
2,Cl,Random forest,recall,61,30,0.9311952129995608
2,Cl,Random forest,hit_rate,62,30,1.0
2,Cl,Random forest,recall,62,30,0.9340333772507685
2,Cl,Random forest,hit_rate,63,30,1.0
2,Cl,Random forest,recall,63,30,0.9340333772507685
2,Cl,Random forest,hit_rate,64,30,1.0
2,Cl,Random forest,recall,64,30,0.9340333772507685
2,Cl,Random forest,hit_rate,65,30,1.0
2,Cl,Random forest,recall,65,30,0.9340333772507685
2,Cl,Random forest,hit_rate,66,30,1.0
2,Cl,Random forest,recall,66,30,0.9340333772507685
2,Cl,Random forest,hit_rate,67,30,1.0
2,Cl,Random forest,recall,67,30,0.9368159859464207
2,Cl,Random forest,hit_rate,68,30,1.0
2,Cl,Random forest,recall,68,30,0.9368159859464207
2,Cl,Random forest,hit_rate,69,30,1.0
2,Cl,Random forest,recall,69,30,0.9389624505928854
2,Cl,Random forest,hit_rate,70,30,1.0
2,Cl,Random forest,recall,70,30,0.9410533596837944
2,Cl,Random forest,hit_rate,71,30,1.0
2,Cl,Random forest,recall,71,30,0.9445935441370225
2,Cl,Random forest,hit_rate,72,30,1.0
2,Cl,Random forest,recall,72,30,0.9460428194993412
2,Cl,Random forest,hit_rate,73,30,1.0
2,Cl,Random forest,recall,73,30,0.9474317083882301
2,Cl,Random forest,hit_rate,74,30,1.0
2,Cl,Random forest,recall,74,30,0.9474317083882301
2,Cl,Random forest,hit_rate,75,30,1.0
2,Cl,Random forest,recall,75,30,0.9474317083882301
2,Cl,Random forest,hit_rate,76,30,1.0
2,Cl,Random forest,recall,76,30,0.9474317083882301
2,Cl,Random forest,hit_rate,77,30,1.0
2,Cl,Random forest,recall,77,30,0.9474317083882301
2,Cl,Random forest,hit_rate,78,30,1.0
2,Cl,Random forest,recall,78,30,0.948880983750549
2,Cl,Random forest,hit_rate,79,30,1.0
2,Cl,Random forest,recall,79,30,0.9503302591128677
2,Cl,Random forest,hit_rate,80,30,1.0
2,Cl,Random forest,recall,80,30,0.9503302591128677
2,Cl,Random forest,hit_rate,81,30,1.0
2,Cl,Random forest,recall,81,30,0.9503302591128677
2,Cl,Random forest,hit_rate,82,30,1.0
2,Cl,Random forest,recall,82,30,0.9510878348704436
2,Cl,Random forest,hit_rate,83,30,1.0
2,Cl,Random forest,recall,83,30,0.9525371102327624
2,Cl,Random forest,hit_rate,84,30,1.0
2,Cl,Random forest,recall,84,30,0.9553197189284146
2,Cl,Random forest,hit_rate,85,30,1.0
2,Cl,Random forest,recall,85,30,0.9553197189284146
2,Cl,Random forest,hit_rate,86,30,1.0
2,Cl,Random forest,recall,86,30,0.9580419411506367
2,Cl,Random forest,hit_rate,87,30,1.0
2,Cl,Random forest,recall,87,30,0.9608801054018445
2,Cl,Random forest,hit_rate,88,30,1.0
2,Cl,Random forest,recall,88,30,0.9616376811594203
2,Cl,Random forest,hit_rate,89,30,1.0
2,Cl,Random forest,recall,89,30,0.9623952569169961
2,Cl,Random forest,hit_rate,90,30,1.0
2,Cl,Random forest,recall,90,30,0.9637285902503294
2,Cl,Random forest,hit_rate,91,30,1.0
2,Cl,Random forest,recall,91,30,0.9637285902503294
2,Cl,Random forest,hit_rate,92,30,1.0
2,Cl,Random forest,recall,92,30,0.9644861660079052
2,Cl,Random forest,hit_rate,93,30,1.0
2,Cl,Random forest,recall,93,30,0.9644861660079052
2,Cl,Random forest,hit_rate,94,30,1.0
2,Cl,Random forest,recall,94,30,0.9644861660079052
2,Cl,Random forest,hit_rate,95,30,1.0
2,Cl,Random forest,recall,95,30,0.9644861660079052
2,Cl,Random forest,hit_rate,96,30,1.0
2,Cl,Random forest,recall,96,30,0.9658194993412385
2,Cl,Random forest,hit_rate,97,30,1.0
2,Cl,Random forest,recall,97,30,0.9672687747035572
2,Cl,Random forest,hit_rate,98,30,1.0
2,Cl,Random forest,recall,98,30,0.9672687747035572
2,Cl,Random forest,hit_rate,99,30,1.0
2,Cl,Random forest,recall,99,30,0.9672687747035572
2,Cl,Random forest,hit_rate,100,30,1.0
2,Cl,Random forest,recall,100,30,0.9672687747035572
2,Cl,Random forest,hit_rate,101,30,1.0
2,Cl,Random forest,recall,101,30,0.9672687747035572
2,Cl,Random forest,hit_rate,102,30,1.0
2,Cl,Random forest,recall,102,30,0.9672687747035572
2,Cl,Random forest,hit_rate,103,30,1.0
2,Cl,Random forest,recall,103,30,0.9672687747035572
2,Cl,Random forest,hit_rate,104,30,1.0
2,Cl,Random forest,recall,104,30,0.9672687747035572
2,Cl,Random forest,hit_rate,105,30,1.0
2,Cl,Random forest,recall,105,30,0.9672687747035572
2,Cl,Random forest,hit_rate,106,30,1.0
2,Cl,Random forest,recall,106,30,0.9700513833992095
2,Cl,Random forest,hit_rate,107,30,1.0
2,Cl,Random forest,recall,107,30,0.9700513833992095
2,Cl,Random forest,hit_rate,108,30,1.0
2,Cl,Random forest,recall,108,30,0.9700513833992095
2,Cl,Random forest,hit_rate,109,30,1.0
2,Cl,Random forest,recall,109,30,0.9700513833992095
2,Cl,Random forest,hit_rate,110,30,1.0
2,Cl,Random forest,recall,110,30,0.9708089591567853
2,Cl,Random forest,hit_rate,111,30,1.0
2,Cl,Random forest,recall,111,30,0.9722582345191041
2,Cl,Random forest,hit_rate,112,30,1.0
2,Cl,Random forest,recall,112,30,0.9722582345191041
2,Cl,Random forest,hit_rate,113,30,1.0
2,Cl,Random forest,recall,113,30,0.973707509881423
2,Cl,Random forest,hit_rate,114,30,1.0
2,Cl,Random forest,recall,114,30,0.9751567852437418
2,Cl,Random forest,hit_rate,115,30,1.0
2,Cl,Random forest,recall,115,30,0.9766060606060606
2,Cl,Random forest,hit_rate,116,30,1.0
2,Cl,Random forest,recall,116,30,0.9766060606060606
2,Cl,Random forest,hit_rate,117,30,1.0
2,Cl,Random forest,recall,117,30,0.9779393939393939
2,Cl,Random forest,hit_rate,118,30,1.0
2,Cl,Random forest,recall,118,30,0.9779393939393939
2,Cl,Random forest,hit_rate,119,30,1.0
2,Cl,Random forest,recall,119,30,0.9779393939393939
2,Cl,Random forest,hit_rate,120,30,1.0
2,Cl,Random forest,recall,120,30,0.9779393939393939
2,Cl,Random forest,hit_rate,121,30,1.0
2,Cl,Random forest,recall,121,30,0.9779393939393939
2,Cl,Random forest,hit_rate,122,30,1.0
2,Cl,Random forest,recall,122,30,0.9779393939393939
2,Cl,Random forest,hit_rate,123,30,1.0
2,Cl,Random forest,recall,123,30,0.9779393939393939
2,Cl,Random forest,hit_rate,124,30,1.0
2,Cl,Random forest,recall,124,30,0.9779393939393939
2,Cl,Random forest,hit_rate,125,30,1.0
2,Cl,Random forest,recall,125,30,0.9779393939393939
2,Cl,Random forest,hit_rate,126,30,1.0
2,Cl,Random forest,recall,126,30,0.9786969696969696
2,Cl,Random forest,hit_rate,127,30,1.0
2,Cl,Random forest,recall,127,30,0.9786969696969696
2,Cl,Random forest,hit_rate,128,30,1.0
2,Cl,Random forest,recall,128,30,0.9786969696969696
2,Cl,Random forest,hit_rate,129,30,1.0
2,Cl,Random forest,recall,129,30,0.9786969696969696
2,Cl,Random forest,hit_rate,130,30,1.0
2,Cl,Random forest,recall,130,30,0.9786969696969696
2,Cl,Random forest,hit_rate,131,30,1.0
2,Cl,Random forest,recall,131,30,0.9786969696969696
2,Cl,Random forest,hit_rate,132,30,1.0
2,Cl,Random forest,recall,132,30,0.9786969696969696
2,Cl,Random forest,hit_rate,133,30,1.0
2,Cl,Random forest,recall,133,30,0.9786969696969696
2,Cl,Random forest,hit_rate,134,30,1.0
2,Cl,Random forest,recall,134,30,0.9794545454545455
2,Cl,Random forest,hit_rate,135,30,1.0
2,Cl,Random forest,recall,135,30,0.9794545454545455
2,Cl,Random forest,hit_rate,136,30,1.0
2,Cl,Random forest,recall,136,30,0.9794545454545455
2,Cl,Random forest,hit_rate,137,30,1.0
2,Cl,Random forest,recall,137,30,0.9794545454545455
2,Cl,Random forest,hit_rate,138,30,1.0
2,Cl,Random forest,recall,138,30,0.9807878787878788
2,Cl,Random forest,hit_rate,139,30,1.0
2,Cl,Random forest,recall,139,30,0.9807878787878788
2,Cl,Random forest,hit_rate,140,30,1.0
2,Cl,Random forest,recall,140,30,0.9807878787878788
2,Cl,Random forest,hit_rate,141,30,1.0
2,Cl,Random forest,recall,141,30,0.9807878787878788
2,Cl,Random forest,hit_rate,142,30,1.0
2,Cl,Random forest,recall,142,30,0.9807878787878788
2,Cl,Random forest,hit_rate,143,30,1.0
2,Cl,Random forest,recall,143,30,0.9807878787878788
2,Cl,Random forest,hit_rate,144,30,1.0
2,Cl,Random forest,recall,144,30,0.9807878787878788
2,Cl,Random forest,hit_rate,145,30,1.0
2,Cl,Random forest,recall,145,30,0.9807878787878788
2,Cl,Random forest,hit_rate,146,30,1.0
2,Cl,Random forest,recall,146,30,0.9815454545454545
2,Cl,Random forest,hit_rate,147,30,1.0
2,Cl,Random forest,recall,147,30,0.9815454545454545
2,Cl,Random forest,hit_rate,148,30,1.0
2,Cl,Random forest,recall,148,30,0.9815454545454545
2,Cl,Random forest,hit_rate,149,30,1.0
2,Cl,Random forest,recall,149,30,0.9815454545454545
2,Cl,Random forest,hit_rate,150,30,1.0
2,Cl,Random forest,recall,150,30,0.9815454545454545
2,Br,UltraMS,hit_rate,5,19,0.9473684210526315
2,Br,UltraMS,recall,5,19,0.6528822055137845
2,Br,UltraMS,hit_rate,6,19,0.9473684210526315
2,Br,UltraMS,recall,6,19,0.6882832080200502
2,Br,UltraMS,hit_rate,7,19,0.9473684210526315
2,Br,UltraMS,recall,7,19,0.7828947368421053
2,Br,UltraMS,hit_rate,8,19,1.0
2,Br,UltraMS,recall,8,19,0.8468045112781956
2,Br,UltraMS,hit_rate,9,19,1.0
2,Br,UltraMS,recall,9,19,0.8646616541353385
2,Br,UltraMS,hit_rate,10,19,1.0
2,Br,UltraMS,recall,10,19,0.8825187969924811
2,Br,UltraMS,hit_rate,11,19,1.0
2,Br,UltraMS,recall,11,19,0.8854427736006683
2,Br,UltraMS,hit_rate,12,19,1.0
2,Br,UltraMS,recall,12,19,0.8949456975772765
2,Br,UltraMS,hit_rate,13,19,1.0
2,Br,UltraMS,recall,13,19,0.9332706766917291
2,Br,UltraMS,hit_rate,14,19,1.0
2,Br,UltraMS,recall,14,19,0.9628237259816208
2,Br,UltraMS,hit_rate,15,19,1.0
2,Br,UltraMS,recall,15,19,0.9657477025898078
2,Br,UltraMS,hit_rate,16,19,1.0
2,Br,UltraMS,recall,16,19,0.968671679197995
2,Br,UltraMS,hit_rate,17,19,1.0
2,Br,UltraMS,recall,17,19,0.9741019214703425
2,Br,UltraMS,hit_rate,18,19,1.0
2,Br,UltraMS,recall,18,19,0.9770258980785297
2,Br,UltraMS,hit_rate,19,19,1.0
2,Br,UltraMS,recall,19,19,0.97953216374269
2,Br,UltraMS,hit_rate,20,19,1.0
2,Br,UltraMS,recall,20,19,0.9820384294068504
2,Br,UltraMS,hit_rate,21,19,1.0
2,Br,UltraMS,recall,21,19,0.9820384294068504
2,Br,UltraMS,hit_rate,22,19,1.0
2,Br,UltraMS,recall,22,19,0.9845446950710108
2,Br,UltraMS,hit_rate,23,19,1.0
2,Br,UltraMS,recall,23,19,0.9845446950710108
2,Br,UltraMS,hit_rate,24,19,1.0
2,Br,UltraMS,recall,24,19,0.987468671679198
2,Br,UltraMS,hit_rate,25,19,1.0
2,Br,UltraMS,recall,25,19,0.987468671679198
2,Br,UltraMS,hit_rate,26,19,1.0
2,Br,UltraMS,recall,26,19,0.987468671679198
2,Br,UltraMS,hit_rate,27,19,1.0
2,Br,UltraMS,recall,27,19,0.987468671679198
2,Br,UltraMS,hit_rate,28,19,1.0
2,Br,UltraMS,recall,28,19,0.987468671679198
2,Br,UltraMS,hit_rate,29,19,1.0
2,Br,UltraMS,recall,29,19,0.987468671679198
2,Br,UltraMS,hit_rate,30,19,1.0
2,Br,UltraMS,recall,30,19,0.9899749373433584
2,Br,UltraMS,hit_rate,31,19,1.0
2,Br,UltraMS,recall,31,19,0.9899749373433584
2,Br,UltraMS,hit_rate,32,19,1.0
2,Br,UltraMS,recall,32,19,0.9924812030075189
2,Br,UltraMS,hit_rate,33,19,1.0
2,Br,UltraMS,recall,33,19,0.9924812030075189
2,Br,UltraMS,hit_rate,34,19,1.0
2,Br,UltraMS,recall,34,19,0.9949874686716792
2,Br,UltraMS,hit_rate,35,19,1.0
2,Br,UltraMS,recall,35,19,0.9949874686716792
2,Br,UltraMS,hit_rate,36,19,1.0
2,Br,UltraMS,recall,36,19,0.9974937343358397
2,Br,UltraMS,hit_rate,37,19,1.0
2,Br,UltraMS,recall,37,19,0.9974937343358397
2,Br,UltraMS,hit_rate,38,19,1.0
2,Br,UltraMS,recall,38,19,1.0
2,Br,UltraMS,hit_rate,39,19,1.0
2,Br,UltraMS,recall,39,19,1.0
2,Br,UltraMS,hit_rate,40,19,1.0
2,Br,UltraMS,recall,40,19,1.0
2,Br,UltraMS,hit_rate,41,19,1.0
2,Br,UltraMS,recall,41,19,1.0
2,Br,UltraMS,hit_rate,42,19,1.0
2,Br,UltraMS,recall,42,19,1.0
2,Br,UltraMS,hit_rate,43,19,1.0
2,Br,UltraMS,recall,43,19,1.0
2,Br,UltraMS,hit_rate,44,19,1.0
2,Br,UltraMS,recall,44,19,1.0
2,Br,UltraMS,hit_rate,45,19,1.0
2,Br,UltraMS,recall,45,19,1.0
2,Br,UltraMS,hit_rate,46,19,1.0
2,Br,UltraMS,recall,46,19,1.0
2,Br,UltraMS,hit_rate,47,19,1.0
2,Br,UltraMS,recall,47,19,1.0
2,Br,UltraMS,hit_rate,48,19,1.0
2,Br,UltraMS,recall,48,19,1.0
2,Br,UltraMS,hit_rate,49,19,1.0
2,Br,UltraMS,recall,49,19,1.0
2,Br,UltraMS,hit_rate,50,19,1.0
2,Br,UltraMS,recall,50,19,1.0
2,Br,UltraMS,hit_rate,51,19,1.0
2,Br,UltraMS,recall,51,19,1.0
2,Br,UltraMS,hit_rate,52,19,1.0
2,Br,UltraMS,recall,52,19,1.0
2,Br,UltraMS,hit_rate,53,19,1.0
2,Br,UltraMS,recall,53,19,1.0
2,Br,UltraMS,hit_rate,54,19,1.0
2,Br,UltraMS,recall,54,19,1.0
2,Br,UltraMS,hit_rate,55,19,1.0
2,Br,UltraMS,recall,55,19,1.0
2,Br,UltraMS,hit_rate,56,19,1.0
2,Br,UltraMS,recall,56,19,1.0
2,Br,UltraMS,hit_rate,57,19,1.0
2,Br,UltraMS,recall,57,19,1.0
2,Br,UltraMS,hit_rate,58,19,1.0
2,Br,UltraMS,recall,58,19,1.0
2,Br,UltraMS,hit_rate,59,19,1.0
2,Br,UltraMS,recall,59,19,1.0
2,Br,UltraMS,hit_rate,60,19,1.0
2,Br,UltraMS,recall,60,19,1.0
2,Br,UltraMS,hit_rate,61,19,1.0
2,Br,UltraMS,recall,61,19,1.0
2,Br,UltraMS,hit_rate,62,19,1.0
2,Br,UltraMS,recall,62,19,1.0
2,Br,UltraMS,hit_rate,63,19,1.0
2,Br,UltraMS,recall,63,19,1.0
2,Br,UltraMS,hit_rate,64,19,1.0
2,Br,UltraMS,recall,64,19,1.0
2,Br,UltraMS,hit_rate,65,19,1.0
2,Br,UltraMS,recall,65,19,1.0
2,Br,UltraMS,hit_rate,66,19,1.0
2,Br,UltraMS,recall,66,19,1.0
2,Br,UltraMS,hit_rate,67,19,1.0
2,Br,UltraMS,recall,67,19,1.0
2,Br,UltraMS,hit_rate,68,19,1.0
2,Br,UltraMS,recall,68,19,1.0
2,Br,UltraMS,hit_rate,69,19,1.0
2,Br,UltraMS,recall,69,19,1.0
2,Br,UltraMS,hit_rate,70,19,1.0
2,Br,UltraMS,recall,70,19,1.0
2,Br,UltraMS,hit_rate,71,19,1.0
2,Br,UltraMS,recall,71,19,1.0
2,Br,UltraMS,hit_rate,72,19,1.0
2,Br,UltraMS,recall,72,19,1.0
2,Br,UltraMS,hit_rate,73,19,1.0
2,Br,UltraMS,recall,73,19,1.0
2,Br,UltraMS,hit_rate,74,19,1.0
2,Br,UltraMS,recall,74,19,1.0
2,Br,UltraMS,hit_rate,75,19,1.0
2,Br,UltraMS,recall,75,19,1.0
2,Br,UltraMS,hit_rate,76,19,1.0
2,Br,UltraMS,recall,76,19,1.0
2,Br,UltraMS,hit_rate,77,19,1.0
2,Br,UltraMS,recall,77,19,1.0
2,Br,UltraMS,hit_rate,78,19,1.0
2,Br,UltraMS,recall,78,19,1.0
2,Br,UltraMS,hit_rate,79,19,1.0
2,Br,UltraMS,recall,79,19,1.0
2,Br,UltraMS,hit_rate,80,19,1.0
2,Br,UltraMS,recall,80,19,1.0
2,Br,UltraMS,hit_rate,81,19,1.0
2,Br,UltraMS,recall,81,19,1.0
2,Br,UltraMS,hit_rate,82,19,1.0
2,Br,UltraMS,recall,82,19,1.0
2,Br,UltraMS,hit_rate,83,19,1.0
2,Br,UltraMS,recall,83,19,1.0
2,Br,UltraMS,hit_rate,84,19,1.0
2,Br,UltraMS,recall,84,19,1.0
2,Br,UltraMS,hit_rate,85,19,1.0
2,Br,UltraMS,recall,85,19,1.0
2,Br,UltraMS,hit_rate,86,19,1.0
2,Br,UltraMS,recall,86,19,1.0
2,Br,UltraMS,hit_rate,87,19,1.0
2,Br,UltraMS,recall,87,19,1.0
2,Br,UltraMS,hit_rate,88,19,1.0
2,Br,UltraMS,recall,88,19,1.0
2,Br,UltraMS,hit_rate,89,19,1.0
2,Br,UltraMS,recall,89,19,1.0
2,Br,UltraMS,hit_rate,90,19,1.0
2,Br,UltraMS,recall,90,19,1.0
2,Br,UltraMS,hit_rate,91,19,1.0
2,Br,UltraMS,recall,91,19,1.0
2,Br,UltraMS,hit_rate,92,19,1.0
2,Br,UltraMS,recall,92,19,1.0
2,Br,UltraMS,hit_rate,93,19,1.0
2,Br,UltraMS,recall,93,19,1.0
2,Br,UltraMS,hit_rate,94,19,1.0
2,Br,UltraMS,recall,94,19,1.0
2,Br,UltraMS,hit_rate,95,19,1.0
2,Br,UltraMS,recall,95,19,1.0
2,Br,UltraMS,hit_rate,96,19,1.0
2,Br,UltraMS,recall,96,19,1.0
2,Br,UltraMS,hit_rate,97,19,1.0
2,Br,UltraMS,recall,97,19,1.0
2,Br,UltraMS,hit_rate,98,19,1.0
2,Br,UltraMS,recall,98,19,1.0
2,Br,UltraMS,hit_rate,99,19,1.0
2,Br,UltraMS,recall,99,19,1.0
2,Br,UltraMS,hit_rate,100,19,1.0
2,Br,UltraMS,recall,100,19,1.0
2,Br,UltraMS,hit_rate,101,19,1.0
2,Br,UltraMS,recall,101,19,1.0
2,Br,UltraMS,hit_rate,102,19,1.0
2,Br,UltraMS,recall,102,19,1.0
2,Br,UltraMS,hit_rate,103,19,1.0
2,Br,UltraMS,recall,103,19,1.0
2,Br,UltraMS,hit_rate,104,19,1.0
2,Br,UltraMS,recall,104,19,1.0
2,Br,UltraMS,hit_rate,105,19,1.0
2,Br,UltraMS,recall,105,19,1.0
2,Br,UltraMS,hit_rate,106,19,1.0
2,Br,UltraMS,recall,106,19,1.0
2,Br,UltraMS,hit_rate,107,19,1.0
2,Br,UltraMS,recall,107,19,1.0
2,Br,UltraMS,hit_rate,108,19,1.0
2,Br,UltraMS,recall,108,19,1.0
2,Br,UltraMS,hit_rate,109,19,1.0
2,Br,UltraMS,recall,109,19,1.0
2,Br,UltraMS,hit_rate,110,19,1.0
2,Br,UltraMS,recall,110,19,1.0
2,Br,UltraMS,hit_rate,111,19,1.0
2,Br,UltraMS,recall,111,19,1.0
2,Br,UltraMS,hit_rate,112,19,1.0
2,Br,UltraMS,recall,112,19,1.0
2,Br,UltraMS,hit_rate,113,19,1.0
2,Br,UltraMS,recall,113,19,1.0
2,Br,UltraMS,hit_rate,114,19,1.0
2,Br,UltraMS,recall,114,19,1.0
2,Br,UltraMS,hit_rate,115,19,1.0
2,Br,UltraMS,recall,115,19,1.0
2,Br,UltraMS,hit_rate,116,19,1.0
2,Br,UltraMS,recall,116,19,1.0
2,Br,UltraMS,hit_rate,117,19,1.0
2,Br,UltraMS,recall,117,19,1.0
2,Br,UltraMS,hit_rate,118,19,1.0
2,Br,UltraMS,recall,118,19,1.0
2,Br,UltraMS,hit_rate,119,19,1.0
2,Br,UltraMS,recall,119,19,1.0
2,Br,UltraMS,hit_rate,120,19,1.0
2,Br,UltraMS,recall,120,19,1.0
2,Br,UltraMS,hit_rate,121,19,1.0
2,Br,UltraMS,recall,121,19,1.0
2,Br,UltraMS,hit_rate,122,19,1.0
2,Br,UltraMS,recall,122,19,1.0
2,Br,UltraMS,hit_rate,123,19,1.0
2,Br,UltraMS,recall,123,19,1.0
2,Br,UltraMS,hit_rate,124,19,1.0
2,Br,UltraMS,recall,124,19,1.0
2,Br,UltraMS,hit_rate,125,19,1.0
2,Br,UltraMS,recall,125,19,1.0
2,Br,UltraMS,hit_rate,126,19,1.0
2,Br,UltraMS,recall,126,19,1.0
2,Br,UltraMS,hit_rate,127,19,1.0
2,Br,UltraMS,recall,127,19,1.0
2,Br,UltraMS,hit_rate,128,19,1.0
2,Br,UltraMS,recall,128,19,1.0
2,Br,UltraMS,hit_rate,129,19,1.0
2,Br,UltraMS,recall,129,19,1.0
2,Br,UltraMS,hit_rate,130,19,1.0
2,Br,UltraMS,recall,130,19,1.0
2,Br,UltraMS,hit_rate,131,19,1.0
2,Br,UltraMS,recall,131,19,1.0
2,Br,UltraMS,hit_rate,132,19,1.0
2,Br,UltraMS,recall,132,19,1.0
2,Br,UltraMS,hit_rate,133,19,1.0
2,Br,UltraMS,recall,133,19,1.0
2,Br,UltraMS,hit_rate,134,19,1.0
2,Br,UltraMS,recall,134,19,1.0
2,Br,UltraMS,hit_rate,135,19,1.0
2,Br,UltraMS,recall,135,19,1.0
2,Br,UltraMS,hit_rate,136,19,1.0
2,Br,UltraMS,recall,136,19,1.0
2,Br,UltraMS,hit_rate,137,19,1.0
2,Br,UltraMS,recall,137,19,1.0
2,Br,UltraMS,hit_rate,138,19,1.0
2,Br,UltraMS,recall,138,19,1.0
2,Br,UltraMS,hit_rate,139,19,1.0
2,Br,UltraMS,recall,139,19,1.0
2,Br,UltraMS,hit_rate,140,19,1.0
2,Br,UltraMS,recall,140,19,1.0
2,Br,UltraMS,hit_rate,141,19,1.0
2,Br,UltraMS,recall,141,19,1.0
2,Br,UltraMS,hit_rate,142,19,1.0
2,Br,UltraMS,recall,142,19,1.0
2,Br,UltraMS,hit_rate,143,19,1.0
2,Br,UltraMS,recall,143,19,1.0
2,Br,UltraMS,hit_rate,144,19,1.0
2,Br,UltraMS,recall,144,19,1.0
2,Br,UltraMS,hit_rate,145,19,1.0
2,Br,UltraMS,recall,145,19,1.0
2,Br,UltraMS,hit_rate,146,19,1.0
2,Br,UltraMS,recall,146,19,1.0
2,Br,UltraMS,hit_rate,147,19,1.0
2,Br,UltraMS,recall,147,19,1.0
2,Br,UltraMS,hit_rate,148,19,1.0
2,Br,UltraMS,recall,148,19,1.0
2,Br,UltraMS,hit_rate,149,19,1.0
2,Br,UltraMS,recall,149,19,1.0
2,Br,UltraMS,hit_rate,150,19,1.0
2,Br,UltraMS,recall,150,19,1.0
2,Br,DreaMS,hit_rate,5,19,0.9473684210526315
2,Br,DreaMS,recall,5,19,0.6653091060985797
2,Br,DreaMS,hit_rate,6,19,0.9473684210526315
2,Br,DreaMS,recall,6,19,0.7094820384294068
2,Br,DreaMS,hit_rate,7,19,0.9473684210526315
2,Br,DreaMS,recall,7,19,0.7119883040935672
2,Br,DreaMS,hit_rate,8,19,1.0
2,Br,DreaMS,recall,8,19,0.7210735171261486
2,Br,DreaMS,hit_rate,9,19,1.0
2,Br,DreaMS,recall,9,19,0.7586675020885548
2,Br,DreaMS,hit_rate,10,19,1.0
2,Br,DreaMS,recall,10,19,0.781641604010025
2,Br,DreaMS,hit_rate,11,19,1.0
2,Br,DreaMS,recall,11,19,0.81234335839599
2,Br,DreaMS,hit_rate,12,19,1.0
2,Br,DreaMS,recall,12,19,0.8247702589807853
2,Br,DreaMS,hit_rate,13,19,1.0
2,Br,DreaMS,recall,13,19,0.8455513784461153
2,Br,DreaMS,hit_rate,14,19,1.0
2,Br,DreaMS,recall,14,19,0.8509816207184628
2,Br,DreaMS,hit_rate,15,19,1.0
2,Br,DreaMS,recall,15,19,0.8714494569757728
2,Br,DreaMS,hit_rate,16,19,1.0
2,Br,DreaMS,recall,16,19,0.8768796992481203
2,Br,DreaMS,hit_rate,17,19,1.0
2,Br,DreaMS,recall,17,19,0.8863826232247285
2,Br,DreaMS,hit_rate,18,19,1.0
2,Br,DreaMS,recall,18,19,0.8929615705931496
2,Br,DreaMS,hit_rate,19,19,1.0
2,Br,DreaMS,recall,19,19,0.8929615705931496
2,Br,DreaMS,hit_rate,20,19,1.0
2,Br,DreaMS,recall,20,19,0.9024644945697576
2,Br,DreaMS,hit_rate,21,19,1.0
2,Br,DreaMS,recall,21,19,0.9137426900584795
2,Br,DreaMS,hit_rate,22,19,1.0
2,Br,DreaMS,recall,22,19,0.9315998329156224
2,Br,DreaMS,hit_rate,23,19,1.0
2,Br,DreaMS,recall,23,19,0.9436090225563911
2,Br,DreaMS,hit_rate,24,19,1.0
2,Br,DreaMS,recall,24,19,0.9436090225563911
2,Br,DreaMS,hit_rate,25,19,1.0
2,Br,DreaMS,recall,25,19,0.9461152882205512
2,Br,DreaMS,hit_rate,26,19,1.0
2,Br,DreaMS,recall,26,19,0.9461152882205512
2,Br,DreaMS,hit_rate,27,19,1.0
2,Br,DreaMS,recall,27,19,0.9526942355889724
2,Br,DreaMS,hit_rate,28,19,1.0
2,Br,DreaMS,recall,28,19,0.9552005012531329
2,Br,DreaMS,hit_rate,29,19,1.0
2,Br,DreaMS,recall,29,19,0.9577067669172932
2,Br,DreaMS,hit_rate,30,19,1.0
2,Br,DreaMS,recall,30,19,0.9577067669172932
2,Br,DreaMS,hit_rate,31,19,1.0
2,Br,DreaMS,recall,31,19,0.9577067669172932
2,Br,DreaMS,hit_rate,32,19,1.0
2,Br,DreaMS,recall,32,19,0.9577067669172932
2,Br,DreaMS,hit_rate,33,19,1.0
2,Br,DreaMS,recall,33,19,0.9606307435254804
2,Br,DreaMS,hit_rate,34,19,1.0
2,Br,DreaMS,recall,34,19,0.9672096908939014
2,Br,DreaMS,hit_rate,35,19,1.0
2,Br,DreaMS,recall,35,19,0.9672096908939014
2,Br,DreaMS,hit_rate,36,19,1.0
2,Br,DreaMS,recall,36,19,0.9672096908939014
2,Br,DreaMS,hit_rate,37,19,1.0
2,Br,DreaMS,recall,37,19,0.9672096908939014
2,Br,DreaMS,hit_rate,38,19,1.0
2,Br,DreaMS,recall,38,19,0.9672096908939014
2,Br,DreaMS,hit_rate,39,19,1.0
2,Br,DreaMS,recall,39,19,0.9767126148705096
2,Br,DreaMS,hit_rate,40,19,1.0
2,Br,DreaMS,recall,40,19,0.9832915622389308
2,Br,DreaMS,hit_rate,41,19,1.0
2,Br,DreaMS,recall,41,19,0.9832915622389308
2,Br,DreaMS,hit_rate,42,19,1.0
2,Br,DreaMS,recall,42,19,0.9887218045112781
2,Br,DreaMS,hit_rate,43,19,1.0
2,Br,DreaMS,recall,43,19,0.9887218045112781
2,Br,DreaMS,hit_rate,44,19,1.0
2,Br,DreaMS,recall,44,19,0.9887218045112781
2,Br,DreaMS,hit_rate,45,19,1.0
2,Br,DreaMS,recall,45,19,0.9912280701754387
2,Br,DreaMS,hit_rate,46,19,1.0
2,Br,DreaMS,recall,46,19,0.9912280701754387
2,Br,DreaMS,hit_rate,47,19,1.0
2,Br,DreaMS,recall,47,19,0.9912280701754387
2,Br,DreaMS,hit_rate,48,19,1.0
2,Br,DreaMS,recall,48,19,0.9912280701754387
2,Br,DreaMS,hit_rate,49,19,1.0
2,Br,DreaMS,recall,49,19,0.9912280701754387
2,Br,DreaMS,hit_rate,50,19,1.0
2,Br,DreaMS,recall,50,19,0.9912280701754387
2,Br,DreaMS,hit_rate,51,19,1.0
2,Br,DreaMS,recall,51,19,0.9912280701754387
2,Br,DreaMS,hit_rate,52,19,1.0
2,Br,DreaMS,recall,52,19,0.9941520467836258
2,Br,DreaMS,hit_rate,53,19,1.0
2,Br,DreaMS,recall,53,19,0.9941520467836258
2,Br,DreaMS,hit_rate,54,19,1.0
2,Br,DreaMS,recall,54,19,0.9941520467836258
2,Br,DreaMS,hit_rate,55,19,1.0
2,Br,DreaMS,recall,55,19,0.9941520467836258
2,Br,DreaMS,hit_rate,56,19,1.0
2,Br,DreaMS,recall,56,19,0.9941520467836258
2,Br,DreaMS,hit_rate,57,19,1.0
2,Br,DreaMS,recall,57,19,0.9941520467836258
2,Br,DreaMS,hit_rate,58,19,1.0
2,Br,DreaMS,recall,58,19,0.9941520467836258
2,Br,DreaMS,hit_rate,59,19,1.0
2,Br,DreaMS,recall,59,19,0.9941520467836258
2,Br,DreaMS,hit_rate,60,19,1.0
2,Br,DreaMS,recall,60,19,0.9941520467836258
2,Br,DreaMS,hit_rate,61,19,1.0
2,Br,DreaMS,recall,61,19,0.9941520467836258
2,Br,DreaMS,hit_rate,62,19,1.0
2,Br,DreaMS,recall,62,19,0.9941520467836258
2,Br,DreaMS,hit_rate,63,19,1.0
2,Br,DreaMS,recall,63,19,0.9970760233918128
2,Br,DreaMS,hit_rate,64,19,1.0
2,Br,DreaMS,recall,64,19,1.0
2,Br,DreaMS,hit_rate,65,19,1.0
2,Br,DreaMS,recall,65,19,1.0
2,Br,DreaMS,hit_rate,66,19,1.0
2,Br,DreaMS,recall,66,19,1.0
2,Br,DreaMS,hit_rate,67,19,1.0
2,Br,DreaMS,recall,67,19,1.0
2,Br,DreaMS,hit_rate,68,19,1.0
2,Br,DreaMS,recall,68,19,1.0
2,Br,DreaMS,hit_rate,69,19,1.0
2,Br,DreaMS,recall,69,19,1.0
2,Br,DreaMS,hit_rate,70,19,1.0
2,Br,DreaMS,recall,70,19,1.0
2,Br,DreaMS,hit_rate,71,19,1.0
2,Br,DreaMS,recall,71,19,1.0
2,Br,DreaMS,hit_rate,72,19,1.0
2,Br,DreaMS,recall,72,19,1.0
2,Br,DreaMS,hit_rate,73,19,1.0
2,Br,DreaMS,recall,73,19,1.0
2,Br,DreaMS,hit_rate,74,19,1.0
2,Br,DreaMS,recall,74,19,1.0
2,Br,DreaMS,hit_rate,75,19,1.0
2,Br,DreaMS,recall,75,19,1.0
2,Br,DreaMS,hit_rate,76,19,1.0
2,Br,DreaMS,recall,76,19,1.0
2,Br,DreaMS,hit_rate,77,19,1.0
2,Br,DreaMS,recall,77,19,1.0
2,Br,DreaMS,hit_rate,78,19,1.0
2,Br,DreaMS,recall,78,19,1.0
2,Br,DreaMS,hit_rate,79,19,1.0
2,Br,DreaMS,recall,79,19,1.0
2,Br,DreaMS,hit_rate,80,19,1.0
2,Br,DreaMS,recall,80,19,1.0
2,Br,DreaMS,hit_rate,81,19,1.0
2,Br,DreaMS,recall,81,19,1.0
2,Br,DreaMS,hit_rate,82,19,1.0
2,Br,DreaMS,recall,82,19,1.0
2,Br,DreaMS,hit_rate,83,19,1.0
2,Br,DreaMS,recall,83,19,1.0
2,Br,DreaMS,hit_rate,84,19,1.0
2,Br,DreaMS,recall,84,19,1.0
2,Br,DreaMS,hit_rate,85,19,1.0
2,Br,DreaMS,recall,85,19,1.0
2,Br,DreaMS,hit_rate,86,19,1.0
2,Br,DreaMS,recall,86,19,1.0
2,Br,DreaMS,hit_rate,87,19,1.0
2,Br,DreaMS,recall,87,19,1.0
2,Br,DreaMS,hit_rate,88,19,1.0
2,Br,DreaMS,recall,88,19,1.0
2,Br,DreaMS,hit_rate,89,19,1.0
2,Br,DreaMS,recall,89,19,1.0
2,Br,DreaMS,hit_rate,90,19,1.0
2,Br,DreaMS,recall,90,19,1.0
2,Br,DreaMS,hit_rate,91,19,1.0
2,Br,DreaMS,recall,91,19,1.0
2,Br,DreaMS,hit_rate,92,19,1.0
2,Br,DreaMS,recall,92,19,1.0
2,Br,DreaMS,hit_rate,93,19,1.0
2,Br,DreaMS,recall,93,19,1.0
2,Br,DreaMS,hit_rate,94,19,1.0
2,Br,DreaMS,recall,94,19,1.0
2,Br,DreaMS,hit_rate,95,19,1.0
2,Br,DreaMS,recall,95,19,1.0
2,Br,DreaMS,hit_rate,96,19,1.0
2,Br,DreaMS,recall,96,19,1.0
2,Br,DreaMS,hit_rate,97,19,1.0
2,Br,DreaMS,recall,97,19,1.0
2,Br,DreaMS,hit_rate,98,19,1.0
2,Br,DreaMS,recall,98,19,1.0
2,Br,DreaMS,hit_rate,99,19,1.0
2,Br,DreaMS,recall,99,19,1.0
2,Br,DreaMS,hit_rate,100,19,1.0
2,Br,DreaMS,recall,100,19,1.0
2,Br,DreaMS,hit_rate,101,19,1.0
2,Br,DreaMS,recall,101,19,1.0
2,Br,DreaMS,hit_rate,102,19,1.0
2,Br,DreaMS,recall,102,19,1.0
2,Br,DreaMS,hit_rate,103,19,1.0
2,Br,DreaMS,recall,103,19,1.0
2,Br,DreaMS,hit_rate,104,19,1.0
2,Br,DreaMS,recall,104,19,1.0
2,Br,DreaMS,hit_rate,105,19,1.0
2,Br,DreaMS,recall,105,19,1.0
2,Br,DreaMS,hit_rate,106,19,1.0
2,Br,DreaMS,recall,106,19,1.0
2,Br,DreaMS,hit_rate,107,19,1.0
2,Br,DreaMS,recall,107,19,1.0
2,Br,DreaMS,hit_rate,108,19,1.0
2,Br,DreaMS,recall,108,19,1.0
2,Br,DreaMS,hit_rate,109,19,1.0
2,Br,DreaMS,recall,109,19,1.0
2,Br,DreaMS,hit_rate,110,19,1.0
2,Br,DreaMS,recall,110,19,1.0
2,Br,DreaMS,hit_rate,111,19,1.0
2,Br,DreaMS,recall,111,19,1.0
2,Br,DreaMS,hit_rate,112,19,1.0
2,Br,DreaMS,recall,112,19,1.0
2,Br,DreaMS,hit_rate,113,19,1.0
2,Br,DreaMS,recall,113,19,1.0
2,Br,DreaMS,hit_rate,114,19,1.0
2,Br,DreaMS,recall,114,19,1.0
2,Br,DreaMS,hit_rate,115,19,1.0
2,Br,DreaMS,recall,115,19,1.0
2,Br,DreaMS,hit_rate,116,19,1.0
2,Br,DreaMS,recall,116,19,1.0
2,Br,DreaMS,hit_rate,117,19,1.0
2,Br,DreaMS,recall,117,19,1.0
2,Br,DreaMS,hit_rate,118,19,1.0
2,Br,DreaMS,recall,118,19,1.0
2,Br,DreaMS,hit_rate,119,19,1.0
2,Br,DreaMS,recall,119,19,1.0
2,Br,DreaMS,hit_rate,120,19,1.0
2,Br,DreaMS,recall,120,19,1.0
2,Br,DreaMS,hit_rate,121,19,1.0
2,Br,DreaMS,recall,121,19,1.0
2,Br,DreaMS,hit_rate,122,19,1.0
2,Br,DreaMS,recall,122,19,1.0
2,Br,DreaMS,hit_rate,123,19,1.0
2,Br,DreaMS,recall,123,19,1.0
2,Br,DreaMS,hit_rate,124,19,1.0
2,Br,DreaMS,recall,124,19,1.0
2,Br,DreaMS,hit_rate,125,19,1.0
2,Br,DreaMS,recall,125,19,1.0
2,Br,DreaMS,hit_rate,126,19,1.0
2,Br,DreaMS,recall,126,19,1.0
2,Br,DreaMS,hit_rate,127,19,1.0
2,Br,DreaMS,recall,127,19,1.0
2,Br,DreaMS,hit_rate,128,19,1.0
2,Br,DreaMS,recall,128,19,1.0
2,Br,DreaMS,hit_rate,129,19,1.0
2,Br,DreaMS,recall,129,19,1.0
2,Br,DreaMS,hit_rate,130,19,1.0
2,Br,DreaMS,recall,130,19,1.0
2,Br,DreaMS,hit_rate,131,19,1.0
2,Br,DreaMS,recall,131,19,1.0
2,Br,DreaMS,hit_rate,132,19,1.0
2,Br,DreaMS,recall,132,19,1.0
2,Br,DreaMS,hit_rate,133,19,1.0
2,Br,DreaMS,recall,133,19,1.0
2,Br,DreaMS,hit_rate,134,19,1.0
2,Br,DreaMS,recall,134,19,1.0
2,Br,DreaMS,hit_rate,135,19,1.0
2,Br,DreaMS,recall,135,19,1.0
2,Br,DreaMS,hit_rate,136,19,1.0
2,Br,DreaMS,recall,136,19,1.0
2,Br,DreaMS,hit_rate,137,19,1.0
2,Br,DreaMS,recall,137,19,1.0
2,Br,DreaMS,hit_rate,138,19,1.0
2,Br,DreaMS,recall,138,19,1.0
2,Br,DreaMS,hit_rate,139,19,1.0
2,Br,DreaMS,recall,139,19,1.0
2,Br,DreaMS,hit_rate,140,19,1.0
2,Br,DreaMS,recall,140,19,1.0
2,Br,DreaMS,hit_rate,141,19,1.0
2,Br,DreaMS,recall,141,19,1.0
2,Br,DreaMS,hit_rate,142,19,1.0
2,Br,DreaMS,recall,142,19,1.0
2,Br,DreaMS,hit_rate,143,19,1.0
2,Br,DreaMS,recall,143,19,1.0
2,Br,DreaMS,hit_rate,144,19,1.0
2,Br,DreaMS,recall,144,19,1.0
2,Br,DreaMS,hit_rate,145,19,1.0
2,Br,DreaMS,recall,145,19,1.0
2,Br,DreaMS,hit_rate,146,19,1.0
2,Br,DreaMS,recall,146,19,1.0
2,Br,DreaMS,hit_rate,147,19,1.0
2,Br,DreaMS,recall,147,19,1.0
2,Br,DreaMS,hit_rate,148,19,1.0
2,Br,DreaMS,recall,148,19,1.0
2,Br,DreaMS,hit_rate,149,19,1.0
2,Br,DreaMS,recall,149,19,1.0
2,Br,DreaMS,hit_rate,150,19,1.0
2,Br,DreaMS,recall,150,19,1.0
2,Br,Linear SVM,hit_rate,5,19,0.8421052631578947
2,Br,Linear SVM,recall,5,19,0.46480785296574767
2,Br,Linear SVM,hit_rate,6,19,0.8421052631578947
2,Br,Linear SVM,recall,6,19,0.49112364243943185
2,Br,Linear SVM,hit_rate,7,19,0.8421052631578947
2,Br,Linear SVM,recall,7,19,0.517439431913116
2,Br,Linear SVM,hit_rate,8,19,0.8947368421052632
2,Br,Linear SVM,recall,8,19,0.602234753550543
2,Br,Linear SVM,hit_rate,9,19,0.8947368421052632
2,Br,Linear SVM,recall,9,19,0.6105889724310777
2,Br,Linear SVM,hit_rate,10,19,0.8947368421052632
2,Br,Linear SVM,recall,10,19,0.6493316624895572
2,Br,Linear SVM,hit_rate,11,19,0.8947368421052632
2,Br,Linear SVM,recall,11,19,0.6840016708437762
2,Br,Linear SVM,hit_rate,12,19,0.8947368421052632
2,Br,Linear SVM,recall,12,19,0.6927736006683375
2,Br,Linear SVM,hit_rate,13,19,0.8947368421052632
2,Br,Linear SVM,recall,13,19,0.7081244778613199
2,Br,Linear SVM,hit_rate,14,19,0.9473684210526315
2,Br,Linear SVM,recall,14,19,0.751984126984127
2,Br,Linear SVM,hit_rate,15,19,0.9473684210526315
2,Br,Linear SVM,recall,15,19,0.7808061821219716
2,Br,Linear SVM,hit_rate,16,19,0.9473684210526315
2,Br,Linear SVM,recall,16,19,0.7862364243943191
2,Br,Linear SVM,hit_rate,17,19,0.9473684210526315
2,Br,Linear SVM,recall,17,19,0.7953216374269005
2,Br,Linear SVM,hit_rate,18,19,1.0
2,Br,Linear SVM,recall,18,19,0.8019005847953217
2,Br,Linear SVM,hit_rate,19,19,1.0
2,Br,Linear SVM,recall,19,19,0.8114035087719298
2,Br,Linear SVM,hit_rate,20,19,1.0
2,Br,Linear SVM,recall,20,19,0.8114035087719298
2,Br,Linear SVM,hit_rate,21,19,1.0
2,Br,Linear SVM,recall,21,19,0.8114035087719298
2,Br,Linear SVM,hit_rate,22,19,1.0
2,Br,Linear SVM,recall,22,19,0.8497284878863826
2,Br,Linear SVM,hit_rate,23,19,1.0
2,Br,Linear SVM,recall,23,19,0.858813700918964
2,Br,Linear SVM,hit_rate,24,19,1.0
2,Br,Linear SVM,recall,24,19,0.8613199665831246
2,Br,Linear SVM,hit_rate,25,19,1.0
2,Br,Linear SVM,recall,25,19,0.8678989139515456
2,Br,Linear SVM,hit_rate,26,19,1.0
2,Br,Linear SVM,recall,26,19,0.8839807852965748
2,Br,Linear SVM,hit_rate,27,19,1.0
2,Br,Linear SVM,recall,27,19,0.8905597326649959
2,Br,Linear SVM,hit_rate,28,19,1.0
2,Br,Linear SVM,recall,28,19,0.8930659983291562
2,Br,Linear SVM,hit_rate,29,19,1.0
2,Br,Linear SVM,recall,29,19,0.8930659983291562
2,Br,Linear SVM,hit_rate,30,19,1.0
2,Br,Linear SVM,recall,30,19,0.8955722639933166
2,Br,Linear SVM,hit_rate,31,19,1.0
2,Br,Linear SVM,recall,31,19,0.8955722639933166
2,Br,Linear SVM,hit_rate,32,19,1.0
2,Br,Linear SVM,recall,32,19,0.9375522138680034
2,Br,Linear SVM,hit_rate,33,19,1.0
2,Br,Linear SVM,recall,33,19,0.9400584795321637
2,Br,Linear SVM,hit_rate,34,19,1.0
2,Br,Linear SVM,recall,34,19,0.9491436925647452
2,Br,Linear SVM,hit_rate,35,19,1.0
2,Br,Linear SVM,recall,35,19,0.9516499582289055
2,Br,Linear SVM,hit_rate,36,19,1.0
2,Br,Linear SVM,recall,36,19,0.9570802005012532
2,Br,Linear SVM,hit_rate,37,19,1.0
2,Br,Linear SVM,recall,37,19,0.9570802005012532
2,Br,Linear SVM,hit_rate,38,19,1.0
2,Br,Linear SVM,recall,38,19,0.9595864661654135
2,Br,Linear SVM,hit_rate,39,19,1.0
2,Br,Linear SVM,recall,39,19,0.9595864661654135
2,Br,Linear SVM,hit_rate,40,19,1.0
2,Br,Linear SVM,recall,40,19,0.9595864661654135
2,Br,Linear SVM,hit_rate,41,19,1.0
2,Br,Linear SVM,recall,41,19,0.962092731829574
2,Br,Linear SVM,hit_rate,42,19,1.0
2,Br,Linear SVM,recall,42,19,0.962092731829574
2,Br,Linear SVM,hit_rate,43,19,1.0
2,Br,Linear SVM,recall,43,19,0.9650167084377612
2,Br,Linear SVM,hit_rate,44,19,1.0
2,Br,Linear SVM,recall,44,19,0.9679406850459482
2,Br,Linear SVM,hit_rate,45,19,1.0
2,Br,Linear SVM,recall,45,19,0.9679406850459482
2,Br,Linear SVM,hit_rate,46,19,1.0
2,Br,Linear SVM,recall,46,19,0.9679406850459482
2,Br,Linear SVM,hit_rate,47,19,1.0
2,Br,Linear SVM,recall,47,19,0.9679406850459482
2,Br,Linear SVM,hit_rate,48,19,1.0
2,Br,Linear SVM,recall,48,19,0.9679406850459482
2,Br,Linear SVM,hit_rate,49,19,1.0
2,Br,Linear SVM,recall,49,19,0.9799498746867169
2,Br,Linear SVM,hit_rate,50,19,1.0
2,Br,Linear SVM,recall,50,19,0.982456140350877
2,Br,Linear SVM,hit_rate,51,19,1.0
2,Br,Linear SVM,recall,51,19,0.9853801169590642
2,Br,Linear SVM,hit_rate,52,19,1.0
2,Br,Linear SVM,recall,52,19,0.9853801169590642
2,Br,Linear SVM,hit_rate,53,19,1.0
2,Br,Linear SVM,recall,53,19,0.9853801169590642
2,Br,Linear SVM,hit_rate,54,19,1.0
2,Br,Linear SVM,recall,54,19,0.9853801169590642
2,Br,Linear SVM,hit_rate,55,19,1.0
2,Br,Linear SVM,recall,55,19,0.9883040935672515
2,Br,Linear SVM,hit_rate,56,19,1.0
2,Br,Linear SVM,recall,56,19,0.9912280701754387
2,Br,Linear SVM,hit_rate,57,19,1.0
2,Br,Linear SVM,recall,57,19,0.9941520467836258
2,Br,Linear SVM,hit_rate,58,19,1.0
2,Br,Linear SVM,recall,58,19,0.9941520467836258
2,Br,Linear SVM,hit_rate,59,19,1.0
2,Br,Linear SVM,recall,59,19,0.9970760233918128
2,Br,Linear SVM,hit_rate,60,19,1.0
2,Br,Linear SVM,recall,60,19,0.9970760233918128
2,Br,Linear SVM,hit_rate,61,19,1.0
2,Br,Linear SVM,recall,61,19,0.9970760233918128
2,Br,Linear SVM,hit_rate,62,19,1.0
2,Br,Linear SVM,recall,62,19,0.9970760233918128
2,Br,Linear SVM,hit_rate,63,19,1.0
2,Br,Linear SVM,recall,63,19,0.9970760233918128
2,Br,Linear SVM,hit_rate,64,19,1.0
2,Br,Linear SVM,recall,64,19,0.9970760233918128
2,Br,Linear SVM,hit_rate,65,19,1.0
2,Br,Linear SVM,recall,65,19,0.9970760233918128
2,Br,Linear SVM,hit_rate,66,19,1.0
2,Br,Linear SVM,recall,66,19,0.9970760233918128
2,Br,Linear SVM,hit_rate,67,19,1.0
2,Br,Linear SVM,recall,67,19,0.9970760233918128
2,Br,Linear SVM,hit_rate,68,19,1.0
2,Br,Linear SVM,recall,68,19,0.9970760233918128
2,Br,Linear SVM,hit_rate,69,19,1.0
2,Br,Linear SVM,recall,69,19,0.9970760233918128
2,Br,Linear SVM,hit_rate,70,19,1.0
2,Br,Linear SVM,recall,70,19,0.9970760233918128
2,Br,Linear SVM,hit_rate,71,19,1.0
2,Br,Linear SVM,recall,71,19,0.9970760233918128
2,Br,Linear SVM,hit_rate,72,19,1.0
2,Br,Linear SVM,recall,72,19,0.9970760233918128
2,Br,Linear SVM,hit_rate,73,19,1.0
2,Br,Linear SVM,recall,73,19,0.9970760233918128
2,Br,Linear SVM,hit_rate,74,19,1.0
2,Br,Linear SVM,recall,74,19,0.9970760233918128
2,Br,Linear SVM,hit_rate,75,19,1.0
2,Br,Linear SVM,recall,75,19,0.9970760233918128
2,Br,Linear SVM,hit_rate,76,19,1.0
2,Br,Linear SVM,recall,76,19,0.9970760233918128
2,Br,Linear SVM,hit_rate,77,19,1.0
2,Br,Linear SVM,recall,77,19,0.9970760233918128
2,Br,Linear SVM,hit_rate,78,19,1.0
2,Br,Linear SVM,recall,78,19,0.9970760233918128
2,Br,Linear SVM,hit_rate,79,19,1.0
2,Br,Linear SVM,recall,79,19,0.9970760233918128
2,Br,Linear SVM,hit_rate,80,19,1.0
2,Br,Linear SVM,recall,80,19,0.9970760233918128
2,Br,Linear SVM,hit_rate,81,19,1.0
2,Br,Linear SVM,recall,81,19,0.9970760233918128
2,Br,Linear SVM,hit_rate,82,19,1.0
2,Br,Linear SVM,recall,82,19,0.9970760233918128
2,Br,Linear SVM,hit_rate,83,19,1.0
2,Br,Linear SVM,recall,83,19,0.9970760233918128
2,Br,Linear SVM,hit_rate,84,19,1.0
2,Br,Linear SVM,recall,84,19,0.9970760233918128
2,Br,Linear SVM,hit_rate,85,19,1.0
2,Br,Linear SVM,recall,85,19,0.9970760233918128
2,Br,Linear SVM,hit_rate,86,19,1.0
2,Br,Linear SVM,recall,86,19,1.0
2,Br,Linear SVM,hit_rate,87,19,1.0
2,Br,Linear SVM,recall,87,19,1.0
2,Br,Linear SVM,hit_rate,88,19,1.0
2,Br,Linear SVM,recall,88,19,1.0
2,Br,Linear SVM,hit_rate,89,19,1.0
2,Br,Linear SVM,recall,89,19,1.0
2,Br,Linear SVM,hit_rate,90,19,1.0
2,Br,Linear SVM,recall,90,19,1.0
2,Br,Linear SVM,hit_rate,91,19,1.0
2,Br,Linear SVM,recall,91,19,1.0
2,Br,Linear SVM,hit_rate,92,19,1.0
2,Br,Linear SVM,recall,92,19,1.0
2,Br,Linear SVM,hit_rate,93,19,1.0
2,Br,Linear SVM,recall,93,19,1.0
2,Br,Linear SVM,hit_rate,94,19,1.0
2,Br,Linear SVM,recall,94,19,1.0
2,Br,Linear SVM,hit_rate,95,19,1.0
2,Br,Linear SVM,recall,95,19,1.0
2,Br,Linear SVM,hit_rate,96,19,1.0
2,Br,Linear SVM,recall,96,19,1.0
2,Br,Linear SVM,hit_rate,97,19,1.0
2,Br,Linear SVM,recall,97,19,1.0
2,Br,Linear SVM,hit_rate,98,19,1.0
2,Br,Linear SVM,recall,98,19,1.0
2,Br,Linear SVM,hit_rate,99,19,1.0
2,Br,Linear SVM,recall,99,19,1.0
2,Br,Linear SVM,hit_rate,100,19,1.0
2,Br,Linear SVM,recall,100,19,1.0
2,Br,Linear SVM,hit_rate,101,19,1.0
2,Br,Linear SVM,recall,101,19,1.0
2,Br,Linear SVM,hit_rate,102,19,1.0
2,Br,Linear SVM,recall,102,19,1.0
2,Br,Linear SVM,hit_rate,103,19,1.0
2,Br,Linear SVM,recall,103,19,1.0
2,Br,Linear SVM,hit_rate,104,19,1.0
2,Br,Linear SVM,recall,104,19,1.0
2,Br,Linear SVM,hit_rate,105,19,1.0
2,Br,Linear SVM,recall,105,19,1.0
2,Br,Linear SVM,hit_rate,106,19,1.0
2,Br,Linear SVM,recall,106,19,1.0
2,Br,Linear SVM,hit_rate,107,19,1.0
2,Br,Linear SVM,recall,107,19,1.0
2,Br,Linear SVM,hit_rate,108,19,1.0
2,Br,Linear SVM,recall,108,19,1.0
2,Br,Linear SVM,hit_rate,109,19,1.0
2,Br,Linear SVM,recall,109,19,1.0
2,Br,Linear SVM,hit_rate,110,19,1.0
2,Br,Linear SVM,recall,110,19,1.0
2,Br,Linear SVM,hit_rate,111,19,1.0
2,Br,Linear SVM,recall,111,19,1.0
2,Br,Linear SVM,hit_rate,112,19,1.0
2,Br,Linear SVM,recall,112,19,1.0
2,Br,Linear SVM,hit_rate,113,19,1.0
2,Br,Linear SVM,recall,113,19,1.0
2,Br,Linear SVM,hit_rate,114,19,1.0
2,Br,Linear SVM,recall,114,19,1.0
2,Br,Linear SVM,hit_rate,115,19,1.0
2,Br,Linear SVM,recall,115,19,1.0
2,Br,Linear SVM,hit_rate,116,19,1.0
2,Br,Linear SVM,recall,116,19,1.0
2,Br,Linear SVM,hit_rate,117,19,1.0
2,Br,Linear SVM,recall,117,19,1.0
2,Br,Linear SVM,hit_rate,118,19,1.0
2,Br,Linear SVM,recall,118,19,1.0
2,Br,Linear SVM,hit_rate,119,19,1.0
2,Br,Linear SVM,recall,119,19,1.0
2,Br,Linear SVM,hit_rate,120,19,1.0
2,Br,Linear SVM,recall,120,19,1.0
2,Br,Linear SVM,hit_rate,121,19,1.0
2,Br,Linear SVM,recall,121,19,1.0
2,Br,Linear SVM,hit_rate,122,19,1.0
2,Br,Linear SVM,recall,122,19,1.0
2,Br,Linear SVM,hit_rate,123,19,1.0
2,Br,Linear SVM,recall,123,19,1.0
2,Br,Linear SVM,hit_rate,124,19,1.0
2,Br,Linear SVM,recall,124,19,1.0
2,Br,Linear SVM,hit_rate,125,19,1.0
2,Br,Linear SVM,recall,125,19,1.0
2,Br,Linear SVM,hit_rate,126,19,1.0
2,Br,Linear SVM,recall,126,19,1.0
2,Br,Linear SVM,hit_rate,127,19,1.0
2,Br,Linear SVM,recall,127,19,1.0
2,Br,Linear SVM,hit_rate,128,19,1.0
2,Br,Linear SVM,recall,128,19,1.0
2,Br,Linear SVM,hit_rate,129,19,1.0
2,Br,Linear SVM,recall,129,19,1.0
2,Br,Linear SVM,hit_rate,130,19,1.0
2,Br,Linear SVM,recall,130,19,1.0
2,Br,Linear SVM,hit_rate,131,19,1.0
2,Br,Linear SVM,recall,131,19,1.0
2,Br,Linear SVM,hit_rate,132,19,1.0
2,Br,Linear SVM,recall,132,19,1.0
2,Br,Linear SVM,hit_rate,133,19,1.0
2,Br,Linear SVM,recall,133,19,1.0
2,Br,Linear SVM,hit_rate,134,19,1.0
2,Br,Linear SVM,recall,134,19,1.0
2,Br,Linear SVM,hit_rate,135,19,1.0
2,Br,Linear SVM,recall,135,19,1.0
2,Br,Linear SVM,hit_rate,136,19,1.0
2,Br,Linear SVM,recall,136,19,1.0
2,Br,Linear SVM,hit_rate,137,19,1.0
2,Br,Linear SVM,recall,137,19,1.0
2,Br,Linear SVM,hit_rate,138,19,1.0
2,Br,Linear SVM,recall,138,19,1.0
2,Br,Linear SVM,hit_rate,139,19,1.0
2,Br,Linear SVM,recall,139,19,1.0
2,Br,Linear SVM,hit_rate,140,19,1.0
2,Br,Linear SVM,recall,140,19,1.0
2,Br,Linear SVM,hit_rate,141,19,1.0
2,Br,Linear SVM,recall,141,19,1.0
2,Br,Linear SVM,hit_rate,142,19,1.0
2,Br,Linear SVM,recall,142,19,1.0
2,Br,Linear SVM,hit_rate,143,19,1.0
2,Br,Linear SVM,recall,143,19,1.0
2,Br,Linear SVM,hit_rate,144,19,1.0
2,Br,Linear SVM,recall,144,19,1.0
2,Br,Linear SVM,hit_rate,145,19,1.0
2,Br,Linear SVM,recall,145,19,1.0
2,Br,Linear SVM,hit_rate,146,19,1.0
2,Br,Linear SVM,recall,146,19,1.0
2,Br,Linear SVM,hit_rate,147,19,1.0
2,Br,Linear SVM,recall,147,19,1.0
2,Br,Linear SVM,hit_rate,148,19,1.0
2,Br,Linear SVM,recall,148,19,1.0
2,Br,Linear SVM,hit_rate,149,19,1.0
2,Br,Linear SVM,recall,149,19,1.0
2,Br,Linear SVM,hit_rate,150,19,1.0
2,Br,Linear SVM,recall,150,19,1.0
2,Br,Random forest,hit_rate,5,19,0.6842105263157895
2,Br,Random forest,recall,5,19,0.42178362573099415
2,Br,Random forest,hit_rate,6,19,0.7368421052631579
2,Br,Random forest,recall,6,19,0.48099415204678364
2,Br,Random forest,hit_rate,7,19,0.7368421052631579
2,Br,Random forest,recall,7,19,0.4868421052631579
2,Br,Random forest,hit_rate,8,19,0.8421052631578947
2,Br,Random forest,recall,8,19,0.5957602339181287
2,Br,Random forest,hit_rate,9,19,0.8947368421052632
2,Br,Random forest,recall,9,19,0.6571637426900585
2,Br,Random forest,hit_rate,10,19,0.8947368421052632
2,Br,Random forest,recall,10,19,0.6630116959064327
2,Br,Random forest,hit_rate,11,19,0.8947368421052632
2,Br,Random forest,recall,11,19,0.712719298245614
2,Br,Random forest,hit_rate,12,19,0.8947368421052632
2,Br,Random forest,recall,12,19,0.7185672514619883
2,Br,Random forest,hit_rate,13,19,0.8947368421052632
2,Br,Random forest,recall,13,19,0.7214912280701755
2,Br,Random forest,hit_rate,14,19,0.8947368421052632
2,Br,Random forest,recall,14,19,0.7214912280701755
2,Br,Random forest,hit_rate,15,19,0.8947368421052632
2,Br,Random forest,recall,15,19,0.7214912280701755
2,Br,Random forest,hit_rate,16,19,0.9473684210526315
2,Br,Random forest,recall,16,19,0.7327694235588972
2,Br,Random forest,hit_rate,17,19,0.9473684210526315
2,Br,Random forest,recall,17,19,0.7393483709273183
2,Br,Random forest,hit_rate,18,19,0.9473684210526315
2,Br,Random forest,recall,18,19,0.7393483709273183
2,Br,Random forest,hit_rate,19,19,0.9473684210526315
2,Br,Random forest,recall,19,19,0.7393483709273183
2,Br,Random forest,hit_rate,20,19,0.9473684210526315
2,Br,Random forest,recall,20,19,0.7418546365914787
2,Br,Random forest,hit_rate,21,19,0.9473684210526315
2,Br,Random forest,recall,21,19,0.7443609022556391
2,Br,Random forest,hit_rate,22,19,0.9473684210526315
2,Br,Random forest,recall,22,19,0.7794486215538847
2,Br,Random forest,hit_rate,23,19,0.9473684210526315
2,Br,Random forest,recall,23,19,0.7882205513784462
2,Br,Random forest,hit_rate,24,19,0.9473684210526315
2,Br,Random forest,recall,24,19,0.7969924812030076
2,Br,Random forest,hit_rate,25,19,0.9473684210526315
2,Br,Random forest,recall,25,19,0.8024227234753551
2,Br,Random forest,hit_rate,26,19,0.9473684210526315
2,Br,Random forest,recall,26,19,0.8137009189640768
2,Br,Random forest,hit_rate,27,19,0.9473684210526315
2,Br,Random forest,recall,27,19,0.8137009189640768
2,Br,Random forest,hit_rate,28,19,0.9473684210526315
2,Br,Random forest,recall,28,19,0.8227861319966583
2,Br,Random forest,hit_rate,29,19,0.9473684210526315
2,Br,Random forest,recall,29,19,0.8252923976608187
2,Br,Random forest,hit_rate,30,19,0.9473684210526315
2,Br,Random forest,recall,30,19,0.85453216374269
2,Br,Random forest,hit_rate,31,19,0.9473684210526315
2,Br,Random forest,recall,31,19,0.861111111111111
2,Br,Random forest,hit_rate,32,19,0.9473684210526315
2,Br,Random forest,recall,32,19,0.8636173767752715
2,Br,Random forest,hit_rate,33,19,1.0
2,Br,Random forest,recall,33,19,0.879281537176274
2,Br,Random forest,hit_rate,34,19,1.0
2,Br,Random forest,recall,34,19,0.879281537176274
2,Br,Random forest,hit_rate,35,19,1.0
2,Br,Random forest,recall,35,19,0.879281537176274
2,Br,Random forest,hit_rate,36,19,1.0
2,Br,Random forest,recall,36,19,0.8817878028404343
2,Br,Random forest,hit_rate,37,19,1.0
2,Br,Random forest,recall,37,19,0.8817878028404343
2,Br,Random forest,hit_rate,38,19,1.0
2,Br,Random forest,recall,38,19,0.887218045112782
2,Br,Random forest,hit_rate,39,19,1.0
2,Br,Random forest,recall,39,19,0.8963032581453634
2,Br,Random forest,hit_rate,40,19,1.0
2,Br,Random forest,recall,40,19,0.9083124477861318
2,Br,Random forest,hit_rate,41,19,1.0
2,Br,Random forest,recall,41,19,0.9108187134502925
2,Br,Random forest,hit_rate,42,19,1.0
2,Br,Random forest,recall,42,19,0.922827903091061
2,Br,Random forest,hit_rate,43,19,1.0
2,Br,Random forest,recall,43,19,0.929406850459482
2,Br,Random forest,hit_rate,44,19,1.0
2,Br,Random forest,recall,44,19,0.9319131161236424
2,Br,Random forest,hit_rate,45,19,1.0
2,Br,Random forest,recall,45,19,0.9409983291562238
2,Br,Random forest,hit_rate,46,19,1.0
2,Br,Random forest,recall,46,19,0.9500835421888055
2,Br,Random forest,hit_rate,47,19,1.0
2,Br,Random forest,recall,47,19,0.9525898078529657
2,Br,Random forest,hit_rate,48,19,1.0
2,Br,Random forest,recall,48,19,0.9616750208855473
2,Br,Random forest,hit_rate,49,19,1.0
2,Br,Random forest,recall,49,19,0.9682539682539684
2,Br,Random forest,hit_rate,50,19,1.0
2,Br,Random forest,recall,50,19,0.9707602339181286
2,Br,Random forest,hit_rate,51,19,1.0
2,Br,Random forest,recall,51,19,0.9707602339181286
2,Br,Random forest,hit_rate,52,19,1.0
2,Br,Random forest,recall,52,19,0.9707602339181286
2,Br,Random forest,hit_rate,53,19,1.0
2,Br,Random forest,recall,53,19,0.9707602339181286
2,Br,Random forest,hit_rate,54,19,1.0
2,Br,Random forest,recall,54,19,0.9707602339181286
2,Br,Random forest,hit_rate,55,19,1.0
2,Br,Random forest,recall,55,19,0.9707602339181286
2,Br,Random forest,hit_rate,56,19,1.0
2,Br,Random forest,recall,56,19,0.9707602339181286
2,Br,Random forest,hit_rate,57,19,1.0
2,Br,Random forest,recall,57,19,0.9707602339181286
2,Br,Random forest,hit_rate,58,19,1.0
2,Br,Random forest,recall,58,19,0.9707602339181286
2,Br,Random forest,hit_rate,59,19,1.0
2,Br,Random forest,recall,59,19,0.9707602339181286
2,Br,Random forest,hit_rate,60,19,1.0
2,Br,Random forest,recall,60,19,0.9707602339181286
2,Br,Random forest,hit_rate,61,19,1.0
2,Br,Random forest,recall,61,19,0.9707602339181286
2,Br,Random forest,hit_rate,62,19,1.0
2,Br,Random forest,recall,62,19,0.9707602339181286
2,Br,Random forest,hit_rate,63,19,1.0
2,Br,Random forest,recall,63,19,0.9736842105263158
2,Br,Random forest,hit_rate,64,19,1.0
2,Br,Random forest,recall,64,19,0.9736842105263158
2,Br,Random forest,hit_rate,65,19,1.0
2,Br,Random forest,recall,65,19,0.976608187134503
2,Br,Random forest,hit_rate,66,19,1.0
2,Br,Random forest,recall,66,19,0.976608187134503
2,Br,Random forest,hit_rate,67,19,1.0
2,Br,Random forest,recall,67,19,0.976608187134503
2,Br,Random forest,hit_rate,68,19,1.0
2,Br,Random forest,recall,68,19,0.976608187134503
2,Br,Random forest,hit_rate,69,19,1.0
2,Br,Random forest,recall,69,19,0.976608187134503
2,Br,Random forest,hit_rate,70,19,1.0
2,Br,Random forest,recall,70,19,0.976608187134503
2,Br,Random forest,hit_rate,71,19,1.0
2,Br,Random forest,recall,71,19,0.97953216374269
2,Br,Random forest,hit_rate,72,19,1.0
2,Br,Random forest,recall,72,19,0.97953216374269
2,Br,Random forest,hit_rate,73,19,1.0
2,Br,Random forest,recall,73,19,0.97953216374269
2,Br,Random forest,hit_rate,74,19,1.0
2,Br,Random forest,recall,74,19,0.982456140350877
2,Br,Random forest,hit_rate,75,19,1.0
2,Br,Random forest,recall,75,19,0.982456140350877
2,Br,Random forest,hit_rate,76,19,1.0
2,Br,Random forest,recall,76,19,0.982456140350877
2,Br,Random forest,hit_rate,77,19,1.0
2,Br,Random forest,recall,77,19,0.982456140350877
2,Br,Random forest,hit_rate,78,19,1.0
2,Br,Random forest,recall,78,19,0.982456140350877
2,Br,Random forest,hit_rate,79,19,1.0
2,Br,Random forest,recall,79,19,0.982456140350877
2,Br,Random forest,hit_rate,80,19,1.0
2,Br,Random forest,recall,80,19,0.982456140350877
2,Br,Random forest,hit_rate,81,19,1.0
2,Br,Random forest,recall,81,19,0.9853801169590642
2,Br,Random forest,hit_rate,82,19,1.0
2,Br,Random forest,recall,82,19,0.9883040935672515
2,Br,Random forest,hit_rate,83,19,1.0
2,Br,Random forest,recall,83,19,0.9883040935672515
2,Br,Random forest,hit_rate,84,19,1.0
2,Br,Random forest,recall,84,19,0.9883040935672515
2,Br,Random forest,hit_rate,85,19,1.0
2,Br,Random forest,recall,85,19,0.9883040935672515
2,Br,Random forest,hit_rate,86,19,1.0
2,Br,Random forest,recall,86,19,0.9883040935672515
2,Br,Random forest,hit_rate,87,19,1.0
2,Br,Random forest,recall,87,19,0.9883040935672515
2,Br,Random forest,hit_rate,88,19,1.0
2,Br,Random forest,recall,88,19,0.9883040935672515
2,Br,Random forest,hit_rate,89,19,1.0
2,Br,Random forest,recall,89,19,0.9912280701754387
2,Br,Random forest,hit_rate,90,19,1.0
2,Br,Random forest,recall,90,19,0.9941520467836258
2,Br,Random forest,hit_rate,91,19,1.0
2,Br,Random forest,recall,91,19,0.9941520467836258
2,Br,Random forest,hit_rate,92,19,1.0
2,Br,Random forest,recall,92,19,0.9941520467836258
2,Br,Random forest,hit_rate,93,19,1.0
2,Br,Random forest,recall,93,19,0.9970760233918128
2,Br,Random forest,hit_rate,94,19,1.0
2,Br,Random forest,recall,94,19,0.9970760233918128
2,Br,Random forest,hit_rate,95,19,1.0
2,Br,Random forest,recall,95,19,1.0
2,Br,Random forest,hit_rate,96,19,1.0
2,Br,Random forest,recall,96,19,1.0
2,Br,Random forest,hit_rate,97,19,1.0
2,Br,Random forest,recall,97,19,1.0
2,Br,Random forest,hit_rate,98,19,1.0
2,Br,Random forest,recall,98,19,1.0
2,Br,Random forest,hit_rate,99,19,1.0
2,Br,Random forest,recall,99,19,1.0
2,Br,Random forest,hit_rate,100,19,1.0
2,Br,Random forest,recall,100,19,1.0
2,Br,Random forest,hit_rate,101,19,1.0
2,Br,Random forest,recall,101,19,1.0
2,Br,Random forest,hit_rate,102,19,1.0
2,Br,Random forest,recall,102,19,1.0
2,Br,Random forest,hit_rate,103,19,1.0
2,Br,Random forest,recall,103,19,1.0
2,Br,Random forest,hit_rate,104,19,1.0
2,Br,Random forest,recall,104,19,1.0
2,Br,Random forest,hit_rate,105,19,1.0
2,Br,Random forest,recall,105,19,1.0
2,Br,Random forest,hit_rate,106,19,1.0
2,Br,Random forest,recall,106,19,1.0
2,Br,Random forest,hit_rate,107,19,1.0
2,Br,Random forest,recall,107,19,1.0
2,Br,Random forest,hit_rate,108,19,1.0
2,Br,Random forest,recall,108,19,1.0
2,Br,Random forest,hit_rate,109,19,1.0
2,Br,Random forest,recall,109,19,1.0
2,Br,Random forest,hit_rate,110,19,1.0
2,Br,Random forest,recall,110,19,1.0
2,Br,Random forest,hit_rate,111,19,1.0
2,Br,Random forest,recall,111,19,1.0
2,Br,Random forest,hit_rate,112,19,1.0
2,Br,Random forest,recall,112,19,1.0
2,Br,Random forest,hit_rate,113,19,1.0
2,Br,Random forest,recall,113,19,1.0
2,Br,Random forest,hit_rate,114,19,1.0
2,Br,Random forest,recall,114,19,1.0
2,Br,Random forest,hit_rate,115,19,1.0
2,Br,Random forest,recall,115,19,1.0
2,Br,Random forest,hit_rate,116,19,1.0
2,Br,Random forest,recall,116,19,1.0
2,Br,Random forest,hit_rate,117,19,1.0
2,Br,Random forest,recall,117,19,1.0
2,Br,Random forest,hit_rate,118,19,1.0
2,Br,Random forest,recall,118,19,1.0
2,Br,Random forest,hit_rate,119,19,1.0
2,Br,Random forest,recall,119,19,1.0
2,Br,Random forest,hit_rate,120,19,1.0
2,Br,Random forest,recall,120,19,1.0
2,Br,Random forest,hit_rate,121,19,1.0
2,Br,Random forest,recall,121,19,1.0
2,Br,Random forest,hit_rate,122,19,1.0
2,Br,Random forest,recall,122,19,1.0
2,Br,Random forest,hit_rate,123,19,1.0
2,Br,Random forest,recall,123,19,1.0
2,Br,Random forest,hit_rate,124,19,1.0
2,Br,Random forest,recall,124,19,1.0
2,Br,Random forest,hit_rate,125,19,1.0
2,Br,Random forest,recall,125,19,1.0
2,Br,Random forest,hit_rate,126,19,1.0
2,Br,Random forest,recall,126,19,1.0
2,Br,Random forest,hit_rate,127,19,1.0
2,Br,Random forest,recall,127,19,1.0
2,Br,Random forest,hit_rate,128,19,1.0
2,Br,Random forest,recall,128,19,1.0
2,Br,Random forest,hit_rate,129,19,1.0
2,Br,Random forest,recall,129,19,1.0
2,Br,Random forest,hit_rate,130,19,1.0
2,Br,Random forest,recall,130,19,1.0
2,Br,Random forest,hit_rate,131,19,1.0
2,Br,Random forest,recall,131,19,1.0
2,Br,Random forest,hit_rate,132,19,1.0
2,Br,Random forest,recall,132,19,1.0
2,Br,Random forest,hit_rate,133,19,1.0
2,Br,Random forest,recall,133,19,1.0
2,Br,Random forest,hit_rate,134,19,1.0
2,Br,Random forest,recall,134,19,1.0
2,Br,Random forest,hit_rate,135,19,1.0
2,Br,Random forest,recall,135,19,1.0
2,Br,Random forest,hit_rate,136,19,1.0
2,Br,Random forest,recall,136,19,1.0
2,Br,Random forest,hit_rate,137,19,1.0
2,Br,Random forest,recall,137,19,1.0
2,Br,Random forest,hit_rate,138,19,1.0
2,Br,Random forest,recall,138,19,1.0
2,Br,Random forest,hit_rate,139,19,1.0
2,Br,Random forest,recall,139,19,1.0
2,Br,Random forest,hit_rate,140,19,1.0
2,Br,Random forest,recall,140,19,1.0
2,Br,Random forest,hit_rate,141,19,1.0
2,Br,Random forest,recall,141,19,1.0
2,Br,Random forest,hit_rate,142,19,1.0
2,Br,Random forest,recall,142,19,1.0
2,Br,Random forest,hit_rate,143,19,1.0
2,Br,Random forest,recall,143,19,1.0
2,Br,Random forest,hit_rate,144,19,1.0
2,Br,Random forest,recall,144,19,1.0
2,Br,Random forest,hit_rate,145,19,1.0
2,Br,Random forest,recall,145,19,1.0
2,Br,Random forest,hit_rate,146,19,1.0
2,Br,Random forest,recall,146,19,1.0
2,Br,Random forest,hit_rate,147,19,1.0
2,Br,Random forest,recall,147,19,1.0
2,Br,Random forest,hit_rate,148,19,1.0
2,Br,Random forest,recall,148,19,1.0
2,Br,Random forest,hit_rate,149,19,1.0
2,Br,Random forest,recall,149,19,1.0
2,Br,Random forest,hit_rate,150,19,1.0
2,Br,Random forest,recall,150,19,1.0
3,S,UltraMS,hit_rate,5,43,0.813953488372093
3,S,UltraMS,recall,5,43,0.4260101635557501
3,S,UltraMS,hit_rate,6,43,0.9069767441860465
3,S,UltraMS,recall,6,43,0.5158916785912813
3,S,UltraMS,hit_rate,7,43,0.9069767441860465
3,S,UltraMS,recall,7,43,0.5846391824791215
3,S,UltraMS,hit_rate,8,43,0.9069767441860465
3,S,UltraMS,recall,8,43,0.6203642872876737
3,S,UltraMS,hit_rate,9,43,0.9302325581395349
3,S,UltraMS,recall,9,43,0.6533298956124965
3,S,UltraMS,hit_rate,10,43,0.9534883720930233
3,S,UltraMS,recall,10,43,0.7332024715387214
3,S,UltraMS,hit_rate,11,43,0.9534883720930233
3,S,UltraMS,recall,11,43,0.758883138143078
3,S,UltraMS,hit_rate,12,43,0.9767441860465116
3,S,UltraMS,recall,12,43,0.796495671330464
3,S,UltraMS,hit_rate,13,43,0.9767441860465116
3,S,UltraMS,recall,13,43,0.8005874820742389
3,S,UltraMS,hit_rate,14,43,0.9767441860465116
3,S,UltraMS,recall,14,43,0.8120053001440212
3,S,UltraMS,hit_rate,15,43,0.9767441860465116
3,S,UltraMS,recall,15,43,0.8237861107926409
3,S,UltraMS,hit_rate,16,43,0.9767441860465116
3,S,UltraMS,recall,16,43,0.8348021138951246
3,S,UltraMS,hit_rate,17,43,0.9767441860465116
3,S,UltraMS,recall,17,43,0.8580081233736613
3,S,UltraMS,hit_rate,18,43,0.9767441860465116
3,S,UltraMS,recall,18,43,0.8748408981237902
3,S,UltraMS,hit_rate,19,43,0.9767441860465116
3,S,UltraMS,recall,19,43,0.8837286929554975
3,S,UltraMS,hit_rate,20,43,0.9767441860465116
3,S,UltraMS,recall,20,43,0.8916788546506466
3,S,UltraMS,hit_rate,21,43,0.9767441860465116
3,S,UltraMS,recall,21,43,0.8959146642424306
3,S,UltraMS,hit_rate,22,43,0.9767441860465116
3,S,UltraMS,recall,22,43,0.9006488127046466
3,S,UltraMS,hit_rate,23,43,0.9767441860465116
3,S,UltraMS,recall,23,43,0.9023538425426688
3,S,UltraMS,hit_rate,24,43,0.9767441860465116
3,S,UltraMS,recall,24,43,0.9064177765863803
3,S,UltraMS,hit_rate,25,43,0.9767441860465116
3,S,UltraMS,recall,25,43,0.9103539314325456
3,S,UltraMS,hit_rate,26,43,0.9767441860465116
3,S,UltraMS,recall,26,43,0.9170423499748867
3,S,UltraMS,hit_rate,27,43,0.9767441860465116
3,S,UltraMS,recall,27,43,0.9232553002712842
3,S,UltraMS,hit_rate,28,43,0.9767441860465116
3,S,UltraMS,recall,28,43,0.9270423793869781
3,S,UltraMS,hit_rate,29,43,0.9767441860465116
3,S,UltraMS,recall,29,43,0.9273794201689127
3,S,UltraMS,hit_rate,30,43,0.9767441860465116
3,S,UltraMS,recall,30,43,0.92983062585571
3,S,UltraMS,hit_rate,31,43,0.9767441860465116
3,S,UltraMS,recall,31,43,0.9318287962057508
3,S,UltraMS,hit_rate,32,43,0.9767441860465116
3,S,UltraMS,recall,32,43,0.933052786413829
3,S,UltraMS,hit_rate,33,43,0.9767441860465116
3,S,UltraMS,recall,33,43,0.9380857127056027
3,S,UltraMS,hit_rate,34,43,0.9767441860465116
3,S,UltraMS,recall,34,43,0.9384227534875372
3,S,UltraMS,hit_rate,35,43,0.9767441860465116
3,S,UltraMS,recall,35,43,0.9387597942694719
3,S,UltraMS,hit_rate,36,43,0.9767441860465116
3,S,UltraMS,recall,36,43,0.9390968350514066
3,S,UltraMS,hit_rate,37,43,0.9767441860465116
3,S,UltraMS,recall,37,43,0.9408018648894289
3,S,UltraMS,hit_rate,38,43,0.9767441860465116
3,S,UltraMS,recall,38,43,0.9411389056713635
3,S,UltraMS,hit_rate,39,43,0.9767441860465116
3,S,UltraMS,recall,39,43,0.9440679257174639
3,S,UltraMS,hit_rate,40,43,0.9767441860465116
3,S,UltraMS,recall,40,43,0.9457729555554861
3,S,UltraMS,hit_rate,41,43,0.9767441860465116
3,S,UltraMS,recall,41,43,0.9461099963374207
3,S,UltraMS,hit_rate,42,43,0.9767441860465116
3,S,UltraMS,recall,42,43,0.9476710273274335
3,S,UltraMS,hit_rate,43,43,0.9767441860465116
3,S,UltraMS,recall,43,43,0.9492320583174465
3,S,UltraMS,hit_rate,44,43,0.9767441860465116
3,S,UltraMS,recall,44,43,0.9492320583174465
3,S,UltraMS,hit_rate,45,43,0.9767441860465116
3,S,UltraMS,recall,45,43,0.9495690990993813
3,S,UltraMS,hit_rate,46,43,0.9767441860465116
3,S,UltraMS,recall,46,43,0.9499061398813158
3,S,UltraMS,hit_rate,47,43,0.9767441860465116
3,S,UltraMS,recall,47,43,0.9502431806632504
3,S,UltraMS,hit_rate,48,43,0.9767441860465116
3,S,UltraMS,recall,48,43,0.9502431806632504
3,S,UltraMS,hit_rate,49,43,0.9767441860465116
3,S,UltraMS,recall,49,43,0.9518042116532633
3,S,UltraMS,hit_rate,50,43,0.9767441860465116
3,S,UltraMS,recall,50,43,0.9533652426432762
3,S,UltraMS,hit_rate,51,43,0.9767441860465116
3,S,UltraMS,recall,51,43,0.9533652426432762
3,S,UltraMS,hit_rate,52,43,0.9767441860465116
3,S,UltraMS,recall,52,43,0.9537022834252108
3,S,UltraMS,hit_rate,53,43,1.0
3,S,UltraMS,recall,53,43,0.9668912213919679
3,S,UltraMS,hit_rate,54,43,1.0
3,S,UltraMS,recall,54,43,0.9681152116000463
3,S,UltraMS,hit_rate,55,43,1.0
3,S,UltraMS,recall,55,43,0.9681152116000463
3,S,UltraMS,hit_rate,56,43,1.0
3,S,UltraMS,recall,56,43,0.9684522523819808
3,S,UltraMS,hit_rate,57,43,1.0
3,S,UltraMS,recall,57,43,0.9687892931639155
3,S,UltraMS,hit_rate,58,43,1.0
3,S,UltraMS,recall,58,43,0.9691263339458502
3,S,UltraMS,hit_rate,59,43,1.0
3,S,UltraMS,recall,59,43,0.9703503241539286
3,S,UltraMS,hit_rate,60,43,1.0
3,S,UltraMS,recall,60,43,0.9703503241539286
3,S,UltraMS,hit_rate,61,43,1.0
3,S,UltraMS,recall,61,43,0.9819782311306728
3,S,UltraMS,hit_rate,62,43,1.0
3,S,UltraMS,recall,62,43,0.9836832609686949
3,S,UltraMS,hit_rate,63,43,1.0
3,S,UltraMS,recall,63,43,0.9853882908067171
3,S,UltraMS,hit_rate,64,43,1.0
3,S,UltraMS,recall,64,43,0.9857253315886517
3,S,UltraMS,hit_rate,65,43,1.0
3,S,UltraMS,recall,65,43,0.9860623723705862
3,S,UltraMS,hit_rate,66,43,1.0
3,S,UltraMS,recall,66,43,0.9863994131525209
3,S,UltraMS,hit_rate,67,43,1.0
3,S,UltraMS,recall,67,43,0.9863994131525209
3,S,UltraMS,hit_rate,68,43,1.0
3,S,UltraMS,recall,68,43,0.9867364539344554
3,S,UltraMS,hit_rate,69,43,1.0
3,S,UltraMS,recall,69,43,0.9867364539344554
3,S,UltraMS,hit_rate,70,43,1.0
3,S,UltraMS,recall,70,43,0.9867364539344554
3,S,UltraMS,hit_rate,71,43,1.0
3,S,UltraMS,recall,71,43,0.9867364539344554
3,S,UltraMS,hit_rate,72,43,1.0
3,S,UltraMS,recall,72,43,0.9867364539344554
3,S,UltraMS,hit_rate,73,43,1.0
3,S,UltraMS,recall,73,43,0.9867364539344554
3,S,UltraMS,hit_rate,74,43,1.0
3,S,UltraMS,recall,74,43,0.98707349471639
3,S,UltraMS,hit_rate,75,43,1.0
3,S,UltraMS,recall,75,43,0.98707349471639
3,S,UltraMS,hit_rate,76,43,1.0
3,S,UltraMS,recall,76,43,0.9884414837724775
3,S,UltraMS,hit_rate,77,43,1.0
3,S,UltraMS,recall,77,43,0.9884414837724775
3,S,UltraMS,hit_rate,78,43,1.0
3,S,UltraMS,recall,78,43,0.9901465136104998
3,S,UltraMS,hit_rate,79,43,1.0
3,S,UltraMS,recall,79,43,0.9901465136104998
3,S,UltraMS,hit_rate,80,43,1.0
3,S,UltraMS,recall,80,43,0.9904835543924345
3,S,UltraMS,hit_rate,81,43,1.0
3,S,UltraMS,recall,81,43,0.9904835543924345
3,S,UltraMS,hit_rate,82,43,1.0
3,S,UltraMS,recall,82,43,0.9904835543924345
3,S,UltraMS,hit_rate,83,43,1.0
3,S,UltraMS,recall,83,43,0.9908205951743692
3,S,UltraMS,hit_rate,84,43,1.0
3,S,UltraMS,recall,84,43,0.9921885842304567
3,S,UltraMS,hit_rate,85,43,1.0
3,S,UltraMS,recall,85,43,0.9938936140684788
3,S,UltraMS,hit_rate,86,43,1.0
3,S,UltraMS,recall,86,43,0.9942306548504134
3,S,UltraMS,hit_rate,87,43,1.0
3,S,UltraMS,recall,87,43,0.9942306548504134
3,S,UltraMS,hit_rate,88,43,1.0
3,S,UltraMS,recall,88,43,0.9942306548504134
3,S,UltraMS,hit_rate,89,43,1.0
3,S,UltraMS,recall,89,43,0.9942306548504134
3,S,UltraMS,hit_rate,90,43,1.0
3,S,UltraMS,recall,90,43,0.9942306548504134
3,S,UltraMS,hit_rate,91,43,1.0
3,S,UltraMS,recall,91,43,0.9942306548504134
3,S,UltraMS,hit_rate,92,43,1.0
3,S,UltraMS,recall,92,43,0.9942306548504134
3,S,UltraMS,hit_rate,93,43,1.0
3,S,UltraMS,recall,93,43,0.994567695632348
3,S,UltraMS,hit_rate,94,43,1.0
3,S,UltraMS,recall,94,43,0.9949047364142826
3,S,UltraMS,hit_rate,95,43,1.0
3,S,UltraMS,recall,95,43,0.9952417771962172
3,S,UltraMS,hit_rate,96,43,1.0
3,S,UltraMS,recall,96,43,0.9952417771962172
3,S,UltraMS,hit_rate,97,43,1.0
3,S,UltraMS,recall,97,43,0.9952417771962172
3,S,UltraMS,hit_rate,98,43,1.0
3,S,UltraMS,recall,98,43,0.9952417771962172
3,S,UltraMS,hit_rate,99,43,1.0
3,S,UltraMS,recall,99,43,0.9952417771962172
3,S,UltraMS,hit_rate,100,43,1.0
3,S,UltraMS,recall,100,43,0.9952417771962172
3,S,UltraMS,hit_rate,101,43,1.0
3,S,UltraMS,recall,101,43,0.9952417771962172
3,S,UltraMS,hit_rate,102,43,1.0
3,S,UltraMS,recall,102,43,0.9952417771962172
3,S,UltraMS,hit_rate,103,43,1.0
3,S,UltraMS,recall,103,43,0.9969468070342392
3,S,UltraMS,hit_rate,104,43,1.0
3,S,UltraMS,recall,104,43,0.997283847816174
3,S,UltraMS,hit_rate,105,43,1.0
3,S,UltraMS,recall,105,43,0.9986518368722617
3,S,UltraMS,hit_rate,106,43,1.0
3,S,UltraMS,recall,106,43,0.9986518368722617
3,S,UltraMS,hit_rate,107,43,1.0
3,S,UltraMS,recall,107,43,0.9986518368722617
3,S,UltraMS,hit_rate,108,43,1.0
3,S,UltraMS,recall,108,43,0.9989888776541962
3,S,UltraMS,hit_rate,109,43,1.0
3,S,UltraMS,recall,109,43,0.9989888776541962
3,S,UltraMS,hit_rate,110,43,1.0
3,S,UltraMS,recall,110,43,0.9989888776541962
3,S,UltraMS,hit_rate,111,43,1.0
3,S,UltraMS,recall,111,43,0.9989888776541962
3,S,UltraMS,hit_rate,112,43,1.0
3,S,UltraMS,recall,112,43,0.9989888776541962
3,S,UltraMS,hit_rate,113,43,1.0
3,S,UltraMS,recall,113,43,0.9989888776541962
3,S,UltraMS,hit_rate,114,43,1.0
3,S,UltraMS,recall,114,43,0.9993259184361308
3,S,UltraMS,hit_rate,115,43,1.0
3,S,UltraMS,recall,115,43,0.9993259184361308
3,S,UltraMS,hit_rate,116,43,1.0
3,S,UltraMS,recall,116,43,0.9996629592180654
3,S,UltraMS,hit_rate,117,43,1.0
3,S,UltraMS,recall,117,43,1.0
3,S,UltraMS,hit_rate,118,43,1.0
3,S,UltraMS,recall,118,43,1.0
3,S,UltraMS,hit_rate,119,43,1.0
3,S,UltraMS,recall,119,43,1.0
3,S,UltraMS,hit_rate,120,43,1.0
3,S,UltraMS,recall,120,43,1.0
3,S,UltraMS,hit_rate,121,43,1.0
3,S,UltraMS,recall,121,43,1.0
3,S,UltraMS,hit_rate,122,43,1.0
3,S,UltraMS,recall,122,43,1.0
3,S,UltraMS,hit_rate,123,43,1.0
3,S,UltraMS,recall,123,43,1.0
3,S,UltraMS,hit_rate,124,43,1.0
3,S,UltraMS,recall,124,43,1.0
3,S,UltraMS,hit_rate,125,43,1.0
3,S,UltraMS,recall,125,43,1.0
3,S,UltraMS,hit_rate,126,43,1.0
3,S,UltraMS,recall,126,43,1.0
3,S,UltraMS,hit_rate,127,43,1.0
3,S,UltraMS,recall,127,43,1.0
3,S,UltraMS,hit_rate,128,43,1.0
3,S,UltraMS,recall,128,43,1.0
3,S,UltraMS,hit_rate,129,43,1.0
3,S,UltraMS,recall,129,43,1.0
3,S,UltraMS,hit_rate,130,43,1.0
3,S,UltraMS,recall,130,43,1.0
3,S,UltraMS,hit_rate,131,43,1.0
3,S,UltraMS,recall,131,43,1.0
3,S,UltraMS,hit_rate,132,43,1.0
3,S,UltraMS,recall,132,43,1.0
3,S,UltraMS,hit_rate,133,43,1.0
3,S,UltraMS,recall,133,43,1.0
3,S,UltraMS,hit_rate,134,43,1.0
3,S,UltraMS,recall,134,43,1.0
3,S,UltraMS,hit_rate,135,43,1.0
3,S,UltraMS,recall,135,43,1.0
3,S,UltraMS,hit_rate,136,43,1.0
3,S,UltraMS,recall,136,43,1.0
3,S,UltraMS,hit_rate,137,43,1.0
3,S,UltraMS,recall,137,43,1.0
3,S,UltraMS,hit_rate,138,43,1.0
3,S,UltraMS,recall,138,43,1.0
3,S,UltraMS,hit_rate,139,43,1.0
3,S,UltraMS,recall,139,43,1.0
3,S,UltraMS,hit_rate,140,43,1.0
3,S,UltraMS,recall,140,43,1.0
3,S,UltraMS,hit_rate,141,43,1.0
3,S,UltraMS,recall,141,43,1.0
3,S,UltraMS,hit_rate,142,43,1.0
3,S,UltraMS,recall,142,43,1.0
3,S,UltraMS,hit_rate,143,43,1.0
3,S,UltraMS,recall,143,43,1.0
3,S,UltraMS,hit_rate,144,43,1.0
3,S,UltraMS,recall,144,43,1.0
3,S,UltraMS,hit_rate,145,43,1.0
3,S,UltraMS,recall,145,43,1.0
3,S,UltraMS,hit_rate,146,43,1.0
3,S,UltraMS,recall,146,43,1.0
3,S,UltraMS,hit_rate,147,43,1.0
3,S,UltraMS,recall,147,43,1.0
3,S,UltraMS,hit_rate,148,43,1.0
3,S,UltraMS,recall,148,43,1.0
3,S,UltraMS,hit_rate,149,43,1.0
3,S,UltraMS,recall,149,43,1.0
3,S,UltraMS,hit_rate,150,43,1.0
3,S,UltraMS,recall,150,43,1.0
3,S,DreaMS,hit_rate,5,43,0.7209302325581395
3,S,DreaMS,recall,5,43,0.27050493188624075
3,S,DreaMS,hit_rate,6,43,0.7674418604651163
3,S,DreaMS,recall,6,43,0.32761039811943404
3,S,DreaMS,hit_rate,7,43,0.813953488372093
3,S,DreaMS,recall,7,43,0.4160655695395417
3,S,DreaMS,hit_rate,8,43,0.8372093023255814
3,S,DreaMS,recall,8,43,0.44986157823295125
3,S,DreaMS,hit_rate,9,43,0.8372093023255814
3,S,DreaMS,recall,9,43,0.49276478160127085
3,S,DreaMS,hit_rate,10,43,0.8604651162790697
3,S,DreaMS,recall,10,43,0.5189195942813913
3,S,DreaMS,hit_rate,11,43,0.8837209302325582
3,S,DreaMS,recall,11,43,0.5624953313897803
3,S,DreaMS,hit_rate,12,43,0.8837209302325582
3,S,DreaMS,recall,12,43,0.5860656659040272
3,S,DreaMS,hit_rate,13,43,0.8837209302325582
3,S,DreaMS,recall,13,43,0.6041535212011848
3,S,DreaMS,hit_rate,14,43,0.9069767441860465
3,S,DreaMS,recall,14,43,0.6458139697357784
3,S,DreaMS,hit_rate,15,43,0.9069767441860465
3,S,DreaMS,recall,15,43,0.6806730155387366
3,S,DreaMS,hit_rate,16,43,0.9302325581395349
3,S,DreaMS,recall,16,43,0.7033962468802991
3,S,DreaMS,hit_rate,17,43,0.9302325581395349
3,S,DreaMS,recall,17,43,0.7110365219624346
3,S,DreaMS,hit_rate,18,43,0.9302325581395349
3,S,DreaMS,recall,18,43,0.7200272500366101
3,S,DreaMS,hit_rate,19,43,0.9302325581395349
3,S,DreaMS,recall,19,43,0.7313994293294459
3,S,DreaMS,hit_rate,20,43,0.9302325581395349
3,S,DreaMS,recall,20,43,0.7520739342036771
3,S,DreaMS,hit_rate,21,43,0.9302325581395349
3,S,DreaMS,recall,21,43,0.7624774613650702
3,S,DreaMS,hit_rate,22,43,0.9302325581395349
3,S,DreaMS,recall,22,43,0.7725373627040413
3,S,DreaMS,hit_rate,23,43,0.9534883720930233
3,S,DreaMS,recall,23,43,0.8168446301645236
3,S,DreaMS,hit_rate,24,43,0.9534883720930233
3,S,DreaMS,recall,24,43,0.8315661732718396
3,S,DreaMS,hit_rate,25,43,0.9534883720930233
3,S,DreaMS,recall,25,43,0.8389419142659118
3,S,DreaMS,hit_rate,26,43,0.9534883720930233
3,S,DreaMS,recall,26,43,0.846162942211974
3,S,DreaMS,hit_rate,27,43,0.9534883720930233
3,S,DreaMS,recall,27,43,0.8521862500100673
3,S,DreaMS,hit_rate,28,43,0.9767441860465116
3,S,DreaMS,recall,28,43,0.8690902965958764
3,S,DreaMS,hit_rate,29,43,0.9767441860465116
3,S,DreaMS,recall,29,43,0.8727427194649457
3,S,DreaMS,hit_rate,30,43,0.9767441860465116
3,S,DreaMS,recall,30,43,0.8742809774291523
3,S,DreaMS,hit_rate,31,43,0.9767441860465116
3,S,DreaMS,recall,31,43,0.8798713847943455
3,S,DreaMS,hit_rate,32,43,0.9767441860465116
3,S,DreaMS,recall,32,43,0.8947205362714039
3,S,DreaMS,hit_rate,33,43,0.9767441860465116
3,S,DreaMS,recall,33,43,0.8963816658395102
3,S,DreaMS,hit_rate,34,43,0.9767441860465116
3,S,DreaMS,recall,34,43,0.9002950476598688
3,S,DreaMS,hit_rate,35,43,0.9767441860465116
3,S,DreaMS,recall,35,43,0.9073975088626972
3,S,DreaMS,hit_rate,36,43,0.9767441860465116
3,S,DreaMS,recall,36,43,0.9091864176283503
3,S,DreaMS,hit_rate,37,43,0.9767441860465116
3,S,DreaMS,recall,37,43,0.9130997994487086
3,S,DreaMS,hit_rate,38,43,0.9767441860465116
3,S,DreaMS,recall,38,43,0.9130997994487086
3,S,DreaMS,hit_rate,39,43,0.9767441860465116
3,S,DreaMS,recall,39,43,0.914323789656787
3,S,DreaMS,hit_rate,40,43,0.9767441860465116
3,S,DreaMS,recall,40,43,0.9191468939290957
3,S,DreaMS,hit_rate,41,43,0.9767441860465116
3,S,DreaMS,recall,41,43,0.9210848784252196
3,S,DreaMS,hit_rate,42,43,0.9767441860465116
3,S,DreaMS,recall,42,43,0.9343739149700702
3,S,DreaMS,hit_rate,43,43,0.9767441860465116
3,S,DreaMS,recall,43,43,0.9343739149700702
3,S,DreaMS,hit_rate,44,43,0.9767441860465116
3,S,DreaMS,recall,44,43,0.9343739149700702
3,S,DreaMS,hit_rate,45,43,0.9767441860465116
3,S,DreaMS,recall,45,43,0.9343739149700702
3,S,DreaMS,hit_rate,46,43,0.9767441860465116
3,S,DreaMS,recall,46,43,0.936056171782286
3,S,DreaMS,hit_rate,47,43,0.9767441860465116
3,S,DreaMS,recall,47,43,0.9390852904064798
3,S,DreaMS,hit_rate,48,43,0.9767441860465116
3,S,DreaMS,recall,48,43,0.9436526669948804
3,S,DreaMS,hit_rate,49,43,0.9767441860465116
3,S,DreaMS,recall,49,43,0.9439669347510085
3,S,DreaMS,hit_rate,50,43,0.9767441860465116
3,S,DreaMS,recall,50,43,0.9439669347510085
3,S,DreaMS,hit_rate,51,43,0.9767441860465116
3,S,DreaMS,recall,51,43,0.9439669347510085
3,S,DreaMS,hit_rate,52,43,0.9767441860465116
3,S,DreaMS,recall,52,43,0.9442812025071368
3,S,DreaMS,hit_rate,53,43,0.9767441860465116
3,S,DreaMS,recall,53,43,0.9458194604713434
3,S,DreaMS,hit_rate,54,43,0.9767441860465116
3,S,DreaMS,recall,54,43,0.9458194604713434
3,S,DreaMS,hit_rate,55,43,0.9767441860465116
3,S,DreaMS,recall,55,43,0.9461337282274715
3,S,DreaMS,hit_rate,56,43,0.9767441860465116
3,S,DreaMS,recall,56,43,0.9487257074916373
3,S,DreaMS,hit_rate,57,43,0.9767441860465116
3,S,DreaMS,recall,57,43,0.9516319545119316
3,S,DreaMS,hit_rate,58,43,0.9767441860465116
3,S,DreaMS,recall,58,43,0.9516319545119316
3,S,DreaMS,hit_rate,59,43,0.9767441860465116
3,S,DreaMS,recall,59,43,0.9519462222680599
3,S,DreaMS,hit_rate,60,43,0.9767441860465116
3,S,DreaMS,recall,60,43,0.952260490024188
3,S,DreaMS,hit_rate,61,43,0.9767441860465116
3,S,DreaMS,recall,61,43,0.9534844802322662
3,S,DreaMS,hit_rate,62,43,0.9767441860465116
3,S,DreaMS,recall,62,43,0.9537987479883945
3,S,DreaMS,hit_rate,63,43,0.9767441860465116
3,S,DreaMS,recall,63,43,0.9537987479883945
3,S,DreaMS,hit_rate,64,43,0.9767441860465116
3,S,DreaMS,recall,64,43,0.9541130157445228
3,S,DreaMS,hit_rate,65,43,0.9767441860465116
3,S,DreaMS,recall,65,43,0.9557952725567384
3,S,DreaMS,hit_rate,66,43,0.9767441860465116
3,S,DreaMS,recall,66,43,0.9561095403128665
3,S,DreaMS,hit_rate,67,43,0.9767441860465116
3,S,DreaMS,recall,67,43,0.9561095403128665
3,S,DreaMS,hit_rate,68,43,0.9767441860465116
3,S,DreaMS,recall,68,43,0.9564238080689949
3,S,DreaMS,hit_rate,69,43,0.9767441860465116
3,S,DreaMS,recall,69,43,0.9579620660332013
3,S,DreaMS,hit_rate,70,43,1.0
3,S,DreaMS,recall,70,43,0.9829001367989056
3,S,DreaMS,hit_rate,71,43,1.0
3,S,DreaMS,recall,71,43,0.983214404555034
3,S,DreaMS,hit_rate,72,43,1.0
3,S,DreaMS,recall,72,43,0.983214404555034
3,S,DreaMS,hit_rate,73,43,1.0
3,S,DreaMS,recall,73,43,0.983214404555034
3,S,DreaMS,hit_rate,74,43,1.0
3,S,DreaMS,recall,74,43,0.983528672311162
3,S,DreaMS,hit_rate,75,43,1.0
3,S,DreaMS,recall,75,43,0.9838429400672903
3,S,DreaMS,hit_rate,76,43,1.0
3,S,DreaMS,recall,76,43,0.9855251968795062
3,S,DreaMS,hit_rate,77,43,1.0
3,S,DreaMS,recall,77,43,0.9855251968795062
3,S,DreaMS,hit_rate,78,43,1.0
3,S,DreaMS,recall,78,43,0.9858394646356343
3,S,DreaMS,hit_rate,79,43,1.0
3,S,DreaMS,recall,79,43,0.9861537323917626
3,S,DreaMS,hit_rate,80,43,1.0
3,S,DreaMS,recall,80,43,0.98752172144785
3,S,DreaMS,hit_rate,81,43,1.0
3,S,DreaMS,recall,81,43,0.9878359892039783
3,S,DreaMS,hit_rate,82,43,1.0
3,S,DreaMS,recall,82,43,0.9878359892039783
3,S,DreaMS,hit_rate,83,43,1.0
3,S,DreaMS,recall,83,43,0.9878359892039783
3,S,DreaMS,hit_rate,84,43,1.0
3,S,DreaMS,recall,84,43,0.9881502569601064
3,S,DreaMS,hit_rate,85,43,1.0
3,S,DreaMS,recall,85,43,0.9884645247162347
3,S,DreaMS,hit_rate,86,43,1.0
3,S,DreaMS,recall,86,43,0.9901467815284505
3,S,DreaMS,hit_rate,87,43,1.0
3,S,DreaMS,recall,87,43,0.9904610492845786
3,S,DreaMS,hit_rate,88,43,1.0
3,S,DreaMS,recall,88,43,0.9904610492845786
3,S,DreaMS,hit_rate,89,43,1.0
3,S,DreaMS,recall,89,43,0.9904610492845786
3,S,DreaMS,hit_rate,90,43,1.0
3,S,DreaMS,recall,90,43,0.9904610492845786
3,S,DreaMS,hit_rate,91,43,1.0
3,S,DreaMS,recall,91,43,0.9904610492845786
3,S,DreaMS,hit_rate,92,43,1.0
3,S,DreaMS,recall,92,43,0.9907753170407069
3,S,DreaMS,hit_rate,93,43,1.0
3,S,DreaMS,recall,93,43,0.9910895847968351
3,S,DreaMS,hit_rate,94,43,1.0
3,S,DreaMS,recall,94,43,0.9914038525529633
3,S,DreaMS,hit_rate,95,43,1.0
3,S,DreaMS,recall,95,43,0.9917181203090915
3,S,DreaMS,hit_rate,96,43,1.0
3,S,DreaMS,recall,96,43,0.9917181203090915
3,S,DreaMS,hit_rate,97,43,1.0
3,S,DreaMS,recall,97,43,0.9917181203090915
3,S,DreaMS,hit_rate,98,43,1.0
3,S,DreaMS,recall,98,43,0.9920323880652198
3,S,DreaMS,hit_rate,99,43,1.0
3,S,DreaMS,recall,99,43,0.9923466558213478
3,S,DreaMS,hit_rate,100,43,1.0
3,S,DreaMS,recall,100,43,0.9923466558213478
3,S,DreaMS,hit_rate,101,43,1.0
3,S,DreaMS,recall,101,43,0.9926609235774762
3,S,DreaMS,hit_rate,102,43,1.0
3,S,DreaMS,recall,102,43,0.9926609235774762
3,S,DreaMS,hit_rate,103,43,1.0
3,S,DreaMS,recall,103,43,0.9926609235774762
3,S,DreaMS,hit_rate,104,43,1.0
3,S,DreaMS,recall,104,43,0.9929751913336045
3,S,DreaMS,hit_rate,105,43,1.0
3,S,DreaMS,recall,105,43,0.9929751913336045
3,S,DreaMS,hit_rate,106,43,1.0
3,S,DreaMS,recall,106,43,0.9932894590897327
3,S,DreaMS,hit_rate,107,43,1.0
3,S,DreaMS,recall,107,43,0.9949717159019484
3,S,DreaMS,hit_rate,108,43,1.0
3,S,DreaMS,recall,108,43,0.9949717159019484
3,S,DreaMS,hit_rate,109,43,1.0
3,S,DreaMS,recall,109,43,0.9952859836580767
3,S,DreaMS,hit_rate,110,43,1.0
3,S,DreaMS,recall,110,43,0.9956002514142049
3,S,DreaMS,hit_rate,111,43,1.0
3,S,DreaMS,recall,111,43,0.9956002514142049
3,S,DreaMS,hit_rate,112,43,1.0
3,S,DreaMS,recall,112,43,0.9959145191703331
3,S,DreaMS,hit_rate,113,43,1.0
3,S,DreaMS,recall,113,43,0.9962287869264613
3,S,DreaMS,hit_rate,114,43,1.0
3,S,DreaMS,recall,114,43,0.9965430546825896
3,S,DreaMS,hit_rate,115,43,1.0
3,S,DreaMS,recall,115,43,0.9965430546825896
3,S,DreaMS,hit_rate,116,43,1.0
3,S,DreaMS,recall,116,43,0.9965430546825896
3,S,DreaMS,hit_rate,117,43,1.0
3,S,DreaMS,recall,117,43,0.9968573224387177
3,S,DreaMS,hit_rate,118,43,1.0
3,S,DreaMS,recall,118,43,0.9968573224387177
3,S,DreaMS,hit_rate,119,43,1.0
3,S,DreaMS,recall,119,43,0.997171590194846
3,S,DreaMS,hit_rate,120,43,1.0
3,S,DreaMS,recall,120,43,0.997171590194846
3,S,DreaMS,hit_rate,121,43,1.0
3,S,DreaMS,recall,121,43,0.9974858579509743
3,S,DreaMS,hit_rate,122,43,1.0
3,S,DreaMS,recall,122,43,0.9974858579509743
3,S,DreaMS,hit_rate,123,43,1.0
3,S,DreaMS,recall,123,43,0.9974858579509743
3,S,DreaMS,hit_rate,124,43,1.0
3,S,DreaMS,recall,124,43,0.9978001257071024
3,S,DreaMS,hit_rate,125,43,1.0
3,S,DreaMS,recall,125,43,0.9978001257071024
3,S,DreaMS,hit_rate,126,43,1.0
3,S,DreaMS,recall,126,43,0.9978001257071024
3,S,DreaMS,hit_rate,127,43,1.0
3,S,DreaMS,recall,127,43,0.9981143934632307
3,S,DreaMS,hit_rate,128,43,1.0
3,S,DreaMS,recall,128,43,0.9981143934632307
3,S,DreaMS,hit_rate,129,43,1.0
3,S,DreaMS,recall,129,43,0.9984286612193589
3,S,DreaMS,hit_rate,130,43,1.0
3,S,DreaMS,recall,130,43,0.9984286612193589
3,S,DreaMS,hit_rate,131,43,1.0
3,S,DreaMS,recall,131,43,0.9984286612193589
3,S,DreaMS,hit_rate,132,43,1.0
3,S,DreaMS,recall,132,43,0.9984286612193589
3,S,DreaMS,hit_rate,133,43,1.0
3,S,DreaMS,recall,133,43,0.9984286612193589
3,S,DreaMS,hit_rate,134,43,1.0
3,S,DreaMS,recall,134,43,0.9984286612193589
3,S,DreaMS,hit_rate,135,43,1.0
3,S,DreaMS,recall,135,43,0.9987429289754871
3,S,DreaMS,hit_rate,136,43,1.0
3,S,DreaMS,recall,136,43,0.9987429289754871
3,S,DreaMS,hit_rate,137,43,1.0
3,S,DreaMS,recall,137,43,0.9987429289754871
3,S,DreaMS,hit_rate,138,43,1.0
3,S,DreaMS,recall,138,43,0.9987429289754871
3,S,DreaMS,hit_rate,139,43,1.0
3,S,DreaMS,recall,139,43,0.9987429289754871
3,S,DreaMS,hit_rate,140,43,1.0
3,S,DreaMS,recall,140,43,0.9990571967316153
3,S,DreaMS,hit_rate,141,43,1.0
3,S,DreaMS,recall,141,43,0.9993714644877436
3,S,DreaMS,hit_rate,142,43,1.0
3,S,DreaMS,recall,142,43,0.9996857322438717
3,S,DreaMS,hit_rate,143,43,1.0
3,S,DreaMS,recall,143,43,0.9996857322438717
3,S,DreaMS,hit_rate,144,43,1.0
3,S,DreaMS,recall,144,43,0.9996857322438717
3,S,DreaMS,hit_rate,145,43,1.0
3,S,DreaMS,recall,145,43,0.9996857322438717
3,S,DreaMS,hit_rate,146,43,1.0
3,S,DreaMS,recall,146,43,0.9996857322438717
3,S,DreaMS,hit_rate,147,43,1.0
3,S,DreaMS,recall,147,43,0.9996857322438717
3,S,DreaMS,hit_rate,148,43,1.0
3,S,DreaMS,recall,148,43,0.9996857322438717
3,S,DreaMS,hit_rate,149,43,1.0
3,S,DreaMS,recall,149,43,0.9996857322438717
3,S,DreaMS,hit_rate,150,43,1.0
3,S,DreaMS,recall,150,43,1.0
3,S,Linear SVM,hit_rate,5,43,0.7209302325581395
3,S,Linear SVM,recall,5,43,0.3035526790710749
3,S,Linear SVM,hit_rate,6,43,0.7674418604651163
3,S,Linear SVM,recall,6,43,0.33973651427571794
3,S,Linear SVM,hit_rate,7,43,0.7674418604651163
3,S,Linear SVM,recall,7,43,0.35568339549187705
3,S,Linear SVM,hit_rate,8,43,0.813953488372093
3,S,Linear SVM,recall,8,43,0.40856489551679986
3,S,Linear SVM,hit_rate,9,43,0.8604651162790697
3,S,Linear SVM,recall,9,43,0.46340292434503677
3,S,Linear SVM,hit_rate,10,43,0.8604651162790697
3,S,Linear SVM,recall,10,43,0.5031422921443802
3,S,Linear SVM,hit_rate,11,43,0.8837209302325582
3,S,Linear SVM,recall,11,43,0.5233536447392736
3,S,Linear SVM,hit_rate,12,43,0.9069767441860465
3,S,Linear SVM,recall,12,43,0.5665637665907663
3,S,Linear SVM,hit_rate,13,43,0.9302325581395349
3,S,Linear SVM,recall,13,43,0.613729389265785
3,S,Linear SVM,hit_rate,14,43,0.9302325581395349
3,S,Linear SVM,recall,14,43,0.6475676416366891
3,S,Linear SVM,hit_rate,15,43,0.9534883720930233
3,S,Linear SVM,recall,15,43,0.681077155378761
3,S,Linear SVM,hit_rate,16,43,0.9534883720930233
3,S,Linear SVM,recall,16,43,0.7041505707914376
3,S,Linear SVM,hit_rate,17,43,0.9534883720930233
3,S,Linear SVM,recall,17,43,0.71921005910674
3,S,Linear SVM,hit_rate,18,43,0.9534883720930233
3,S,Linear SVM,recall,18,43,0.7445245796674985
3,S,Linear SVM,hit_rate,19,43,0.9534883720930233
3,S,Linear SVM,recall,19,43,0.7736001470629592
3,S,Linear SVM,hit_rate,20,43,0.9534883720930233
3,S,Linear SVM,recall,20,43,0.7786389067528817
3,S,Linear SVM,hit_rate,21,43,0.9534883720930233
3,S,Linear SVM,recall,21,43,0.7905735629239841
3,S,Linear SVM,hit_rate,22,43,0.9534883720930233
3,S,Linear SVM,recall,22,43,0.8092229368059161
3,S,Linear SVM,hit_rate,23,43,0.9534883720930233
3,S,Linear SVM,recall,23,43,0.8244244811276276
3,S,Linear SVM,hit_rate,24,43,0.9767441860465116
3,S,Linear SVM,recall,24,43,0.8553222427367433
3,S,Linear SVM,hit_rate,25,43,0.9767441860465116
3,S,Linear SVM,recall,25,43,0.8588043966976934
3,S,Linear SVM,hit_rate,26,43,0.9767441860465116
3,S,Linear SVM,recall,26,43,0.8688012595799333
3,S,Linear SVM,hit_rate,27,43,0.9767441860465116
3,S,Linear SVM,recall,27,43,0.871188040485686
3,S,Linear SVM,hit_rate,28,43,0.9767441860465116
3,S,Linear SVM,recall,28,43,0.8757690038379793
3,S,Linear SVM,hit_rate,29,43,0.9767441860465116
3,S,Linear SVM,recall,29,43,0.8812679598463312
3,S,Linear SVM,hit_rate,30,43,0.9767441860465116
3,S,Linear SVM,recall,30,43,0.8835119418944749
3,S,Linear SVM,hit_rate,31,43,0.9767441860465116
3,S,Linear SVM,recall,31,43,0.8868500970074159
3,S,Linear SVM,hit_rate,32,43,0.9767441860465116
3,S,Linear SVM,recall,32,43,0.8892702594642977
3,S,Linear SVM,hit_rate,33,43,0.9767441860465116
3,S,Linear SVM,recall,33,43,0.8971281196783395
3,S,Linear SVM,hit_rate,34,43,0.9767441860465116
3,S,Linear SVM,recall,34,43,0.8987892492464458
3,S,Linear SVM,hit_rate,35,43,0.9767441860465116
3,S,Linear SVM,recall,35,43,0.9031701372762644
3,S,Linear SVM,hit_rate,36,43,0.9767441860465116
3,S,Linear SVM,recall,36,43,0.9066201756100237
3,S,Linear SVM,hit_rate,37,43,0.9767441860465116
3,S,Linear SVM,recall,37,43,0.9111501393703136
3,S,Linear SVM,hit_rate,38,43,0.9767441860465116
3,S,Linear SVM,recall,38,43,0.9140481161864991
3,S,Linear SVM,hit_rate,39,43,0.9767441860465116
3,S,Linear SVM,recall,39,43,0.9157092457546053
3,S,Linear SVM,hit_rate,40,43,0.9767441860465116
3,S,Linear SVM,recall,40,43,0.9211152025069513
3,S,Linear SVM,hit_rate,41,43,0.9767441860465116
3,S,Linear SVM,recall,41,43,0.9240131793231369
3,S,Linear SVM,hit_rate,42,43,0.9767441860465116
3,S,Linear SVM,recall,42,43,0.9262571613712804
3,S,Linear SVM,hit_rate,43,43,0.9767441860465116
3,S,Linear SVM,recall,43,43,0.9321002574836544
3,S,Linear SVM,hit_rate,44,43,0.9767441860465116
3,S,Linear SVM,recall,44,43,0.9336302452437524
3,S,Linear SVM,hit_rate,45,43,0.9767441860465116
3,S,Linear SVM,recall,45,43,0.935874227291896
3,S,Linear SVM,hit_rate,46,43,0.9767441860465116
3,S,Linear SVM,recall,46,43,0.9361802248439155
3,S,Linear SVM,hit_rate,47,43,1.0
3,S,Linear SVM,recall,47,43,0.9597420363494235
3,S,Linear SVM,hit_rate,48,43,1.0
3,S,Linear SVM,recall,48,43,0.9597420363494235
3,S,Linear SVM,hit_rate,49,43,1.0
3,S,Linear SVM,recall,49,43,0.9639240028936912
3,S,Linear SVM,hit_rate,50,43,1.0
3,S,Linear SVM,recall,50,43,0.9642300004457106
3,S,Linear SVM,hit_rate,51,43,1.0
3,S,Linear SVM,recall,51,43,0.9642300004457106
3,S,Linear SVM,hit_rate,52,43,1.0
3,S,Linear SVM,recall,52,43,0.9658911300138169
3,S,Linear SVM,hit_rate,53,43,1.0
3,S,Linear SVM,recall,53,43,0.9678582571339428
3,S,Linear SVM,hit_rate,54,43,1.0
3,S,Linear SVM,recall,54,43,0.9697962416300671
3,S,Linear SVM,hit_rate,55,43,1.0
3,S,Linear SVM,recall,55,43,0.9701022391820866
3,S,Linear SVM,hit_rate,56,43,1.0
3,S,Linear SVM,recall,56,43,0.9704082367341063
3,S,Linear SVM,hit_rate,57,43,1.0
3,S,Linear SVM,recall,57,43,0.9704082367341063
3,S,Linear SVM,hit_rate,58,43,1.0
3,S,Linear SVM,recall,58,43,0.9704082367341063
3,S,Linear SVM,hit_rate,59,43,1.0
3,S,Linear SVM,recall,59,43,0.9704082367341063
3,S,Linear SVM,hit_rate,60,43,1.0
3,S,Linear SVM,recall,60,43,0.9704082367341063
3,S,Linear SVM,hit_rate,61,43,1.0
3,S,Linear SVM,recall,61,43,0.971938224494204
3,S,Linear SVM,hit_rate,62,43,1.0
3,S,Linear SVM,recall,62,43,0.971938224494204
3,S,Linear SVM,hit_rate,63,43,1.0
3,S,Linear SVM,recall,63,43,0.9722442220462236
3,S,Linear SVM,hit_rate,64,43,1.0
3,S,Linear SVM,recall,64,43,0.9725502195982432
3,S,Linear SVM,hit_rate,65,43,1.0
3,S,Linear SVM,recall,65,43,0.9725502195982432
3,S,Linear SVM,hit_rate,66,43,1.0
3,S,Linear SVM,recall,66,43,0.9725502195982432
3,S,Linear SVM,hit_rate,67,43,1.0
3,S,Linear SVM,recall,67,43,0.9725502195982432
3,S,Linear SVM,hit_rate,68,43,1.0
3,S,Linear SVM,recall,68,43,0.9737742098063216
3,S,Linear SVM,hit_rate,69,43,1.0
3,S,Linear SVM,recall,69,43,0.9737742098063216
3,S,Linear SVM,hit_rate,70,43,1.0
3,S,Linear SVM,recall,70,43,0.9740802073583411
3,S,Linear SVM,hit_rate,71,43,1.0
3,S,Linear SVM,recall,71,43,0.9754481964144286
3,S,Linear SVM,hit_rate,72,43,1.0
3,S,Linear SVM,recall,72,43,0.9768161854705163
3,S,Linear SVM,hit_rate,73,43,1.0
3,S,Linear SVM,recall,73,43,0.9771221830225358
3,S,Linear SVM,hit_rate,74,43,1.0
3,S,Linear SVM,recall,74,43,0.9784901720786233
3,S,Linear SVM,hit_rate,75,43,1.0
3,S,Linear SVM,recall,75,43,0.9787961696306429
3,S,Linear SVM,hit_rate,76,43,1.0
3,S,Linear SVM,recall,76,43,0.9801641586867306
3,S,Linear SVM,hit_rate,77,43,1.0
3,S,Linear SVM,recall,77,43,0.981532147742818
3,S,Linear SVM,hit_rate,78,43,1.0
3,S,Linear SVM,recall,78,43,0.981532147742818
3,S,Linear SVM,hit_rate,79,43,1.0
3,S,Linear SVM,recall,79,43,0.981532147742818
3,S,Linear SVM,hit_rate,80,43,1.0
3,S,Linear SVM,recall,80,43,0.981532147742818
3,S,Linear SVM,hit_rate,81,43,1.0
3,S,Linear SVM,recall,81,43,0.9818381452948376
3,S,Linear SVM,hit_rate,82,43,1.0
3,S,Linear SVM,recall,82,43,0.9821441428468571
3,S,Linear SVM,hit_rate,83,43,1.0
3,S,Linear SVM,recall,83,43,0.9821441428468571
3,S,Linear SVM,hit_rate,84,43,1.0
3,S,Linear SVM,recall,84,43,0.9824501403988768
3,S,Linear SVM,hit_rate,85,43,1.0
3,S,Linear SVM,recall,85,43,0.9827561379508963
3,S,Linear SVM,hit_rate,86,43,1.0
3,S,Linear SVM,recall,86,43,0.9844301245590036
3,S,Linear SVM,hit_rate,87,43,1.0
3,S,Linear SVM,recall,87,43,0.9847361221110232
3,S,Linear SVM,hit_rate,88,43,1.0
3,S,Linear SVM,recall,88,43,0.9864101087191304
3,S,Linear SVM,hit_rate,89,43,1.0
3,S,Linear SVM,recall,89,43,0.9864101087191304
3,S,Linear SVM,hit_rate,90,43,1.0
3,S,Linear SVM,recall,90,43,0.9864101087191304
3,S,Linear SVM,hit_rate,91,43,1.0
3,S,Linear SVM,recall,91,43,0.98671610627115
3,S,Linear SVM,hit_rate,92,43,1.0
3,S,Linear SVM,recall,92,43,0.9870221038231696
3,S,Linear SVM,hit_rate,93,43,1.0
3,S,Linear SVM,recall,93,43,0.987328101375189
3,S,Linear SVM,hit_rate,94,43,1.0
3,S,Linear SVM,recall,94,43,0.989002087983296
3,S,Linear SVM,hit_rate,95,43,1.0
3,S,Linear SVM,recall,95,43,0.9893080855353157
3,S,Linear SVM,hit_rate,96,43,1.0
3,S,Linear SVM,recall,96,43,0.9893080855353157
3,S,Linear SVM,hit_rate,97,43,1.0
3,S,Linear SVM,recall,97,43,0.9893080855353157
3,S,Linear SVM,hit_rate,98,43,1.0
3,S,Linear SVM,recall,98,43,0.9896140830873352
3,S,Linear SVM,hit_rate,99,43,1.0
3,S,Linear SVM,recall,99,43,0.9899200806393549
3,S,Linear SVM,hit_rate,100,43,1.0
3,S,Linear SVM,recall,100,43,0.9902260781913744
3,S,Linear SVM,hit_rate,101,43,1.0
3,S,Linear SVM,recall,101,43,0.9919000647994815
3,S,Linear SVM,hit_rate,102,43,1.0
3,S,Linear SVM,recall,102,43,0.9922060623515011
3,S,Linear SVM,hit_rate,103,43,1.0
3,S,Linear SVM,recall,103,43,0.9925120599035206
3,S,Linear SVM,hit_rate,104,43,1.0
3,S,Linear SVM,recall,104,43,0.9928180574555403
3,S,Linear SVM,hit_rate,105,43,1.0
3,S,Linear SVM,recall,105,43,0.9931240550075598
3,S,Linear SVM,hit_rate,106,43,1.0
3,S,Linear SVM,recall,106,43,0.9931240550075598
3,S,Linear SVM,hit_rate,107,43,1.0
3,S,Linear SVM,recall,107,43,0.9944920440636476
3,S,Linear SVM,hit_rate,108,43,1.0
3,S,Linear SVM,recall,108,43,0.9944920440636476
3,S,Linear SVM,hit_rate,109,43,1.0
3,S,Linear SVM,recall,109,43,0.9944920440636476
3,S,Linear SVM,hit_rate,110,43,1.0
3,S,Linear SVM,recall,110,43,0.9947980416156671
3,S,Linear SVM,hit_rate,111,43,1.0
3,S,Linear SVM,recall,111,43,0.9947980416156671
3,S,Linear SVM,hit_rate,112,43,1.0
3,S,Linear SVM,recall,112,43,0.9947980416156671
3,S,Linear SVM,hit_rate,113,43,1.0
3,S,Linear SVM,recall,113,43,0.9947980416156671
3,S,Linear SVM,hit_rate,114,43,1.0
3,S,Linear SVM,recall,114,43,0.9947980416156671
3,S,Linear SVM,hit_rate,115,43,1.0
3,S,Linear SVM,recall,115,43,0.9947980416156671
3,S,Linear SVM,hit_rate,116,43,1.0
3,S,Linear SVM,recall,116,43,0.9951040391676866
3,S,Linear SVM,hit_rate,117,43,1.0
3,S,Linear SVM,recall,117,43,0.9954100367197063
3,S,Linear SVM,hit_rate,118,43,1.0
3,S,Linear SVM,recall,118,43,0.9954100367197063
3,S,Linear SVM,hit_rate,119,43,1.0
3,S,Linear SVM,recall,119,43,0.9957160342717258
3,S,Linear SVM,hit_rate,120,43,1.0
3,S,Linear SVM,recall,120,43,0.9957160342717258
3,S,Linear SVM,hit_rate,121,43,1.0
3,S,Linear SVM,recall,121,43,0.9957160342717258
3,S,Linear SVM,hit_rate,122,43,1.0
3,S,Linear SVM,recall,122,43,0.9957160342717258
3,S,Linear SVM,hit_rate,123,43,1.0
3,S,Linear SVM,recall,123,43,0.9957160342717258
3,S,Linear SVM,hit_rate,124,43,1.0
3,S,Linear SVM,recall,124,43,0.9957160342717258
3,S,Linear SVM,hit_rate,125,43,1.0
3,S,Linear SVM,recall,125,43,0.9957160342717258
3,S,Linear SVM,hit_rate,126,43,1.0
3,S,Linear SVM,recall,126,43,0.9957160342717258
3,S,Linear SVM,hit_rate,127,43,1.0
3,S,Linear SVM,recall,127,43,0.9957160342717258
3,S,Linear SVM,hit_rate,128,43,1.0
3,S,Linear SVM,recall,128,43,0.9957160342717258
3,S,Linear SVM,hit_rate,129,43,1.0
3,S,Linear SVM,recall,129,43,0.9957160342717258
3,S,Linear SVM,hit_rate,130,43,1.0
3,S,Linear SVM,recall,130,43,0.9960220318237455
3,S,Linear SVM,hit_rate,131,43,1.0
3,S,Linear SVM,recall,131,43,0.9960220318237455
3,S,Linear SVM,hit_rate,132,43,1.0
3,S,Linear SVM,recall,132,43,0.996328029375765
3,S,Linear SVM,hit_rate,133,43,1.0
3,S,Linear SVM,recall,133,43,0.996328029375765
3,S,Linear SVM,hit_rate,134,43,1.0
3,S,Linear SVM,recall,134,43,0.9966340269277847
3,S,Linear SVM,hit_rate,135,43,1.0
3,S,Linear SVM,recall,135,43,0.9966340269277847
3,S,Linear SVM,hit_rate,136,43,1.0
3,S,Linear SVM,recall,136,43,0.9969400244798042
3,S,Linear SVM,hit_rate,137,43,1.0
3,S,Linear SVM,recall,137,43,0.9972460220318237
3,S,Linear SVM,hit_rate,138,43,1.0
3,S,Linear SVM,recall,138,43,0.9972460220318237
3,S,Linear SVM,hit_rate,139,43,1.0
3,S,Linear SVM,recall,139,43,0.9972460220318237
3,S,Linear SVM,hit_rate,140,43,1.0
3,S,Linear SVM,recall,140,43,0.9972460220318237
3,S,Linear SVM,hit_rate,141,43,1.0
3,S,Linear SVM,recall,141,43,0.9972460220318237
3,S,Linear SVM,hit_rate,142,43,1.0
3,S,Linear SVM,recall,142,43,0.9972460220318237
3,S,Linear SVM,hit_rate,143,43,1.0
3,S,Linear SVM,recall,143,43,0.9972460220318237
3,S,Linear SVM,hit_rate,144,43,1.0
3,S,Linear SVM,recall,144,43,0.9972460220318237
3,S,Linear SVM,hit_rate,145,43,1.0
3,S,Linear SVM,recall,145,43,0.9972460220318237
3,S,Linear SVM,hit_rate,146,43,1.0
3,S,Linear SVM,recall,146,43,0.9975520195838432
3,S,Linear SVM,hit_rate,147,43,1.0
3,S,Linear SVM,recall,147,43,0.9978580171358629
3,S,Linear SVM,hit_rate,148,43,1.0
3,S,Linear SVM,recall,148,43,0.9981640146878824
3,S,Linear SVM,hit_rate,149,43,1.0
3,S,Linear SVM,recall,149,43,0.9984700122399021
3,S,Linear SVM,hit_rate,150,43,1.0
3,S,Linear SVM,recall,150,43,0.9987760097919216
3,S,Random forest,hit_rate,5,43,0.7441860465116279
3,S,Random forest,recall,5,43,0.32223816435242736
3,S,Random forest,hit_rate,6,43,0.7906976744186046
3,S,Random forest,recall,6,43,0.3804523661712803
3,S,Random forest,hit_rate,7,43,0.7906976744186046
3,S,Random forest,recall,7,43,0.4218430542265951
3,S,Random forest,hit_rate,8,43,0.7906976744186046
3,S,Random forest,recall,8,43,0.44624465901375676
3,S,Random forest,hit_rate,9,43,0.7906976744186046
3,S,Random forest,recall,9,43,0.49363383314711706
3,S,Random forest,hit_rate,10,43,0.8604651162790697
3,S,Random forest,recall,10,43,0.5702794287735609
3,S,Random forest,hit_rate,11,43,0.8837209302325582
3,S,Random forest,recall,11,43,0.6165533245164607
3,S,Random forest,hit_rate,12,43,0.9069767441860465
3,S,Random forest,recall,12,43,0.6580560869998554
3,S,Random forest,hit_rate,13,43,0.9069767441860465
3,S,Random forest,recall,13,43,0.6735876858239879
3,S,Random forest,hit_rate,14,43,0.9069767441860465
3,S,Random forest,recall,14,43,0.6810756259204672
3,S,Random forest,hit_rate,15,43,0.9069767441860465
3,S,Random forest,recall,15,43,0.6985112682535103
3,S,Random forest,hit_rate,16,43,0.9302325581395349
3,S,Random forest,recall,16,43,0.7249615995080032
3,S,Random forest,hit_rate,17,43,0.9302325581395349
3,S,Random forest,recall,17,43,0.7372100245975255
3,S,Random forest,hit_rate,18,43,0.9302325581395349
3,S,Random forest,recall,18,43,0.752930623508059
3,S,Random forest,hit_rate,19,43,0.9302325581395349
3,S,Random forest,recall,19,43,0.7658726056864872
3,S,Random forest,hit_rate,20,43,0.9302325581395349
3,S,Random forest,recall,20,43,0.7867311816750221
3,S,Random forest,hit_rate,21,43,0.9302325581395349
3,S,Random forest,recall,21,43,0.7960606119346849
3,S,Random forest,hit_rate,22,43,0.9302325581395349
3,S,Random forest,recall,22,43,0.8011285142486092
3,S,Random forest,hit_rate,23,43,0.9534883720930233
3,S,Random forest,recall,23,43,0.8456959395273888
3,S,Random forest,hit_rate,24,43,0.9534883720930233
3,S,Random forest,recall,24,43,0.8504707013292944
3,S,Random forest,hit_rate,25,43,0.9534883720930233
3,S,Random forest,recall,25,43,0.8559084578272425
3,S,Random forest,hit_rate,26,43,0.9534883720930233
3,S,Random forest,recall,26,43,0.8634603792300531
3,S,Random forest,hit_rate,27,43,0.9534883720930233
3,S,Random forest,recall,27,43,0.8662971565358347
3,S,Random forest,hit_rate,28,43,0.9767441860465116
3,S,Random forest,recall,28,43,0.8737632396643125
3,S,Random forest,hit_rate,29,43,0.9767441860465116
3,S,Random forest,recall,29,43,0.8769201374860529
3,S,Random forest,hit_rate,30,43,0.9767441860465116
3,S,Random forest,recall,30,43,0.878709046251706
3,S,Random forest,hit_rate,31,43,0.9767441860465116
3,S,Random forest,recall,31,43,0.8808232111565684
3,S,Random forest,hit_rate,32,43,0.9767441860465116
3,S,Random forest,recall,32,43,0.8826121199222214
3,S,Random forest,hit_rate,33,43,0.9767441860465116
3,S,Random forest,recall,33,43,0.8845792470423475
3,S,Random forest,hit_rate,34,43,0.9767441860465116
3,S,Random forest,recall,34,43,0.8861092348024453
3,S,Random forest,hit_rate,35,43,0.9767441860465116
3,S,Random forest,recall,35,43,0.898043139331209
3,S,Random forest,hit_rate,36,43,0.9767441860465116
3,S,Random forest,recall,36,43,0.8998320480968619
3,S,Random forest,hit_rate,37,43,0.9767441860465116
3,S,Random forest,recall,37,43,0.9022522105537442
3,S,Random forest,hit_rate,38,43,0.9767441860465116
3,S,Random forest,recall,38,43,0.9022522105537442
3,S,Random forest,hit_rate,39,43,0.9767441860465116
3,S,Random forest,recall,39,43,0.90421933767387
3,S,Random forest,hit_rate,40,43,0.9767441860465116
3,S,Random forest,recall,40,43,0.9054433278819484
3,S,Random forest,hit_rate,41,43,0.9767441860465116
3,S,Random forest,recall,41,43,0.9066673180900268
3,S,Random forest,hit_rate,42,43,0.9767441860465116
3,S,Random forest,recall,42,43,0.907891308298105
3,S,Random forest,hit_rate,43,43,0.9767441860465116
3,S,Random forest,recall,43,43,0.9081973058501247
3,S,Random forest,hit_rate,44,43,0.9767441860465116
3,S,Random forest,recall,44,43,0.911359280554327
3,S,Random forest,hit_rate,45,43,0.9767441860465116
3,S,Random forest,recall,45,43,0.9125832707624053
3,S,Random forest,hit_rate,46,43,0.9767441860465116
3,S,Random forest,recall,46,43,0.9157452454666076
3,S,Random forest,hit_rate,47,43,0.9767441860465116
3,S,Random forest,recall,47,43,0.916969235674686
3,S,Random forest,hit_rate,48,43,0.9767441860465116
3,S,Random forest,recall,48,43,0.9203043518508995
3,S,Random forest,hit_rate,49,43,1.0
3,S,Random forest,recall,49,43,0.9334622465877417
3,S,Random forest,hit_rate,50,43,1.0
3,S,Random forest,recall,50,43,0.93468623679582
3,S,Random forest,hit_rate,51,43,1.0
3,S,Random forest,recall,51,43,0.9475381339806426
3,S,Random forest,hit_rate,52,43,1.0
3,S,Random forest,recall,52,43,0.9526672358049707
3,S,Random forest,hit_rate,53,43,1.0
3,S,Random forest,recall,53,43,0.9576343389252885
3,S,Random forest,hit_rate,54,43,1.0
3,S,Random forest,recall,54,43,0.9611023111815106
3,S,Random forest,hit_rate,55,43,1.0
3,S,Random forest,recall,55,43,0.9614083087335302
3,S,Random forest,hit_rate,56,43,1.0
3,S,Random forest,recall,56,43,0.9626322989416085
3,S,Random forest,hit_rate,57,43,1.0
3,S,Random forest,recall,57,43,0.9629382964936279
3,S,Random forest,hit_rate,58,43,1.0
3,S,Random forest,recall,58,43,0.9643062855497154
3,S,Random forest,hit_rate,59,43,1.0
3,S,Random forest,recall,59,43,0.9655302757577938
3,S,Random forest,hit_rate,60,43,1.0
3,S,Random forest,recall,60,43,0.9658362733098134
3,S,Random forest,hit_rate,61,43,1.0
3,S,Random forest,recall,61,43,0.9658362733098134
3,S,Random forest,hit_rate,62,43,1.0
3,S,Random forest,recall,62,43,0.9675102599179206
3,S,Random forest,hit_rate,63,43,1.0
3,S,Random forest,recall,63,43,0.9675102599179206
3,S,Random forest,hit_rate,64,43,1.0
3,S,Random forest,recall,64,43,0.9690402476780186
3,S,Random forest,hit_rate,65,43,1.0
3,S,Random forest,recall,65,43,0.9702642378860968
3,S,Random forest,hit_rate,66,43,1.0
3,S,Random forest,recall,66,43,0.9702642378860968
3,S,Random forest,hit_rate,67,43,1.0
3,S,Random forest,recall,67,43,0.9714882280941751
3,S,Random forest,hit_rate,68,43,1.0
3,S,Random forest,recall,68,43,0.9714882280941751
3,S,Random forest,hit_rate,69,43,1.0
3,S,Random forest,recall,69,43,0.9717942256461948
3,S,Random forest,hit_rate,70,43,1.0
3,S,Random forest,recall,70,43,0.9717942256461948
3,S,Random forest,hit_rate,71,43,1.0
3,S,Random forest,recall,71,43,0.9721002231982143
3,S,Random forest,hit_rate,72,43,1.0
3,S,Random forest,recall,72,43,0.9721002231982143
3,S,Random forest,hit_rate,73,43,1.0
3,S,Random forest,recall,73,43,0.972406220750234
3,S,Random forest,hit_rate,74,43,1.0
3,S,Random forest,recall,74,43,0.9727122183022535
3,S,Random forest,hit_rate,75,43,1.0
3,S,Random forest,recall,75,43,0.9730182158542732
3,S,Random forest,hit_rate,76,43,1.0
3,S,Random forest,recall,76,43,0.9730182158542732
3,S,Random forest,hit_rate,77,43,1.0
3,S,Random forest,recall,77,43,0.9730182158542732
3,S,Random forest,hit_rate,78,43,1.0
3,S,Random forest,recall,78,43,0.9746922024623803
3,S,Random forest,hit_rate,79,43,1.0
3,S,Random forest,recall,79,43,0.9746922024623803
3,S,Random forest,hit_rate,80,43,1.0
3,S,Random forest,recall,80,43,0.9749982000144
3,S,Random forest,hit_rate,81,43,1.0
3,S,Random forest,recall,81,43,0.9749982000144
3,S,Random forest,hit_rate,82,43,1.0
3,S,Random forest,recall,82,43,0.9753041975664195
3,S,Random forest,hit_rate,83,43,1.0
3,S,Random forest,recall,83,43,0.9756101951184392
3,S,Random forest,hit_rate,84,43,1.0
3,S,Random forest,recall,84,43,0.9759161926704587
3,S,Random forest,hit_rate,85,43,1.0
3,S,Random forest,recall,85,43,0.9759161926704587
3,S,Random forest,hit_rate,86,43,1.0
3,S,Random forest,recall,86,43,0.9762221902224784
3,S,Random forest,hit_rate,87,43,1.0
3,S,Random forest,recall,87,43,0.9765281877744979
3,S,Random forest,hit_rate,88,43,1.0
3,S,Random forest,recall,88,43,0.9768341853265174
3,S,Random forest,hit_rate,89,43,1.0
3,S,Random forest,recall,89,43,0.9771401828785371
3,S,Random forest,hit_rate,90,43,1.0
3,S,Random forest,recall,90,43,0.9771401828785371
3,S,Random forest,hit_rate,91,43,1.0
3,S,Random forest,recall,91,43,0.9785081719346246
3,S,Random forest,hit_rate,92,43,1.0
3,S,Random forest,recall,92,43,0.9798761609907122
3,S,Random forest,hit_rate,93,43,1.0
3,S,Random forest,recall,93,43,0.9798761609907122
3,S,Random forest,hit_rate,94,43,1.0
3,S,Random forest,recall,94,43,0.9798761609907122
3,S,Random forest,hit_rate,95,43,1.0
3,S,Random forest,recall,95,43,0.9798761609907122
3,S,Random forest,hit_rate,96,43,1.0
3,S,Random forest,recall,96,43,0.9801821585427318
3,S,Random forest,hit_rate,97,43,1.0
3,S,Random forest,recall,97,43,0.9804881560947512
3,S,Random forest,hit_rate,98,43,1.0
3,S,Random forest,recall,98,43,0.9807941536467708
3,S,Random forest,hit_rate,99,43,1.0
3,S,Random forest,recall,99,43,0.9821621427028583
3,S,Random forest,hit_rate,100,43,1.0
3,S,Random forest,recall,100,43,0.9821621427028583
3,S,Random forest,hit_rate,101,43,1.0
3,S,Random forest,recall,101,43,0.9835301317589459
3,S,Random forest,hit_rate,102,43,1.0
3,S,Random forest,recall,102,43,0.9835301317589459
3,S,Random forest,hit_rate,103,43,1.0
3,S,Random forest,recall,103,43,0.9848981208150334
3,S,Random forest,hit_rate,104,43,1.0
3,S,Random forest,recall,104,43,0.9852041183670529
3,S,Random forest,hit_rate,105,43,1.0
3,S,Random forest,recall,105,43,0.9852041183670529
3,S,Random forest,hit_rate,106,43,1.0
3,S,Random forest,recall,106,43,0.9852041183670529
3,S,Random forest,hit_rate,107,43,1.0
3,S,Random forest,recall,107,43,0.9865721074231406
3,S,Random forest,hit_rate,108,43,1.0
3,S,Random forest,recall,108,43,0.9865721074231406
3,S,Random forest,hit_rate,109,43,1.0
3,S,Random forest,recall,109,43,0.9879400964792282
3,S,Random forest,hit_rate,110,43,1.0
3,S,Random forest,recall,110,43,0.9879400964792282
3,S,Random forest,hit_rate,111,43,1.0
3,S,Random forest,recall,111,43,0.9893080855353157
3,S,Random forest,hit_rate,112,43,1.0
3,S,Random forest,recall,112,43,0.9909820721434227
3,S,Random forest,hit_rate,113,43,1.0
3,S,Random forest,recall,113,43,0.9909820721434227
3,S,Random forest,hit_rate,114,43,1.0
3,S,Random forest,recall,114,43,0.9923500611995103
3,S,Random forest,hit_rate,115,43,1.0
3,S,Random forest,recall,115,43,0.9923500611995103
3,S,Random forest,hit_rate,116,43,1.0
3,S,Random forest,recall,116,43,0.99265605875153
3,S,Random forest,hit_rate,117,43,1.0
3,S,Random forest,recall,117,43,0.99265605875153
3,S,Random forest,hit_rate,118,43,1.0
3,S,Random forest,recall,118,43,0.99265605875153
3,S,Random forest,hit_rate,119,43,1.0
3,S,Random forest,recall,119,43,0.9929620563035495
3,S,Random forest,hit_rate,120,43,1.0
3,S,Random forest,recall,120,43,0.9932680538555692
3,S,Random forest,hit_rate,121,43,1.0
3,S,Random forest,recall,121,43,0.9932680538555692
3,S,Random forest,hit_rate,122,43,1.0
3,S,Random forest,recall,122,43,0.9932680538555692
3,S,Random forest,hit_rate,123,43,1.0
3,S,Random forest,recall,123,43,0.9932680538555692
3,S,Random forest,hit_rate,124,43,1.0
3,S,Random forest,recall,124,43,0.9935740514075887
3,S,Random forest,hit_rate,125,43,1.0
3,S,Random forest,recall,125,43,0.9938800489596084
3,S,Random forest,hit_rate,126,43,1.0
3,S,Random forest,recall,126,43,0.9941860465116279
3,S,Random forest,hit_rate,127,43,1.0
3,S,Random forest,recall,127,43,0.9941860465116279
3,S,Random forest,hit_rate,128,43,1.0
3,S,Random forest,recall,128,43,0.9941860465116279
3,S,Random forest,hit_rate,129,43,1.0
3,S,Random forest,recall,129,43,0.9941860465116279
3,S,Random forest,hit_rate,130,43,1.0
3,S,Random forest,recall,130,43,0.9944920440636476
3,S,Random forest,hit_rate,131,43,1.0
3,S,Random forest,recall,131,43,0.9944920440636476
3,S,Random forest,hit_rate,132,43,1.0
3,S,Random forest,recall,132,43,0.9947980416156671
3,S,Random forest,hit_rate,133,43,1.0
3,S,Random forest,recall,133,43,0.9951040391676866
3,S,Random forest,hit_rate,134,43,1.0
3,S,Random forest,recall,134,43,0.9954100367197063
3,S,Random forest,hit_rate,135,43,1.0
3,S,Random forest,recall,135,43,0.9954100367197063
3,S,Random forest,hit_rate,136,43,1.0
3,S,Random forest,recall,136,43,0.9957160342717258
3,S,Random forest,hit_rate,137,43,1.0
3,S,Random forest,recall,137,43,0.9957160342717258
3,S,Random forest,hit_rate,138,43,1.0
3,S,Random forest,recall,138,43,0.9960220318237455
3,S,Random forest,hit_rate,139,43,1.0
3,S,Random forest,recall,139,43,0.9960220318237455
3,S,Random forest,hit_rate,140,43,1.0
3,S,Random forest,recall,140,43,0.9960220318237455
3,S,Random forest,hit_rate,141,43,1.0
3,S,Random forest,recall,141,43,0.9960220318237455
3,S,Random forest,hit_rate,142,43,1.0
3,S,Random forest,recall,142,43,0.996328029375765
3,S,Random forest,hit_rate,143,43,1.0
3,S,Random forest,recall,143,43,0.996328029375765
3,S,Random forest,hit_rate,144,43,1.0
3,S,Random forest,recall,144,43,0.996328029375765
3,S,Random forest,hit_rate,145,43,1.0
3,S,Random forest,recall,145,43,0.9966340269277847
3,S,Random forest,hit_rate,146,43,1.0
3,S,Random forest,recall,146,43,0.9969400244798042
3,S,Random forest,hit_rate,147,43,1.0
3,S,Random forest,recall,147,43,0.9969400244798042
3,S,Random forest,hit_rate,148,43,1.0
3,S,Random forest,recall,148,43,0.9969400244798042
3,S,Random forest,hit_rate,149,43,1.0
3,S,Random forest,recall,149,43,0.9972460220318237
3,S,Random forest,hit_rate,150,43,1.0
3,S,Random forest,recall,150,43,0.9975520195838432
3,F,UltraMS,hit_rate,5,30,1.0
3,F,UltraMS,recall,5,30,0.4608469717496087
3,F,UltraMS,hit_rate,6,30,1.0
3,F,UltraMS,recall,6,30,0.5013815532750624
3,F,UltraMS,hit_rate,7,30,1.0
3,F,UltraMS,recall,7,30,0.52033367958013
3,F,UltraMS,hit_rate,8,30,1.0
3,F,UltraMS,recall,8,30,0.5459762820756736
3,F,UltraMS,hit_rate,9,30,1.0
3,F,UltraMS,recall,9,30,0.5889817994341321
3,F,UltraMS,hit_rate,10,30,1.0
3,F,UltraMS,recall,10,30,0.6320502168554908
3,F,UltraMS,hit_rate,11,30,1.0
3,F,UltraMS,recall,11,30,0.6639267897229358
3,F,UltraMS,hit_rate,12,30,1.0
3,F,UltraMS,recall,12,30,0.7046876073366947
3,F,UltraMS,hit_rate,13,30,1.0
3,F,UltraMS,recall,13,30,0.7199536610936206
3,F,UltraMS,hit_rate,14,30,1.0
3,F,UltraMS,recall,14,30,0.7476224781153787
3,F,UltraMS,hit_rate,15,30,1.0
3,F,UltraMS,recall,15,30,0.7567246765705185
3,F,UltraMS,hit_rate,16,30,1.0
3,F,UltraMS,recall,16,30,0.7731741573729404
3,F,UltraMS,hit_rate,17,30,1.0
3,F,UltraMS,recall,17,30,0.7877420530787672
3,F,UltraMS,hit_rate,18,30,1.0
3,F,UltraMS,recall,18,30,0.7978932025828578
3,F,UltraMS,hit_rate,19,30,1.0
3,F,UltraMS,recall,19,30,0.8048209415105968
3,F,UltraMS,hit_rate,20,30,1.0
3,F,UltraMS,recall,20,30,0.8115966294242156
3,F,UltraMS,hit_rate,21,30,1.0
3,F,UltraMS,recall,21,30,0.8248014246290108
3,F,UltraMS,hit_rate,22,30,1.0
3,F,UltraMS,recall,22,30,0.828799334764852
3,F,UltraMS,hit_rate,23,30,1.0
3,F,UltraMS,recall,23,30,0.8390743011777494
3,F,UltraMS,hit_rate,24,30,1.0
3,F,UltraMS,recall,24,30,0.8447388779802573
3,F,UltraMS,hit_rate,25,30,1.0
3,F,UltraMS,recall,25,30,0.853333283574663
3,F,UltraMS,hit_rate,26,30,1.0
3,F,UltraMS,recall,26,30,0.861378812758123
3,F,UltraMS,hit_rate,27,30,1.0
3,F,UltraMS,recall,27,30,0.867073692590934
3,F,UltraMS,hit_rate,28,30,1.0
3,F,UltraMS,recall,28,30,0.870103995621237
3,F,UltraMS,hit_rate,29,30,1.0
3,F,UltraMS,recall,29,30,0.8746494501666916
3,F,UltraMS,hit_rate,30,30,1.0
3,F,UltraMS,recall,30,30,0.8802050057222471
3,F,UltraMS,hit_rate,31,30,1.0
3,F,UltraMS,recall,31,30,0.8817201572373986
3,F,UltraMS,hit_rate,32,30,1.0
3,F,UltraMS,recall,32,30,0.8874150370702094
3,F,UltraMS,hit_rate,33,30,1.0
3,F,UltraMS,recall,33,30,0.898930188585361
3,F,UltraMS,hit_rate,34,30,1.0
3,F,UltraMS,recall,34,30,0.9115636662188387
3,F,UltraMS,hit_rate,35,30,1.0
3,F,UltraMS,recall,35,30,0.9115636662188387
3,F,UltraMS,hit_rate,36,30,1.0
3,F,UltraMS,recall,36,30,0.9132303328855053
3,F,UltraMS,hit_rate,37,30,1.0
3,F,UltraMS,recall,37,30,0.9147454844006567
3,F,UltraMS,hit_rate,38,30,1.0
3,F,UltraMS,recall,38,30,0.9147454844006567
3,F,UltraMS,hit_rate,39,30,1.0
3,F,UltraMS,recall,39,30,0.9162606359158083
3,F,UltraMS,hit_rate,40,30,1.0
3,F,UltraMS,recall,40,30,0.9162606359158083
3,F,UltraMS,hit_rate,41,30,1.0
3,F,UltraMS,recall,41,30,0.9162606359158083
3,F,UltraMS,hit_rate,42,30,1.0
3,F,UltraMS,recall,42,30,0.9162606359158083
3,F,UltraMS,hit_rate,43,30,1.0
3,F,UltraMS,recall,43,30,0.9228213166144201
3,F,UltraMS,hit_rate,44,30,1.0
3,F,UltraMS,recall,44,30,0.9254858934169279
3,F,UltraMS,hit_rate,45,30,1.0
3,F,UltraMS,recall,45,30,0.9306829377519032
3,F,UltraMS,hit_rate,46,30,1.0
3,F,UltraMS,recall,46,30,0.9337132407822063
3,F,UltraMS,hit_rate,47,30,1.0
3,F,UltraMS,recall,47,30,0.9337132407822063
3,F,UltraMS,hit_rate,48,30,1.0
3,F,UltraMS,recall,48,30,0.9337132407822063
3,F,UltraMS,hit_rate,49,30,1.0
3,F,UltraMS,recall,49,30,0.9353799074488729
3,F,UltraMS,hit_rate,50,30,1.0
3,F,UltraMS,recall,50,30,0.9365293327362293
3,F,UltraMS,hit_rate,51,30,1.0
3,F,UltraMS,recall,51,30,0.9365293327362293
3,F,UltraMS,hit_rate,52,30,1.0
3,F,UltraMS,recall,52,30,0.9376787580235856
3,F,UltraMS,hit_rate,53,30,1.0
3,F,UltraMS,recall,53,30,0.9403433348260936
3,F,UltraMS,hit_rate,54,30,1.0
3,F,UltraMS,recall,54,30,0.9403433348260936
3,F,UltraMS,hit_rate,55,30,1.0
3,F,UltraMS,recall,55,30,0.945906105388864
3,F,UltraMS,hit_rate,56,30,1.0
3,F,UltraMS,recall,56,30,0.9470555306762203
3,F,UltraMS,hit_rate,57,30,1.0
3,F,UltraMS,recall,57,30,0.9470555306762203
3,F,UltraMS,hit_rate,58,30,1.0
3,F,UltraMS,recall,58,30,0.9537677265263473
3,F,UltraMS,hit_rate,59,30,1.0
3,F,UltraMS,recall,59,30,0.9576638304224512
3,F,UltraMS,hit_rate,60,30,1.0
3,F,UltraMS,recall,60,30,0.9576638304224512
3,F,UltraMS,hit_rate,61,30,1.0
3,F,UltraMS,recall,61,30,0.9603284072249588
3,F,UltraMS,hit_rate,62,30,1.0
3,F,UltraMS,recall,62,30,0.9614778325123152
3,F,UltraMS,hit_rate,63,30,1.0
3,F,UltraMS,recall,63,30,0.9626272577996715
3,F,UltraMS,hit_rate,64,30,1.0
3,F,UltraMS,recall,64,30,0.970919540229885
3,F,UltraMS,hit_rate,65,30,1.0
3,F,UltraMS,recall,65,30,0.9720689655172414
3,F,UltraMS,hit_rate,66,30,1.0
3,F,UltraMS,recall,66,30,0.9732183908045976
3,F,UltraMS,hit_rate,67,30,1.0
3,F,UltraMS,recall,67,30,0.974367816091954
3,F,UltraMS,hit_rate,68,30,1.0
3,F,UltraMS,recall,68,30,0.9755172413793104
3,F,UltraMS,hit_rate,69,30,1.0
3,F,UltraMS,recall,69,30,0.9766666666666667
3,F,UltraMS,hit_rate,70,30,1.0
3,F,UltraMS,recall,70,30,0.9766666666666667
3,F,UltraMS,hit_rate,71,30,1.0
3,F,UltraMS,recall,71,30,0.9766666666666667
3,F,UltraMS,hit_rate,72,30,1.0
3,F,UltraMS,recall,72,30,0.9766666666666667
3,F,UltraMS,hit_rate,73,30,1.0
3,F,UltraMS,recall,73,30,0.9783333333333334
3,F,UltraMS,hit_rate,74,30,1.0
3,F,UltraMS,recall,74,30,0.9783333333333334
3,F,UltraMS,hit_rate,75,30,1.0
3,F,UltraMS,recall,75,30,0.9783333333333334
3,F,UltraMS,hit_rate,76,30,1.0
3,F,UltraMS,recall,76,30,0.9783333333333334
3,F,UltraMS,hit_rate,77,30,1.0
3,F,UltraMS,recall,77,30,0.9783333333333334
3,F,UltraMS,hit_rate,78,30,1.0
3,F,UltraMS,recall,78,30,0.9783333333333334
3,F,UltraMS,hit_rate,79,30,1.0
3,F,UltraMS,recall,79,30,0.9783333333333334
3,F,UltraMS,hit_rate,80,30,1.0
3,F,UltraMS,recall,80,30,0.9783333333333334
3,F,UltraMS,hit_rate,81,30,1.0
3,F,UltraMS,recall,81,30,0.98
3,F,UltraMS,hit_rate,82,30,1.0
3,F,UltraMS,recall,82,30,0.98
3,F,UltraMS,hit_rate,83,30,1.0
3,F,UltraMS,recall,83,30,0.9816666666666667
3,F,UltraMS,hit_rate,84,30,1.0
3,F,UltraMS,recall,84,30,0.9816666666666667
3,F,UltraMS,hit_rate,85,30,1.0
3,F,UltraMS,recall,85,30,0.9816666666666667
3,F,UltraMS,hit_rate,86,30,1.0
3,F,UltraMS,recall,86,30,0.9816666666666667
3,F,UltraMS,hit_rate,87,30,1.0
3,F,UltraMS,recall,87,30,0.9816666666666667
3,F,UltraMS,hit_rate,88,30,1.0
3,F,UltraMS,recall,88,30,0.99
3,F,UltraMS,hit_rate,89,30,1.0
3,F,UltraMS,recall,89,30,0.9916666666666667
3,F,UltraMS,hit_rate,90,30,1.0
3,F,UltraMS,recall,90,30,0.9916666666666667
3,F,UltraMS,hit_rate,91,30,1.0
3,F,UltraMS,recall,91,30,0.9916666666666667
3,F,UltraMS,hit_rate,92,30,1.0
3,F,UltraMS,recall,92,30,0.9916666666666667
3,F,UltraMS,hit_rate,93,30,1.0
3,F,UltraMS,recall,93,30,0.9916666666666667
3,F,UltraMS,hit_rate,94,30,1.0
3,F,UltraMS,recall,94,30,0.9916666666666667
3,F,UltraMS,hit_rate,95,30,1.0
3,F,UltraMS,recall,95,30,0.9916666666666667
3,F,UltraMS,hit_rate,96,30,1.0
3,F,UltraMS,recall,96,30,0.9916666666666667
3,F,UltraMS,hit_rate,97,30,1.0
3,F,UltraMS,recall,97,30,0.9916666666666667
3,F,UltraMS,hit_rate,98,30,1.0
3,F,UltraMS,recall,98,30,0.9916666666666667
3,F,UltraMS,hit_rate,99,30,1.0
3,F,UltraMS,recall,99,30,0.9916666666666667
3,F,UltraMS,hit_rate,100,30,1.0
3,F,UltraMS,recall,100,30,0.9916666666666667
3,F,UltraMS,hit_rate,101,30,1.0
3,F,UltraMS,recall,101,30,0.9916666666666667
3,F,UltraMS,hit_rate,102,30,1.0
3,F,UltraMS,recall,102,30,0.9916666666666667
3,F,UltraMS,hit_rate,103,30,1.0
3,F,UltraMS,recall,103,30,0.9916666666666667
3,F,UltraMS,hit_rate,104,30,1.0
3,F,UltraMS,recall,104,30,0.9916666666666667
3,F,UltraMS,hit_rate,105,30,1.0
3,F,UltraMS,recall,105,30,0.9916666666666667
3,F,UltraMS,hit_rate,106,30,1.0
3,F,UltraMS,recall,106,30,0.9916666666666667
3,F,UltraMS,hit_rate,107,30,1.0
3,F,UltraMS,recall,107,30,0.9916666666666667
3,F,UltraMS,hit_rate,108,30,1.0
3,F,UltraMS,recall,108,30,0.9916666666666667
3,F,UltraMS,hit_rate,109,30,1.0
3,F,UltraMS,recall,109,30,0.9916666666666667
3,F,UltraMS,hit_rate,110,30,1.0
3,F,UltraMS,recall,110,30,0.9916666666666667
3,F,UltraMS,hit_rate,111,30,1.0
3,F,UltraMS,recall,111,30,0.9916666666666667
3,F,UltraMS,hit_rate,112,30,1.0
3,F,UltraMS,recall,112,30,0.9916666666666667
3,F,UltraMS,hit_rate,113,30,1.0
3,F,UltraMS,recall,113,30,0.9916666666666667
3,F,UltraMS,hit_rate,114,30,1.0
3,F,UltraMS,recall,114,30,0.9916666666666667
3,F,UltraMS,hit_rate,115,30,1.0
3,F,UltraMS,recall,115,30,0.9916666666666667
3,F,UltraMS,hit_rate,116,30,1.0
3,F,UltraMS,recall,116,30,0.9916666666666667
3,F,UltraMS,hit_rate,117,30,1.0
3,F,UltraMS,recall,117,30,0.9916666666666667
3,F,UltraMS,hit_rate,118,30,1.0
3,F,UltraMS,recall,118,30,1.0
3,F,UltraMS,hit_rate,119,30,1.0
3,F,UltraMS,recall,119,30,1.0
3,F,UltraMS,hit_rate,120,30,1.0
3,F,UltraMS,recall,120,30,1.0
3,F,UltraMS,hit_rate,121,30,1.0
3,F,UltraMS,recall,121,30,1.0
3,F,UltraMS,hit_rate,122,30,1.0
3,F,UltraMS,recall,122,30,1.0
3,F,UltraMS,hit_rate,123,30,1.0
3,F,UltraMS,recall,123,30,1.0
3,F,UltraMS,hit_rate,124,30,1.0
3,F,UltraMS,recall,124,30,1.0
3,F,UltraMS,hit_rate,125,30,1.0
3,F,UltraMS,recall,125,30,1.0
3,F,UltraMS,hit_rate,126,30,1.0
3,F,UltraMS,recall,126,30,1.0
3,F,UltraMS,hit_rate,127,30,1.0
3,F,UltraMS,recall,127,30,1.0
3,F,UltraMS,hit_rate,128,30,1.0
3,F,UltraMS,recall,128,30,1.0
3,F,UltraMS,hit_rate,129,30,1.0
3,F,UltraMS,recall,129,30,1.0
3,F,UltraMS,hit_rate,130,30,1.0
3,F,UltraMS,recall,130,30,1.0
3,F,UltraMS,hit_rate,131,30,1.0
3,F,UltraMS,recall,131,30,1.0
3,F,UltraMS,hit_rate,132,30,1.0
3,F,UltraMS,recall,132,30,1.0
3,F,UltraMS,hit_rate,133,30,1.0
3,F,UltraMS,recall,133,30,1.0
3,F,UltraMS,hit_rate,134,30,1.0
3,F,UltraMS,recall,134,30,1.0
3,F,UltraMS,hit_rate,135,30,1.0
3,F,UltraMS,recall,135,30,1.0
3,F,UltraMS,hit_rate,136,30,1.0
3,F,UltraMS,recall,136,30,1.0
3,F,UltraMS,hit_rate,137,30,1.0
3,F,UltraMS,recall,137,30,1.0
3,F,UltraMS,hit_rate,138,30,1.0
3,F,UltraMS,recall,138,30,1.0
3,F,UltraMS,hit_rate,139,30,1.0
3,F,UltraMS,recall,139,30,1.0
3,F,UltraMS,hit_rate,140,30,1.0
3,F,UltraMS,recall,140,30,1.0
3,F,UltraMS,hit_rate,141,30,1.0
3,F,UltraMS,recall,141,30,1.0
3,F,UltraMS,hit_rate,142,30,1.0
3,F,UltraMS,recall,142,30,1.0
3,F,UltraMS,hit_rate,143,30,1.0
3,F,UltraMS,recall,143,30,1.0
3,F,UltraMS,hit_rate,144,30,1.0
3,F,UltraMS,recall,144,30,1.0
3,F,UltraMS,hit_rate,145,30,1.0
3,F,UltraMS,recall,145,30,1.0
3,F,UltraMS,hit_rate,146,30,1.0
3,F,UltraMS,recall,146,30,1.0
3,F,UltraMS,hit_rate,147,30,1.0
3,F,UltraMS,recall,147,30,1.0
3,F,UltraMS,hit_rate,148,30,1.0
3,F,UltraMS,recall,148,30,1.0
3,F,UltraMS,hit_rate,149,30,1.0
3,F,UltraMS,recall,149,30,1.0
3,F,UltraMS,hit_rate,150,30,1.0
3,F,UltraMS,recall,150,30,1.0
3,F,DreaMS,hit_rate,5,30,0.5666666666666667
3,F,DreaMS,recall,5,30,0.19692843648726002
3,F,DreaMS,hit_rate,6,30,0.5666666666666667
3,F,DreaMS,recall,6,30,0.2182781096898744
3,F,DreaMS,hit_rate,7,30,0.6333333333333333
3,F,DreaMS,recall,7,30,0.25122146698617287
3,F,DreaMS,hit_rate,8,30,0.6666666666666666
3,F,DreaMS,recall,8,30,0.2924016621572402
3,F,DreaMS,hit_rate,9,30,0.6666666666666666
3,F,DreaMS,recall,9,30,0.3243213209298402
3,F,DreaMS,hit_rate,10,30,0.7333333333333333
3,F,DreaMS,recall,10,30,0.34493746839892886
3,F,DreaMS,hit_rate,11,30,0.7333333333333333
3,F,DreaMS,recall,11,30,0.3688487984481899
3,F,DreaMS,hit_rate,12,30,0.7333333333333333
3,F,DreaMS,recall,12,30,0.39888757947784315
3,F,DreaMS,hit_rate,13,30,0.8
3,F,DreaMS,recall,13,30,0.43999915744236234
3,F,DreaMS,hit_rate,14,30,0.8333333333333334
3,F,DreaMS,recall,14,30,0.4942011634973095
3,F,DreaMS,hit_rate,15,30,0.8666666666666667
3,F,DreaMS,recall,15,30,0.5247920584411456
3,F,DreaMS,hit_rate,16,30,0.8666666666666667
3,F,DreaMS,recall,16,30,0.5402625374024967
3,F,DreaMS,hit_rate,17,30,0.8666666666666667
3,F,DreaMS,recall,17,30,0.5629169244098251
3,F,DreaMS,hit_rate,18,30,0.9
3,F,DreaMS,recall,18,30,0.5755086154923884
3,F,DreaMS,hit_rate,19,30,0.9
3,F,DreaMS,recall,19,30,0.5921412464779606
3,F,DreaMS,hit_rate,20,30,0.9
3,F,DreaMS,recall,20,30,0.6045814224090086
3,F,DreaMS,hit_rate,21,30,0.9
3,F,DreaMS,recall,21,30,0.6200561698837561
3,F,DreaMS,hit_rate,22,30,0.9
3,F,DreaMS,recall,22,30,0.6283159101434962
3,F,DreaMS,hit_rate,23,30,0.9
3,F,DreaMS,recall,23,30,0.6311643949919811
3,F,DreaMS,hit_rate,24,30,0.9
3,F,DreaMS,recall,24,30,0.6423462131737993
3,F,DreaMS,hit_rate,25,30,0.9333333333333333
3,F,DreaMS,recall,25,30,0.6529869058144919
3,F,DreaMS,hit_rate,26,30,0.9333333333333333
3,F,DreaMS,recall,26,30,0.6653259001534864
3,F,DreaMS,hit_rate,27,30,0.9333333333333333
3,F,DreaMS,recall,27,30,0.6751000340655513
3,F,DreaMS,hit_rate,28,30,0.9333333333333333
3,F,DreaMS,recall,28,30,0.6951916282950765
3,F,DreaMS,hit_rate,29,30,0.9333333333333333
3,F,DreaMS,recall,29,30,0.7008865081278874
3,F,DreaMS,hit_rate,30,30,0.9333333333333333
3,F,DreaMS,recall,30,30,0.7106217920011024
3,F,DreaMS,hit_rate,31,30,0.9333333333333333
3,F,DreaMS,recall,31,30,0.712136943516254
3,F,DreaMS,hit_rate,32,30,0.9333333333333333
3,F,DreaMS,recall,32,30,0.7162161975955079
3,F,DreaMS,hit_rate,33,30,0.9333333333333333
3,F,DreaMS,recall,33,30,0.7188807743980158
3,F,DreaMS,hit_rate,34,30,0.9333333333333333
3,F,DreaMS,recall,34,30,0.7297782102954516
3,F,DreaMS,hit_rate,35,30,0.9333333333333333
3,F,DreaMS,recall,35,30,0.7473878420430144
3,F,DreaMS,hit_rate,36,30,0.9333333333333333
3,F,DreaMS,recall,36,30,0.7515675703606739
3,F,DreaMS,hit_rate,37,30,0.9333333333333333
3,F,DreaMS,recall,37,30,0.7675105354415699
3,F,DreaMS,hit_rate,38,30,0.9333333333333333
3,F,DreaMS,recall,38,30,0.7714066393376737
3,F,DreaMS,hit_rate,39,30,0.9333333333333333
3,F,DreaMS,recall,39,30,0.7789846360536017
3,F,DreaMS,hit_rate,40,30,0.9333333333333333
3,F,DreaMS,recall,40,30,0.785413207482173
3,F,DreaMS,hit_rate,41,30,0.9333333333333333
3,F,DreaMS,recall,41,30,0.7879773100462756
3,F,DreaMS,hit_rate,42,30,0.9333333333333333
3,F,DreaMS,recall,42,30,0.8020465741155396
3,F,DreaMS,hit_rate,43,30,0.9333333333333333
3,F,DreaMS,recall,43,30,0.8062263024331989
3,F,DreaMS,hit_rate,44,30,0.9666666666666667
3,F,DreaMS,recall,44,30,0.8149636761705727
3,F,DreaMS,hit_rate,45,30,0.9666666666666667
3,F,DreaMS,recall,45,30,0.8164788276857242
3,F,DreaMS,hit_rate,46,30,0.9666666666666667
3,F,DreaMS,recall,46,30,0.8223901577349852
3,F,DreaMS,hit_rate,47,30,0.9666666666666667
3,F,DreaMS,recall,47,30,0.8254204607652883
3,F,DreaMS,hit_rate,48,30,0.9666666666666667
3,F,DreaMS,recall,48,30,0.8284507637955912
3,F,DreaMS,hit_rate,49,30,0.9666666666666667
3,F,DreaMS,recall,49,30,0.8362429715877991
3,F,DreaMS,hit_rate,50,30,0.9666666666666667
3,F,DreaMS,recall,50,30,0.8404226999054585
3,F,DreaMS,hit_rate,51,30,0.9666666666666667
3,F,DreaMS,recall,51,30,0.8463340299547197
3,F,DreaMS,hit_rate,52,30,0.9666666666666667
3,F,DreaMS,recall,52,30,0.8508794845001743
3,F,DreaMS,hit_rate,53,30,0.9666666666666667
3,F,DreaMS,recall,53,30,0.8508794845001743
3,F,DreaMS,hit_rate,54,30,0.9666666666666667
3,F,DreaMS,recall,54,30,0.853544061302682
3,F,DreaMS,hit_rate,55,30,0.9666666666666667
3,F,DreaMS,recall,55,30,0.8546934865900384
3,F,DreaMS,hit_rate,56,30,0.9666666666666667
3,F,DreaMS,recall,56,30,0.8577237896203413
3,F,DreaMS,hit_rate,57,30,0.9666666666666667
3,F,DreaMS,recall,57,30,0.8605398815743645
3,F,DreaMS,hit_rate,58,30,0.9666666666666667
3,F,DreaMS,recall,58,30,0.8605398815743645
3,F,DreaMS,hit_rate,59,30,0.9666666666666667
3,F,DreaMS,recall,59,30,0.8605398815743645
3,F,DreaMS,hit_rate,60,30,0.9666666666666667
3,F,DreaMS,recall,60,30,0.8684763895108722
3,F,DreaMS,hit_rate,61,30,0.9666666666666667
3,F,DreaMS,recall,61,30,0.8723724934069762
3,F,DreaMS,hit_rate,62,30,0.9666666666666667
3,F,DreaMS,recall,62,30,0.8735219186943325
3,F,DreaMS,hit_rate,63,30,0.9666666666666667
3,F,DreaMS,recall,63,30,0.8746713439816888
3,F,DreaMS,hit_rate,64,30,0.9666666666666667
3,F,DreaMS,recall,64,30,0.8873697566801015
3,F,DreaMS,hit_rate,65,30,0.9666666666666667
3,F,DreaMS,recall,65,30,0.8988366422849181
3,F,DreaMS,hit_rate,66,30,0.9666666666666667
3,F,DreaMS,recall,66,30,0.9016527342389412
3,F,DreaMS,hit_rate,67,30,0.9666666666666667
3,F,DreaMS,recall,67,30,0.9057003532865603
3,F,DreaMS,hit_rate,68,30,0.9666666666666667
3,F,DreaMS,recall,68,30,0.9107458824700205
3,F,DreaMS,hit_rate,69,30,0.9666666666666667
3,F,DreaMS,recall,69,30,0.9249594466835845
3,F,DreaMS,hit_rate,70,30,0.9666666666666667
3,F,DreaMS,recall,70,30,0.933179579041648
3,F,DreaMS,hit_rate,71,30,0.9666666666666667
3,F,DreaMS,recall,71,30,0.935995670995671
3,F,DreaMS,hit_rate,72,30,0.9666666666666667
3,F,DreaMS,recall,72,30,0.9375108225108224
3,F,DreaMS,hit_rate,73,30,0.9666666666666667
3,F,DreaMS,recall,73,30,0.9422727272727272
3,F,DreaMS,hit_rate,74,30,0.9666666666666667
3,F,DreaMS,recall,74,30,0.9422727272727272
3,F,DreaMS,hit_rate,75,30,0.9666666666666667
3,F,DreaMS,recall,75,30,0.9422727272727272
3,F,DreaMS,hit_rate,76,30,0.9666666666666667
3,F,DreaMS,recall,76,30,0.9422727272727272
3,F,DreaMS,hit_rate,77,30,0.9666666666666667
3,F,DreaMS,recall,77,30,0.943939393939394
3,F,DreaMS,hit_rate,78,30,0.9666666666666667
3,F,DreaMS,recall,78,30,0.9454545454545454
3,F,DreaMS,hit_rate,79,30,0.9666666666666667
3,F,DreaMS,recall,79,30,0.9454545454545454
3,F,DreaMS,hit_rate,80,30,0.9666666666666667
3,F,DreaMS,recall,80,30,0.9454545454545454
3,F,DreaMS,hit_rate,81,30,0.9666666666666667
3,F,DreaMS,recall,81,30,0.9486363636363637
3,F,DreaMS,hit_rate,82,30,0.9666666666666667
3,F,DreaMS,recall,82,30,0.9486363636363637
3,F,DreaMS,hit_rate,83,30,0.9666666666666667
3,F,DreaMS,recall,83,30,0.9501515151515153
3,F,DreaMS,hit_rate,84,30,0.9666666666666667
3,F,DreaMS,recall,84,30,0.9501515151515153
3,F,DreaMS,hit_rate,85,30,0.9666666666666667
3,F,DreaMS,recall,85,30,0.9501515151515153
3,F,DreaMS,hit_rate,86,30,0.9666666666666667
3,F,DreaMS,recall,86,30,0.9533333333333334
3,F,DreaMS,hit_rate,87,30,0.9666666666666667
3,F,DreaMS,recall,87,30,0.955
3,F,DreaMS,hit_rate,88,30,0.9666666666666667
3,F,DreaMS,recall,88,30,0.955
3,F,DreaMS,hit_rate,89,30,0.9666666666666667
3,F,DreaMS,recall,89,30,0.955
3,F,DreaMS,hit_rate,90,30,0.9666666666666667
3,F,DreaMS,recall,90,30,0.955
3,F,DreaMS,hit_rate,91,30,0.9666666666666667
3,F,DreaMS,recall,91,30,0.955
3,F,DreaMS,hit_rate,92,30,0.9666666666666667
3,F,DreaMS,recall,92,30,0.955
3,F,DreaMS,hit_rate,93,30,0.9666666666666667
3,F,DreaMS,recall,93,30,0.955
3,F,DreaMS,hit_rate,94,30,0.9666666666666667
3,F,DreaMS,recall,94,30,0.955
3,F,DreaMS,hit_rate,95,30,0.9666666666666667
3,F,DreaMS,recall,95,30,0.9566666666666667
3,F,DreaMS,hit_rate,96,30,0.9666666666666667
3,F,DreaMS,recall,96,30,0.9566666666666667
3,F,DreaMS,hit_rate,97,30,0.9666666666666667
3,F,DreaMS,recall,97,30,0.9566666666666667
3,F,DreaMS,hit_rate,98,30,0.9666666666666667
3,F,DreaMS,recall,98,30,0.9566666666666667
3,F,DreaMS,hit_rate,99,30,0.9666666666666667
3,F,DreaMS,recall,99,30,0.9566666666666667
3,F,DreaMS,hit_rate,100,30,0.9666666666666667
3,F,DreaMS,recall,100,30,0.9566666666666667
3,F,DreaMS,hit_rate,101,30,0.9666666666666667
3,F,DreaMS,recall,101,30,0.9566666666666667
3,F,DreaMS,hit_rate,102,30,0.9666666666666667
3,F,DreaMS,recall,102,30,0.9583333333333334
3,F,DreaMS,hit_rate,103,30,1.0
3,F,DreaMS,recall,103,30,0.965
3,F,DreaMS,hit_rate,104,30,1.0
3,F,DreaMS,recall,104,30,0.9666666666666667
3,F,DreaMS,hit_rate,105,30,1.0
3,F,DreaMS,recall,105,30,0.975
3,F,DreaMS,hit_rate,106,30,1.0
3,F,DreaMS,recall,106,30,0.975
3,F,DreaMS,hit_rate,107,30,1.0
3,F,DreaMS,recall,107,30,0.975
3,F,DreaMS,hit_rate,108,30,1.0
3,F,DreaMS,recall,108,30,0.975
3,F,DreaMS,hit_rate,109,30,1.0
3,F,DreaMS,recall,109,30,0.975
3,F,DreaMS,hit_rate,110,30,1.0
3,F,DreaMS,recall,110,30,0.9766666666666666
3,F,DreaMS,hit_rate,111,30,1.0
3,F,DreaMS,recall,111,30,0.9766666666666666
3,F,DreaMS,hit_rate,112,30,1.0
3,F,DreaMS,recall,112,30,0.9783333333333333
3,F,DreaMS,hit_rate,113,30,1.0
3,F,DreaMS,recall,113,30,0.98
3,F,DreaMS,hit_rate,114,30,1.0
3,F,DreaMS,recall,114,30,0.98
3,F,DreaMS,hit_rate,115,30,1.0
3,F,DreaMS,recall,115,30,0.98
3,F,DreaMS,hit_rate,116,30,1.0
3,F,DreaMS,recall,116,30,0.98
3,F,DreaMS,hit_rate,117,30,1.0
3,F,DreaMS,recall,117,30,0.9866666666666667
3,F,DreaMS,hit_rate,118,30,1.0
3,F,DreaMS,recall,118,30,0.9866666666666667
3,F,DreaMS,hit_rate,119,30,1.0
3,F,DreaMS,recall,119,30,0.9866666666666667
3,F,DreaMS,hit_rate,120,30,1.0
3,F,DreaMS,recall,120,30,0.9866666666666667
3,F,DreaMS,hit_rate,121,30,1.0
3,F,DreaMS,recall,121,30,0.9866666666666667
3,F,DreaMS,hit_rate,122,30,1.0
3,F,DreaMS,recall,122,30,0.9866666666666667
3,F,DreaMS,hit_rate,123,30,1.0
3,F,DreaMS,recall,123,30,0.9866666666666667
3,F,DreaMS,hit_rate,124,30,1.0
3,F,DreaMS,recall,124,30,0.9866666666666667
3,F,DreaMS,hit_rate,125,30,1.0
3,F,DreaMS,recall,125,30,0.9866666666666667
3,F,DreaMS,hit_rate,126,30,1.0
3,F,DreaMS,recall,126,30,0.9866666666666667
3,F,DreaMS,hit_rate,127,30,1.0
3,F,DreaMS,recall,127,30,0.9866666666666667
3,F,DreaMS,hit_rate,128,30,1.0
3,F,DreaMS,recall,128,30,0.9866666666666667
3,F,DreaMS,hit_rate,129,30,1.0
3,F,DreaMS,recall,129,30,0.9866666666666667
3,F,DreaMS,hit_rate,130,30,1.0
3,F,DreaMS,recall,130,30,0.9866666666666667
3,F,DreaMS,hit_rate,131,30,1.0
3,F,DreaMS,recall,131,30,0.9866666666666667
3,F,DreaMS,hit_rate,132,30,1.0
3,F,DreaMS,recall,132,30,0.9866666666666667
3,F,DreaMS,hit_rate,133,30,1.0
3,F,DreaMS,recall,133,30,0.9866666666666667
3,F,DreaMS,hit_rate,134,30,1.0
3,F,DreaMS,recall,134,30,0.9866666666666667
3,F,DreaMS,hit_rate,135,30,1.0
3,F,DreaMS,recall,135,30,0.9866666666666667
3,F,DreaMS,hit_rate,136,30,1.0
3,F,DreaMS,recall,136,30,0.9866666666666667
3,F,DreaMS,hit_rate,137,30,1.0
3,F,DreaMS,recall,137,30,0.9866666666666667
3,F,DreaMS,hit_rate,138,30,1.0
3,F,DreaMS,recall,138,30,0.9866666666666667
3,F,DreaMS,hit_rate,139,30,1.0
3,F,DreaMS,recall,139,30,0.9866666666666667
3,F,DreaMS,hit_rate,140,30,1.0
3,F,DreaMS,recall,140,30,0.9866666666666667
3,F,DreaMS,hit_rate,141,30,1.0
3,F,DreaMS,recall,141,30,0.9866666666666667
3,F,DreaMS,hit_rate,142,30,1.0
3,F,DreaMS,recall,142,30,0.9866666666666667
3,F,DreaMS,hit_rate,143,30,1.0
3,F,DreaMS,recall,143,30,0.9866666666666667
3,F,DreaMS,hit_rate,144,30,1.0
3,F,DreaMS,recall,144,30,0.9933333333333334
3,F,DreaMS,hit_rate,145,30,1.0
3,F,DreaMS,recall,145,30,0.9933333333333334
3,F,DreaMS,hit_rate,146,30,1.0
3,F,DreaMS,recall,146,30,0.9933333333333334
3,F,DreaMS,hit_rate,147,30,1.0
3,F,DreaMS,recall,147,30,0.9933333333333334
3,F,DreaMS,hit_rate,148,30,1.0
3,F,DreaMS,recall,148,30,1.0
3,F,DreaMS,hit_rate,149,30,1.0
3,F,DreaMS,recall,149,30,1.0
3,F,DreaMS,hit_rate,150,30,1.0
3,F,DreaMS,recall,150,30,1.0
3,F,Linear SVM,hit_rate,5,30,0.9333333333333333
3,F,Linear SVM,recall,5,30,0.33866759620816417
3,F,Linear SVM,hit_rate,6,30,0.9666666666666667
3,F,Linear SVM,recall,6,30,0.38624966728110743
3,F,Linear SVM,hit_rate,7,30,0.9666666666666667
3,F,Linear SVM,recall,7,30,0.40796319513256635
3,F,Linear SVM,hit_rate,8,30,0.9666666666666667
3,F,Linear SVM,recall,8,30,0.42583473164203384
3,F,Linear SVM,hit_rate,9,30,0.9666666666666667
3,F,Linear SVM,recall,9,30,0.46052047246570565
3,F,Linear SVM,hit_rate,10,30,1.0
3,F,Linear SVM,recall,10,30,0.512810501608676
3,F,Linear SVM,hit_rate,11,30,1.0
3,F,Linear SVM,recall,11,30,0.5827510475400942
3,F,Linear SVM,hit_rate,12,30,1.0
3,F,Linear SVM,recall,12,30,0.6010840152260032
3,F,Linear SVM,hit_rate,13,30,1.0
3,F,Linear SVM,recall,13,30,0.6175996335945626
3,F,Linear SVM,hit_rate,14,30,1.0
3,F,Linear SVM,recall,14,30,0.656113216961087
3,F,Linear SVM,hit_rate,15,30,1.0
3,F,Linear SVM,recall,15,30,0.6816367718375832
3,F,Linear SVM,hit_rate,16,30,1.0
3,F,Linear SVM,recall,16,30,0.7085358222275057
3,F,Linear SVM,hit_rate,17,30,1.0
3,F,Linear SVM,recall,17,30,0.7118299398745646
3,F,Linear SVM,hit_rate,18,30,1.0
3,F,Linear SVM,recall,18,30,0.7253190668545638
3,F,Linear SVM,hit_rate,19,30,1.0
3,F,Linear SVM,recall,19,30,0.7450852501116194
3,F,Linear SVM,hit_rate,20,30,1.0
3,F,Linear SVM,recall,20,30,0.7537595622768036
3,F,Linear SVM,hit_rate,21,30,1.0
3,F,Linear SVM,recall,21,30,0.7745351391903116
3,F,Linear SVM,hit_rate,22,30,1.0
3,F,Linear SVM,recall,22,30,0.7838438304990029
3,F,Linear SVM,hit_rate,23,30,1.0
3,F,Linear SVM,recall,23,30,0.7863265891196926
3,F,Linear SVM,hit_rate,24,30,1.0
3,F,Linear SVM,recall,24,30,0.7888093477403822
3,F,Linear SVM,hit_rate,25,30,1.0
3,F,Linear SVM,recall,25,30,0.7916578325888671
3,F,Linear SVM,hit_rate,26,30,1.0
3,F,Linear SVM,recall,26,30,0.7958072578762234
3,F,Linear SVM,hit_rate,27,30,1.0
3,F,Linear SVM,recall,27,30,0.8099486720176375
3,F,Linear SVM,hit_rate,28,30,1.0
3,F,Linear SVM,recall,28,30,0.8110980973049938
3,F,Linear SVM,hit_rate,29,30,1.0
3,F,Linear SVM,recall,29,30,0.8122475225923502
3,F,Linear SVM,hit_rate,30,30,1.0
3,F,Linear SVM,recall,30,30,0.8193182296630572
3,F,Linear SVM,hit_rate,31,30,1.0
3,F,Linear SVM,recall,31,30,0.8234979579807167
3,F,Linear SVM,hit_rate,32,30,1.0
3,F,Linear SVM,recall,32,30,0.8265282610110195
3,F,Linear SVM,hit_rate,33,30,1.0
3,F,Linear SVM,recall,33,30,0.8280434125261711
3,F,Linear SVM,hit_rate,34,30,1.0
3,F,Linear SVM,recall,34,30,0.8397317242144828
3,F,Linear SVM,hit_rate,35,30,1.0
3,F,Linear SVM,recall,35,30,0.842762027244786
3,F,Linear SVM,hit_rate,36,30,1.0
3,F,Linear SVM,recall,36,30,0.8541256636084221
3,F,Linear SVM,hit_rate,37,30,1.0
3,F,Linear SVM,recall,37,30,0.8595369190196777
3,F,Linear SVM,hit_rate,38,30,1.0
3,F,Linear SVM,recall,38,30,0.8634330229157815
3,F,Linear SVM,hit_rate,39,30,1.0
3,F,Linear SVM,recall,39,30,0.8755492591699489
3,F,Linear SVM,hit_rate,40,30,1.0
3,F,Linear SVM,recall,40,30,0.8804943141150037
3,F,Linear SVM,hit_rate,41,30,1.0
3,F,Linear SVM,recall,41,30,0.8854393690600587
3,F,Linear SVM,hit_rate,42,30,1.0
3,F,Linear SVM,recall,42,30,0.8884696720903617
3,F,Linear SVM,hit_rate,43,30,1.0
3,F,Linear SVM,recall,43,30,0.9015649101855999
3,F,Linear SVM,hit_rate,44,30,1.0
3,F,Linear SVM,recall,44,30,0.9178009155595365
3,F,Linear SVM,hit_rate,45,30,1.0
3,F,Linear SVM,recall,45,30,0.9204654923620441
3,F,Linear SVM,hit_rate,46,30,1.0
3,F,Linear SVM,recall,46,30,0.9239958700303529
3,F,Linear SVM,hit_rate,47,30,1.0
3,F,Linear SVM,recall,47,30,0.9314223515947655
3,F,Linear SVM,hit_rate,48,30,1.0
3,F,Linear SVM,recall,48,30,0.9361842563566702
3,F,Linear SVM,hit_rate,49,30,1.0
3,F,Linear SVM,recall,49,30,0.9361842563566702
3,F,Linear SVM,hit_rate,50,30,1.0
3,F,Linear SVM,recall,50,30,0.937850923023337
3,F,Linear SVM,hit_rate,51,30,1.0
3,F,Linear SVM,recall,51,30,0.941032741205155
3,F,Linear SVM,hit_rate,52,30,1.0
3,F,Linear SVM,recall,52,30,0.941032741205155
3,F,Linear SVM,hit_rate,53,30,1.0
3,F,Linear SVM,recall,53,30,0.9476994078718216
3,F,Linear SVM,hit_rate,54,30,1.0
3,F,Linear SVM,recall,54,30,0.9488488331591779
3,F,Linear SVM,hit_rate,55,30,1.0
3,F,Linear SVM,recall,55,30,0.9503639846743295
3,F,Linear SVM,hit_rate,56,30,1.0
3,F,Linear SVM,recall,56,30,0.9549094392197841
3,F,Linear SVM,hit_rate,57,30,1.0
3,F,Linear SVM,recall,57,30,0.9564245907349356
3,F,Linear SVM,hit_rate,58,30,1.0
3,F,Linear SVM,recall,58,30,0.957574016022292
3,F,Linear SVM,hit_rate,59,30,1.0
3,F,Linear SVM,recall,59,30,0.957574016022292
3,F,Linear SVM,hit_rate,60,30,1.0
3,F,Linear SVM,recall,60,30,0.9587234413096483
3,F,Linear SVM,hit_rate,61,30,1.0
3,F,Linear SVM,recall,61,30,0.9602385928247997
3,F,Linear SVM,hit_rate,62,30,1.0
3,F,Linear SVM,recall,62,30,0.961388018112156
3,F,Linear SVM,hit_rate,63,30,1.0
3,F,Linear SVM,recall,63,30,0.961388018112156
3,F,Linear SVM,hit_rate,64,30,1.0
3,F,Linear SVM,recall,64,30,0.961388018112156
3,F,Linear SVM,hit_rate,65,30,1.0
3,F,Linear SVM,recall,65,30,0.9669435736677116
3,F,Linear SVM,hit_rate,66,30,1.0
3,F,Linear SVM,recall,66,30,0.9696081504702195
3,F,Linear SVM,hit_rate,67,30,1.0
3,F,Linear SVM,recall,67,30,0.9712748171368861
3,F,Linear SVM,hit_rate,68,30,1.0
3,F,Linear SVM,recall,68,30,0.9712748171368861
3,F,Linear SVM,hit_rate,69,30,1.0
3,F,Linear SVM,recall,69,30,0.9724242424242425
3,F,Linear SVM,hit_rate,70,30,1.0
3,F,Linear SVM,recall,70,30,0.9724242424242425
3,F,Linear SVM,hit_rate,71,30,1.0
3,F,Linear SVM,recall,71,30,0.9756060606060607
3,F,Linear SVM,hit_rate,72,30,1.0
3,F,Linear SVM,recall,72,30,0.9771212121212122
3,F,Linear SVM,hit_rate,73,30,1.0
3,F,Linear SVM,recall,73,30,0.9771212121212122
3,F,Linear SVM,hit_rate,74,30,1.0
3,F,Linear SVM,recall,74,30,0.9803030303030303
3,F,Linear SVM,hit_rate,75,30,1.0
3,F,Linear SVM,recall,75,30,0.981969696969697
3,F,Linear SVM,hit_rate,76,30,1.0
3,F,Linear SVM,recall,76,30,0.9901515151515151
3,F,Linear SVM,hit_rate,77,30,1.0
3,F,Linear SVM,recall,77,30,0.9901515151515151
3,F,Linear SVM,hit_rate,78,30,1.0
3,F,Linear SVM,recall,78,30,0.9901515151515151
3,F,Linear SVM,hit_rate,79,30,1.0
3,F,Linear SVM,recall,79,30,0.9901515151515151
3,F,Linear SVM,hit_rate,80,30,1.0
3,F,Linear SVM,recall,80,30,0.9901515151515151
3,F,Linear SVM,hit_rate,81,30,1.0
3,F,Linear SVM,recall,81,30,0.9901515151515151
3,F,Linear SVM,hit_rate,82,30,1.0
3,F,Linear SVM,recall,82,30,0.9901515151515151
3,F,Linear SVM,hit_rate,83,30,1.0
3,F,Linear SVM,recall,83,30,0.9901515151515151
3,F,Linear SVM,hit_rate,84,30,1.0
3,F,Linear SVM,recall,84,30,0.9933333333333334
3,F,Linear SVM,hit_rate,85,30,1.0
3,F,Linear SVM,recall,85,30,0.9933333333333334
3,F,Linear SVM,hit_rate,86,30,1.0
3,F,Linear SVM,recall,86,30,0.9933333333333334
3,F,Linear SVM,hit_rate,87,30,1.0
3,F,Linear SVM,recall,87,30,0.9933333333333334
3,F,Linear SVM,hit_rate,88,30,1.0
3,F,Linear SVM,recall,88,30,0.9933333333333334
3,F,Linear SVM,hit_rate,89,30,1.0
3,F,Linear SVM,recall,89,30,0.9933333333333334
3,F,Linear SVM,hit_rate,90,30,1.0
3,F,Linear SVM,recall,90,30,0.995
3,F,Linear SVM,hit_rate,91,30,1.0
3,F,Linear SVM,recall,91,30,0.995
3,F,Linear SVM,hit_rate,92,30,1.0
3,F,Linear SVM,recall,92,30,0.995
3,F,Linear SVM,hit_rate,93,30,1.0
3,F,Linear SVM,recall,93,30,0.995
3,F,Linear SVM,hit_rate,94,30,1.0
3,F,Linear SVM,recall,94,30,0.995
3,F,Linear SVM,hit_rate,95,30,1.0
3,F,Linear SVM,recall,95,30,0.995
3,F,Linear SVM,hit_rate,96,30,1.0
3,F,Linear SVM,recall,96,30,0.995
3,F,Linear SVM,hit_rate,97,30,1.0
3,F,Linear SVM,recall,97,30,0.995
3,F,Linear SVM,hit_rate,98,30,1.0
3,F,Linear SVM,recall,98,30,0.995
3,F,Linear SVM,hit_rate,99,30,1.0
3,F,Linear SVM,recall,99,30,0.995
3,F,Linear SVM,hit_rate,100,30,1.0
3,F,Linear SVM,recall,100,30,0.9966666666666666
3,F,Linear SVM,hit_rate,101,30,1.0
3,F,Linear SVM,recall,101,30,0.9966666666666666
3,F,Linear SVM,hit_rate,102,30,1.0
3,F,Linear SVM,recall,102,30,0.9966666666666666
3,F,Linear SVM,hit_rate,103,30,1.0
3,F,Linear SVM,recall,103,30,0.9966666666666666
3,F,Linear SVM,hit_rate,104,30,1.0
3,F,Linear SVM,recall,104,30,0.9966666666666666
3,F,Linear SVM,hit_rate,105,30,1.0
3,F,Linear SVM,recall,105,30,0.9966666666666666
3,F,Linear SVM,hit_rate,106,30,1.0
3,F,Linear SVM,recall,106,30,0.9966666666666666
3,F,Linear SVM,hit_rate,107,30,1.0
3,F,Linear SVM,recall,107,30,0.9966666666666666
3,F,Linear SVM,hit_rate,108,30,1.0
3,F,Linear SVM,recall,108,30,0.9966666666666666
3,F,Linear SVM,hit_rate,109,30,1.0
3,F,Linear SVM,recall,109,30,0.9966666666666666
3,F,Linear SVM,hit_rate,110,30,1.0
3,F,Linear SVM,recall,110,30,0.9983333333333333
3,F,Linear SVM,hit_rate,111,30,1.0
3,F,Linear SVM,recall,111,30,1.0
3,F,Linear SVM,hit_rate,112,30,1.0
3,F,Linear SVM,recall,112,30,1.0
3,F,Linear SVM,hit_rate,113,30,1.0
3,F,Linear SVM,recall,113,30,1.0
3,F,Linear SVM,hit_rate,114,30,1.0
3,F,Linear SVM,recall,114,30,1.0
3,F,Linear SVM,hit_rate,115,30,1.0
3,F,Linear SVM,recall,115,30,1.0
3,F,Linear SVM,hit_rate,116,30,1.0
3,F,Linear SVM,recall,116,30,1.0
3,F,Linear SVM,hit_rate,117,30,1.0
3,F,Linear SVM,recall,117,30,1.0
3,F,Linear SVM,hit_rate,118,30,1.0
3,F,Linear SVM,recall,118,30,1.0
3,F,Linear SVM,hit_rate,119,30,1.0
3,F,Linear SVM,recall,119,30,1.0
3,F,Linear SVM,hit_rate,120,30,1.0
3,F,Linear SVM,recall,120,30,1.0
3,F,Linear SVM,hit_rate,121,30,1.0
3,F,Linear SVM,recall,121,30,1.0
3,F,Linear SVM,hit_rate,122,30,1.0
3,F,Linear SVM,recall,122,30,1.0
3,F,Linear SVM,hit_rate,123,30,1.0
3,F,Linear SVM,recall,123,30,1.0
3,F,Linear SVM,hit_rate,124,30,1.0
3,F,Linear SVM,recall,124,30,1.0
3,F,Linear SVM,hit_rate,125,30,1.0
3,F,Linear SVM,recall,125,30,1.0
3,F,Linear SVM,hit_rate,126,30,1.0
3,F,Linear SVM,recall,126,30,1.0
3,F,Linear SVM,hit_rate,127,30,1.0
3,F,Linear SVM,recall,127,30,1.0
3,F,Linear SVM,hit_rate,128,30,1.0
3,F,Linear SVM,recall,128,30,1.0
3,F,Linear SVM,hit_rate,129,30,1.0
3,F,Linear SVM,recall,129,30,1.0
3,F,Linear SVM,hit_rate,130,30,1.0
3,F,Linear SVM,recall,130,30,1.0
3,F,Linear SVM,hit_rate,131,30,1.0
3,F,Linear SVM,recall,131,30,1.0
3,F,Linear SVM,hit_rate,132,30,1.0
3,F,Linear SVM,recall,132,30,1.0
3,F,Linear SVM,hit_rate,133,30,1.0
3,F,Linear SVM,recall,133,30,1.0
3,F,Linear SVM,hit_rate,134,30,1.0
3,F,Linear SVM,recall,134,30,1.0
3,F,Linear SVM,hit_rate,135,30,1.0
3,F,Linear SVM,recall,135,30,1.0
3,F,Linear SVM,hit_rate,136,30,1.0
3,F,Linear SVM,recall,136,30,1.0
3,F,Linear SVM,hit_rate,137,30,1.0
3,F,Linear SVM,recall,137,30,1.0
3,F,Linear SVM,hit_rate,138,30,1.0
3,F,Linear SVM,recall,138,30,1.0
3,F,Linear SVM,hit_rate,139,30,1.0
3,F,Linear SVM,recall,139,30,1.0
3,F,Linear SVM,hit_rate,140,30,1.0
3,F,Linear SVM,recall,140,30,1.0
3,F,Linear SVM,hit_rate,141,30,1.0
3,F,Linear SVM,recall,141,30,1.0
3,F,Linear SVM,hit_rate,142,30,1.0
3,F,Linear SVM,recall,142,30,1.0
3,F,Linear SVM,hit_rate,143,30,1.0
3,F,Linear SVM,recall,143,30,1.0
3,F,Linear SVM,hit_rate,144,30,1.0
3,F,Linear SVM,recall,144,30,1.0
3,F,Linear SVM,hit_rate,145,30,1.0
3,F,Linear SVM,recall,145,30,1.0
3,F,Linear SVM,hit_rate,146,30,1.0
3,F,Linear SVM,recall,146,30,1.0
3,F,Linear SVM,hit_rate,147,30,1.0
3,F,Linear SVM,recall,147,30,1.0
3,F,Linear SVM,hit_rate,148,30,1.0
3,F,Linear SVM,recall,148,30,1.0
3,F,Linear SVM,hit_rate,149,30,1.0
3,F,Linear SVM,recall,149,30,1.0
3,F,Linear SVM,hit_rate,150,30,1.0
3,F,Linear SVM,recall,150,30,1.0
3,F,Random forest,hit_rate,5,30,0.8333333333333334
3,F,Random forest,recall,5,30,0.3264043230828221
3,F,Random forest,hit_rate,6,30,0.9333333333333333
3,F,Random forest,recall,6,30,0.37268184621328637
3,F,Random forest,hit_rate,7,30,0.9333333333333333
3,F,Random forest,recall,7,30,0.3954745208589022
3,F,Random forest,hit_rate,8,30,0.9666666666666667
3,F,Random forest,recall,8,30,0.4211361975114511
3,F,Random forest,hit_rate,9,30,0.9666666666666667
3,F,Random forest,recall,9,30,0.443357518223644
3,F,Random forest,hit_rate,10,30,0.9666666666666667
3,F,Random forest,recall,10,30,0.489243230100228
3,F,Random forest,hit_rate,11,30,0.9666666666666667
3,F,Random forest,recall,11,30,0.5135731964301944
3,F,Random forest,hit_rate,12,30,0.9666666666666667
3,F,Random forest,recall,12,30,0.5371244834723536
3,F,Random forest,hit_rate,13,30,0.9666666666666667
3,F,Random forest,recall,13,30,0.5555579253966678
3,F,Random forest,hit_rate,14,30,0.9666666666666667
3,F,Random forest,recall,14,30,0.5645338612255447
3,F,Random forest,hit_rate,15,30,0.9666666666666667
3,F,Random forest,recall,15,30,0.5803410405235961
3,F,Random forest,hit_rate,16,30,0.9666666666666667
3,F,Random forest,recall,16,30,0.6049510644865614
3,F,Random forest,hit_rate,17,30,0.9666666666666667
3,F,Random forest,recall,17,30,0.6273529262413644
3,F,Random forest,hit_rate,18,30,0.9666666666666667
3,F,Random forest,recall,18,30,0.6553336862221243
3,F,Random forest,hit_rate,19,30,0.9666666666666667
3,F,Random forest,recall,19,30,0.6748956101369894
3,F,Random forest,hit_rate,20,30,0.9666666666666667
3,F,Random forest,recall,20,30,0.6969748642162436
3,F,Random forest,hit_rate,21,30,0.9666666666666667
3,F,Random forest,recall,21,30,0.7143715786129579
3,F,Random forest,hit_rate,22,30,0.9666666666666667
3,F,Random forest,recall,22,30,0.7216645079058871
3,F,Random forest,hit_rate,23,30,0.9666666666666667
3,F,Random forest,recall,23,30,0.7395901569694675
3,F,Random forest,hit_rate,24,30,0.9666666666666667
3,F,Random forest,recall,24,30,0.7435880671053086
3,F,Random forest,hit_rate,25,30,0.9666666666666667
3,F,Random forest,recall,25,30,0.7522446327618743
3,F,Random forest,hit_rate,26,30,0.9666666666666667
3,F,Random forest,recall,26,30,0.7565375620548036
3,F,Random forest,hit_rate,27,30,0.9666666666666667
3,F,Random forest,recall,27,30,0.7693031489583214
3,F,Random forest,hit_rate,28,30,0.9666666666666667
3,F,Random forest,recall,28,30,0.7847071893623618
3,F,Random forest,hit_rate,29,30,0.9666666666666667
3,F,Random forest,recall,29,30,0.7924993971545696
3,F,Random forest,hit_rate,30,30,0.9666666666666667
3,F,Random forest,recall,30,30,0.7924993971545696
3,F,Random forest,hit_rate,31,30,0.9666666666666667
3,F,Random forest,recall,31,30,0.7924993971545696
3,F,Random forest,hit_rate,32,30,1.0
3,F,Random forest,recall,32,30,0.79754492633803
3,F,Random forest,hit_rate,33,30,1.0
3,F,Random forest,recall,33,30,0.8002095031405376
3,F,Random forest,hit_rate,34,30,1.0
3,F,Random forest,recall,34,30,0.8028740799430455
3,F,Random forest,hit_rate,35,30,1.0
3,F,Random forest,recall,35,30,0.808102759309656
3,F,Random forest,hit_rate,36,30,1.0
3,F,Random forest,recall,36,30,0.8097694259763225
3,F,Random forest,hit_rate,37,30,1.0
3,F,Random forest,recall,37,30,0.8147144809213774
3,F,Random forest,hit_rate,38,30,1.0
3,F,Random forest,recall,38,30,0.8266098269546546
3,F,Random forest,hit_rate,39,30,1.0
3,F,Random forest,recall,39,30,0.8291739295187571
3,F,Random forest,hit_rate,40,30,1.0
3,F,Random forest,recall,40,30,0.8317380320828597
3,F,Random forest,hit_rate,41,30,1.0
3,F,Random forest,recall,41,30,0.837832512315271
3,F,Random forest,hit_rate,42,30,1.0
3,F,Random forest,recall,42,30,0.8402134646962234
3,F,Random forest,hit_rate,43,30,1.0
3,F,Random forest,recall,43,30,0.8402134646962234
3,F,Random forest,hit_rate,44,30,1.0
3,F,Random forest,recall,44,30,0.842878041498731
3,F,Random forest,hit_rate,45,30,1.0
3,F,Random forest,recall,45,30,0.8494387221973428
3,F,Random forest,hit_rate,46,30,1.0
3,F,Random forest,recall,46,30,0.8511053888640095
3,F,Random forest,hit_rate,47,30,1.0
3,F,Random forest,recall,47,30,0.8522548141513658
3,F,Random forest,hit_rate,48,30,1.0
3,F,Random forest,recall,48,30,0.858166144200627
3,F,Random forest,hit_rate,49,30,1.0
3,F,Random forest,recall,49,30,0.8635773996118824
3,F,Random forest,hit_rate,50,30,1.0
3,F,Random forest,recall,50,30,0.8734641986366125
3,F,Random forest,hit_rate,51,30,1.0
3,F,Random forest,recall,51,30,0.8764945016669154
3,F,Random forest,hit_rate,52,30,1.0
3,F,Random forest,recall,52,30,0.8788754540478679
3,F,Random forest,hit_rate,53,30,1.0
3,F,Random forest,recall,53,30,0.8805421207145344
3,F,Random forest,hit_rate,54,30,1.0
3,F,Random forest,recall,54,30,0.8816915460018908
3,F,Random forest,hit_rate,55,30,1.0
3,F,Random forest,recall,55,30,0.8899188933671691
3,F,Random forest,hit_rate,56,30,1.0
3,F,Random forest,recall,56,30,0.9012414788276857
3,F,Random forest,hit_rate,57,30,1.0
3,F,Random forest,recall,57,30,0.9023909041150419
3,F,Random forest,hit_rate,58,30,1.0
3,F,Random forest,recall,58,30,0.9127083644325023
3,F,Random forest,hit_rate,59,30,1.0
3,F,Random forest,recall,59,30,0.9174702691944071
3,F,Random forest,hit_rate,60,30,1.0
3,F,Random forest,recall,60,30,0.9288988406229785
3,F,Random forest,hit_rate,61,30,1.0
3,F,Random forest,recall,61,30,0.9336607453848834
3,F,Random forest,hit_rate,62,30,1.0
3,F,Random forest,recall,62,30,0.9360416977658357
3,F,Random forest,hit_rate,63,30,1.0
3,F,Random forest,recall,63,30,0.9360416977658357
3,F,Random forest,hit_rate,64,30,1.0
3,F,Random forest,recall,64,30,0.9399378016619395
3,F,Random forest,hit_rate,65,30,1.0
3,F,Random forest,recall,65,30,0.9434681793302483
3,F,Random forest,hit_rate,66,30,1.0
3,F,Random forest,recall,66,30,0.9529198387819078
3,F,Random forest,hit_rate,67,30,1.0
3,F,Random forest,recall,67,30,0.9607359307359308
3,F,Random forest,hit_rate,68,30,1.0
3,F,Random forest,recall,68,30,0.9631168831168831
3,F,Random forest,hit_rate,69,30,1.0
3,F,Random forest,recall,69,30,0.9646320346320346
3,F,Random forest,hit_rate,70,30,1.0
3,F,Random forest,recall,70,30,0.9646320346320346
3,F,Random forest,hit_rate,71,30,1.0
3,F,Random forest,recall,71,30,0.9661471861471862
3,F,Random forest,hit_rate,72,30,1.0
3,F,Random forest,recall,72,30,0.9709090909090909
3,F,Random forest,hit_rate,73,30,1.0
3,F,Random forest,recall,73,30,0.9709090909090909
3,F,Random forest,hit_rate,74,30,1.0
3,F,Random forest,recall,74,30,0.9724242424242425
3,F,Random forest,hit_rate,75,30,1.0
3,F,Random forest,recall,75,30,0.9724242424242425
3,F,Random forest,hit_rate,76,30,1.0
3,F,Random forest,recall,76,30,0.9724242424242425
3,F,Random forest,hit_rate,77,30,1.0
3,F,Random forest,recall,77,30,0.9724242424242425
3,F,Random forest,hit_rate,78,30,1.0
3,F,Random forest,recall,78,30,0.9724242424242425
3,F,Random forest,hit_rate,79,30,1.0
3,F,Random forest,recall,79,30,0.973939393939394
3,F,Random forest,hit_rate,80,30,1.0
3,F,Random forest,recall,80,30,0.9754545454545454
3,F,Random forest,hit_rate,81,30,1.0
3,F,Random forest,recall,81,30,0.9771212121212122
3,F,Random forest,hit_rate,82,30,1.0
3,F,Random forest,recall,82,30,0.9771212121212122
3,F,Random forest,hit_rate,83,30,1.0
3,F,Random forest,recall,83,30,0.9803030303030303
3,F,Random forest,hit_rate,84,30,1.0
3,F,Random forest,recall,84,30,0.9803030303030303
3,F,Random forest,hit_rate,85,30,1.0
3,F,Random forest,recall,85,30,0.9818181818181819
3,F,Random forest,hit_rate,86,30,1.0
3,F,Random forest,recall,86,30,0.99
3,F,Random forest,hit_rate,87,30,1.0
3,F,Random forest,recall,87,30,0.99
3,F,Random forest,hit_rate,88,30,1.0
3,F,Random forest,recall,88,30,0.99
3,F,Random forest,hit_rate,89,30,1.0
3,F,Random forest,recall,89,30,0.99
3,F,Random forest,hit_rate,90,30,1.0
3,F,Random forest,recall,90,30,0.99
3,F,Random forest,hit_rate,91,30,1.0
3,F,Random forest,recall,91,30,0.9916666666666667
3,F,Random forest,hit_rate,92,30,1.0
3,F,Random forest,recall,92,30,0.9916666666666667
3,F,Random forest,hit_rate,93,30,1.0
3,F,Random forest,recall,93,30,0.9916666666666667
3,F,Random forest,hit_rate,94,30,1.0
3,F,Random forest,recall,94,30,0.9916666666666667
3,F,Random forest,hit_rate,95,30,1.0
3,F,Random forest,recall,95,30,0.9933333333333334
3,F,Random forest,hit_rate,96,30,1.0
3,F,Random forest,recall,96,30,0.9933333333333334
3,F,Random forest,hit_rate,97,30,1.0
3,F,Random forest,recall,97,30,0.9933333333333334
3,F,Random forest,hit_rate,98,30,1.0
3,F,Random forest,recall,98,30,0.9933333333333334
3,F,Random forest,hit_rate,99,30,1.0
3,F,Random forest,recall,99,30,0.995
3,F,Random forest,hit_rate,100,30,1.0
3,F,Random forest,recall,100,30,0.995
3,F,Random forest,hit_rate,101,30,1.0
3,F,Random forest,recall,101,30,0.995
3,F,Random forest,hit_rate,102,30,1.0
3,F,Random forest,recall,102,30,0.995
3,F,Random forest,hit_rate,103,30,1.0
3,F,Random forest,recall,103,30,0.995
3,F,Random forest,hit_rate,104,30,1.0
3,F,Random forest,recall,104,30,0.995
3,F,Random forest,hit_rate,105,30,1.0
3,F,Random forest,recall,105,30,0.9966666666666666
3,F,Random forest,hit_rate,106,30,1.0
3,F,Random forest,recall,106,30,0.9983333333333333
3,F,Random forest,hit_rate,107,30,1.0
3,F,Random forest,recall,107,30,0.9983333333333333
3,F,Random forest,hit_rate,108,30,1.0
3,F,Random forest,recall,108,30,0.9983333333333333
3,F,Random forest,hit_rate,109,30,1.0
3,F,Random forest,recall,109,30,0.9983333333333333
3,F,Random forest,hit_rate,110,30,1.0
3,F,Random forest,recall,110,30,0.9983333333333333
3,F,Random forest,hit_rate,111,30,1.0
3,F,Random forest,recall,111,30,0.9983333333333333
3,F,Random forest,hit_rate,112,30,1.0
3,F,Random forest,recall,112,30,0.9983333333333333
3,F,Random forest,hit_rate,113,30,1.0
3,F,Random forest,recall,113,30,0.9983333333333333
3,F,Random forest,hit_rate,114,30,1.0
3,F,Random forest,recall,114,30,1.0
3,F,Random forest,hit_rate,115,30,1.0
3,F,Random forest,recall,115,30,1.0
3,F,Random forest,hit_rate,116,30,1.0
3,F,Random forest,recall,116,30,1.0
3,F,Random forest,hit_rate,117,30,1.0
3,F,Random forest,recall,117,30,1.0
3,F,Random forest,hit_rate,118,30,1.0
3,F,Random forest,recall,118,30,1.0
3,F,Random forest,hit_rate,119,30,1.0
3,F,Random forest,recall,119,30,1.0
3,F,Random forest,hit_rate,120,30,1.0
3,F,Random forest,recall,120,30,1.0
3,F,Random forest,hit_rate,121,30,1.0
3,F,Random forest,recall,121,30,1.0
3,F,Random forest,hit_rate,122,30,1.0
3,F,Random forest,recall,122,30,1.0
3,F,Random forest,hit_rate,123,30,1.0
3,F,Random forest,recall,123,30,1.0
3,F,Random forest,hit_rate,124,30,1.0
3,F,Random forest,recall,124,30,1.0
3,F,Random forest,hit_rate,125,30,1.0
3,F,Random forest,recall,125,30,1.0
3,F,Random forest,hit_rate,126,30,1.0
3,F,Random forest,recall,126,30,1.0
3,F,Random forest,hit_rate,127,30,1.0
3,F,Random forest,recall,127,30,1.0
3,F,Random forest,hit_rate,128,30,1.0
3,F,Random forest,recall,128,30,1.0
3,F,Random forest,hit_rate,129,30,1.0
3,F,Random forest,recall,129,30,1.0
3,F,Random forest,hit_rate,130,30,1.0
3,F,Random forest,recall,130,30,1.0
3,F,Random forest,hit_rate,131,30,1.0
3,F,Random forest,recall,131,30,1.0
3,F,Random forest,hit_rate,132,30,1.0
3,F,Random forest,recall,132,30,1.0
3,F,Random forest,hit_rate,133,30,1.0
3,F,Random forest,recall,133,30,1.0
3,F,Random forest,hit_rate,134,30,1.0
3,F,Random forest,recall,134,30,1.0
3,F,Random forest,hit_rate,135,30,1.0
3,F,Random forest,recall,135,30,1.0
3,F,Random forest,hit_rate,136,30,1.0
3,F,Random forest,recall,136,30,1.0
3,F,Random forest,hit_rate,137,30,1.0
3,F,Random forest,recall,137,30,1.0
3,F,Random forest,hit_rate,138,30,1.0
3,F,Random forest,recall,138,30,1.0
3,F,Random forest,hit_rate,139,30,1.0
3,F,Random forest,recall,139,30,1.0
3,F,Random forest,hit_rate,140,30,1.0
3,F,Random forest,recall,140,30,1.0
3,F,Random forest,hit_rate,141,30,1.0
3,F,Random forest,recall,141,30,1.0
3,F,Random forest,hit_rate,142,30,1.0
3,F,Random forest,recall,142,30,1.0
3,F,Random forest,hit_rate,143,30,1.0
3,F,Random forest,recall,143,30,1.0
3,F,Random forest,hit_rate,144,30,1.0
3,F,Random forest,recall,144,30,1.0
3,F,Random forest,hit_rate,145,30,1.0
3,F,Random forest,recall,145,30,1.0
3,F,Random forest,hit_rate,146,30,1.0
3,F,Random forest,recall,146,30,1.0
3,F,Random forest,hit_rate,147,30,1.0
3,F,Random forest,recall,147,30,1.0
3,F,Random forest,hit_rate,148,30,1.0
3,F,Random forest,recall,148,30,1.0
3,F,Random forest,hit_rate,149,30,1.0
3,F,Random forest,recall,149,30,1.0
3,F,Random forest,hit_rate,150,30,1.0
3,F,Random forest,recall,150,30,1.0
3,Cl,UltraMS,hit_rate,5,28,0.8928571428571429
3,Cl,UltraMS,recall,5,28,0.44560088225209876
3,Cl,UltraMS,hit_rate,6,28,0.9285714285714286
3,Cl,UltraMS,recall,6,28,0.5132057749039839
3,Cl,UltraMS,hit_rate,7,28,0.9285714285714286
3,Cl,UltraMS,recall,7,28,0.5413810010383937
3,Cl,UltraMS,hit_rate,8,28,0.9642857142857143
3,Cl,UltraMS,recall,8,28,0.5954937421712863
3,Cl,UltraMS,hit_rate,9,28,0.9642857142857143
3,Cl,UltraMS,recall,9,28,0.6486056983748222
3,Cl,UltraMS,hit_rate,10,28,0.9642857142857143
3,Cl,UltraMS,recall,10,28,0.6670831139489197
3,Cl,UltraMS,hit_rate,11,28,0.9642857142857143
3,Cl,UltraMS,recall,11,28,0.6853939758016719
3,Cl,UltraMS,hit_rate,12,28,1.0
3,Cl,UltraMS,recall,12,28,0.7488064309233108
3,Cl,UltraMS,hit_rate,13,28,1.0
3,Cl,UltraMS,recall,13,28,0.7560432477734468
3,Cl,UltraMS,hit_rate,14,28,1.0
3,Cl,UltraMS,recall,14,28,0.770625451416618
3,Cl,UltraMS,hit_rate,15,28,1.0
3,Cl,UltraMS,recall,15,28,0.7828703241206743
3,Cl,UltraMS,hit_rate,16,28,1.0
3,Cl,UltraMS,recall,16,28,0.7983068494256207
3,Cl,UltraMS,hit_rate,17,28,1.0
3,Cl,UltraMS,recall,17,28,0.810135210727141
3,Cl,UltraMS,hit_rate,18,28,1.0
3,Cl,UltraMS,recall,18,28,0.826610147257943
3,Cl,UltraMS,hit_rate,19,28,1.0
3,Cl,UltraMS,recall,19,28,0.8275258981736939
3,Cl,UltraMS,hit_rate,20,28,1.0
3,Cl,UltraMS,recall,20,28,0.8300439441700008
3,Cl,UltraMS,hit_rate,21,28,1.0
3,Cl,UltraMS,recall,21,28,0.839867757357133
3,Cl,UltraMS,hit_rate,22,28,1.0
3,Cl,UltraMS,recall,22,28,0.8584011655422714
3,Cl,UltraMS,hit_rate,23,28,1.0
3,Cl,UltraMS,recall,23,28,0.8660956140834019
3,Cl,UltraMS,hit_rate,24,28,1.0
3,Cl,UltraMS,recall,24,28,0.8730577309139399
3,Cl,UltraMS,hit_rate,25,28,1.0
3,Cl,UltraMS,recall,25,28,0.8781401484963575
3,Cl,UltraMS,hit_rate,26,28,1.0
3,Cl,UltraMS,recall,26,28,0.8857406120750818
3,Cl,UltraMS,hit_rate,27,28,1.0
3,Cl,UltraMS,recall,27,28,0.8925367668304203
3,Cl,UltraMS,hit_rate,28,28,1.0
3,Cl,UltraMS,recall,28,28,0.8965623331008844
3,Cl,UltraMS,hit_rate,29,28,1.0
3,Cl,UltraMS,recall,29,28,0.8972911960746455
3,Cl,UltraMS,hit_rate,30,28,1.0
3,Cl,UltraMS,recall,30,28,0.9007249929867032
3,Cl,UltraMS,hit_rate,31,28,1.0
3,Cl,UltraMS,recall,31,28,0.9058569106186207
3,Cl,UltraMS,hit_rate,32,28,1.0
3,Cl,UltraMS,recall,32,28,0.9092907075306788
3,Cl,UltraMS,hit_rate,33,28,1.0
3,Cl,UltraMS,recall,33,28,0.9146042036908567
3,Cl,UltraMS,hit_rate,34,28,1.0
3,Cl,UltraMS,recall,34,28,0.9182709198575729
3,Cl,UltraMS,hit_rate,35,28,1.0
3,Cl,UltraMS,recall,35,28,0.9234028374894906
3,Cl,UltraMS,hit_rate,36,28,1.0
3,Cl,UltraMS,recall,36,28,0.9266002464100582
3,Cl,UltraMS,hit_rate,37,28,1.0
3,Cl,UltraMS,recall,37,28,0.9325486205815913
3,Cl,UltraMS,hit_rate,38,28,1.0
3,Cl,UltraMS,recall,38,28,0.94047598837738
3,Cl,UltraMS,hit_rate,39,28,1.0
3,Cl,UltraMS,recall,39,28,0.9447797486594013
3,Cl,UltraMS,hit_rate,40,28,1.0
3,Cl,UltraMS,recall,40,28,0.9464738625984132
3,Cl,UltraMS,hit_rate,41,28,1.0
3,Cl,UltraMS,recall,41,28,0.9499981757360453
3,Cl,UltraMS,hit_rate,42,28,1.0
3,Cl,UltraMS,recall,42,28,0.9527491409870106
3,Cl,UltraMS,hit_rate,43,28,1.0
3,Cl,UltraMS,recall,43,28,0.9554506061884759
3,Cl,UltraMS,hit_rate,44,28,1.0
3,Cl,UltraMS,recall,44,28,0.9561794691622367
3,Cl,UltraMS,hit_rate,45,28,1.0
3,Cl,UltraMS,recall,45,28,0.9584611271670535
3,Cl,UltraMS,hit_rate,46,28,1.0
3,Cl,UltraMS,recall,46,28,0.9584611271670535
3,Cl,UltraMS,hit_rate,47,28,1.0
3,Cl,UltraMS,recall,47,28,0.9600139221981093
3,Cl,UltraMS,hit_rate,48,28,1.0
3,Cl,UltraMS,recall,48,28,0.9600139221981093
3,Cl,UltraMS,hit_rate,49,28,1.0
3,Cl,UltraMS,recall,49,28,0.9615667172291653
3,Cl,UltraMS,hit_rate,50,28,1.0
3,Cl,UltraMS,recall,50,28,0.9640847632254721
3,Cl,UltraMS,hit_rate,51,28,1.0
3,Cl,UltraMS,recall,51,28,0.9650500141907231
3,Cl,UltraMS,hit_rate,52,28,1.0
3,Cl,UltraMS,recall,52,28,0.9676598790454861
3,Cl,UltraMS,hit_rate,53,28,1.0
3,Cl,UltraMS,recall,53,28,0.968388742019247
3,Cl,UltraMS,hit_rate,54,28,1.0
3,Cl,UltraMS,recall,54,28,0.9702697439002488
3,Cl,UltraMS,hit_rate,55,28,1.0
3,Cl,UltraMS,recall,55,28,0.9702697439002488
3,Cl,UltraMS,hit_rate,56,28,1.0
3,Cl,UltraMS,recall,56,28,0.9711854948159997
3,Cl,UltraMS,hit_rate,57,28,1.0
3,Cl,UltraMS,recall,57,28,0.9747098079536317
3,Cl,UltraMS,hit_rate,58,28,1.0
3,Cl,UltraMS,recall,58,28,0.9756255588693827
3,Cl,UltraMS,hit_rate,59,28,1.0
3,Cl,UltraMS,recall,59,28,0.9765413097851335
3,Cl,UltraMS,hit_rate,60,28,1.0
3,Cl,UltraMS,recall,60,28,0.9772701727588945
3,Cl,UltraMS,hit_rate,61,28,1.0
3,Cl,UltraMS,recall,61,28,0.9791511746398964
3,Cl,UltraMS,hit_rate,62,28,1.0
3,Cl,UltraMS,recall,62,28,0.9798800376136574
3,Cl,UltraMS,hit_rate,63,28,1.0
3,Cl,UltraMS,recall,63,28,0.9798800376136574
3,Cl,UltraMS,hit_rate,64,28,1.0
3,Cl,UltraMS,recall,64,28,0.9798800376136574
3,Cl,UltraMS,hit_rate,65,28,1.0
3,Cl,UltraMS,recall,65,28,0.9806089005874182
3,Cl,UltraMS,hit_rate,66,28,1.0
3,Cl,UltraMS,recall,66,28,0.9815246515031693
3,Cl,UltraMS,hit_rate,67,28,1.0
3,Cl,UltraMS,recall,67,28,0.9824404024189201
3,Cl,UltraMS,hit_rate,68,28,1.0
3,Cl,UltraMS,recall,68,28,0.9824404024189201
3,Cl,UltraMS,hit_rate,69,28,1.0
3,Cl,UltraMS,recall,69,28,0.9824404024189201
3,Cl,UltraMS,hit_rate,70,28,1.0
3,Cl,UltraMS,recall,70,28,0.9833561533346711
3,Cl,UltraMS,hit_rate,71,28,1.0
3,Cl,UltraMS,recall,71,28,0.9850007672241828
3,Cl,UltraMS,hit_rate,72,28,1.0
3,Cl,UltraMS,recall,72,28,0.9850007672241828
3,Cl,UltraMS,hit_rate,73,28,1.0
3,Cl,UltraMS,recall,73,28,0.9850007672241828
3,Cl,UltraMS,hit_rate,74,28,1.0
3,Cl,UltraMS,recall,74,28,0.9857296301979438
3,Cl,UltraMS,hit_rate,75,28,1.0
3,Cl,UltraMS,recall,75,28,0.9876093294460642
3,Cl,UltraMS,hit_rate,76,28,1.0
3,Cl,UltraMS,recall,76,28,0.988338192419825
3,Cl,UltraMS,hit_rate,77,28,1.0
3,Cl,UltraMS,recall,77,28,0.988338192419825
3,Cl,UltraMS,hit_rate,78,28,1.0
3,Cl,UltraMS,recall,78,28,0.988338192419825
3,Cl,UltraMS,hit_rate,79,28,1.0
3,Cl,UltraMS,recall,79,28,0.988338192419825
3,Cl,UltraMS,hit_rate,80,28,1.0
3,Cl,UltraMS,recall,80,28,0.989067055393586
3,Cl,UltraMS,hit_rate,81,28,1.0
3,Cl,UltraMS,recall,81,28,0.989067055393586
3,Cl,UltraMS,hit_rate,82,28,1.0
3,Cl,UltraMS,recall,82,28,0.9897959183673469
3,Cl,UltraMS,hit_rate,83,28,1.0
3,Cl,UltraMS,recall,83,28,0.9897959183673469
3,Cl,UltraMS,hit_rate,84,28,1.0
3,Cl,UltraMS,recall,84,28,0.9897959183673469
3,Cl,UltraMS,hit_rate,85,28,1.0
3,Cl,UltraMS,recall,85,28,0.9897959183673469
3,Cl,UltraMS,hit_rate,86,28,1.0
3,Cl,UltraMS,recall,86,28,0.9897959183673469
3,Cl,UltraMS,hit_rate,87,28,1.0
3,Cl,UltraMS,recall,87,28,0.9897959183673469
3,Cl,UltraMS,hit_rate,88,28,1.0
3,Cl,UltraMS,recall,88,28,0.9897959183673469
3,Cl,UltraMS,hit_rate,89,28,1.0
3,Cl,UltraMS,recall,89,28,0.9897959183673469
3,Cl,UltraMS,hit_rate,90,28,1.0
3,Cl,UltraMS,recall,90,28,0.9905247813411079
3,Cl,UltraMS,hit_rate,91,28,1.0
3,Cl,UltraMS,recall,91,28,0.9905247813411079
3,Cl,UltraMS,hit_rate,92,28,1.0
3,Cl,UltraMS,recall,92,28,0.9905247813411079
3,Cl,UltraMS,hit_rate,93,28,1.0
3,Cl,UltraMS,recall,93,28,0.9912536443148687
3,Cl,UltraMS,hit_rate,94,28,1.0
3,Cl,UltraMS,recall,94,28,0.9919825072886298
3,Cl,UltraMS,hit_rate,95,28,1.0
3,Cl,UltraMS,recall,95,28,0.9919825072886298
3,Cl,UltraMS,hit_rate,96,28,1.0
3,Cl,UltraMS,recall,96,28,0.9919825072886298
3,Cl,UltraMS,hit_rate,97,28,1.0
3,Cl,UltraMS,recall,97,28,0.9919825072886298
3,Cl,UltraMS,hit_rate,98,28,1.0
3,Cl,UltraMS,recall,98,28,0.9927113702623906
3,Cl,UltraMS,hit_rate,99,28,1.0
3,Cl,UltraMS,recall,99,28,0.9927113702623906
3,Cl,UltraMS,hit_rate,100,28,1.0
3,Cl,UltraMS,recall,100,28,0.9934402332361516
3,Cl,UltraMS,hit_rate,101,28,1.0
3,Cl,UltraMS,recall,101,28,0.9934402332361516
3,Cl,UltraMS,hit_rate,102,28,1.0
3,Cl,UltraMS,recall,102,28,0.9934402332361516
3,Cl,UltraMS,hit_rate,103,28,1.0
3,Cl,UltraMS,recall,103,28,0.9934402332361516
3,Cl,UltraMS,hit_rate,104,28,1.0
3,Cl,UltraMS,recall,104,28,0.9941690962099126
3,Cl,UltraMS,hit_rate,105,28,1.0
3,Cl,UltraMS,recall,105,28,0.9941690962099126
3,Cl,UltraMS,hit_rate,106,28,1.0
3,Cl,UltraMS,recall,106,28,0.9941690962099126
3,Cl,UltraMS,hit_rate,107,28,1.0
3,Cl,UltraMS,recall,107,28,0.9948979591836735
3,Cl,UltraMS,hit_rate,108,28,1.0
3,Cl,UltraMS,recall,108,28,0.9948979591836735
3,Cl,UltraMS,hit_rate,109,28,1.0
3,Cl,UltraMS,recall,109,28,0.9948979591836735
3,Cl,UltraMS,hit_rate,110,28,1.0
3,Cl,UltraMS,recall,110,28,0.9956268221574344
3,Cl,UltraMS,hit_rate,111,28,1.0
3,Cl,UltraMS,recall,111,28,0.9956268221574344
3,Cl,UltraMS,hit_rate,112,28,1.0
3,Cl,UltraMS,recall,112,28,0.9956268221574344
3,Cl,UltraMS,hit_rate,113,28,1.0
3,Cl,UltraMS,recall,113,28,0.9956268221574344
3,Cl,UltraMS,hit_rate,114,28,1.0
3,Cl,UltraMS,recall,114,28,0.9956268221574344
3,Cl,UltraMS,hit_rate,115,28,1.0
3,Cl,UltraMS,recall,115,28,0.9956268221574344
3,Cl,UltraMS,hit_rate,116,28,1.0
3,Cl,UltraMS,recall,116,28,0.9956268221574344
3,Cl,UltraMS,hit_rate,117,28,1.0
3,Cl,UltraMS,recall,117,28,0.9956268221574344
3,Cl,UltraMS,hit_rate,118,28,1.0
3,Cl,UltraMS,recall,118,28,0.9956268221574344
3,Cl,UltraMS,hit_rate,119,28,1.0
3,Cl,UltraMS,recall,119,28,0.9956268221574344
3,Cl,UltraMS,hit_rate,120,28,1.0
3,Cl,UltraMS,recall,120,28,0.9956268221574344
3,Cl,UltraMS,hit_rate,121,28,1.0
3,Cl,UltraMS,recall,121,28,0.9963556851311953
3,Cl,UltraMS,hit_rate,122,28,1.0
3,Cl,UltraMS,recall,122,28,0.9970845481049563
3,Cl,UltraMS,hit_rate,123,28,1.0
3,Cl,UltraMS,recall,123,28,0.9970845481049563
3,Cl,UltraMS,hit_rate,124,28,1.0
3,Cl,UltraMS,recall,124,28,0.9978134110787172
3,Cl,UltraMS,hit_rate,125,28,1.0
3,Cl,UltraMS,recall,125,28,0.9978134110787172
3,Cl,UltraMS,hit_rate,126,28,1.0
3,Cl,UltraMS,recall,126,28,0.9978134110787172
3,Cl,UltraMS,hit_rate,127,28,1.0
3,Cl,UltraMS,recall,127,28,0.9985422740524781
3,Cl,UltraMS,hit_rate,128,28,1.0
3,Cl,UltraMS,recall,128,28,0.9985422740524781
3,Cl,UltraMS,hit_rate,129,28,1.0
3,Cl,UltraMS,recall,129,28,0.9985422740524781
3,Cl,UltraMS,hit_rate,130,28,1.0
3,Cl,UltraMS,recall,130,28,0.9985422740524781
3,Cl,UltraMS,hit_rate,131,28,1.0
3,Cl,UltraMS,recall,131,28,0.9985422740524781
3,Cl,UltraMS,hit_rate,132,28,1.0
3,Cl,UltraMS,recall,132,28,0.9992711370262392
3,Cl,UltraMS,hit_rate,133,28,1.0
3,Cl,UltraMS,recall,133,28,0.9992711370262392
3,Cl,UltraMS,hit_rate,134,28,1.0
3,Cl,UltraMS,recall,134,28,0.9992711370262392
3,Cl,UltraMS,hit_rate,135,28,1.0
3,Cl,UltraMS,recall,135,28,0.9992711370262392
3,Cl,UltraMS,hit_rate,136,28,1.0
3,Cl,UltraMS,recall,136,28,0.9992711370262392
3,Cl,UltraMS,hit_rate,137,28,1.0
3,Cl,UltraMS,recall,137,28,0.9992711370262392
3,Cl,UltraMS,hit_rate,138,28,1.0
3,Cl,UltraMS,recall,138,28,0.9992711370262392
3,Cl,UltraMS,hit_rate,139,28,1.0
3,Cl,UltraMS,recall,139,28,0.9992711370262392
3,Cl,UltraMS,hit_rate,140,28,1.0
3,Cl,UltraMS,recall,140,28,0.9992711370262392
3,Cl,UltraMS,hit_rate,141,28,1.0
3,Cl,UltraMS,recall,141,28,0.9992711370262392
3,Cl,UltraMS,hit_rate,142,28,1.0
3,Cl,UltraMS,recall,142,28,0.9992711370262392
3,Cl,UltraMS,hit_rate,143,28,1.0
3,Cl,UltraMS,recall,143,28,0.9992711370262392
3,Cl,UltraMS,hit_rate,144,28,1.0
3,Cl,UltraMS,recall,144,28,0.9992711370262392
3,Cl,UltraMS,hit_rate,145,28,1.0
3,Cl,UltraMS,recall,145,28,0.9992711370262392
3,Cl,UltraMS,hit_rate,146,28,1.0
3,Cl,UltraMS,recall,146,28,0.9992711370262392
3,Cl,UltraMS,hit_rate,147,28,1.0
3,Cl,UltraMS,recall,147,28,0.9992711370262392
3,Cl,UltraMS,hit_rate,148,28,1.0
3,Cl,UltraMS,recall,148,28,0.9992711370262392
3,Cl,UltraMS,hit_rate,149,28,1.0
3,Cl,UltraMS,recall,149,28,1.0
3,Cl,UltraMS,hit_rate,150,28,1.0
3,Cl,UltraMS,recall,150,28,1.0
3,Cl,DreaMS,hit_rate,5,28,0.6071428571428571
3,Cl,DreaMS,recall,5,28,0.2502647191932906
3,Cl,DreaMS,hit_rate,6,28,0.6428571428571429
3,Cl,DreaMS,recall,6,28,0.30010490474776186
3,Cl,DreaMS,hit_rate,7,28,0.6428571428571429
3,Cl,DreaMS,recall,7,28,0.31643645607931326
3,Cl,DreaMS,hit_rate,8,28,0.6785714285714286
3,Cl,DreaMS,recall,8,28,0.33475759676887495
3,Cl,DreaMS,hit_rate,9,28,0.75
3,Cl,DreaMS,recall,9,28,0.3843884678283174
3,Cl,DreaMS,hit_rate,10,28,0.8571428571428571
3,Cl,DreaMS,recall,10,28,0.4436348787672749
3,Cl,DreaMS,hit_rate,11,28,0.8928571428571429
3,Cl,DreaMS,recall,11,28,0.4711307419774239
3,Cl,DreaMS,hit_rate,12,28,0.9285714285714286
3,Cl,DreaMS,recall,12,28,0.5394912788162217
3,Cl,DreaMS,hit_rate,13,28,0.9285714285714286
3,Cl,DreaMS,recall,13,28,0.5739706090098374
3,Cl,DreaMS,hit_rate,14,28,1.0
3,Cl,DreaMS,recall,14,28,0.597489502397152
3,Cl,DreaMS,hit_rate,15,28,1.0
3,Cl,DreaMS,recall,15,28,0.6172435578654932
3,Cl,DreaMS,hit_rate,16,28,1.0
3,Cl,DreaMS,recall,16,28,0.6354936073655427
3,Cl,DreaMS,hit_rate,17,28,1.0
3,Cl,DreaMS,recall,17,28,0.6516762342624552
3,Cl,DreaMS,hit_rate,18,28,1.0
3,Cl,DreaMS,recall,18,28,0.6672636230641299
3,Cl,DreaMS,hit_rate,19,28,1.0
3,Cl,DreaMS,recall,19,28,0.6811827679615357
3,Cl,DreaMS,hit_rate,20,28,1.0
3,Cl,DreaMS,recall,20,28,0.6905652333222619
3,Cl,DreaMS,hit_rate,21,28,1.0
3,Cl,DreaMS,recall,21,28,0.6976607312644417
3,Cl,DreaMS,hit_rate,22,28,1.0
3,Cl,DreaMS,recall,22,28,0.7202390120570081
3,Cl,DreaMS,hit_rate,23,28,1.0
3,Cl,DreaMS,recall,23,28,0.7260537613500183
3,Cl,DreaMS,hit_rate,24,28,1.0
3,Cl,DreaMS,recall,24,28,0.7353038847926883
3,Cl,DreaMS,hit_rate,25,28,1.0
3,Cl,DreaMS,recall,25,28,0.7431372676260712
3,Cl,DreaMS,hit_rate,26,28,1.0
3,Cl,DreaMS,recall,26,28,0.7482393084423977
3,Cl,DreaMS,hit_rate,27,28,1.0
3,Cl,DreaMS,recall,27,28,0.7618771869871086
3,Cl,DreaMS,hit_rate,28,28,1.0
3,Cl,DreaMS,recall,28,28,0.7773958944701017
3,Cl,DreaMS,hit_rate,29,28,1.0
3,Cl,DreaMS,recall,29,28,0.7865507303174841
3,Cl,DreaMS,hit_rate,30,28,1.0
3,Cl,DreaMS,recall,30,28,0.8010209030019426
3,Cl,DreaMS,hit_rate,31,28,1.0
3,Cl,DreaMS,recall,31,28,0.8010209030019426
3,Cl,DreaMS,hit_rate,32,28,1.0
3,Cl,DreaMS,recall,32,28,0.8110038961992215
3,Cl,DreaMS,hit_rate,33,28,1.0
3,Cl,DreaMS,recall,33,28,0.8253846346409274
3,Cl,DreaMS,hit_rate,34,28,1.0
3,Cl,DreaMS,recall,34,28,0.8336993839339376
3,Cl,DreaMS,hit_rate,35,28,1.0
3,Cl,DreaMS,recall,35,28,0.8399493839339377
3,Cl,DreaMS,hit_rate,36,28,1.0
3,Cl,DreaMS,recall,36,28,0.8424179298807445
3,Cl,DreaMS,hit_rate,37,28,1.0
3,Cl,DreaMS,recall,37,28,0.8491798841426988
3,Cl,DreaMS,hit_rate,38,28,1.0
3,Cl,DreaMS,recall,38,28,0.8603733674328641
3,Cl,DreaMS,hit_rate,39,28,1.0
3,Cl,DreaMS,recall,39,28,0.8652723658101233
3,Cl,DreaMS,hit_rate,40,28,1.0
3,Cl,DreaMS,recall,40,28,0.8702904118064302
3,Cl,DreaMS,hit_rate,41,28,1.0
3,Cl,DreaMS,recall,41,28,0.8737556627716812
3,Cl,DreaMS,hit_rate,42,28,1.0
3,Cl,DreaMS,recall,42,28,0.8791356994017178
3,Cl,DreaMS,hit_rate,43,28,1.0
3,Cl,DreaMS,recall,43,28,0.8897339445966448
3,Cl,DreaMS,hit_rate,44,28,1.0
3,Cl,DreaMS,recall,44,28,0.893494645725767
3,Cl,DreaMS,hit_rate,45,28,1.0
3,Cl,DreaMS,recall,45,28,0.8995224276002308
3,Cl,DreaMS,hit_rate,46,28,1.0
3,Cl,DreaMS,recall,46,28,0.9047406361651212
3,Cl,DreaMS,hit_rate,47,28,1.0
3,Cl,DreaMS,recall,47,28,0.9123397971109641
3,Cl,DreaMS,hit_rate,48,28,1.0
3,Cl,DreaMS,recall,48,28,0.9142207989919661
3,Cl,DreaMS,hit_rate,49,28,1.0
3,Cl,DreaMS,recall,49,28,0.9200175022886693
3,Cl,DreaMS,hit_rate,50,28,1.0
3,Cl,DreaMS,recall,50,28,0.9257369639863918
3,Cl,DreaMS,hit_rate,51,28,1.0
3,Cl,DreaMS,recall,51,28,0.9285819141997632
3,Cl,DreaMS,hit_rate,52,28,1.0
3,Cl,DreaMS,recall,52,28,0.9326424032602522
3,Cl,DreaMS,hit_rate,53,28,1.0
3,Cl,DreaMS,recall,53,28,0.9394211008856317
3,Cl,DreaMS,hit_rate,54,28,1.0
3,Cl,DreaMS,recall,54,28,0.9409738959166878
3,Cl,DreaMS,hit_rate,55,28,1.0
3,Cl,DreaMS,recall,55,28,0.9426534325962244
3,Cl,DreaMS,hit_rate,56,28,1.0
3,Cl,DreaMS,recall,56,28,0.9468015152225677
3,Cl,DreaMS,hit_rate,57,28,1.0
3,Cl,DreaMS,recall,57,28,0.9475158009368536
3,Cl,DreaMS,hit_rate,58,28,1.0
3,Cl,DreaMS,recall,58,28,0.9503607511502248
3,Cl,DreaMS,hit_rate,59,28,1.0
3,Cl,DreaMS,recall,59,28,0.9513260021154759
3,Cl,DreaMS,hit_rate,60,28,1.0
3,Cl,DreaMS,recall,60,28,0.9532057013635962
3,Cl,DreaMS,hit_rate,61,28,1.0
3,Cl,DreaMS,recall,61,28,0.9541214522793471
3,Cl,DreaMS,hit_rate,62,28,1.0
3,Cl,DreaMS,recall,62,28,0.9560011515274675
3,Cl,DreaMS,hit_rate,63,28,1.0
3,Cl,DreaMS,recall,63,28,0.9585951364898734
3,Cl,DreaMS,hit_rate,64,28,1.0
3,Cl,DreaMS,recall,64,28,0.9611904240851609
3,Cl,DreaMS,hit_rate,65,28,1.0
3,Cl,DreaMS,recall,65,28,0.9628699607646977
3,Cl,DreaMS,hit_rate,66,28,1.0
3,Cl,DreaMS,recall,66,28,0.9647509626456995
3,Cl,DreaMS,hit_rate,67,28,1.0
3,Cl,DreaMS,recall,67,28,0.9666319645267014
3,Cl,DreaMS,hit_rate,68,28,1.0
3,Cl,DreaMS,recall,68,28,0.9675477154424523
3,Cl,DreaMS,hit_rate,69,28,1.0
3,Cl,DreaMS,recall,69,28,0.9710574513206093
3,Cl,DreaMS,hit_rate,70,28,1.0
3,Cl,DreaMS,recall,70,28,0.9710574513206093
3,Cl,DreaMS,hit_rate,71,28,1.0
3,Cl,DreaMS,recall,71,28,0.9736514362830152
3,Cl,DreaMS,hit_rate,72,28,1.0
3,Cl,DreaMS,recall,72,28,0.9752814729130519
3,Cl,DreaMS,hit_rate,73,28,1.0
3,Cl,DreaMS,recall,73,28,0.9761972238288027
3,Cl,DreaMS,hit_rate,74,28,1.0
3,Cl,DreaMS,recall,74,28,0.9761972238288027
3,Cl,DreaMS,hit_rate,75,28,1.0
3,Cl,DreaMS,recall,75,28,0.9780769230769231
3,Cl,DreaMS,hit_rate,76,28,1.0
3,Cl,DreaMS,recall,76,28,0.9780769230769231
3,Cl,DreaMS,hit_rate,77,28,1.0
3,Cl,DreaMS,recall,77,28,0.9787912087912087
3,Cl,DreaMS,hit_rate,78,28,1.0
3,Cl,DreaMS,recall,78,28,0.9797069597069596
3,Cl,DreaMS,hit_rate,79,28,1.0
3,Cl,DreaMS,recall,79,28,0.9806227106227106
3,Cl,DreaMS,hit_rate,80,28,1.0
3,Cl,DreaMS,recall,80,28,0.9813369963369963
3,Cl,DreaMS,hit_rate,81,28,1.0
3,Cl,DreaMS,recall,81,28,0.982967032967033
3,Cl,DreaMS,hit_rate,82,28,1.0
3,Cl,DreaMS,recall,82,28,0.982967032967033
3,Cl,DreaMS,hit_rate,83,28,1.0
3,Cl,DreaMS,recall,83,28,0.9836813186813187
3,Cl,DreaMS,hit_rate,84,28,1.0
3,Cl,DreaMS,recall,84,28,0.9845970695970696
3,Cl,DreaMS,hit_rate,85,28,1.0
3,Cl,DreaMS,recall,85,28,0.9855128205128205
3,Cl,DreaMS,hit_rate,86,28,1.0
3,Cl,DreaMS,recall,86,28,0.9864285714285714
3,Cl,DreaMS,hit_rate,87,28,1.0
3,Cl,DreaMS,recall,87,28,0.9864285714285714
3,Cl,DreaMS,hit_rate,88,28,1.0
3,Cl,DreaMS,recall,88,28,0.9864285714285714
3,Cl,DreaMS,hit_rate,89,28,1.0
3,Cl,DreaMS,recall,89,28,0.9864285714285714
3,Cl,DreaMS,hit_rate,90,28,1.0
3,Cl,DreaMS,recall,90,28,0.9864285714285714
3,Cl,DreaMS,hit_rate,91,28,1.0
3,Cl,DreaMS,recall,91,28,0.9864285714285714
3,Cl,DreaMS,hit_rate,92,28,1.0
3,Cl,DreaMS,recall,92,28,0.9864285714285714
3,Cl,DreaMS,hit_rate,93,28,1.0
3,Cl,DreaMS,recall,93,28,0.9864285714285714
3,Cl,DreaMS,hit_rate,94,28,1.0
3,Cl,DreaMS,recall,94,28,0.9871428571428572
3,Cl,DreaMS,hit_rate,95,28,1.0
3,Cl,DreaMS,recall,95,28,0.9871428571428572
3,Cl,DreaMS,hit_rate,96,28,1.0
3,Cl,DreaMS,recall,96,28,0.9871428571428572
3,Cl,DreaMS,hit_rate,97,28,1.0
3,Cl,DreaMS,recall,97,28,0.9871428571428572
3,Cl,DreaMS,hit_rate,98,28,1.0
3,Cl,DreaMS,recall,98,28,0.9871428571428572
3,Cl,DreaMS,hit_rate,99,28,1.0
3,Cl,DreaMS,recall,99,28,0.9871428571428572
3,Cl,DreaMS,hit_rate,100,28,1.0
3,Cl,DreaMS,recall,100,28,0.9871428571428572
3,Cl,DreaMS,hit_rate,101,28,1.0
3,Cl,DreaMS,recall,101,28,0.9878571428571429
3,Cl,DreaMS,hit_rate,102,28,1.0
3,Cl,DreaMS,recall,102,28,0.9878571428571429
3,Cl,DreaMS,hit_rate,103,28,1.0
3,Cl,DreaMS,recall,103,28,0.9878571428571429
3,Cl,DreaMS,hit_rate,104,28,1.0
3,Cl,DreaMS,recall,104,28,0.9878571428571429
3,Cl,DreaMS,hit_rate,105,28,1.0
3,Cl,DreaMS,recall,105,28,0.9878571428571429
3,Cl,DreaMS,hit_rate,106,28,1.0
3,Cl,DreaMS,recall,106,28,0.9885714285714285
3,Cl,DreaMS,hit_rate,107,28,1.0
3,Cl,DreaMS,recall,107,28,0.9892857142857142
3,Cl,DreaMS,hit_rate,108,28,1.0
3,Cl,DreaMS,recall,108,28,0.9892857142857142
3,Cl,DreaMS,hit_rate,109,28,1.0
3,Cl,DreaMS,recall,109,28,0.99
3,Cl,DreaMS,hit_rate,110,28,1.0
3,Cl,DreaMS,recall,110,28,0.99
3,Cl,DreaMS,hit_rate,111,28,1.0
3,Cl,DreaMS,recall,111,28,0.9907142857142857
3,Cl,DreaMS,hit_rate,112,28,1.0
3,Cl,DreaMS,recall,112,28,0.9907142857142857
3,Cl,DreaMS,hit_rate,113,28,1.0
3,Cl,DreaMS,recall,113,28,0.9907142857142857
3,Cl,DreaMS,hit_rate,114,28,1.0
3,Cl,DreaMS,recall,114,28,0.9907142857142857
3,Cl,DreaMS,hit_rate,115,28,1.0
3,Cl,DreaMS,recall,115,28,0.9914285714285714
3,Cl,DreaMS,hit_rate,116,28,1.0
3,Cl,DreaMS,recall,116,28,0.9921428571428572
3,Cl,DreaMS,hit_rate,117,28,1.0
3,Cl,DreaMS,recall,117,28,0.9921428571428572
3,Cl,DreaMS,hit_rate,118,28,1.0
3,Cl,DreaMS,recall,118,28,0.9928571428571429
3,Cl,DreaMS,hit_rate,119,28,1.0
3,Cl,DreaMS,recall,119,28,0.9928571428571429
3,Cl,DreaMS,hit_rate,120,28,1.0
3,Cl,DreaMS,recall,120,28,0.9928571428571429
3,Cl,DreaMS,hit_rate,121,28,1.0
3,Cl,DreaMS,recall,121,28,0.9928571428571429
3,Cl,DreaMS,hit_rate,122,28,1.0
3,Cl,DreaMS,recall,122,28,0.9935714285714285
3,Cl,DreaMS,hit_rate,123,28,1.0
3,Cl,DreaMS,recall,123,28,0.9935714285714285
3,Cl,DreaMS,hit_rate,124,28,1.0
3,Cl,DreaMS,recall,124,28,0.9935714285714285
3,Cl,DreaMS,hit_rate,125,28,1.0
3,Cl,DreaMS,recall,125,28,0.9935714285714285
3,Cl,DreaMS,hit_rate,126,28,1.0
3,Cl,DreaMS,recall,126,28,0.9935714285714285
3,Cl,DreaMS,hit_rate,127,28,1.0
3,Cl,DreaMS,recall,127,28,0.9935714285714285
3,Cl,DreaMS,hit_rate,128,28,1.0
3,Cl,DreaMS,recall,128,28,0.9942857142857143
3,Cl,DreaMS,hit_rate,129,28,1.0
3,Cl,DreaMS,recall,129,28,0.9942857142857143
3,Cl,DreaMS,hit_rate,130,28,1.0
3,Cl,DreaMS,recall,130,28,0.995
3,Cl,DreaMS,hit_rate,131,28,1.0
3,Cl,DreaMS,recall,131,28,0.995
3,Cl,DreaMS,hit_rate,132,28,1.0
3,Cl,DreaMS,recall,132,28,0.9957142857142857
3,Cl,DreaMS,hit_rate,133,28,1.0
3,Cl,DreaMS,recall,133,28,0.9957142857142857
3,Cl,DreaMS,hit_rate,134,28,1.0
3,Cl,DreaMS,recall,134,28,0.9957142857142857
3,Cl,DreaMS,hit_rate,135,28,1.0
3,Cl,DreaMS,recall,135,28,0.9957142857142857
3,Cl,DreaMS,hit_rate,136,28,1.0
3,Cl,DreaMS,recall,136,28,0.9957142857142857
3,Cl,DreaMS,hit_rate,137,28,1.0
3,Cl,DreaMS,recall,137,28,0.9957142857142857
3,Cl,DreaMS,hit_rate,138,28,1.0
3,Cl,DreaMS,recall,138,28,0.9964285714285713
3,Cl,DreaMS,hit_rate,139,28,1.0
3,Cl,DreaMS,recall,139,28,0.9964285714285713
3,Cl,DreaMS,hit_rate,140,28,1.0
3,Cl,DreaMS,recall,140,28,0.9964285714285713
3,Cl,DreaMS,hit_rate,141,28,1.0
3,Cl,DreaMS,recall,141,28,0.9964285714285713
3,Cl,DreaMS,hit_rate,142,28,1.0
3,Cl,DreaMS,recall,142,28,0.9964285714285713
3,Cl,DreaMS,hit_rate,143,28,1.0
3,Cl,DreaMS,recall,143,28,0.9971428571428572
3,Cl,DreaMS,hit_rate,144,28,1.0
3,Cl,DreaMS,recall,144,28,0.9971428571428572
3,Cl,DreaMS,hit_rate,145,28,1.0
3,Cl,DreaMS,recall,145,28,0.9978571428571429
3,Cl,DreaMS,hit_rate,146,28,1.0
3,Cl,DreaMS,recall,146,28,0.9985714285714286
3,Cl,DreaMS,hit_rate,147,28,1.0
3,Cl,DreaMS,recall,147,28,0.9985714285714286
3,Cl,DreaMS,hit_rate,148,28,1.0
3,Cl,DreaMS,recall,148,28,0.9992857142857143
3,Cl,DreaMS,hit_rate,149,28,1.0
3,Cl,DreaMS,recall,149,28,1.0
3,Cl,DreaMS,hit_rate,150,28,1.0
3,Cl,DreaMS,recall,150,28,1.0
3,Cl,Linear SVM,hit_rate,5,28,0.7857142857142857
3,Cl,Linear SVM,recall,5,28,0.2626433172175861
3,Cl,Linear SVM,hit_rate,6,28,0.8214285714285714
3,Cl,Linear SVM,recall,6,28,0.29383828343613727
3,Cl,Linear SVM,hit_rate,7,28,0.8214285714285714
3,Cl,Linear SVM,recall,7,28,0.37196548408692287
3,Cl,Linear SVM,hit_rate,8,28,0.8214285714285714
3,Cl,Linear SVM,recall,8,28,0.40543989256133134
3,Cl,Linear SVM,hit_rate,9,28,0.8214285714285714
3,Cl,Linear SVM,recall,9,28,0.4387531839573295
3,Cl,Linear SVM,hit_rate,10,28,0.8571428571428571
3,Cl,Linear SVM,recall,10,28,0.5078815602059724
3,Cl,Linear SVM,hit_rate,11,28,0.8928571428571429
3,Cl,Linear SVM,recall,11,28,0.5414631854801443
3,Cl,Linear SVM,hit_rate,12,28,0.8928571428571429
3,Cl,Linear SVM,recall,12,28,0.5537996585309032
3,Cl,Linear SVM,hit_rate,13,28,0.9285714285714286
3,Cl,Linear SVM,recall,13,28,0.5769221001316057
3,Cl,Linear SVM,hit_rate,14,28,0.9642857142857143
3,Cl,Linear SVM,recall,14,28,0.6681833433807195
3,Cl,Linear SVM,hit_rate,15,28,0.9642857142857143
3,Cl,Linear SVM,recall,15,28,0.6943766714067543
3,Cl,Linear SVM,hit_rate,16,28,0.9642857142857143
3,Cl,Linear SVM,recall,16,28,0.7150292644277683
3,Cl,Linear SVM,hit_rate,17,28,0.9642857142857143
3,Cl,Linear SVM,recall,17,28,0.7268750110253608
3,Cl,Linear SVM,hit_rate,18,28,0.9642857142857143
3,Cl,Linear SVM,recall,18,28,0.7348220020550587
3,Cl,Linear SVM,hit_rate,19,28,0.9642857142857143
3,Cl,Linear SVM,recall,19,28,0.7381187053517619
3,Cl,Linear SVM,hit_rate,20,28,1.0
3,Cl,Linear SVM,recall,20,28,0.784824685023873
3,Cl,Linear SVM,hit_rate,21,28,1.0
3,Cl,Linear SVM,recall,21,28,0.7994734291369029
3,Cl,Linear SVM,hit_rate,22,28,1.0
3,Cl,Linear SVM,recall,22,28,0.8044015438168634
3,Cl,Linear SVM,hit_rate,23,28,1.0
3,Cl,Linear SVM,recall,23,28,0.8044015438168634
3,Cl,Linear SVM,hit_rate,24,28,1.0
3,Cl,Linear SVM,recall,24,28,0.8152230463309122
3,Cl,Linear SVM,hit_rate,25,28,1.0
3,Cl,Linear SVM,recall,25,28,0.8230760523982042
3,Cl,Linear SVM,hit_rate,26,28,1.0
3,Cl,Linear SVM,recall,26,28,0.825544598345011
3,Cl,Linear SVM,hit_rate,27,28,1.0
3,Cl,Linear SVM,recall,27,28,0.8324323534470519
3,Cl,Linear SVM,hit_rate,28,28,1.0
3,Cl,Linear SVM,recall,28,28,0.8333976044123028
3,Cl,Linear SVM,hit_rate,29,28,1.0
3,Cl,Linear SVM,recall,29,28,0.8428034055106506
3,Cl,Linear SVM,hit_rate,30,28,1.0
3,Cl,Linear SVM,recall,30,28,0.8469110568701476
3,Cl,Linear SVM,hit_rate,31,28,1.0
3,Cl,Linear SVM,recall,31,28,0.8574230111321018
3,Cl,Linear SVM,hit_rate,32,28,1.0
3,Cl,Linear SVM,recall,32,28,0.860218461295973
3,Cl,Linear SVM,hit_rate,33,28,1.0
3,Cl,Linear SVM,recall,33,28,0.861183712261224
3,Cl,Linear SVM,hit_rate,34,28,1.0
3,Cl,Linear SVM,recall,34,28,0.8674039821234997
3,Cl,Linear SVM,hit_rate,35,28,1.0
3,Cl,Linear SVM,recall,35,28,0.8715116334829969
3,Cl,Linear SVM,hit_rate,36,28,1.0
3,Cl,Linear SVM,recall,36,28,0.8759461890595585
3,Cl,Linear SVM,hit_rate,37,28,1.0
3,Cl,Linear SVM,recall,37,28,0.8815190418842571
3,Cl,Linear SVM,hit_rate,38,28,1.0
3,Cl,Linear SVM,recall,38,28,0.883987587831064
3,Cl,Linear SVM,hit_rate,39,28,1.0
3,Cl,Linear SVM,recall,39,28,0.8855403828621199
3,Cl,Linear SVM,hit_rate,40,28,1.0
3,Cl,Linear SVM,recall,40,28,0.888972877141296
3,Cl,Linear SVM,hit_rate,41,28,1.0
3,Cl,Linear SVM,recall,41,28,0.8931395438079627
3,Cl,Linear SVM,hit_rate,42,28,1.0
3,Cl,Linear SVM,recall,42,28,0.8979890421357218
3,Cl,Linear SVM,hit_rate,43,28,1.0
3,Cl,Linear SVM,recall,43,28,0.9005070881320288
3,Cl,Linear SVM,hit_rate,44,28,1.0
3,Cl,Linear SVM,recall,44,28,0.9087320749754367
3,Cl,Linear SVM,hit_rate,45,28,1.0
3,Cl,Linear SVM,recall,45,28,0.9146241379877665
3,Cl,Linear SVM,hit_rate,46,28,1.0
3,Cl,Linear SVM,recall,46,28,0.9162137433509567
3,Cl,Linear SVM,hit_rate,47,28,1.0
3,Cl,Linear SVM,recall,47,28,0.918440392829452
3,Cl,Linear SVM,hit_rate,48,28,1.0
3,Cl,Linear SVM,recall,48,28,0.9208213452104043
3,Cl,Linear SVM,hit_rate,49,28,1.0
3,Cl,Linear SVM,recall,49,28,0.9280810810885614
3,Cl,Linear SVM,hit_rate,50,28,1.0
3,Cl,Linear SVM,recall,50,28,0.9333360999855863
3,Cl,Linear SVM,hit_rate,51,28,1.0
3,Cl,Linear SVM,recall,51,28,0.9361315501494575
3,Cl,Linear SVM,hit_rate,52,28,1.0
3,Cl,Linear SVM,recall,52,28,0.9398922512785796
3,Cl,Linear SVM,hit_rate,53,28,1.0
3,Cl,Linear SVM,recall,53,28,0.9448280599879731
3,Cl,Linear SVM,hit_rate,54,28,1.0
3,Cl,Linear SVM,recall,54,28,0.9499662001496982
3,Cl,Linear SVM,hit_rate,55,28,1.0
3,Cl,Linear SVM,recall,55,28,0.9524842461460051
3,Cl,Linear SVM,hit_rate,56,28,1.0
3,Cl,Linear SVM,recall,56,28,0.9565918975055022
3,Cl,Linear SVM,hit_rate,57,28,1.0
3,Cl,Linear SVM,recall,57,28,0.9575076484212531
3,Cl,Linear SVM,hit_rate,58,28,1.0
3,Cl,Linear SVM,recall,58,28,0.9600625047496943
3,Cl,Linear SVM,hit_rate,59,28,1.0
3,Cl,Linear SVM,recall,59,28,0.9617016101623846
3,Cl,Linear SVM,hit_rate,60,28,1.0
3,Cl,Linear SVM,recall,60,28,0.964497060326256
3,Cl,Linear SVM,hit_rate,61,28,1.0
3,Cl,Linear SVM,recall,61,28,0.965462311291507
3,Cl,Linear SVM,hit_rate,62,28,1.0
3,Cl,Linear SVM,recall,62,28,0.9661361657389463
3,Cl,Linear SVM,hit_rate,63,28,1.0
3,Cl,Linear SVM,recall,63,28,0.9671014167041972
3,Cl,Linear SVM,hit_rate,64,28,1.0
3,Cl,Linear SVM,recall,64,28,0.9680666676694483
3,Cl,Linear SVM,hit_rate,65,28,1.0
3,Cl,Linear SVM,recall,65,28,0.9697057730821385
3,Cl,Linear SVM,hit_rate,66,28,1.0
3,Cl,Linear SVM,recall,66,28,0.9706710240473895
3,Cl,Linear SVM,hit_rate,67,28,1.0
3,Cl,Linear SVM,recall,67,28,0.9716362750126405
3,Cl,Linear SVM,hit_rate,68,28,1.0
3,Cl,Linear SVM,recall,68,28,0.9723101294600799
3,Cl,Linear SVM,hit_rate,69,28,1.0
3,Cl,Linear SVM,recall,69,28,0.9723101294600799
3,Cl,Linear SVM,hit_rate,70,28,1.0
3,Cl,Linear SVM,recall,70,28,0.9741898287082001
3,Cl,Linear SVM,hit_rate,71,28,1.0
3,Cl,Linear SVM,recall,71,28,0.9741898287082001
3,Cl,Linear SVM,hit_rate,72,28,1.0
3,Cl,Linear SVM,recall,72,28,0.9741898287082001
3,Cl,Linear SVM,hit_rate,73,28,1.0
3,Cl,Linear SVM,recall,73,28,0.9741898287082001
3,Cl,Linear SVM,hit_rate,74,28,1.0
3,Cl,Linear SVM,recall,74,28,0.9757794340713903
3,Cl,Linear SVM,hit_rate,75,28,1.0
3,Cl,Linear SVM,recall,75,28,0.9776591333195107
3,Cl,Linear SVM,hit_rate,76,28,1.0
3,Cl,Linear SVM,recall,76,28,0.9785748842352616
3,Cl,Linear SVM,hit_rate,77,28,1.0
3,Cl,Linear SVM,recall,77,28,0.9794906351510125
3,Cl,Linear SVM,hit_rate,78,28,1.0
3,Cl,Linear SVM,recall,78,28,0.9804063860667634
3,Cl,Linear SVM,hit_rate,79,28,1.0
3,Cl,Linear SVM,recall,79,28,0.9819959914299536
3,Cl,Linear SVM,hit_rate,80,28,1.0
3,Cl,Linear SVM,recall,80,28,0.9826698458773931
3,Cl,Linear SVM,hit_rate,81,28,1.0
3,Cl,Linear SVM,recall,81,28,0.9826698458773931
3,Cl,Linear SVM,hit_rate,82,28,1.0
3,Cl,Linear SVM,recall,82,28,0.9826698458773931
3,Cl,Linear SVM,hit_rate,83,28,1.0
3,Cl,Linear SVM,recall,83,28,0.9835855967931441
3,Cl,Linear SVM,hit_rate,84,28,1.0
3,Cl,Linear SVM,recall,84,28,0.9842594512405833
3,Cl,Linear SVM,hit_rate,85,28,1.0
3,Cl,Linear SVM,recall,85,28,0.9849333056880226
3,Cl,Linear SVM,hit_rate,86,28,1.0
3,Cl,Linear SVM,recall,86,28,0.9858490566037735
3,Cl,Linear SVM,hit_rate,87,28,1.0
3,Cl,Linear SVM,recall,87,28,0.9858490566037735
3,Cl,Linear SVM,hit_rate,88,28,1.0
3,Cl,Linear SVM,recall,88,28,0.9858490566037735
3,Cl,Linear SVM,hit_rate,89,28,1.0
3,Cl,Linear SVM,recall,89,28,0.9865229110512129
3,Cl,Linear SVM,hit_rate,90,28,1.0
3,Cl,Linear SVM,recall,90,28,0.9865229110512129
3,Cl,Linear SVM,hit_rate,91,28,1.0
3,Cl,Linear SVM,recall,91,28,0.9871967654986522
3,Cl,Linear SVM,hit_rate,92,28,1.0
3,Cl,Linear SVM,recall,92,28,0.9878706199460917
3,Cl,Linear SVM,hit_rate,93,28,1.0
3,Cl,Linear SVM,recall,93,28,0.988544474393531
3,Cl,Linear SVM,hit_rate,94,28,1.0
3,Cl,Linear SVM,recall,94,28,0.9892183288409704
3,Cl,Linear SVM,hit_rate,95,28,1.0
3,Cl,Linear SVM,recall,95,28,0.9892183288409704
3,Cl,Linear SVM,hit_rate,96,28,1.0
3,Cl,Linear SVM,recall,96,28,0.9892183288409704
3,Cl,Linear SVM,hit_rate,97,28,1.0
3,Cl,Linear SVM,recall,97,28,0.9892183288409704
3,Cl,Linear SVM,hit_rate,98,28,1.0
3,Cl,Linear SVM,recall,98,28,0.9892183288409704
3,Cl,Linear SVM,hit_rate,99,28,1.0
3,Cl,Linear SVM,recall,99,28,0.9898921832884097
3,Cl,Linear SVM,hit_rate,100,28,1.0
3,Cl,Linear SVM,recall,100,28,0.9898921832884097
3,Cl,Linear SVM,hit_rate,101,28,1.0
3,Cl,Linear SVM,recall,101,28,0.9898921832884097
3,Cl,Linear SVM,hit_rate,102,28,1.0
3,Cl,Linear SVM,recall,102,28,0.9905660377358491
3,Cl,Linear SVM,hit_rate,103,28,1.0
3,Cl,Linear SVM,recall,103,28,0.9905660377358491
3,Cl,Linear SVM,hit_rate,104,28,1.0
3,Cl,Linear SVM,recall,104,28,0.9905660377358491
3,Cl,Linear SVM,hit_rate,105,28,1.0
3,Cl,Linear SVM,recall,105,28,0.9905660377358491
3,Cl,Linear SVM,hit_rate,106,28,1.0
3,Cl,Linear SVM,recall,106,28,0.9905660377358491
3,Cl,Linear SVM,hit_rate,107,28,1.0
3,Cl,Linear SVM,recall,107,28,0.9905660377358491
3,Cl,Linear SVM,hit_rate,108,28,1.0
3,Cl,Linear SVM,recall,108,28,0.9905660377358491
3,Cl,Linear SVM,hit_rate,109,28,1.0
3,Cl,Linear SVM,recall,109,28,0.9905660377358491
3,Cl,Linear SVM,hit_rate,110,28,1.0
3,Cl,Linear SVM,recall,110,28,0.9905660377358491
3,Cl,Linear SVM,hit_rate,111,28,1.0
3,Cl,Linear SVM,recall,111,28,0.9905660377358491
3,Cl,Linear SVM,hit_rate,112,28,1.0
3,Cl,Linear SVM,recall,112,28,0.9905660377358491
3,Cl,Linear SVM,hit_rate,113,28,1.0
3,Cl,Linear SVM,recall,113,28,0.9905660377358491
3,Cl,Linear SVM,hit_rate,114,28,1.0
3,Cl,Linear SVM,recall,114,28,0.9905660377358491
3,Cl,Linear SVM,hit_rate,115,28,1.0
3,Cl,Linear SVM,recall,115,28,0.9905660377358491
3,Cl,Linear SVM,hit_rate,116,28,1.0
3,Cl,Linear SVM,recall,116,28,0.9905660377358491
3,Cl,Linear SVM,hit_rate,117,28,1.0
3,Cl,Linear SVM,recall,117,28,0.9905660377358491
3,Cl,Linear SVM,hit_rate,118,28,1.0
3,Cl,Linear SVM,recall,118,28,0.9905660377358491
3,Cl,Linear SVM,hit_rate,119,28,1.0
3,Cl,Linear SVM,recall,119,28,0.9905660377358491
3,Cl,Linear SVM,hit_rate,120,28,1.0
3,Cl,Linear SVM,recall,120,28,0.9905660377358491
3,Cl,Linear SVM,hit_rate,121,28,1.0
3,Cl,Linear SVM,recall,121,28,0.9905660377358491
3,Cl,Linear SVM,hit_rate,122,28,1.0
3,Cl,Linear SVM,recall,122,28,0.9905660377358491
3,Cl,Linear SVM,hit_rate,123,28,1.0
3,Cl,Linear SVM,recall,123,28,0.9905660377358491
3,Cl,Linear SVM,hit_rate,124,28,1.0
3,Cl,Linear SVM,recall,124,28,0.9905660377358491
3,Cl,Linear SVM,hit_rate,125,28,1.0
3,Cl,Linear SVM,recall,125,28,0.9905660377358491
3,Cl,Linear SVM,hit_rate,126,28,1.0
3,Cl,Linear SVM,recall,126,28,0.9905660377358491
3,Cl,Linear SVM,hit_rate,127,28,1.0
3,Cl,Linear SVM,recall,127,28,0.9905660377358491
3,Cl,Linear SVM,hit_rate,128,28,1.0
3,Cl,Linear SVM,recall,128,28,0.9912398921832885
3,Cl,Linear SVM,hit_rate,129,28,1.0
3,Cl,Linear SVM,recall,129,28,0.9912398921832885
3,Cl,Linear SVM,hit_rate,130,28,1.0
3,Cl,Linear SVM,recall,130,28,0.9912398921832885
3,Cl,Linear SVM,hit_rate,131,28,1.0
3,Cl,Linear SVM,recall,131,28,0.9919137466307278
3,Cl,Linear SVM,hit_rate,132,28,1.0
3,Cl,Linear SVM,recall,132,28,0.9919137466307278
3,Cl,Linear SVM,hit_rate,133,28,1.0
3,Cl,Linear SVM,recall,133,28,0.9919137466307278
3,Cl,Linear SVM,hit_rate,134,28,1.0
3,Cl,Linear SVM,recall,134,28,0.9919137466307278
3,Cl,Linear SVM,hit_rate,135,28,1.0
3,Cl,Linear SVM,recall,135,28,0.9925876010781671
3,Cl,Linear SVM,hit_rate,136,28,1.0
3,Cl,Linear SVM,recall,136,28,0.9925876010781671
3,Cl,Linear SVM,hit_rate,137,28,1.0
3,Cl,Linear SVM,recall,137,28,0.9932614555256064
3,Cl,Linear SVM,hit_rate,138,28,1.0
3,Cl,Linear SVM,recall,138,28,0.9932614555256064
3,Cl,Linear SVM,hit_rate,139,28,1.0
3,Cl,Linear SVM,recall,139,28,0.9932614555256064
3,Cl,Linear SVM,hit_rate,140,28,1.0
3,Cl,Linear SVM,recall,140,28,0.9932614555256064
3,Cl,Linear SVM,hit_rate,141,28,1.0
3,Cl,Linear SVM,recall,141,28,0.9939353099730458
3,Cl,Linear SVM,hit_rate,142,28,1.0
3,Cl,Linear SVM,recall,142,28,0.9946091644204851
3,Cl,Linear SVM,hit_rate,143,28,1.0
3,Cl,Linear SVM,recall,143,28,0.9952830188679246
3,Cl,Linear SVM,hit_rate,144,28,1.0
3,Cl,Linear SVM,recall,144,28,0.9952830188679246
3,Cl,Linear SVM,hit_rate,145,28,1.0
3,Cl,Linear SVM,recall,145,28,0.9959568733153639
3,Cl,Linear SVM,hit_rate,146,28,1.0
3,Cl,Linear SVM,recall,146,28,0.9966307277628033
3,Cl,Linear SVM,hit_rate,147,28,1.0
3,Cl,Linear SVM,recall,147,28,0.9966307277628033
3,Cl,Linear SVM,hit_rate,148,28,1.0
3,Cl,Linear SVM,recall,148,28,0.9973045822102425
3,Cl,Linear SVM,hit_rate,149,28,1.0
3,Cl,Linear SVM,recall,149,28,0.9979784366576819
3,Cl,Linear SVM,hit_rate,150,28,1.0
3,Cl,Linear SVM,recall,150,28,0.9979784366576819
3,Cl,Random forest,hit_rate,5,28,0.6785714285714286
3,Cl,Random forest,recall,5,28,0.20619140720889662
3,Cl,Random forest,hit_rate,6,28,0.7142857142857143
3,Cl,Random forest,recall,6,28,0.28960977455583536
3,Cl,Random forest,hit_rate,7,28,0.75
3,Cl,Random forest,recall,7,28,0.3558799950186024
3,Cl,Random forest,hit_rate,8,28,0.75
3,Cl,Random forest,recall,8,28,0.38417669831530565
3,Cl,Random forest,hit_rate,9,28,0.7857142857142857
3,Cl,Random forest,recall,9,28,0.4275150523679455
3,Cl,Random forest,hit_rate,10,28,0.8214285714285714
3,Cl,Random forest,recall,10,28,0.4714290212819144
3,Cl,Random forest,hit_rate,11,28,0.8571428571428571
3,Cl,Random forest,recall,11,28,0.5290530896202684
3,Cl,Random forest,hit_rate,12,28,0.9285714285714286
3,Cl,Random forest,recall,12,28,0.5523885086935582
3,Cl,Random forest,hit_rate,13,28,0.9285714285714286
3,Cl,Random forest,recall,13,28,0.5951120014170508
3,Cl,Random forest,hit_rate,14,28,0.9285714285714286
3,Cl,Random forest,recall,14,28,0.6055973494023987
3,Cl,Random forest,hit_rate,15,28,0.9642857142857143
3,Cl,Random forest,recall,15,28,0.6280827468877963
3,Cl,Random forest,hit_rate,16,28,0.9642857142857143
3,Cl,Random forest,recall,16,28,0.648687142492192
3,Cl,Random forest,hit_rate,17,28,0.9642857142857143
3,Cl,Random forest,recall,17,28,0.6721726139202099
3,Cl,Random forest,hit_rate,18,28,0.9642857142857143
3,Cl,Random forest,recall,18,28,0.6954740744969239
3,Cl,Random forest,hit_rate,19,28,0.9642857142857143
3,Cl,Random forest,recall,19,28,0.7037680157569965
3,Cl,Random forest,hit_rate,20,28,0.9642857142857143
3,Cl,Random forest,recall,20,28,0.7074805194695003
3,Cl,Random forest,hit_rate,21,28,0.9642857142857143
3,Cl,Random forest,recall,21,28,0.7147897553971572
3,Cl,Random forest,hit_rate,22,28,0.9642857142857143
3,Cl,Random forest,recall,22,28,0.7208075471292347
3,Cl,Random forest,hit_rate,23,28,0.9642857142857143
3,Cl,Random forest,recall,23,28,0.7272008632743967
3,Cl,Random forest,hit_rate,24,28,0.9642857142857143
3,Cl,Random forest,recall,24,28,0.7281661142396477
3,Cl,Random forest,hit_rate,25,28,0.9642857142857143
3,Cl,Random forest,recall,25,28,0.7290818651553985
3,Cl,Random forest,hit_rate,26,28,0.9642857142857143
3,Cl,Random forest,recall,26,28,0.73526532468554
3,Cl,Random forest,hit_rate,27,28,0.9642857142857143
3,Cl,Random forest,recall,27,28,0.7535349974194984
3,Cl,Random forest,hit_rate,28,28,0.9642857142857143
3,Cl,Random forest,recall,28,28,0.7679647388371106
3,Cl,Random forest,hit_rate,29,28,0.9642857142857143
3,Cl,Random forest,recall,29,28,0.778547784288577
3,Cl,Random forest,hit_rate,30,28,0.9642857142857143
3,Cl,Random forest,recall,30,28,0.784500165240958
3,Cl,Random forest,hit_rate,31,28,0.9642857142857143
3,Cl,Random forest,recall,31,28,0.7872016304424232
3,Cl,Random forest,hit_rate,32,28,0.9642857142857143
3,Cl,Random forest,recall,32,28,0.7915053907244445
3,Cl,Random forest,hit_rate,33,28,0.9642857142857143
3,Cl,Random forest,recall,33,28,0.7932911050101586
3,Cl,Random forest,hit_rate,34,28,0.9642857142857143
3,Cl,Random forest,recall,34,28,0.7942563559754096
3,Cl,Random forest,hit_rate,35,28,0.9642857142857143
3,Cl,Random forest,recall,35,28,0.7976901528874674
3,Cl,Random forest,hit_rate,36,28,0.9642857142857143
3,Cl,Random forest,recall,36,28,0.7995711547684692
3,Cl,Random forest,hit_rate,37,28,0.9642857142857143
3,Cl,Random forest,recall,37,28,0.8054214117607321
3,Cl,Random forest,hit_rate,38,28,0.9642857142857143
3,Cl,Random forest,recall,38,28,0.807302413641734
3,Cl,Random forest,hit_rate,39,28,0.9642857142857143
3,Cl,Random forest,recall,39,28,0.8134858731718755
3,Cl,Random forest,hit_rate,40,28,0.9642857142857143
3,Cl,Random forest,recall,40,28,0.8162368384228407
3,Cl,Random forest,hit_rate,41,28,0.9642857142857143
3,Cl,Random forest,recall,41,28,0.8208675029219262
3,Cl,Random forest,hit_rate,42,28,1.0
3,Cl,Random forest,recall,42,28,0.861801299833984
3,Cl,Random forest,hit_rate,43,28,1.0
3,Cl,Random forest,recall,43,28,0.8659089511934812
3,Cl,Random forest,hit_rate,44,28,1.0
3,Cl,Random forest,recall,44,28,0.8684638075219224
3,Cl,Random forest,hit_rate,45,28,1.0
3,Cl,Random forest,recall,45,28,0.874183269219645
3,Cl,Random forest,hit_rate,46,28,1.0
3,Cl,Random forest,recall,46,28,0.8811071236670844
3,Cl,Random forest,hit_rate,47,28,1.0
3,Cl,Random forest,recall,47,28,0.8826599186981403
3,Cl,Random forest,hit_rate,48,28,1.0
3,Cl,Random forest,recall,48,28,0.8942234148583185
3,Cl,Random forest,hit_rate,49,28,1.0
3,Cl,Random forest,recall,49,28,0.9009081275212919
3,Cl,Random forest,hit_rate,50,28,1.0
3,Cl,Random forest,recall,50,28,0.9051700817832462
3,Cl,Random forest,hit_rate,51,28,1.0
3,Cl,Random forest,recall,51,28,0.907638627730053
3,Cl,Random forest,hit_rate,52,28,1.0
3,Cl,Random forest,recall,52,28,0.9115723751420612
3,Cl,Random forest,hit_rate,53,28,1.0
3,Cl,Random forest,recall,53,28,0.922852168813861
3,Cl,Random forest,hit_rate,54,28,1.0
3,Cl,Random forest,recall,54,28,0.9288692495592026
3,Cl,Random forest,hit_rate,55,28,1.0
3,Cl,Random forest,recall,55,28,0.9313872955555095
3,Cl,Random forest,hit_rate,56,28,1.0
3,Cl,Random forest,recall,56,28,0.9345791959992555
3,Cl,Random forest,hit_rate,57,28,1.0
3,Cl,Random forest,recall,57,28,0.9390137515758171
3,Cl,Random forest,hit_rate,58,28,1.0
3,Cl,Random forest,recall,58,28,0.9390137515758171
3,Cl,Random forest,hit_rate,59,28,1.0
3,Cl,Random forest,recall,59,28,0.9434483071523786
3,Cl,Random forest,hit_rate,60,28,1.0
3,Cl,Random forest,recall,60,28,0.944122161599818
3,Cl,Random forest,hit_rate,61,28,1.0
3,Cl,Random forest,recall,61,28,0.9476409662606287
3,Cl,Random forest,hit_rate,62,28,1.0
3,Cl,Random forest,recall,62,28,0.9520755218371901
3,Cl,Random forest,hit_rate,63,28,1.0
3,Cl,Random forest,recall,63,28,0.9549204720505615
3,Cl,Random forest,hit_rate,64,28,1.0
3,Cl,Random forest,recall,64,28,0.9558362229663124
3,Cl,Random forest,hit_rate,65,28,1.0
3,Cl,Random forest,recall,65,28,0.9586811731796836
3,Cl,Random forest,hit_rate,66,28,1.0
3,Cl,Random forest,recall,66,28,0.9602707785428739
3,Cl,Random forest,hit_rate,67,28,1.0
3,Cl,Random forest,recall,67,28,0.9628243322384336
3,Cl,Random forest,hit_rate,68,28,1.0
3,Cl,Random forest,recall,68,28,0.9656197824023048
3,Cl,Random forest,hit_rate,69,28,1.0
3,Cl,Random forest,recall,69,28,0.9656197824023048
3,Cl,Random forest,hit_rate,70,28,1.0
3,Cl,Random forest,recall,70,28,0.9656197824023048
3,Cl,Random forest,hit_rate,71,28,1.0
3,Cl,Random forest,recall,71,28,0.9662936368497441
3,Cl,Random forest,hit_rate,72,28,1.0
3,Cl,Random forest,recall,72,28,0.9669674912971836
3,Cl,Random forest,hit_rate,73,28,1.0
3,Cl,Random forest,recall,73,28,0.9678832422129344
3,Cl,Random forest,hit_rate,74,28,1.0
3,Cl,Random forest,recall,74,28,0.9687989931286854
3,Cl,Random forest,hit_rate,75,28,1.0
3,Cl,Random forest,recall,75,28,0.9694728475761247
3,Cl,Random forest,hit_rate,76,28,1.0
3,Cl,Random forest,recall,76,28,0.9703885984918755
3,Cl,Random forest,hit_rate,77,28,1.0
3,Cl,Random forest,recall,77,28,0.9713043494076266
3,Cl,Random forest,hit_rate,78,28,1.0
3,Cl,Random forest,recall,78,28,0.9731840486557468
3,Cl,Random forest,hit_rate,79,28,1.0
3,Cl,Random forest,recall,79,28,0.9740997995714977
3,Cl,Random forest,hit_rate,80,28,1.0
3,Cl,Random forest,recall,80,28,0.9740997995714977
3,Cl,Random forest,hit_rate,81,28,1.0
3,Cl,Random forest,recall,81,28,0.9750155504872486
3,Cl,Random forest,hit_rate,82,28,1.0
3,Cl,Random forest,recall,82,28,0.9756894049346879
3,Cl,Random forest,hit_rate,83,28,1.0
3,Cl,Random forest,recall,83,28,0.9766051558504388
3,Cl,Random forest,hit_rate,84,28,1.0
3,Cl,Random forest,recall,84,28,0.9772790102978782
3,Cl,Random forest,hit_rate,85,28,1.0
3,Cl,Random forest,recall,85,28,0.9788686156610684
3,Cl,Random forest,hit_rate,86,28,1.0
3,Cl,Random forest,recall,86,28,0.9797843665768193
3,Cl,Random forest,hit_rate,87,28,1.0
3,Cl,Random forest,recall,87,28,0.9804582210242588
3,Cl,Random forest,hit_rate,88,28,1.0
3,Cl,Random forest,recall,88,28,0.9811320754716981
3,Cl,Random forest,hit_rate,89,28,1.0
3,Cl,Random forest,recall,89,28,0.9811320754716981
3,Cl,Random forest,hit_rate,90,28,1.0
3,Cl,Random forest,recall,90,28,0.9818059299191375
3,Cl,Random forest,hit_rate,91,28,1.0
3,Cl,Random forest,recall,91,28,0.9818059299191375
3,Cl,Random forest,hit_rate,92,28,1.0
3,Cl,Random forest,recall,92,28,0.9818059299191375
3,Cl,Random forest,hit_rate,93,28,1.0
3,Cl,Random forest,recall,93,28,0.9818059299191375
3,Cl,Random forest,hit_rate,94,28,1.0
3,Cl,Random forest,recall,94,28,0.9824797843665768
3,Cl,Random forest,hit_rate,95,28,1.0
3,Cl,Random forest,recall,95,28,0.9824797843665768
3,Cl,Random forest,hit_rate,96,28,1.0
3,Cl,Random forest,recall,96,28,0.9824797843665768
3,Cl,Random forest,hit_rate,97,28,1.0
3,Cl,Random forest,recall,97,28,0.9831536388140162
3,Cl,Random forest,hit_rate,98,28,1.0
3,Cl,Random forest,recall,98,28,0.9831536388140162
3,Cl,Random forest,hit_rate,99,28,1.0
3,Cl,Random forest,recall,99,28,0.9831536388140162
3,Cl,Random forest,hit_rate,100,28,1.0
3,Cl,Random forest,recall,100,28,0.9838274932614555
3,Cl,Random forest,hit_rate,101,28,1.0
3,Cl,Random forest,recall,101,28,0.9838274932614555
3,Cl,Random forest,hit_rate,102,28,1.0
3,Cl,Random forest,recall,102,28,0.984501347708895
3,Cl,Random forest,hit_rate,103,28,1.0
3,Cl,Random forest,recall,103,28,0.984501347708895
3,Cl,Random forest,hit_rate,104,28,1.0
3,Cl,Random forest,recall,104,28,0.984501347708895
3,Cl,Random forest,hit_rate,105,28,1.0
3,Cl,Random forest,recall,105,28,0.9851752021563343
3,Cl,Random forest,hit_rate,106,28,1.0
3,Cl,Random forest,recall,106,28,0.9858490566037735
3,Cl,Random forest,hit_rate,107,28,1.0
3,Cl,Random forest,recall,107,28,0.9858490566037735
3,Cl,Random forest,hit_rate,108,28,1.0
3,Cl,Random forest,recall,108,28,0.9865229110512129
3,Cl,Random forest,hit_rate,109,28,1.0
3,Cl,Random forest,recall,109,28,0.9865229110512129
3,Cl,Random forest,hit_rate,110,28,1.0
3,Cl,Random forest,recall,110,28,0.9871967654986522
3,Cl,Random forest,hit_rate,111,28,1.0
3,Cl,Random forest,recall,111,28,0.9871967654986522
3,Cl,Random forest,hit_rate,112,28,1.0
3,Cl,Random forest,recall,112,28,0.9878706199460917
3,Cl,Random forest,hit_rate,113,28,1.0
3,Cl,Random forest,recall,113,28,0.9878706199460917
3,Cl,Random forest,hit_rate,114,28,1.0
3,Cl,Random forest,recall,114,28,0.988544474393531
3,Cl,Random forest,hit_rate,115,28,1.0
3,Cl,Random forest,recall,115,28,0.988544474393531
3,Cl,Random forest,hit_rate,116,28,1.0
3,Cl,Random forest,recall,116,28,0.988544474393531
3,Cl,Random forest,hit_rate,117,28,1.0
3,Cl,Random forest,recall,117,28,0.988544474393531
3,Cl,Random forest,hit_rate,118,28,1.0
3,Cl,Random forest,recall,118,28,0.988544474393531
3,Cl,Random forest,hit_rate,119,28,1.0
3,Cl,Random forest,recall,119,28,0.988544474393531
3,Cl,Random forest,hit_rate,120,28,1.0
3,Cl,Random forest,recall,120,28,0.9892183288409704
3,Cl,Random forest,hit_rate,121,28,1.0
3,Cl,Random forest,recall,121,28,0.9892183288409704
3,Cl,Random forest,hit_rate,122,28,1.0
3,Cl,Random forest,recall,122,28,0.9898921832884097
3,Cl,Random forest,hit_rate,123,28,1.0
3,Cl,Random forest,recall,123,28,0.9905660377358491
3,Cl,Random forest,hit_rate,124,28,1.0
3,Cl,Random forest,recall,124,28,0.9905660377358491
3,Cl,Random forest,hit_rate,125,28,1.0
3,Cl,Random forest,recall,125,28,0.9905660377358491
3,Cl,Random forest,hit_rate,126,28,1.0
3,Cl,Random forest,recall,126,28,0.9912398921832885
3,Cl,Random forest,hit_rate,127,28,1.0
3,Cl,Random forest,recall,127,28,0.9919137466307278
3,Cl,Random forest,hit_rate,128,28,1.0
3,Cl,Random forest,recall,128,28,0.9919137466307278
3,Cl,Random forest,hit_rate,129,28,1.0
3,Cl,Random forest,recall,129,28,0.9919137466307278
3,Cl,Random forest,hit_rate,130,28,1.0
3,Cl,Random forest,recall,130,28,0.9919137466307278
3,Cl,Random forest,hit_rate,131,28,1.0
3,Cl,Random forest,recall,131,28,0.9919137466307278
3,Cl,Random forest,hit_rate,132,28,1.0
3,Cl,Random forest,recall,132,28,0.9919137466307278
3,Cl,Random forest,hit_rate,133,28,1.0
3,Cl,Random forest,recall,133,28,0.9925876010781671
3,Cl,Random forest,hit_rate,134,28,1.0
3,Cl,Random forest,recall,134,28,0.9932614555256064
3,Cl,Random forest,hit_rate,135,28,1.0
3,Cl,Random forest,recall,135,28,0.9932614555256064
3,Cl,Random forest,hit_rate,136,28,1.0
3,Cl,Random forest,recall,136,28,0.9932614555256064
3,Cl,Random forest,hit_rate,137,28,1.0
3,Cl,Random forest,recall,137,28,0.9932614555256064
3,Cl,Random forest,hit_rate,138,28,1.0
3,Cl,Random forest,recall,138,28,0.9939353099730458
3,Cl,Random forest,hit_rate,139,28,1.0
3,Cl,Random forest,recall,139,28,0.9946091644204851
3,Cl,Random forest,hit_rate,140,28,1.0
3,Cl,Random forest,recall,140,28,0.9946091644204851
3,Cl,Random forest,hit_rate,141,28,1.0
3,Cl,Random forest,recall,141,28,0.9952830188679246
3,Cl,Random forest,hit_rate,142,28,1.0
3,Cl,Random forest,recall,142,28,0.9959568733153639
3,Cl,Random forest,hit_rate,143,28,1.0
3,Cl,Random forest,recall,143,28,0.9966307277628033
3,Cl,Random forest,hit_rate,144,28,1.0
3,Cl,Random forest,recall,144,28,0.9966307277628033
3,Cl,Random forest,hit_rate,145,28,1.0
3,Cl,Random forest,recall,145,28,0.9966307277628033
3,Cl,Random forest,hit_rate,146,28,1.0
3,Cl,Random forest,recall,146,28,0.9966307277628033
3,Cl,Random forest,hit_rate,147,28,1.0
3,Cl,Random forest,recall,147,28,0.9966307277628033
3,Cl,Random forest,hit_rate,148,28,1.0
3,Cl,Random forest,recall,148,28,0.9973045822102425
3,Cl,Random forest,hit_rate,149,28,1.0
3,Cl,Random forest,recall,149,28,0.9973045822102425
3,Cl,Random forest,hit_rate,150,28,1.0
3,Cl,Random forest,recall,150,28,0.9973045822102425
3,Br,UltraMS,hit_rate,5,17,0.9411764705882353
3,Br,UltraMS,recall,5,17,0.5873310193642675
3,Br,UltraMS,hit_rate,6,17,1.0
3,Br,UltraMS,recall,6,17,0.6488521495554743
3,Br,UltraMS,hit_rate,7,17,1.0
3,Br,UltraMS,recall,7,17,0.6627542321276336
3,Br,UltraMS,hit_rate,8,17,1.0
3,Br,UltraMS,recall,8,17,0.7181479113384485
3,Br,UltraMS,hit_rate,9,17,1.0
3,Br,UltraMS,recall,9,17,0.7612166605772744
3,Br,UltraMS,hit_rate,10,17,1.0
3,Br,UltraMS,recall,10,17,0.7762742053343077
3,Br,UltraMS,hit_rate,11,17,1.0
3,Br,UltraMS,recall,11,17,0.8015208257215931
3,Br,UltraMS,hit_rate,12,17,1.0
3,Br,UltraMS,recall,12,17,0.8165783704786262
3,Br,UltraMS,hit_rate,13,17,1.0
3,Br,UltraMS,recall,13,17,0.8526077822433321
3,Br,UltraMS,hit_rate,14,17,1.0
3,Br,UltraMS,recall,14,17,0.8617829740591889
3,Br,UltraMS,hit_rate,15,17,1.0
3,Br,UltraMS,recall,15,17,0.8742829740591889
3,Br,UltraMS,hit_rate,16,17,1.0
3,Br,UltraMS,recall,16,17,0.8977438801607599
3,Br,UltraMS,hit_rate,17,17,1.0
3,Br,UltraMS,recall,17,17,0.9032426013883814
3,Br,UltraMS,hit_rate,18,17,1.0
3,Br,UltraMS,recall,18,17,0.9208211545487761
3,Br,UltraMS,hit_rate,19,17,1.0
3,Br,UltraMS,recall,19,17,0.9299963463646328
3,Br,UltraMS,hit_rate,20,17,1.0
3,Br,UltraMS,recall,20,17,0.9354950675922543
3,Br,UltraMS,hit_rate,21,17,1.0
3,Br,UltraMS,recall,21,17,0.9380526123492876
3,Br,UltraMS,hit_rate,22,17,1.0
3,Br,UltraMS,recall,22,17,0.9619336865180855
3,Br,UltraMS,hit_rate,23,17,1.0
3,Br,UltraMS,recall,23,17,0.9765710632078919
3,Br,UltraMS,hit_rate,24,17,1.0
3,Br,UltraMS,recall,24,17,0.9791286079649252
3,Br,UltraMS,hit_rate,25,17,1.0
3,Br,UltraMS,recall,25,17,0.9828050785531605
3,Br,UltraMS,hit_rate,26,17,1.0
3,Br,UltraMS,recall,26,17,0.9937659846547314
3,Br,UltraMS,hit_rate,27,17,1.0
3,Br,UltraMS,recall,27,17,0.9974424552429667
3,Br,UltraMS,hit_rate,28,17,1.0
3,Br,UltraMS,recall,28,17,1.0
3,Br,UltraMS,hit_rate,29,17,1.0
3,Br,UltraMS,recall,29,17,1.0
3,Br,UltraMS,hit_rate,30,17,1.0
3,Br,UltraMS,recall,30,17,1.0
3,Br,UltraMS,hit_rate,31,17,1.0
3,Br,UltraMS,recall,31,17,1.0
3,Br,UltraMS,hit_rate,32,17,1.0
3,Br,UltraMS,recall,32,17,1.0
3,Br,UltraMS,hit_rate,33,17,1.0
3,Br,UltraMS,recall,33,17,1.0
3,Br,UltraMS,hit_rate,34,17,1.0
3,Br,UltraMS,recall,34,17,1.0
3,Br,UltraMS,hit_rate,35,17,1.0
3,Br,UltraMS,recall,35,17,1.0
3,Br,UltraMS,hit_rate,36,17,1.0
3,Br,UltraMS,recall,36,17,1.0
3,Br,UltraMS,hit_rate,37,17,1.0
3,Br,UltraMS,recall,37,17,1.0
3,Br,UltraMS,hit_rate,38,17,1.0
3,Br,UltraMS,recall,38,17,1.0
3,Br,UltraMS,hit_rate,39,17,1.0
3,Br,UltraMS,recall,39,17,1.0
3,Br,UltraMS,hit_rate,40,17,1.0
3,Br,UltraMS,recall,40,17,1.0
3,Br,UltraMS,hit_rate,41,17,1.0
3,Br,UltraMS,recall,41,17,1.0
3,Br,UltraMS,hit_rate,42,17,1.0
3,Br,UltraMS,recall,42,17,1.0
3,Br,UltraMS,hit_rate,43,17,1.0
3,Br,UltraMS,recall,43,17,1.0
3,Br,UltraMS,hit_rate,44,17,1.0
3,Br,UltraMS,recall,44,17,1.0
3,Br,UltraMS,hit_rate,45,17,1.0
3,Br,UltraMS,recall,45,17,1.0
3,Br,UltraMS,hit_rate,46,17,1.0
3,Br,UltraMS,recall,46,17,1.0
3,Br,UltraMS,hit_rate,47,17,1.0
3,Br,UltraMS,recall,47,17,1.0
3,Br,UltraMS,hit_rate,48,17,1.0
3,Br,UltraMS,recall,48,17,1.0
3,Br,UltraMS,hit_rate,49,17,1.0
3,Br,UltraMS,recall,49,17,1.0
3,Br,UltraMS,hit_rate,50,17,1.0
3,Br,UltraMS,recall,50,17,1.0
3,Br,UltraMS,hit_rate,51,17,1.0
3,Br,UltraMS,recall,51,17,1.0
3,Br,UltraMS,hit_rate,52,17,1.0
3,Br,UltraMS,recall,52,17,1.0
3,Br,UltraMS,hit_rate,53,17,1.0
3,Br,UltraMS,recall,53,17,1.0
3,Br,UltraMS,hit_rate,54,17,1.0
3,Br,UltraMS,recall,54,17,1.0
3,Br,UltraMS,hit_rate,55,17,1.0
3,Br,UltraMS,recall,55,17,1.0
3,Br,UltraMS,hit_rate,56,17,1.0
3,Br,UltraMS,recall,56,17,1.0
3,Br,UltraMS,hit_rate,57,17,1.0
3,Br,UltraMS,recall,57,17,1.0
3,Br,UltraMS,hit_rate,58,17,1.0
3,Br,UltraMS,recall,58,17,1.0
3,Br,UltraMS,hit_rate,59,17,1.0
3,Br,UltraMS,recall,59,17,1.0
3,Br,UltraMS,hit_rate,60,17,1.0
3,Br,UltraMS,recall,60,17,1.0
3,Br,UltraMS,hit_rate,61,17,1.0
3,Br,UltraMS,recall,61,17,1.0
3,Br,UltraMS,hit_rate,62,17,1.0
3,Br,UltraMS,recall,62,17,1.0
3,Br,UltraMS,hit_rate,63,17,1.0
3,Br,UltraMS,recall,63,17,1.0
3,Br,UltraMS,hit_rate,64,17,1.0
3,Br,UltraMS,recall,64,17,1.0
3,Br,UltraMS,hit_rate,65,17,1.0
3,Br,UltraMS,recall,65,17,1.0
3,Br,UltraMS,hit_rate,66,17,1.0
3,Br,UltraMS,recall,66,17,1.0
3,Br,UltraMS,hit_rate,67,17,1.0
3,Br,UltraMS,recall,67,17,1.0
3,Br,UltraMS,hit_rate,68,17,1.0
3,Br,UltraMS,recall,68,17,1.0
3,Br,UltraMS,hit_rate,69,17,1.0
3,Br,UltraMS,recall,69,17,1.0
3,Br,UltraMS,hit_rate,70,17,1.0
3,Br,UltraMS,recall,70,17,1.0
3,Br,UltraMS,hit_rate,71,17,1.0
3,Br,UltraMS,recall,71,17,1.0
3,Br,UltraMS,hit_rate,72,17,1.0
3,Br,UltraMS,recall,72,17,1.0
3,Br,UltraMS,hit_rate,73,17,1.0
3,Br,UltraMS,recall,73,17,1.0
3,Br,UltraMS,hit_rate,74,17,1.0
3,Br,UltraMS,recall,74,17,1.0
3,Br,UltraMS,hit_rate,75,17,1.0
3,Br,UltraMS,recall,75,17,1.0
3,Br,UltraMS,hit_rate,76,17,1.0
3,Br,UltraMS,recall,76,17,1.0
3,Br,UltraMS,hit_rate,77,17,1.0
3,Br,UltraMS,recall,77,17,1.0
3,Br,UltraMS,hit_rate,78,17,1.0
3,Br,UltraMS,recall,78,17,1.0
3,Br,UltraMS,hit_rate,79,17,1.0
3,Br,UltraMS,recall,79,17,1.0
3,Br,UltraMS,hit_rate,80,17,1.0
3,Br,UltraMS,recall,80,17,1.0
3,Br,UltraMS,hit_rate,81,17,1.0
3,Br,UltraMS,recall,81,17,1.0
3,Br,UltraMS,hit_rate,82,17,1.0
3,Br,UltraMS,recall,82,17,1.0
3,Br,UltraMS,hit_rate,83,17,1.0
3,Br,UltraMS,recall,83,17,1.0
3,Br,UltraMS,hit_rate,84,17,1.0
3,Br,UltraMS,recall,84,17,1.0
3,Br,UltraMS,hit_rate,85,17,1.0
3,Br,UltraMS,recall,85,17,1.0
3,Br,UltraMS,hit_rate,86,17,1.0
3,Br,UltraMS,recall,86,17,1.0
3,Br,UltraMS,hit_rate,87,17,1.0
3,Br,UltraMS,recall,87,17,1.0
3,Br,UltraMS,hit_rate,88,17,1.0
3,Br,UltraMS,recall,88,17,1.0
3,Br,UltraMS,hit_rate,89,17,1.0
3,Br,UltraMS,recall,89,17,1.0
3,Br,UltraMS,hit_rate,90,17,1.0
3,Br,UltraMS,recall,90,17,1.0
3,Br,UltraMS,hit_rate,91,17,1.0
3,Br,UltraMS,recall,91,17,1.0
3,Br,UltraMS,hit_rate,92,17,1.0
3,Br,UltraMS,recall,92,17,1.0
3,Br,UltraMS,hit_rate,93,17,1.0
3,Br,UltraMS,recall,93,17,1.0
3,Br,UltraMS,hit_rate,94,17,1.0
3,Br,UltraMS,recall,94,17,1.0
3,Br,UltraMS,hit_rate,95,17,1.0
3,Br,UltraMS,recall,95,17,1.0
3,Br,UltraMS,hit_rate,96,17,1.0
3,Br,UltraMS,recall,96,17,1.0
3,Br,UltraMS,hit_rate,97,17,1.0
3,Br,UltraMS,recall,97,17,1.0
3,Br,UltraMS,hit_rate,98,17,1.0
3,Br,UltraMS,recall,98,17,1.0
3,Br,UltraMS,hit_rate,99,17,1.0
3,Br,UltraMS,recall,99,17,1.0
3,Br,UltraMS,hit_rate,100,17,1.0
3,Br,UltraMS,recall,100,17,1.0
3,Br,UltraMS,hit_rate,101,17,1.0
3,Br,UltraMS,recall,101,17,1.0
3,Br,UltraMS,hit_rate,102,17,1.0
3,Br,UltraMS,recall,102,17,1.0
3,Br,UltraMS,hit_rate,103,17,1.0
3,Br,UltraMS,recall,103,17,1.0
3,Br,UltraMS,hit_rate,104,17,1.0
3,Br,UltraMS,recall,104,17,1.0
3,Br,UltraMS,hit_rate,105,17,1.0
3,Br,UltraMS,recall,105,17,1.0
3,Br,UltraMS,hit_rate,106,17,1.0
3,Br,UltraMS,recall,106,17,1.0
3,Br,UltraMS,hit_rate,107,17,1.0
3,Br,UltraMS,recall,107,17,1.0
3,Br,UltraMS,hit_rate,108,17,1.0
3,Br,UltraMS,recall,108,17,1.0
3,Br,UltraMS,hit_rate,109,17,1.0
3,Br,UltraMS,recall,109,17,1.0
3,Br,UltraMS,hit_rate,110,17,1.0
3,Br,UltraMS,recall,110,17,1.0
3,Br,UltraMS,hit_rate,111,17,1.0
3,Br,UltraMS,recall,111,17,1.0
3,Br,UltraMS,hit_rate,112,17,1.0
3,Br,UltraMS,recall,112,17,1.0
3,Br,UltraMS,hit_rate,113,17,1.0
3,Br,UltraMS,recall,113,17,1.0
3,Br,UltraMS,hit_rate,114,17,1.0
3,Br,UltraMS,recall,114,17,1.0
3,Br,UltraMS,hit_rate,115,17,1.0
3,Br,UltraMS,recall,115,17,1.0
3,Br,UltraMS,hit_rate,116,17,1.0
3,Br,UltraMS,recall,116,17,1.0
3,Br,UltraMS,hit_rate,117,17,1.0
3,Br,UltraMS,recall,117,17,1.0
3,Br,UltraMS,hit_rate,118,17,1.0
3,Br,UltraMS,recall,118,17,1.0
3,Br,UltraMS,hit_rate,119,17,1.0
3,Br,UltraMS,recall,119,17,1.0
3,Br,UltraMS,hit_rate,120,17,1.0
3,Br,UltraMS,recall,120,17,1.0
3,Br,UltraMS,hit_rate,121,17,1.0
3,Br,UltraMS,recall,121,17,1.0
3,Br,UltraMS,hit_rate,122,17,1.0
3,Br,UltraMS,recall,122,17,1.0
3,Br,UltraMS,hit_rate,123,17,1.0
3,Br,UltraMS,recall,123,17,1.0
3,Br,UltraMS,hit_rate,124,17,1.0
3,Br,UltraMS,recall,124,17,1.0
3,Br,UltraMS,hit_rate,125,17,1.0
3,Br,UltraMS,recall,125,17,1.0
3,Br,UltraMS,hit_rate,126,17,1.0
3,Br,UltraMS,recall,126,17,1.0
3,Br,UltraMS,hit_rate,127,17,1.0
3,Br,UltraMS,recall,127,17,1.0
3,Br,UltraMS,hit_rate,128,17,1.0
3,Br,UltraMS,recall,128,17,1.0
3,Br,UltraMS,hit_rate,129,17,1.0
3,Br,UltraMS,recall,129,17,1.0
3,Br,UltraMS,hit_rate,130,17,1.0
3,Br,UltraMS,recall,130,17,1.0
3,Br,UltraMS,hit_rate,131,17,1.0
3,Br,UltraMS,recall,131,17,1.0
3,Br,UltraMS,hit_rate,132,17,1.0
3,Br,UltraMS,recall,132,17,1.0
3,Br,UltraMS,hit_rate,133,17,1.0
3,Br,UltraMS,recall,133,17,1.0
3,Br,UltraMS,hit_rate,134,17,1.0
3,Br,UltraMS,recall,134,17,1.0
3,Br,UltraMS,hit_rate,135,17,1.0
3,Br,UltraMS,recall,135,17,1.0
3,Br,UltraMS,hit_rate,136,17,1.0
3,Br,UltraMS,recall,136,17,1.0
3,Br,UltraMS,hit_rate,137,17,1.0
3,Br,UltraMS,recall,137,17,1.0
3,Br,UltraMS,hit_rate,138,17,1.0
3,Br,UltraMS,recall,138,17,1.0
3,Br,UltraMS,hit_rate,139,17,1.0
3,Br,UltraMS,recall,139,17,1.0
3,Br,UltraMS,hit_rate,140,17,1.0
3,Br,UltraMS,recall,140,17,1.0
3,Br,UltraMS,hit_rate,141,17,1.0
3,Br,UltraMS,recall,141,17,1.0
3,Br,UltraMS,hit_rate,142,17,1.0
3,Br,UltraMS,recall,142,17,1.0
3,Br,UltraMS,hit_rate,143,17,1.0
3,Br,UltraMS,recall,143,17,1.0
3,Br,UltraMS,hit_rate,144,17,1.0
3,Br,UltraMS,recall,144,17,1.0
3,Br,UltraMS,hit_rate,145,17,1.0
3,Br,UltraMS,recall,145,17,1.0
3,Br,UltraMS,hit_rate,146,17,1.0
3,Br,UltraMS,recall,146,17,1.0
3,Br,UltraMS,hit_rate,147,17,1.0
3,Br,UltraMS,recall,147,17,1.0
3,Br,UltraMS,hit_rate,148,17,1.0
3,Br,UltraMS,recall,148,17,1.0
3,Br,UltraMS,hit_rate,149,17,1.0
3,Br,UltraMS,recall,149,17,1.0
3,Br,UltraMS,hit_rate,150,17,1.0
3,Br,UltraMS,recall,150,17,1.0
3,Br,DreaMS,hit_rate,5,17,0.8235294117647058
3,Br,DreaMS,recall,5,17,0.4846334185848253
3,Br,DreaMS,hit_rate,6,17,0.8823529411764706
3,Br,DreaMS,recall,6,17,0.5218198148824746
3,Br,DreaMS,hit_rate,7,17,0.8823529411764706
3,Br,DreaMS,recall,7,17,0.5284374619412983
3,Br,DreaMS,hit_rate,8,17,0.9411764705882353
3,Br,DreaMS,recall,8,17,0.6077807209840459
3,Br,DreaMS,hit_rate,9,17,0.9411764705882353
3,Br,DreaMS,recall,9,17,0.6283004506150286
3,Br,DreaMS,hit_rate,10,17,0.9411764705882353
3,Br,DreaMS,recall,10,17,0.6404168189014737
3,Br,DreaMS,hit_rate,11,17,0.9411764705882353
3,Br,DreaMS,recall,11,17,0.6572600779442213
3,Br,DreaMS,hit_rate,12,17,0.9411764705882353
3,Br,DreaMS,recall,12,17,0.6627587991718427
3,Br,DreaMS,hit_rate,13,17,0.9411764705882353
3,Br,DreaMS,recall,13,17,0.6832785288028256
3,Br,DreaMS,hit_rate,14,17,0.9411764705882353
3,Br,DreaMS,recall,14,17,0.71132626963829
3,Br,DreaMS,hit_rate,15,17,0.9411764705882353
3,Br,DreaMS,recall,15,17,0.7142674461088783
3,Br,DreaMS,hit_rate,16,17,0.9411764705882353
3,Br,DreaMS,recall,16,17,0.7544635245402509
3,Br,DreaMS,hit_rate,17,17,0.9411764705882353
3,Br,DreaMS,recall,17,17,0.7691009012300573
3,Br,DreaMS,hit_rate,18,17,0.9411764705882353
3,Br,DreaMS,recall,18,17,0.7887087443673121
3,Br,DreaMS,hit_rate,19,17,0.9411764705882353
3,Br,DreaMS,recall,19,17,0.8145506028498356
3,Br,DreaMS,hit_rate,20,17,0.9411764705882353
3,Br,DreaMS,recall,20,17,0.8174917793204238
3,Br,DreaMS,hit_rate,21,17,0.9411764705882353
3,Br,DreaMS,recall,21,17,0.8233741322616003
3,Br,DreaMS,hit_rate,22,17,0.9411764705882353
3,Br,DreaMS,recall,22,17,0.8233741322616003
3,Br,DreaMS,hit_rate,23,17,1.0
3,Br,DreaMS,recall,23,17,0.882197661673365
3,Br,DreaMS,hit_rate,24,17,1.0
3,Br,DreaMS,recall,24,17,0.8998447204968945
3,Br,DreaMS,hit_rate,25,17,1.0
3,Br,DreaMS,recall,25,17,0.9200493240774571
3,Br,DreaMS,hit_rate,26,17,1.0
3,Br,DreaMS,recall,26,17,0.9226068688344903
3,Br,DreaMS,hit_rate,27,17,1.0
3,Br,DreaMS,recall,27,17,0.9226068688344903
3,Br,DreaMS,hit_rate,28,17,1.0
3,Br,DreaMS,recall,28,17,0.9255480453050786
3,Br,DreaMS,hit_rate,29,17,1.0
3,Br,DreaMS,recall,29,17,0.9368925831202046
3,Br,DreaMS,hit_rate,30,17,1.0
3,Br,DreaMS,recall,30,17,0.9394501278772378
3,Br,DreaMS,hit_rate,31,17,1.0
3,Br,DreaMS,recall,31,17,0.9394501278772378
3,Br,DreaMS,hit_rate,32,17,1.0
3,Br,DreaMS,recall,32,17,0.9394501278772378
3,Br,DreaMS,hit_rate,33,17,1.0
3,Br,DreaMS,recall,33,17,0.9456841432225064
3,Br,DreaMS,hit_rate,34,17,1.0
3,Br,DreaMS,recall,34,17,0.9482416879795397
3,Br,DreaMS,hit_rate,35,17,1.0
3,Br,DreaMS,recall,35,17,0.9482416879795397
3,Br,DreaMS,hit_rate,36,17,1.0
3,Br,DreaMS,recall,36,17,0.9537404092071611
3,Br,DreaMS,hit_rate,37,17,1.0
3,Br,DreaMS,recall,37,17,0.9537404092071611
3,Br,DreaMS,hit_rate,38,17,1.0
3,Br,DreaMS,recall,38,17,0.9562979539641944
3,Br,DreaMS,hit_rate,39,17,1.0
3,Br,DreaMS,recall,39,17,0.9562979539641944
3,Br,DreaMS,hit_rate,40,17,1.0
3,Br,DreaMS,recall,40,17,0.9562979539641944
3,Br,DreaMS,hit_rate,41,17,1.0
3,Br,DreaMS,recall,41,17,0.9562979539641944
3,Br,DreaMS,hit_rate,42,17,1.0
3,Br,DreaMS,recall,42,17,0.9588554987212277
3,Br,DreaMS,hit_rate,43,17,1.0
3,Br,DreaMS,recall,43,17,0.9614130434782607
3,Br,DreaMS,hit_rate,44,17,1.0
3,Br,DreaMS,recall,44,17,0.965089514066496
3,Br,DreaMS,hit_rate,45,17,1.0
3,Br,DreaMS,recall,45,17,0.9687659846547314
3,Br,DreaMS,hit_rate,46,17,1.0
3,Br,DreaMS,recall,46,17,0.9724424552429667
3,Br,DreaMS,hit_rate,47,17,1.0
3,Br,DreaMS,recall,47,17,0.9724424552429667
3,Br,DreaMS,hit_rate,48,17,1.0
3,Br,DreaMS,recall,48,17,0.975
3,Br,DreaMS,hit_rate,49,17,1.0
3,Br,DreaMS,recall,49,17,0.9786764705882353
3,Br,DreaMS,hit_rate,50,17,1.0
3,Br,DreaMS,recall,50,17,0.9786764705882353
3,Br,DreaMS,hit_rate,51,17,1.0
3,Br,DreaMS,recall,51,17,0.9786764705882353
3,Br,DreaMS,hit_rate,52,17,1.0
3,Br,DreaMS,recall,52,17,0.9823529411764705
3,Br,DreaMS,hit_rate,53,17,1.0
3,Br,DreaMS,recall,53,17,0.9823529411764705
3,Br,DreaMS,hit_rate,54,17,1.0
3,Br,DreaMS,recall,54,17,0.9852941176470589
3,Br,DreaMS,hit_rate,55,17,1.0
3,Br,DreaMS,recall,55,17,0.9852941176470589
3,Br,DreaMS,hit_rate,56,17,1.0
3,Br,DreaMS,recall,56,17,0.9852941176470589
3,Br,DreaMS,hit_rate,57,17,1.0
3,Br,DreaMS,recall,57,17,0.9882352941176471
3,Br,DreaMS,hit_rate,58,17,1.0
3,Br,DreaMS,recall,58,17,0.9882352941176471
3,Br,DreaMS,hit_rate,59,17,1.0
3,Br,DreaMS,recall,59,17,0.9882352941176471
3,Br,DreaMS,hit_rate,60,17,1.0
3,Br,DreaMS,recall,60,17,0.9911764705882353
3,Br,DreaMS,hit_rate,61,17,1.0
3,Br,DreaMS,recall,61,17,0.9911764705882353
3,Br,DreaMS,hit_rate,62,17,1.0
3,Br,DreaMS,recall,62,17,0.9911764705882353
3,Br,DreaMS,hit_rate,63,17,1.0
3,Br,DreaMS,recall,63,17,0.9941176470588234
3,Br,DreaMS,hit_rate,64,17,1.0
3,Br,DreaMS,recall,64,17,0.9941176470588234
3,Br,DreaMS,hit_rate,65,17,1.0
3,Br,DreaMS,recall,65,17,0.9941176470588234
3,Br,DreaMS,hit_rate,66,17,1.0
3,Br,DreaMS,recall,66,17,0.9941176470588234
3,Br,DreaMS,hit_rate,67,17,1.0
3,Br,DreaMS,recall,67,17,0.9941176470588234
3,Br,DreaMS,hit_rate,68,17,1.0
3,Br,DreaMS,recall,68,17,0.9941176470588234
3,Br,DreaMS,hit_rate,69,17,1.0
3,Br,DreaMS,recall,69,17,0.9941176470588234
3,Br,DreaMS,hit_rate,70,17,1.0
3,Br,DreaMS,recall,70,17,0.9941176470588234
3,Br,DreaMS,hit_rate,71,17,1.0
3,Br,DreaMS,recall,71,17,0.9970588235294118
3,Br,DreaMS,hit_rate,72,17,1.0
3,Br,DreaMS,recall,72,17,0.9970588235294118
3,Br,DreaMS,hit_rate,73,17,1.0
3,Br,DreaMS,recall,73,17,0.9970588235294118
3,Br,DreaMS,hit_rate,74,17,1.0
3,Br,DreaMS,recall,74,17,0.9970588235294118
3,Br,DreaMS,hit_rate,75,17,1.0
3,Br,DreaMS,recall,75,17,0.9970588235294118
3,Br,DreaMS,hit_rate,76,17,1.0
3,Br,DreaMS,recall,76,17,0.9970588235294118
3,Br,DreaMS,hit_rate,77,17,1.0
3,Br,DreaMS,recall,77,17,0.9970588235294118
3,Br,DreaMS,hit_rate,78,17,1.0
3,Br,DreaMS,recall,78,17,0.9970588235294118
3,Br,DreaMS,hit_rate,79,17,1.0
3,Br,DreaMS,recall,79,17,0.9970588235294118
3,Br,DreaMS,hit_rate,80,17,1.0
3,Br,DreaMS,recall,80,17,0.9970588235294118
3,Br,DreaMS,hit_rate,81,17,1.0
3,Br,DreaMS,recall,81,17,0.9970588235294118
3,Br,DreaMS,hit_rate,82,17,1.0
3,Br,DreaMS,recall,82,17,0.9970588235294118
3,Br,DreaMS,hit_rate,83,17,1.0
3,Br,DreaMS,recall,83,17,0.9970588235294118
3,Br,DreaMS,hit_rate,84,17,1.0
3,Br,DreaMS,recall,84,17,0.9970588235294118
3,Br,DreaMS,hit_rate,85,17,1.0
3,Br,DreaMS,recall,85,17,0.9970588235294118
3,Br,DreaMS,hit_rate,86,17,1.0
3,Br,DreaMS,recall,86,17,0.9970588235294118
3,Br,DreaMS,hit_rate,87,17,1.0
3,Br,DreaMS,recall,87,17,1.0
3,Br,DreaMS,hit_rate,88,17,1.0
3,Br,DreaMS,recall,88,17,1.0
3,Br,DreaMS,hit_rate,89,17,1.0
3,Br,DreaMS,recall,89,17,1.0
3,Br,DreaMS,hit_rate,90,17,1.0
3,Br,DreaMS,recall,90,17,1.0
3,Br,DreaMS,hit_rate,91,17,1.0
3,Br,DreaMS,recall,91,17,1.0
3,Br,DreaMS,hit_rate,92,17,1.0
3,Br,DreaMS,recall,92,17,1.0
3,Br,DreaMS,hit_rate,93,17,1.0
3,Br,DreaMS,recall,93,17,1.0
3,Br,DreaMS,hit_rate,94,17,1.0
3,Br,DreaMS,recall,94,17,1.0
3,Br,DreaMS,hit_rate,95,17,1.0
3,Br,DreaMS,recall,95,17,1.0
3,Br,DreaMS,hit_rate,96,17,1.0
3,Br,DreaMS,recall,96,17,1.0
3,Br,DreaMS,hit_rate,97,17,1.0
3,Br,DreaMS,recall,97,17,1.0
3,Br,DreaMS,hit_rate,98,17,1.0
3,Br,DreaMS,recall,98,17,1.0
3,Br,DreaMS,hit_rate,99,17,1.0
3,Br,DreaMS,recall,99,17,1.0
3,Br,DreaMS,hit_rate,100,17,1.0
3,Br,DreaMS,recall,100,17,1.0
3,Br,DreaMS,hit_rate,101,17,1.0
3,Br,DreaMS,recall,101,17,1.0
3,Br,DreaMS,hit_rate,102,17,1.0
3,Br,DreaMS,recall,102,17,1.0
3,Br,DreaMS,hit_rate,103,17,1.0
3,Br,DreaMS,recall,103,17,1.0
3,Br,DreaMS,hit_rate,104,17,1.0
3,Br,DreaMS,recall,104,17,1.0
3,Br,DreaMS,hit_rate,105,17,1.0
3,Br,DreaMS,recall,105,17,1.0
3,Br,DreaMS,hit_rate,106,17,1.0
3,Br,DreaMS,recall,106,17,1.0
3,Br,DreaMS,hit_rate,107,17,1.0
3,Br,DreaMS,recall,107,17,1.0
3,Br,DreaMS,hit_rate,108,17,1.0
3,Br,DreaMS,recall,108,17,1.0
3,Br,DreaMS,hit_rate,109,17,1.0
3,Br,DreaMS,recall,109,17,1.0
3,Br,DreaMS,hit_rate,110,17,1.0
3,Br,DreaMS,recall,110,17,1.0
3,Br,DreaMS,hit_rate,111,17,1.0
3,Br,DreaMS,recall,111,17,1.0
3,Br,DreaMS,hit_rate,112,17,1.0
3,Br,DreaMS,recall,112,17,1.0
3,Br,DreaMS,hit_rate,113,17,1.0
3,Br,DreaMS,recall,113,17,1.0
3,Br,DreaMS,hit_rate,114,17,1.0
3,Br,DreaMS,recall,114,17,1.0
3,Br,DreaMS,hit_rate,115,17,1.0
3,Br,DreaMS,recall,115,17,1.0
3,Br,DreaMS,hit_rate,116,17,1.0
3,Br,DreaMS,recall,116,17,1.0
3,Br,DreaMS,hit_rate,117,17,1.0
3,Br,DreaMS,recall,117,17,1.0
3,Br,DreaMS,hit_rate,118,17,1.0
3,Br,DreaMS,recall,118,17,1.0
3,Br,DreaMS,hit_rate,119,17,1.0
3,Br,DreaMS,recall,119,17,1.0
3,Br,DreaMS,hit_rate,120,17,1.0
3,Br,DreaMS,recall,120,17,1.0
3,Br,DreaMS,hit_rate,121,17,1.0
3,Br,DreaMS,recall,121,17,1.0
3,Br,DreaMS,hit_rate,122,17,1.0
3,Br,DreaMS,recall,122,17,1.0
3,Br,DreaMS,hit_rate,123,17,1.0
3,Br,DreaMS,recall,123,17,1.0
3,Br,DreaMS,hit_rate,124,17,1.0
3,Br,DreaMS,recall,124,17,1.0
3,Br,DreaMS,hit_rate,125,17,1.0
3,Br,DreaMS,recall,125,17,1.0
3,Br,DreaMS,hit_rate,126,17,1.0
3,Br,DreaMS,recall,126,17,1.0
3,Br,DreaMS,hit_rate,127,17,1.0
3,Br,DreaMS,recall,127,17,1.0
3,Br,DreaMS,hit_rate,128,17,1.0
3,Br,DreaMS,recall,128,17,1.0
3,Br,DreaMS,hit_rate,129,17,1.0
3,Br,DreaMS,recall,129,17,1.0
3,Br,DreaMS,hit_rate,130,17,1.0
3,Br,DreaMS,recall,130,17,1.0
3,Br,DreaMS,hit_rate,131,17,1.0
3,Br,DreaMS,recall,131,17,1.0
3,Br,DreaMS,hit_rate,132,17,1.0
3,Br,DreaMS,recall,132,17,1.0
3,Br,DreaMS,hit_rate,133,17,1.0
3,Br,DreaMS,recall,133,17,1.0
3,Br,DreaMS,hit_rate,134,17,1.0
3,Br,DreaMS,recall,134,17,1.0
3,Br,DreaMS,hit_rate,135,17,1.0
3,Br,DreaMS,recall,135,17,1.0
3,Br,DreaMS,hit_rate,136,17,1.0
3,Br,DreaMS,recall,136,17,1.0
3,Br,DreaMS,hit_rate,137,17,1.0
3,Br,DreaMS,recall,137,17,1.0
3,Br,DreaMS,hit_rate,138,17,1.0
3,Br,DreaMS,recall,138,17,1.0
3,Br,DreaMS,hit_rate,139,17,1.0
3,Br,DreaMS,recall,139,17,1.0
3,Br,DreaMS,hit_rate,140,17,1.0
3,Br,DreaMS,recall,140,17,1.0
3,Br,DreaMS,hit_rate,141,17,1.0
3,Br,DreaMS,recall,141,17,1.0
3,Br,DreaMS,hit_rate,142,17,1.0
3,Br,DreaMS,recall,142,17,1.0
3,Br,DreaMS,hit_rate,143,17,1.0
3,Br,DreaMS,recall,143,17,1.0
3,Br,DreaMS,hit_rate,144,17,1.0
3,Br,DreaMS,recall,144,17,1.0
3,Br,DreaMS,hit_rate,145,17,1.0
3,Br,DreaMS,recall,145,17,1.0
3,Br,DreaMS,hit_rate,146,17,1.0
3,Br,DreaMS,recall,146,17,1.0
3,Br,DreaMS,hit_rate,147,17,1.0
3,Br,DreaMS,recall,147,17,1.0
3,Br,DreaMS,hit_rate,148,17,1.0
3,Br,DreaMS,recall,148,17,1.0
3,Br,DreaMS,hit_rate,149,17,1.0
3,Br,DreaMS,recall,149,17,1.0
3,Br,DreaMS,hit_rate,150,17,1.0
3,Br,DreaMS,recall,150,17,1.0
3,Br,Linear SVM,hit_rate,5,17,0.7058823529411765
3,Br,Linear SVM,recall,5,17,0.4310970040189989
3,Br,Linear SVM,hit_rate,6,17,0.7647058823529411
3,Br,Linear SVM,recall,6,17,0.4395369017172086
3,Br,Linear SVM,hit_rate,7,17,0.7647058823529411
3,Br,Linear SVM,recall,7,17,0.4432133723054439
3,Br,Linear SVM,hit_rate,8,17,0.7647058823529411
3,Br,Linear SVM,recall,8,17,0.44944738765071246
3,Br,Linear SVM,hit_rate,9,17,0.8235294117647058
3,Br,Linear SVM,recall,9,17,0.48719400803799784
3,Br,Linear SVM,hit_rate,10,17,0.8235294117647058
3,Br,Linear SVM,recall,10,17,0.48719400803799784
3,Br,Linear SVM,hit_rate,11,17,0.8235294117647058
3,Br,Linear SVM,recall,11,17,0.49563390573620747
3,Br,Linear SVM,hit_rate,12,17,0.8823529411764706
3,Br,Linear SVM,recall,12,17,0.5665372670807454
3,Br,Linear SVM,hit_rate,13,17,0.9411764705882353
3,Br,Linear SVM,recall,13,17,0.637477164778955
3,Br,Linear SVM,hit_rate,14,17,0.9411764705882353
3,Br,Linear SVM,recall,14,17,0.6459170624771647
3,Br,Linear SVM,hit_rate,15,17,0.9411764705882353
3,Br,Linear SVM,recall,15,17,0.6517994154183412
3,Br,Linear SVM,hit_rate,16,17,0.9411764705882353
3,Br,Linear SVM,recall,16,17,0.7009956156375594
3,Br,Linear SVM,hit_rate,17,17,0.9411764705882353
3,Br,Linear SVM,recall,17,17,0.7123766898063574
3,Br,Linear SVM,hit_rate,18,17,0.9411764705882353
3,Br,Linear SVM,recall,18,17,0.720816587504567
3,Br,Linear SVM,hit_rate,19,17,0.9411764705882353
3,Br,Linear SVM,recall,19,17,0.7351023017902814
3,Br,Linear SVM,hit_rate,20,17,0.9411764705882353
3,Br,Linear SVM,recall,20,17,0.7380434782608696
3,Br,Linear SVM,hit_rate,21,17,0.9411764705882353
3,Br,Linear SVM,recall,21,17,0.7623081841432225
3,Br,Linear SVM,hit_rate,22,17,0.9411764705882353
3,Br,Linear SVM,recall,22,17,0.768542199488491
3,Br,Linear SVM,hit_rate,23,17,0.9411764705882353
3,Br,Linear SVM,recall,23,17,0.768542199488491
3,Br,Linear SVM,hit_rate,24,17,1.0
3,Br,Linear SVM,recall,24,17,0.8273657289002557
3,Br,Linear SVM,hit_rate,25,17,1.0
3,Br,Linear SVM,recall,25,17,0.8273657289002557
3,Br,Linear SVM,hit_rate,26,17,1.0
3,Br,Linear SVM,recall,26,17,0.8357690902447935
3,Br,Linear SVM,hit_rate,27,17,1.0
3,Br,Linear SVM,recall,27,17,0.8357690902447935
3,Br,Linear SVM,hit_rate,28,17,1.0
3,Br,Linear SVM,recall,28,17,0.8387102667153818
3,Br,Linear SVM,hit_rate,29,17,1.0
3,Br,Linear SVM,recall,29,17,0.8555169894044574
3,Br,Linear SVM,hit_rate,30,17,1.0
3,Br,Linear SVM,recall,30,17,0.8584581658750456
3,Br,Linear SVM,hit_rate,31,17,1.0
3,Br,Linear SVM,recall,31,17,0.8584581658750456
3,Br,Linear SVM,hit_rate,32,17,1.0
3,Br,Linear SVM,recall,32,17,0.861399342345634
3,Br,Linear SVM,hit_rate,33,17,1.0
3,Br,Linear SVM,recall,33,17,0.8639568871026672
3,Br,Linear SVM,hit_rate,34,17,1.0
3,Br,Linear SVM,recall,34,17,0.8639568871026672
3,Br,Linear SVM,hit_rate,35,17,1.0
3,Br,Linear SVM,recall,35,17,0.8665144318597005
3,Br,Linear SVM,hit_rate,36,17,1.0
3,Br,Linear SVM,recall,36,17,0.8812203142126416
3,Br,Linear SVM,hit_rate,37,17,1.0
3,Br,Linear SVM,recall,37,17,0.8812203142126416
3,Br,Linear SVM,hit_rate,38,17,1.0
3,Br,Linear SVM,recall,38,17,0.8812203142126416
3,Br,Linear SVM,hit_rate,39,17,1.0
3,Br,Linear SVM,recall,39,17,0.8812203142126416
3,Br,Linear SVM,hit_rate,40,17,1.0
3,Br,Linear SVM,recall,40,17,0.884896784800877
3,Br,Linear SVM,hit_rate,41,17,1.0
3,Br,Linear SVM,recall,41,17,0.8874543295579101
3,Br,Linear SVM,hit_rate,42,17,1.0
3,Br,Linear SVM,recall,42,17,0.8936883449031786
3,Br,Linear SVM,hit_rate,43,17,1.0
3,Br,Linear SVM,recall,43,17,0.8936883449031786
3,Br,Linear SVM,hit_rate,44,17,1.0
3,Br,Linear SVM,recall,44,17,0.8999223602484472
3,Br,Linear SVM,hit_rate,45,17,1.0
3,Br,Linear SVM,recall,45,17,0.9024799050054805
3,Br,Linear SVM,hit_rate,46,17,1.0
3,Br,Linear SVM,recall,46,17,0.9079786262331019
3,Br,Linear SVM,hit_rate,47,17,1.0
3,Br,Linear SVM,recall,47,17,0.9134773474607234
3,Br,Linear SVM,hit_rate,48,17,1.0
3,Br,Linear SVM,recall,48,17,0.9171538180489587
3,Br,Linear SVM,hit_rate,49,17,1.0
3,Br,Linear SVM,recall,49,17,0.9226525392765802
3,Br,Linear SVM,hit_rate,50,17,1.0
3,Br,Linear SVM,recall,50,17,0.9226525392765802
3,Br,Linear SVM,hit_rate,51,17,1.0
3,Br,Linear SVM,recall,51,17,0.9292701863354038
3,Br,Linear SVM,hit_rate,52,17,1.0
3,Br,Linear SVM,recall,52,17,0.9292701863354038
3,Br,Linear SVM,hit_rate,53,17,1.0
3,Br,Linear SVM,recall,53,17,0.9376735476799416
3,Br,Linear SVM,hit_rate,54,17,1.0
3,Br,Linear SVM,recall,54,17,0.9376735476799416
3,Br,Linear SVM,hit_rate,55,17,1.0
3,Br,Linear SVM,recall,55,17,0.941350018268177
3,Br,Linear SVM,hit_rate,56,17,1.0
3,Br,Linear SVM,recall,56,17,0.9497533796127148
3,Br,Linear SVM,hit_rate,57,17,1.0
3,Br,Linear SVM,recall,57,17,0.9497533796127148
3,Br,Linear SVM,hit_rate,58,17,1.0
3,Br,Linear SVM,recall,58,17,0.9497533796127148
3,Br,Linear SVM,hit_rate,59,17,1.0
3,Br,Linear SVM,recall,59,17,0.9526945560833028
3,Br,Linear SVM,hit_rate,60,17,1.0
3,Br,Linear SVM,recall,60,17,0.9563710266715381
3,Br,Linear SVM,hit_rate,61,17,1.0
3,Br,Linear SVM,recall,61,17,0.9629886737303617
3,Br,Linear SVM,hit_rate,62,17,1.0
3,Br,Linear SVM,recall,62,17,0.9629886737303617
3,Br,Linear SVM,hit_rate,63,17,1.0
3,Br,Linear SVM,recall,63,17,0.9629886737303617
3,Br,Linear SVM,hit_rate,64,17,1.0
3,Br,Linear SVM,recall,64,17,0.9629886737303617
3,Br,Linear SVM,hit_rate,65,17,1.0
3,Br,Linear SVM,recall,65,17,0.9629886737303617
3,Br,Linear SVM,hit_rate,66,17,1.0
3,Br,Linear SVM,recall,66,17,0.9713920350748997
3,Br,Linear SVM,hit_rate,67,17,1.0
3,Br,Linear SVM,recall,67,17,0.9713920350748997
3,Br,Linear SVM,hit_rate,68,17,1.0
3,Br,Linear SVM,recall,68,17,0.9713920350748997
3,Br,Linear SVM,hit_rate,69,17,1.0
3,Br,Linear SVM,recall,69,17,0.9739495798319328
3,Br,Linear SVM,hit_rate,70,17,1.0
3,Br,Linear SVM,recall,70,17,0.9823529411764705
3,Br,Linear SVM,hit_rate,71,17,1.0
3,Br,Linear SVM,recall,71,17,0.9823529411764705
3,Br,Linear SVM,hit_rate,72,17,1.0
3,Br,Linear SVM,recall,72,17,0.9823529411764705
3,Br,Linear SVM,hit_rate,73,17,1.0
3,Br,Linear SVM,recall,73,17,0.9823529411764705
3,Br,Linear SVM,hit_rate,74,17,1.0
3,Br,Linear SVM,recall,74,17,0.9823529411764705
3,Br,Linear SVM,hit_rate,75,17,1.0
3,Br,Linear SVM,recall,75,17,0.9852941176470589
3,Br,Linear SVM,hit_rate,76,17,1.0
3,Br,Linear SVM,recall,76,17,0.9852941176470589
3,Br,Linear SVM,hit_rate,77,17,1.0
3,Br,Linear SVM,recall,77,17,0.9852941176470589
3,Br,Linear SVM,hit_rate,78,17,1.0
3,Br,Linear SVM,recall,78,17,0.9882352941176471
3,Br,Linear SVM,hit_rate,79,17,1.0
3,Br,Linear SVM,recall,79,17,0.9882352941176471
3,Br,Linear SVM,hit_rate,80,17,1.0
3,Br,Linear SVM,recall,80,17,0.9911764705882353
3,Br,Linear SVM,hit_rate,81,17,1.0
3,Br,Linear SVM,recall,81,17,0.9911764705882353
3,Br,Linear SVM,hit_rate,82,17,1.0
3,Br,Linear SVM,recall,82,17,0.9911764705882353
3,Br,Linear SVM,hit_rate,83,17,1.0
3,Br,Linear SVM,recall,83,17,0.9911764705882353
3,Br,Linear SVM,hit_rate,84,17,1.0
3,Br,Linear SVM,recall,84,17,0.9941176470588234
3,Br,Linear SVM,hit_rate,85,17,1.0
3,Br,Linear SVM,recall,85,17,0.9941176470588234
3,Br,Linear SVM,hit_rate,86,17,1.0
3,Br,Linear SVM,recall,86,17,0.9941176470588234
3,Br,Linear SVM,hit_rate,87,17,1.0
3,Br,Linear SVM,recall,87,17,0.9941176470588234
3,Br,Linear SVM,hit_rate,88,17,1.0
3,Br,Linear SVM,recall,88,17,0.9970588235294118
3,Br,Linear SVM,hit_rate,89,17,1.0
3,Br,Linear SVM,recall,89,17,0.9970588235294118
3,Br,Linear SVM,hit_rate,90,17,1.0
3,Br,Linear SVM,recall,90,17,0.9970588235294118
3,Br,Linear SVM,hit_rate,91,17,1.0
3,Br,Linear SVM,recall,91,17,0.9970588235294118
3,Br,Linear SVM,hit_rate,92,17,1.0
3,Br,Linear SVM,recall,92,17,0.9970588235294118
3,Br,Linear SVM,hit_rate,93,17,1.0
3,Br,Linear SVM,recall,93,17,1.0
3,Br,Linear SVM,hit_rate,94,17,1.0
3,Br,Linear SVM,recall,94,17,1.0
3,Br,Linear SVM,hit_rate,95,17,1.0
3,Br,Linear SVM,recall,95,17,1.0
3,Br,Linear SVM,hit_rate,96,17,1.0
3,Br,Linear SVM,recall,96,17,1.0
3,Br,Linear SVM,hit_rate,97,17,1.0
3,Br,Linear SVM,recall,97,17,1.0
3,Br,Linear SVM,hit_rate,98,17,1.0
3,Br,Linear SVM,recall,98,17,1.0
3,Br,Linear SVM,hit_rate,99,17,1.0
3,Br,Linear SVM,recall,99,17,1.0
3,Br,Linear SVM,hit_rate,100,17,1.0
3,Br,Linear SVM,recall,100,17,1.0
3,Br,Linear SVM,hit_rate,101,17,1.0
3,Br,Linear SVM,recall,101,17,1.0
3,Br,Linear SVM,hit_rate,102,17,1.0
3,Br,Linear SVM,recall,102,17,1.0
3,Br,Linear SVM,hit_rate,103,17,1.0
3,Br,Linear SVM,recall,103,17,1.0
3,Br,Linear SVM,hit_rate,104,17,1.0
3,Br,Linear SVM,recall,104,17,1.0
3,Br,Linear SVM,hit_rate,105,17,1.0
3,Br,Linear SVM,recall,105,17,1.0
3,Br,Linear SVM,hit_rate,106,17,1.0
3,Br,Linear SVM,recall,106,17,1.0
3,Br,Linear SVM,hit_rate,107,17,1.0
3,Br,Linear SVM,recall,107,17,1.0
3,Br,Linear SVM,hit_rate,108,17,1.0
3,Br,Linear SVM,recall,108,17,1.0
3,Br,Linear SVM,hit_rate,109,17,1.0
3,Br,Linear SVM,recall,109,17,1.0
3,Br,Linear SVM,hit_rate,110,17,1.0
3,Br,Linear SVM,recall,110,17,1.0
3,Br,Linear SVM,hit_rate,111,17,1.0
3,Br,Linear SVM,recall,111,17,1.0
3,Br,Linear SVM,hit_rate,112,17,1.0
3,Br,Linear SVM,recall,112,17,1.0
3,Br,Linear SVM,hit_rate,113,17,1.0
3,Br,Linear SVM,recall,113,17,1.0
3,Br,Linear SVM,hit_rate,114,17,1.0
3,Br,Linear SVM,recall,114,17,1.0
3,Br,Linear SVM,hit_rate,115,17,1.0
3,Br,Linear SVM,recall,115,17,1.0
3,Br,Linear SVM,hit_rate,116,17,1.0
3,Br,Linear SVM,recall,116,17,1.0
3,Br,Linear SVM,hit_rate,117,17,1.0
3,Br,Linear SVM,recall,117,17,1.0
3,Br,Linear SVM,hit_rate,118,17,1.0
3,Br,Linear SVM,recall,118,17,1.0
3,Br,Linear SVM,hit_rate,119,17,1.0
3,Br,Linear SVM,recall,119,17,1.0
3,Br,Linear SVM,hit_rate,120,17,1.0
3,Br,Linear SVM,recall,120,17,1.0
3,Br,Linear SVM,hit_rate,121,17,1.0
3,Br,Linear SVM,recall,121,17,1.0
3,Br,Linear SVM,hit_rate,122,17,1.0
3,Br,Linear SVM,recall,122,17,1.0
3,Br,Linear SVM,hit_rate,123,17,1.0
3,Br,Linear SVM,recall,123,17,1.0
3,Br,Linear SVM,hit_rate,124,17,1.0
3,Br,Linear SVM,recall,124,17,1.0
3,Br,Linear SVM,hit_rate,125,17,1.0
3,Br,Linear SVM,recall,125,17,1.0
3,Br,Linear SVM,hit_rate,126,17,1.0
3,Br,Linear SVM,recall,126,17,1.0
3,Br,Linear SVM,hit_rate,127,17,1.0
3,Br,Linear SVM,recall,127,17,1.0
3,Br,Linear SVM,hit_rate,128,17,1.0
3,Br,Linear SVM,recall,128,17,1.0
3,Br,Linear SVM,hit_rate,129,17,1.0
3,Br,Linear SVM,recall,129,17,1.0
3,Br,Linear SVM,hit_rate,130,17,1.0
3,Br,Linear SVM,recall,130,17,1.0
3,Br,Linear SVM,hit_rate,131,17,1.0
3,Br,Linear SVM,recall,131,17,1.0
3,Br,Linear SVM,hit_rate,132,17,1.0
3,Br,Linear SVM,recall,132,17,1.0
3,Br,Linear SVM,hit_rate,133,17,1.0
3,Br,Linear SVM,recall,133,17,1.0
3,Br,Linear SVM,hit_rate,134,17,1.0
3,Br,Linear SVM,recall,134,17,1.0
3,Br,Linear SVM,hit_rate,135,17,1.0
3,Br,Linear SVM,recall,135,17,1.0
3,Br,Linear SVM,hit_rate,136,17,1.0
3,Br,Linear SVM,recall,136,17,1.0
3,Br,Linear SVM,hit_rate,137,17,1.0
3,Br,Linear SVM,recall,137,17,1.0
3,Br,Linear SVM,hit_rate,138,17,1.0
3,Br,Linear SVM,recall,138,17,1.0
3,Br,Linear SVM,hit_rate,139,17,1.0
3,Br,Linear SVM,recall,139,17,1.0
3,Br,Linear SVM,hit_rate,140,17,1.0
3,Br,Linear SVM,recall,140,17,1.0
3,Br,Linear SVM,hit_rate,141,17,1.0
3,Br,Linear SVM,recall,141,17,1.0
3,Br,Linear SVM,hit_rate,142,17,1.0
3,Br,Linear SVM,recall,142,17,1.0
3,Br,Linear SVM,hit_rate,143,17,1.0
3,Br,Linear SVM,recall,143,17,1.0
3,Br,Linear SVM,hit_rate,144,17,1.0
3,Br,Linear SVM,recall,144,17,1.0
3,Br,Linear SVM,hit_rate,145,17,1.0
3,Br,Linear SVM,recall,145,17,1.0
3,Br,Linear SVM,hit_rate,146,17,1.0
3,Br,Linear SVM,recall,146,17,1.0
3,Br,Linear SVM,hit_rate,147,17,1.0
3,Br,Linear SVM,recall,147,17,1.0
3,Br,Linear SVM,hit_rate,148,17,1.0
3,Br,Linear SVM,recall,148,17,1.0
3,Br,Linear SVM,hit_rate,149,17,1.0
3,Br,Linear SVM,recall,149,17,1.0
3,Br,Linear SVM,hit_rate,150,17,1.0
3,Br,Linear SVM,recall,150,17,1.0
3,Br,Random forest,hit_rate,5,17,0.5882352941176471
3,Br,Random forest,recall,5,17,0.302138899037876
3,Br,Random forest,hit_rate,6,17,0.7058823529411765
3,Br,Random forest,recall,6,17,0.3748645110218
3,Br,Random forest,hit_rate,7,17,0.7058823529411765
3,Br,Random forest,recall,7,17,0.3748645110218
3,Br,Random forest,hit_rate,8,17,0.7058823529411765
3,Br,Random forest,recall,8,17,0.37780568749238824
3,Br,Random forest,hit_rate,9,17,0.8235294117647058
3,Br,Random forest,recall,9,17,0.47717695773961755
3,Br,Random forest,hit_rate,10,17,0.8823529411764706
3,Br,Random forest,recall,10,17,0.4967848008768725
3,Br,Random forest,hit_rate,11,17,0.8823529411764706
3,Br,Random forest,recall,11,17,0.5114221775666788
3,Br,Random forest,hit_rate,12,17,0.8823529411764706
3,Br,Random forest,recall,12,17,0.5310300207039337
3,Br,Random forest,hit_rate,13,17,0.8823529411764706
3,Br,Random forest,recall,13,17,0.5394699184021433
3,Br,Random forest,hit_rate,14,17,0.8823529411764706
3,Br,Random forest,recall,14,17,0.5675176592376081
3,Br,Random forest,hit_rate,15,17,0.9411764705882353
3,Br,Random forest,recall,15,17,0.6384575569358177
3,Br,Random forest,hit_rate,16,17,0.9411764705882353
3,Br,Random forest,recall,16,17,0.6498386311046156
3,Br,Random forest,hit_rate,17,17,0.9411764705882353
3,Br,Random forest,recall,17,17,0.6557209840457922
3,Br,Random forest,hit_rate,18,17,0.9411764705882353
3,Br,Random forest,recall,18,17,0.6645445134575568
3,Br,Random forest,hit_rate,19,17,0.9411764705882353
3,Br,Random forest,recall,19,17,0.6900347095359883
3,Br,Random forest,hit_rate,20,17,1.0
3,Br,Random forest,recall,20,17,0.7572981366459627
3,Br,Random forest,hit_rate,21,17,1.0
3,Br,Random forest,recall,21,17,0.7668569601753745
3,Br,Random forest,hit_rate,22,17,1.0
3,Br,Random forest,recall,22,17,0.7668569601753745
3,Br,Random forest,hit_rate,23,17,1.0
3,Br,Random forest,recall,23,17,0.7668569601753745
3,Br,Random forest,hit_rate,24,17,1.0
3,Br,Random forest,recall,24,17,0.7668569601753745
3,Br,Random forest,hit_rate,25,17,1.0
3,Br,Random forest,recall,25,17,0.7899662038728534
3,Br,Random forest,hit_rate,26,17,1.0
3,Br,Random forest,recall,26,17,0.8013107416879796
3,Br,Random forest,hit_rate,27,17,1.0
3,Br,Random forest,recall,27,17,0.8310376324442821
3,Br,Random forest,hit_rate,28,17,1.0
3,Br,Random forest,recall,28,17,0.8394409937888199
3,Br,Random forest,hit_rate,29,17,1.0
3,Br,Random forest,recall,29,17,0.8394409937888199
3,Br,Random forest,hit_rate,30,17,1.0
3,Br,Random forest,recall,30,17,0.8394409937888199
3,Br,Random forest,hit_rate,31,17,1.0
3,Br,Random forest,recall,31,17,0.8596455973693825
3,Br,Random forest,hit_rate,32,17,1.0
3,Br,Random forest,recall,32,17,0.8596455973693825
3,Br,Random forest,hit_rate,33,17,1.0
3,Br,Random forest,recall,33,17,0.8658796127146511
3,Br,Random forest,hit_rate,34,17,1.0
3,Br,Random forest,recall,34,17,0.8658796127146511
3,Br,Random forest,hit_rate,35,17,1.0
3,Br,Random forest,recall,35,17,0.8742829740591889
3,Br,Random forest,hit_rate,36,17,1.0
3,Br,Random forest,recall,36,17,0.8779594446474243
3,Br,Random forest,hit_rate,37,17,1.0
3,Br,Random forest,recall,37,17,0.8809006211180124
3,Br,Random forest,hit_rate,38,17,1.0
3,Br,Random forest,recall,38,17,0.887134636463281
3,Br,Random forest,hit_rate,39,17,1.0
3,Br,Random forest,recall,39,17,0.8955379978078187
3,Br,Random forest,hit_rate,40,17,1.0
3,Br,Random forest,recall,40,17,0.9076178297405919
3,Br,Random forest,hit_rate,41,17,1.0
3,Br,Random forest,recall,41,17,0.9076178297405919
3,Br,Random forest,hit_rate,42,17,1.0
3,Br,Random forest,recall,42,17,0.9076178297405919
3,Br,Random forest,hit_rate,43,17,1.0
3,Br,Random forest,recall,43,17,0.9131165509682134
3,Br,Random forest,hit_rate,44,17,1.0
3,Br,Random forest,recall,44,17,0.9131165509682134
3,Br,Random forest,hit_rate,45,17,1.0
3,Br,Random forest,recall,45,17,0.9156740957252466
3,Br,Random forest,hit_rate,46,17,1.0
3,Br,Random forest,recall,46,17,0.919350566313482
3,Br,Random forest,hit_rate,47,17,1.0
3,Br,Random forest,recall,47,17,0.919350566313482
3,Br,Random forest,hit_rate,48,17,1.0
3,Br,Random forest,recall,48,17,0.9219081110705152
3,Br,Random forest,hit_rate,49,17,1.0
3,Br,Random forest,recall,49,17,0.9248492875411034
3,Br,Random forest,hit_rate,50,17,1.0
3,Br,Random forest,recall,50,17,0.9274068322981366
3,Br,Random forest,hit_rate,51,17,1.0
3,Br,Random forest,recall,51,17,0.9303480087687248
3,Br,Random forest,hit_rate,52,17,1.0
3,Br,Random forest,recall,52,17,0.9365820241139934
3,Br,Random forest,hit_rate,53,17,1.0
3,Br,Random forest,recall,53,17,0.9395232005845817
3,Br,Random forest,hit_rate,54,17,1.0
3,Br,Random forest,recall,54,17,0.9395232005845817
3,Br,Random forest,hit_rate,55,17,1.0
3,Br,Random forest,recall,55,17,0.9424643770551699
3,Br,Random forest,hit_rate,56,17,1.0
3,Br,Random forest,recall,56,17,0.9479630982827913
3,Br,Random forest,hit_rate,57,17,1.0
3,Br,Random forest,recall,57,17,0.9479630982827913
3,Br,Random forest,hit_rate,58,17,1.0
3,Br,Random forest,recall,58,17,0.9505206430398246
3,Br,Random forest,hit_rate,59,17,1.0
3,Br,Random forest,recall,59,17,0.9541971136280599
3,Br,Random forest,hit_rate,60,17,1.0
3,Br,Random forest,recall,60,17,0.9578735842162952
3,Br,Random forest,hit_rate,61,17,1.0
3,Br,Random forest,recall,61,17,0.9604311289733286
3,Br,Random forest,hit_rate,62,17,1.0
3,Br,Random forest,recall,62,17,0.9688344903178664
3,Br,Random forest,hit_rate,63,17,1.0
3,Br,Random forest,recall,63,17,0.9688344903178664
3,Br,Random forest,hit_rate,64,17,1.0
3,Br,Random forest,recall,64,17,0.9688344903178664
3,Br,Random forest,hit_rate,65,17,1.0
3,Br,Random forest,recall,65,17,0.9713920350748997
3,Br,Random forest,hit_rate,66,17,1.0
3,Br,Random forest,recall,66,17,0.9713920350748997
3,Br,Random forest,hit_rate,67,17,1.0
3,Br,Random forest,recall,67,17,0.9713920350748997
3,Br,Random forest,hit_rate,68,17,1.0
3,Br,Random forest,recall,68,17,0.9797953964194372
3,Br,Random forest,hit_rate,69,17,1.0
3,Br,Random forest,recall,69,17,0.9827365728900255
3,Br,Random forest,hit_rate,70,17,1.0
3,Br,Random forest,recall,70,17,0.9852941176470589
3,Br,Random forest,hit_rate,71,17,1.0
3,Br,Random forest,recall,71,17,0.9852941176470589
3,Br,Random forest,hit_rate,72,17,1.0
3,Br,Random forest,recall,72,17,0.9852941176470589
3,Br,Random forest,hit_rate,73,17,1.0
3,Br,Random forest,recall,73,17,0.9852941176470589
3,Br,Random forest,hit_rate,74,17,1.0
3,Br,Random forest,recall,74,17,0.9852941176470589
3,Br,Random forest,hit_rate,75,17,1.0
3,Br,Random forest,recall,75,17,0.9852941176470589
3,Br,Random forest,hit_rate,76,17,1.0
3,Br,Random forest,recall,76,17,0.9852941176470589
3,Br,Random forest,hit_rate,77,17,1.0
3,Br,Random forest,recall,77,17,0.9852941176470589
3,Br,Random forest,hit_rate,78,17,1.0
3,Br,Random forest,recall,78,17,0.9852941176470589
3,Br,Random forest,hit_rate,79,17,1.0
3,Br,Random forest,recall,79,17,0.9852941176470589
3,Br,Random forest,hit_rate,80,17,1.0
3,Br,Random forest,recall,80,17,0.9852941176470589
3,Br,Random forest,hit_rate,81,17,1.0
3,Br,Random forest,recall,81,17,0.9882352941176471
3,Br,Random forest,hit_rate,82,17,1.0
3,Br,Random forest,recall,82,17,0.9911764705882353
3,Br,Random forest,hit_rate,83,17,1.0
3,Br,Random forest,recall,83,17,0.9911764705882353
3,Br,Random forest,hit_rate,84,17,1.0
3,Br,Random forest,recall,84,17,0.9941176470588234
3,Br,Random forest,hit_rate,85,17,1.0
3,Br,Random forest,recall,85,17,0.9941176470588234
3,Br,Random forest,hit_rate,86,17,1.0
3,Br,Random forest,recall,86,17,0.9941176470588234
3,Br,Random forest,hit_rate,87,17,1.0
3,Br,Random forest,recall,87,17,0.9970588235294118
3,Br,Random forest,hit_rate,88,17,1.0
3,Br,Random forest,recall,88,17,0.9970588235294118
3,Br,Random forest,hit_rate,89,17,1.0
3,Br,Random forest,recall,89,17,0.9970588235294118
3,Br,Random forest,hit_rate,90,17,1.0
3,Br,Random forest,recall,90,17,0.9970588235294118
3,Br,Random forest,hit_rate,91,17,1.0
3,Br,Random forest,recall,91,17,0.9970588235294118
3,Br,Random forest,hit_rate,92,17,1.0
3,Br,Random forest,recall,92,17,0.9970588235294118
3,Br,Random forest,hit_rate,93,17,1.0
3,Br,Random forest,recall,93,17,0.9970588235294118
3,Br,Random forest,hit_rate,94,17,1.0
3,Br,Random forest,recall,94,17,0.9970588235294118
3,Br,Random forest,hit_rate,95,17,1.0
3,Br,Random forest,recall,95,17,1.0
3,Br,Random forest,hit_rate,96,17,1.0
3,Br,Random forest,recall,96,17,1.0
3,Br,Random forest,hit_rate,97,17,1.0
3,Br,Random forest,recall,97,17,1.0
3,Br,Random forest,hit_rate,98,17,1.0
3,Br,Random forest,recall,98,17,1.0
3,Br,Random forest,hit_rate,99,17,1.0
3,Br,Random forest,recall,99,17,1.0
3,Br,Random forest,hit_rate,100,17,1.0
3,Br,Random forest,recall,100,17,1.0
3,Br,Random forest,hit_rate,101,17,1.0
3,Br,Random forest,recall,101,17,1.0
3,Br,Random forest,hit_rate,102,17,1.0
3,Br,Random forest,recall,102,17,1.0
3,Br,Random forest,hit_rate,103,17,1.0
3,Br,Random forest,recall,103,17,1.0
3,Br,Random forest,hit_rate,104,17,1.0
3,Br,Random forest,recall,104,17,1.0
3,Br,Random forest,hit_rate,105,17,1.0
3,Br,Random forest,recall,105,17,1.0
3,Br,Random forest,hit_rate,106,17,1.0
3,Br,Random forest,recall,106,17,1.0
3,Br,Random forest,hit_rate,107,17,1.0
3,Br,Random forest,recall,107,17,1.0
3,Br,Random forest,hit_rate,108,17,1.0
3,Br,Random forest,recall,108,17,1.0
3,Br,Random forest,hit_rate,109,17,1.0
3,Br,Random forest,recall,109,17,1.0
3,Br,Random forest,hit_rate,110,17,1.0
3,Br,Random forest,recall,110,17,1.0
3,Br,Random forest,hit_rate,111,17,1.0
3,Br,Random forest,recall,111,17,1.0
3,Br,Random forest,hit_rate,112,17,1.0
3,Br,Random forest,recall,112,17,1.0
3,Br,Random forest,hit_rate,113,17,1.0
3,Br,Random forest,recall,113,17,1.0
3,Br,Random forest,hit_rate,114,17,1.0
3,Br,Random forest,recall,114,17,1.0
3,Br,Random forest,hit_rate,115,17,1.0
3,Br,Random forest,recall,115,17,1.0
3,Br,Random forest,hit_rate,116,17,1.0
3,Br,Random forest,recall,116,17,1.0
3,Br,Random forest,hit_rate,117,17,1.0
3,Br,Random forest,recall,117,17,1.0
3,Br,Random forest,hit_rate,118,17,1.0
3,Br,Random forest,recall,118,17,1.0
3,Br,Random forest,hit_rate,119,17,1.0
3,Br,Random forest,recall,119,17,1.0
3,Br,Random forest,hit_rate,120,17,1.0
3,Br,Random forest,recall,120,17,1.0
3,Br,Random forest,hit_rate,121,17,1.0
3,Br,Random forest,recall,121,17,1.0
3,Br,Random forest,hit_rate,122,17,1.0
3,Br,Random forest,recall,122,17,1.0
3,Br,Random forest,hit_rate,123,17,1.0
3,Br,Random forest,recall,123,17,1.0
3,Br,Random forest,hit_rate,124,17,1.0
3,Br,Random forest,recall,124,17,1.0
3,Br,Random forest,hit_rate,125,17,1.0
3,Br,Random forest,recall,125,17,1.0
3,Br,Random forest,hit_rate,126,17,1.0
3,Br,Random forest,recall,126,17,1.0
3,Br,Random forest,hit_rate,127,17,1.0
3,Br,Random forest,recall,127,17,1.0
3,Br,Random forest,hit_rate,128,17,1.0
3,Br,Random forest,recall,128,17,1.0
3,Br,Random forest,hit_rate,129,17,1.0
3,Br,Random forest,recall,129,17,1.0
3,Br,Random forest,hit_rate,130,17,1.0
3,Br,Random forest,recall,130,17,1.0
3,Br,Random forest,hit_rate,131,17,1.0
3,Br,Random forest,recall,131,17,1.0
3,Br,Random forest,hit_rate,132,17,1.0
3,Br,Random forest,recall,132,17,1.0
3,Br,Random forest,hit_rate,133,17,1.0
3,Br,Random forest,recall,133,17,1.0
3,Br,Random forest,hit_rate,134,17,1.0
3,Br,Random forest,recall,134,17,1.0
3,Br,Random forest,hit_rate,135,17,1.0
3,Br,Random forest,recall,135,17,1.0
3,Br,Random forest,hit_rate,136,17,1.0
3,Br,Random forest,recall,136,17,1.0
3,Br,Random forest,hit_rate,137,17,1.0
3,Br,Random forest,recall,137,17,1.0
3,Br,Random forest,hit_rate,138,17,1.0
3,Br,Random forest,recall,138,17,1.0
3,Br,Random forest,hit_rate,139,17,1.0
3,Br,Random forest,recall,139,17,1.0
3,Br,Random forest,hit_rate,140,17,1.0
3,Br,Random forest,recall,140,17,1.0
3,Br,Random forest,hit_rate,141,17,1.0
3,Br,Random forest,recall,141,17,1.0
3,Br,Random forest,hit_rate,142,17,1.0
3,Br,Random forest,recall,142,17,1.0
3,Br,Random forest,hit_rate,143,17,1.0
3,Br,Random forest,recall,143,17,1.0
3,Br,Random forest,hit_rate,144,17,1.0
3,Br,Random forest,recall,144,17,1.0
3,Br,Random forest,hit_rate,145,17,1.0
3,Br,Random forest,recall,145,17,1.0
3,Br,Random forest,hit_rate,146,17,1.0
3,Br,Random forest,recall,146,17,1.0
3,Br,Random forest,hit_rate,147,17,1.0
3,Br,Random forest,recall,147,17,1.0
3,Br,Random forest,hit_rate,148,17,1.0
3,Br,Random forest,recall,148,17,1.0
3,Br,Random forest,hit_rate,149,17,1.0
3,Br,Random forest,recall,149,17,1.0
3,Br,Random forest,hit_rate,150,17,1.0
3,Br,Random forest,recall,150,17,1.0
4,S,UltraMS,hit_rate,5,47,0.8085106382978723
4,S,UltraMS,recall,5,47,0.45692021220267737
4,S,UltraMS,hit_rate,6,47,0.851063829787234
4,S,UltraMS,recall,6,47,0.5148573621427621
4,S,UltraMS,hit_rate,7,47,0.851063829787234
4,S,UltraMS,recall,7,47,0.5630829076903912
4,S,UltraMS,hit_rate,8,47,0.851063829787234
4,S,UltraMS,recall,8,47,0.5856113642614009
4,S,UltraMS,hit_rate,9,47,0.8723404255319149
4,S,UltraMS,recall,9,47,0.6242637406613929
4,S,UltraMS,hit_rate,10,47,0.9148936170212766
4,S,UltraMS,recall,10,47,0.6657947864477579
4,S,UltraMS,hit_rate,11,47,0.9574468085106383
4,S,UltraMS,recall,11,47,0.7120692098314989
4,S,UltraMS,hit_rate,12,47,0.9574468085106383
4,S,UltraMS,recall,12,47,0.7399039169031834
4,S,UltraMS,hit_rate,13,47,0.9787234042553191
4,S,UltraMS,recall,13,47,0.7656897666068613
4,S,UltraMS,hit_rate,14,47,0.9787234042553191
4,S,UltraMS,recall,14,47,0.7942787233689655
4,S,UltraMS,hit_rate,15,47,0.9787234042553191
4,S,UltraMS,recall,15,47,0.8117051625855735
4,S,UltraMS,hit_rate,16,47,0.9787234042553191
4,S,UltraMS,recall,16,47,0.8185946210524347
4,S,UltraMS,hit_rate,17,47,0.9787234042553191
4,S,UltraMS,recall,17,47,0.83898381855095
4,S,UltraMS,hit_rate,18,47,0.9787234042553191
4,S,UltraMS,recall,18,47,0.8449276505402699
4,S,UltraMS,hit_rate,19,47,0.9787234042553191
4,S,UltraMS,recall,19,47,0.8554252301867857
4,S,UltraMS,hit_rate,20,47,0.9787234042553191
4,S,UltraMS,recall,20,47,0.8607949318147411
4,S,UltraMS,hit_rate,21,47,0.9787234042553191
4,S,UltraMS,recall,21,47,0.8611326555567201
4,S,UltraMS,hit_rate,22,47,0.9787234042553191
4,S,UltraMS,recall,22,47,0.8679566160857431
4,S,UltraMS,hit_rate,23,47,0.9787234042553191
4,S,UltraMS,recall,23,47,0.87976763053799
4,S,UltraMS,hit_rate,24,47,0.9787234042553191
4,S,UltraMS,recall,24,47,0.8823587868342087
4,S,UltraMS,hit_rate,25,47,0.9787234042553191
4,S,UltraMS,recall,25,47,0.8850042894797112
4,S,UltraMS,hit_rate,26,47,0.9787234042553191
4,S,UltraMS,recall,26,47,0.8917607052603383
4,S,UltraMS,hit_rate,27,47,0.9787234042553191
4,S,UltraMS,recall,27,47,0.8943518615565571
4,S,UltraMS,hit_rate,28,47,0.9787234042553191
4,S,UltraMS,recall,28,47,0.9047106639182942
4,S,UltraMS,hit_rate,29,47,0.9787234042553191
4,S,UltraMS,recall,29,47,0.9172064423715194
4,S,UltraMS,hit_rate,30,47,0.9787234042553191
4,S,UltraMS,recall,30,47,0.920585620732356
4,S,UltraMS,hit_rate,31,47,0.9787234042553191
4,S,UltraMS,recall,31,47,0.9216570201896688
4,S,UltraMS,hit_rate,32,47,0.9787234042553191
4,S,UltraMS,recall,32,47,0.929115086158373
4,S,UltraMS,hit_rate,33,47,0.9787234042553191
4,S,UltraMS,recall,33,47,0.932368491539438
4,S,UltraMS,hit_rate,34,47,0.9787234042553191
4,S,UltraMS,recall,34,47,0.9362429980551772
4,S,UltraMS,hit_rate,35,47,0.9787234042553191
4,S,UltraMS,recall,35,47,0.9429130419592636
4,S,UltraMS,hit_rate,36,47,0.9787234042553191
4,S,UltraMS,recall,36,47,0.9432507657012426
4,S,UltraMS,hit_rate,37,47,0.9787234042553191
4,S,UltraMS,recall,37,47,0.9435884894432216
4,S,UltraMS,hit_rate,38,47,0.9787234042553191
4,S,UltraMS,recall,38,47,0.9447142352498185
4,S,UltraMS,hit_rate,39,47,0.9787234042553191
4,S,UltraMS,recall,39,47,0.9450519589917975
4,S,UltraMS,hit_rate,40,47,0.9787234042553191
4,S,UltraMS,recall,40,47,0.9450519589917975
4,S,UltraMS,hit_rate,41,47,0.9787234042553191
4,S,UltraMS,recall,41,47,0.9468531522823525
4,S,UltraMS,hit_rate,42,47,0.9787234042553191
4,S,UltraMS,recall,42,47,0.9487125738042833
4,S,UltraMS,hit_rate,43,47,0.9787234042553191
4,S,UltraMS,recall,43,47,0.9497839732615961
4,S,UltraMS,hit_rate,44,47,0.9787234042553191
4,S,UltraMS,recall,44,47,0.9516433947835268
4,S,UltraMS,hit_rate,45,47,0.9787234042553191
4,S,UltraMS,recall,45,47,0.9519811185255059
4,S,UltraMS,hit_rate,46,47,0.9787234042553191
4,S,UltraMS,recall,46,47,0.9527691405901236
4,S,UltraMS,hit_rate,47,47,0.9787234042553191
4,S,UltraMS,recall,47,47,0.9538405400474366
4,S,UltraMS,hit_rate,48,47,0.9787234042553191
4,S,UltraMS,recall,48,47,0.9541782637894155
4,S,UltraMS,hit_rate,49,47,0.9787234042553191
4,S,UltraMS,recall,49,47,0.9563171808219496
4,S,UltraMS,hit_rate,50,47,0.9787234042553191
4,S,UltraMS,recall,50,47,0.9584560978544838
4,S,UltraMS,hit_rate,51,47,0.9787234042553191
4,S,UltraMS,recall,51,47,0.9587938215964628
4,S,UltraMS,hit_rate,52,47,0.9787234042553191
4,S,UltraMS,recall,52,47,0.9595274973117967
4,S,UltraMS,hit_rate,53,47,0.9787234042553191
4,S,UltraMS,recall,53,47,0.9606532431183936
4,S,UltraMS,hit_rate,54,47,0.9787234042553191
4,S,UltraMS,recall,54,47,0.9609909668603726
4,S,UltraMS,hit_rate,55,47,0.9787234042553191
4,S,UltraMS,recall,55,47,0.9620623663176854
4,S,UltraMS,hit_rate,56,47,0.9787234042553191
4,S,UltraMS,recall,56,47,0.9630755375436226
4,S,UltraMS,hit_rate,57,47,0.9787234042553191
4,S,UltraMS,recall,57,47,0.9642012833502195
4,S,UltraMS,hit_rate,58,47,0.9787234042553191
4,S,UltraMS,recall,58,47,0.9645390070921986
4,S,UltraMS,hit_rate,59,47,0.9787234042553191
4,S,UltraMS,recall,59,47,0.9666779241247325
4,S,UltraMS,hit_rate,60,47,0.9787234042553191
4,S,UltraMS,recall,60,47,0.9666779241247325
4,S,UltraMS,hit_rate,61,47,0.9787234042553191
4,S,UltraMS,recall,61,47,0.9670156478667117
4,S,UltraMS,hit_rate,62,47,0.9787234042553191
4,S,UltraMS,recall,62,47,0.968366542834628
4,S,UltraMS,hit_rate,63,47,0.9787234042553191
4,S,UltraMS,recall,63,47,0.968704266576607
4,S,UltraMS,hit_rate,64,47,0.9787234042553191
4,S,UltraMS,recall,64,47,0.9697174378025442
4,S,UltraMS,hit_rate,65,47,0.9787234042553191
4,S,UltraMS,recall,65,47,0.9707306090284813
4,S,UltraMS,hit_rate,66,47,0.9787234042553191
4,S,UltraMS,recall,66,47,0.9710683327704605
4,S,UltraMS,hit_rate,67,47,0.9787234042553191
4,S,UltraMS,recall,67,47,0.9714060565124395
4,S,UltraMS,hit_rate,68,47,0.9787234042553191
4,S,UltraMS,recall,68,47,0.9721940785770574
4,S,UltraMS,hit_rate,69,47,0.9787234042553191
4,S,UltraMS,recall,69,47,0.9725318023190364
4,S,UltraMS,hit_rate,70,47,0.9787234042553191
4,S,UltraMS,recall,70,47,0.9728695260610153
4,S,UltraMS,hit_rate,71,47,0.9787234042553191
4,S,UltraMS,recall,71,47,0.9732072498029944
4,S,UltraMS,hit_rate,72,47,0.9787234042553191
4,S,UltraMS,recall,72,47,0.9735449735449736
4,S,UltraMS,hit_rate,73,47,0.9787234042553191
4,S,UltraMS,recall,73,47,0.9738826972869526
4,S,UltraMS,hit_rate,74,47,0.9787234042553191
4,S,UltraMS,recall,74,47,0.9742204210289316
4,S,UltraMS,hit_rate,75,47,0.9787234042553191
4,S,UltraMS,recall,75,47,0.9752335922548688
4,S,UltraMS,hit_rate,76,47,0.9787234042553191
4,S,UltraMS,recall,76,47,0.9752335922548688
4,S,UltraMS,hit_rate,77,47,0.9787234042553191
4,S,UltraMS,recall,77,47,0.9752335922548688
4,S,UltraMS,hit_rate,78,47,0.9787234042553191
4,S,UltraMS,recall,78,47,0.9752335922548688
4,S,UltraMS,hit_rate,79,47,0.9787234042553191
4,S,UltraMS,recall,79,47,0.9755713159968479
4,S,UltraMS,hit_rate,80,47,0.9787234042553191
4,S,UltraMS,recall,80,47,0.9755713159968479
4,S,UltraMS,hit_rate,81,47,0.9787234042553191
4,S,UltraMS,recall,81,47,0.9759090397388269
4,S,UltraMS,hit_rate,82,47,0.9787234042553191
4,S,UltraMS,recall,82,47,0.9759090397388269
4,S,UltraMS,hit_rate,83,47,0.9787234042553191
4,S,UltraMS,recall,83,47,0.9762467634808061
4,S,UltraMS,hit_rate,84,47,0.9787234042553191
4,S,UltraMS,recall,84,47,0.9762467634808061
4,S,UltraMS,hit_rate,85,47,0.9787234042553191
4,S,UltraMS,recall,85,47,0.9762467634808061
4,S,UltraMS,hit_rate,86,47,1.0
4,S,UltraMS,recall,86,47,0.9872227850951255
4,S,UltraMS,hit_rate,87,47,1.0
4,S,UltraMS,recall,87,47,0.9880108071597433
4,S,UltraMS,hit_rate,88,47,1.0
4,S,UltraMS,recall,88,47,0.9883485309017224
4,S,UltraMS,hit_rate,89,47,1.0
4,S,UltraMS,recall,89,47,0.9993245525160419
4,S,UltraMS,hit_rate,90,47,1.0
4,S,UltraMS,recall,90,47,0.9993245525160419
4,S,UltraMS,hit_rate,91,47,1.0
4,S,UltraMS,recall,91,47,0.9993245525160419
4,S,UltraMS,hit_rate,92,47,1.0
4,S,UltraMS,recall,92,47,0.9996622762580211
4,S,UltraMS,hit_rate,93,47,1.0
4,S,UltraMS,recall,93,47,0.9996622762580211
4,S,UltraMS,hit_rate,94,47,1.0
4,S,UltraMS,recall,94,47,0.9996622762580211
4,S,UltraMS,hit_rate,95,47,1.0
4,S,UltraMS,recall,95,47,1.0
4,S,UltraMS,hit_rate,96,47,1.0
4,S,UltraMS,recall,96,47,1.0
4,S,UltraMS,hit_rate,97,47,1.0
4,S,UltraMS,recall,97,47,1.0
4,S,UltraMS,hit_rate,98,47,1.0
4,S,UltraMS,recall,98,47,1.0
4,S,UltraMS,hit_rate,99,47,1.0
4,S,UltraMS,recall,99,47,1.0
4,S,UltraMS,hit_rate,100,47,1.0
4,S,UltraMS,recall,100,47,1.0
4,S,UltraMS,hit_rate,101,47,1.0
4,S,UltraMS,recall,101,47,1.0
4,S,UltraMS,hit_rate,102,47,1.0
4,S,UltraMS,recall,102,47,1.0
4,S,UltraMS,hit_rate,103,47,1.0
4,S,UltraMS,recall,103,47,1.0
4,S,UltraMS,hit_rate,104,47,1.0
4,S,UltraMS,recall,104,47,1.0
4,S,UltraMS,hit_rate,105,47,1.0
4,S,UltraMS,recall,105,47,1.0
4,S,UltraMS,hit_rate,106,47,1.0
4,S,UltraMS,recall,106,47,1.0
4,S,UltraMS,hit_rate,107,47,1.0
4,S,UltraMS,recall,107,47,1.0
4,S,UltraMS,hit_rate,108,47,1.0
4,S,UltraMS,recall,108,47,1.0
4,S,UltraMS,hit_rate,109,47,1.0
4,S,UltraMS,recall,109,47,1.0
4,S,UltraMS,hit_rate,110,47,1.0
4,S,UltraMS,recall,110,47,1.0
4,S,UltraMS,hit_rate,111,47,1.0
4,S,UltraMS,recall,111,47,1.0
4,S,UltraMS,hit_rate,112,47,1.0
4,S,UltraMS,recall,112,47,1.0
4,S,UltraMS,hit_rate,113,47,1.0
4,S,UltraMS,recall,113,47,1.0
4,S,UltraMS,hit_rate,114,47,1.0
4,S,UltraMS,recall,114,47,1.0
4,S,UltraMS,hit_rate,115,47,1.0
4,S,UltraMS,recall,115,47,1.0
4,S,UltraMS,hit_rate,116,47,1.0
4,S,UltraMS,recall,116,47,1.0
4,S,UltraMS,hit_rate,117,47,1.0
4,S,UltraMS,recall,117,47,1.0
4,S,UltraMS,hit_rate,118,47,1.0
4,S,UltraMS,recall,118,47,1.0
4,S,UltraMS,hit_rate,119,47,1.0
4,S,UltraMS,recall,119,47,1.0
4,S,UltraMS,hit_rate,120,47,1.0
4,S,UltraMS,recall,120,47,1.0
4,S,UltraMS,hit_rate,121,47,1.0
4,S,UltraMS,recall,121,47,1.0
4,S,UltraMS,hit_rate,122,47,1.0
4,S,UltraMS,recall,122,47,1.0
4,S,UltraMS,hit_rate,123,47,1.0
4,S,UltraMS,recall,123,47,1.0
4,S,UltraMS,hit_rate,124,47,1.0
4,S,UltraMS,recall,124,47,1.0
4,S,UltraMS,hit_rate,125,47,1.0
4,S,UltraMS,recall,125,47,1.0
4,S,UltraMS,hit_rate,126,47,1.0
4,S,UltraMS,recall,126,47,1.0
4,S,UltraMS,hit_rate,127,47,1.0
4,S,UltraMS,recall,127,47,1.0
4,S,UltraMS,hit_rate,128,47,1.0
4,S,UltraMS,recall,128,47,1.0
4,S,UltraMS,hit_rate,129,47,1.0
4,S,UltraMS,recall,129,47,1.0
4,S,UltraMS,hit_rate,130,47,1.0
4,S,UltraMS,recall,130,47,1.0
4,S,UltraMS,hit_rate,131,47,1.0
4,S,UltraMS,recall,131,47,1.0
4,S,UltraMS,hit_rate,132,47,1.0
4,S,UltraMS,recall,132,47,1.0
4,S,UltraMS,hit_rate,133,47,1.0
4,S,UltraMS,recall,133,47,1.0
4,S,UltraMS,hit_rate,134,47,1.0
4,S,UltraMS,recall,134,47,1.0
4,S,UltraMS,hit_rate,135,47,1.0
4,S,UltraMS,recall,135,47,1.0
4,S,UltraMS,hit_rate,136,47,1.0
4,S,UltraMS,recall,136,47,1.0
4,S,UltraMS,hit_rate,137,47,1.0
4,S,UltraMS,recall,137,47,1.0
4,S,UltraMS,hit_rate,138,47,1.0
4,S,UltraMS,recall,138,47,1.0
4,S,UltraMS,hit_rate,139,47,1.0
4,S,UltraMS,recall,139,47,1.0
4,S,UltraMS,hit_rate,140,47,1.0
4,S,UltraMS,recall,140,47,1.0
4,S,UltraMS,hit_rate,141,47,1.0
4,S,UltraMS,recall,141,47,1.0
4,S,UltraMS,hit_rate,142,47,1.0
4,S,UltraMS,recall,142,47,1.0
4,S,UltraMS,hit_rate,143,47,1.0
4,S,UltraMS,recall,143,47,1.0
4,S,UltraMS,hit_rate,144,47,1.0
4,S,UltraMS,recall,144,47,1.0
4,S,UltraMS,hit_rate,145,47,1.0
4,S,UltraMS,recall,145,47,1.0
4,S,UltraMS,hit_rate,146,47,1.0
4,S,UltraMS,recall,146,47,1.0
4,S,UltraMS,hit_rate,147,47,1.0
4,S,UltraMS,recall,147,47,1.0
4,S,UltraMS,hit_rate,148,47,1.0
4,S,UltraMS,recall,148,47,1.0
4,S,UltraMS,hit_rate,149,47,1.0
4,S,UltraMS,recall,149,47,1.0
4,S,UltraMS,hit_rate,150,47,1.0
4,S,UltraMS,recall,150,47,1.0
4,S,DreaMS,hit_rate,5,47,0.5531914893617021
4,S,DreaMS,recall,5,47,0.24719018651520483
4,S,DreaMS,hit_rate,6,47,0.5957446808510638
4,S,DreaMS,recall,6,47,0.3107316096310961
4,S,DreaMS,hit_rate,7,47,0.6595744680851063
4,S,DreaMS,recall,7,47,0.34321165913242213
4,S,DreaMS,hit_rate,8,47,0.7021276595744681
4,S,DreaMS,recall,8,47,0.38209924908384185
4,S,DreaMS,hit_rate,9,47,0.8085106382978723
4,S,DreaMS,recall,9,47,0.4478132557369534
4,S,DreaMS,hit_rate,10,47,0.8723404255319149
4,S,DreaMS,recall,10,47,0.5257417102611526
4,S,DreaMS,hit_rate,11,47,0.8723404255319149
4,S,DreaMS,recall,11,47,0.5607040292660248
4,S,DreaMS,hit_rate,12,47,0.8936170212765957
4,S,DreaMS,recall,12,47,0.5897899551604613
4,S,DreaMS,hit_rate,13,47,0.8936170212765957
4,S,DreaMS,recall,13,47,0.6102897862985903
4,S,DreaMS,hit_rate,14,47,0.9148936170212766
4,S,DreaMS,recall,14,47,0.6377579839795541
4,S,DreaMS,hit_rate,15,47,0.9148936170212766
4,S,DreaMS,recall,15,47,0.6592033357257128
4,S,DreaMS,hit_rate,16,47,0.9148936170212766
4,S,DreaMS,recall,16,47,0.6793654431218628
4,S,DreaMS,hit_rate,17,47,0.9148936170212766
4,S,DreaMS,recall,17,47,0.6947748564036165
4,S,DreaMS,hit_rate,18,47,0.9148936170212766
4,S,DreaMS,recall,18,47,0.7105465551540386
4,S,DreaMS,hit_rate,19,47,0.9148936170212766
4,S,DreaMS,recall,19,47,0.7325998096357598
4,S,DreaMS,hit_rate,20,47,0.9148936170212766
4,S,DreaMS,recall,20,47,0.7496548586057022
4,S,DreaMS,hit_rate,21,47,0.9361702127659575
4,S,DreaMS,recall,21,47,0.7642633513873426
4,S,DreaMS,hit_rate,22,47,0.9361702127659575
4,S,DreaMS,recall,22,47,0.7753069177500579
4,S,DreaMS,hit_rate,23,47,0.9361702127659575
4,S,DreaMS,recall,23,47,0.803869371844427
4,S,DreaMS,hit_rate,24,47,0.9361702127659575
4,S,DreaMS,recall,24,47,0.8104754529185929
4,S,DreaMS,hit_rate,25,47,0.9361702127659575
4,S,DreaMS,recall,25,47,0.8139109185697593
4,S,DreaMS,hit_rate,26,47,0.9361702127659575
4,S,DreaMS,recall,26,47,0.817637137189595
4,S,DreaMS,hit_rate,27,47,0.9574468085106383
4,S,DreaMS,recall,27,47,0.8317559305453657
4,S,DreaMS,hit_rate,28,47,0.9574468085106383
4,S,DreaMS,recall,28,47,0.834457720481198
4,S,DreaMS,hit_rate,29,47,0.9574468085106383
4,S,DreaMS,recall,29,47,0.8416194047522
4,S,DreaMS,hit_rate,30,47,0.9574468085106383
4,S,DreaMS,recall,30,47,0.8513027596299789
4,S,DreaMS,hit_rate,31,47,0.9574468085106383
4,S,DreaMS,recall,31,47,0.8640518308896886
4,S,DreaMS,hit_rate,32,47,0.9574468085106383
4,S,DreaMS,recall,32,47,0.8679356539224476
4,S,DreaMS,hit_rate,33,47,0.9787234042553191
4,S,DreaMS,recall,33,47,0.8746056978265341
4,S,DreaMS,hit_rate,34,47,0.9787234042553191
4,S,DreaMS,recall,34,47,0.8781517971173144
4,S,DreaMS,hit_rate,35,47,0.9787234042553191
4,S,DreaMS,recall,35,47,0.880011218639245
4,S,DreaMS,hit_rate,36,47,0.9787234042553191
4,S,DreaMS,recall,36,47,0.8818706401611758
4,S,DreaMS,hit_rate,37,47,0.9787234042553191
4,S,DreaMS,recall,37,47,0.8850696991929567
4,S,DreaMS,hit_rate,38,47,0.9787234042553191
4,S,DreaMS,recall,38,47,0.8873231317471965
4,S,DreaMS,hit_rate,39,47,0.9787234042553191
4,S,DreaMS,recall,39,47,0.889968634392699
4,S,DreaMS,hit_rate,40,47,0.9787234042553191
4,S,DreaMS,recall,40,47,0.9000609455488401
4,S,DreaMS,hit_rate,41,47,0.9787234042553191
4,S,DreaMS,recall,41,47,0.900398669290819
4,S,DreaMS,hit_rate,42,47,0.9787234042553191
4,S,DreaMS,recall,42,47,0.9007363930327982
4,S,DreaMS,hit_rate,43,47,0.9787234042553191
4,S,DreaMS,recall,43,47,0.9007363930327982
4,S,DreaMS,hit_rate,44,47,0.9787234042553191
4,S,DreaMS,recall,44,47,0.9036070448396202
4,S,DreaMS,hit_rate,45,47,0.9787234042553191
4,S,DreaMS,recall,45,47,0.9092920611629343
4,S,DreaMS,hit_rate,46,47,0.9787234042553191
4,S,DreaMS,recall,46,47,0.9110389081042054
4,S,DreaMS,hit_rate,47,47,0.9787234042553191
4,S,DreaMS,recall,47,47,0.9110389081042054
4,S,DreaMS,hit_rate,48,47,0.9787234042553191
4,S,DreaMS,recall,48,47,0.9123898030721216
4,S,DreaMS,hit_rate,49,47,0.9787234042553191
4,S,DreaMS,recall,49,47,0.9131234787874553
4,S,DreaMS,hit_rate,50,47,0.9787234042553191
4,S,DreaMS,recall,50,47,0.9191763034389594
4,S,DreaMS,hit_rate,51,47,0.9787234042553191
4,S,DreaMS,recall,51,47,0.9217111724448481
4,S,DreaMS,hit_rate,52,47,0.9787234042553191
4,S,DreaMS,recall,52,47,0.924583765192716
4,S,DreaMS,hit_rate,53,47,0.9787234042553191
4,S,DreaMS,recall,53,47,0.9253174409080499
4,S,DreaMS,hit_rate,54,47,0.9787234042553191
4,S,DreaMS,recall,54,47,0.9271186341986049
4,S,DreaMS,hit_rate,55,47,0.9787234042553191
4,S,DreaMS,recall,55,47,0.9292575512311388
4,S,DreaMS,hit_rate,56,47,0.9787234042553191
4,S,DreaMS,recall,56,47,0.9295952749731179
4,S,DreaMS,hit_rate,57,47,0.9787234042553191
4,S,DreaMS,recall,57,47,0.9295952749731179
4,S,DreaMS,hit_rate,58,47,0.9787234042553191
4,S,DreaMS,recall,58,47,0.9314546964950486
4,S,DreaMS,hit_rate,59,47,0.9787234042553191
4,S,DreaMS,recall,59,47,0.9314546964950486
4,S,DreaMS,hit_rate,60,47,0.9787234042553191
4,S,DreaMS,recall,60,47,0.9325260959523615
4,S,DreaMS,hit_rate,61,47,0.9787234042553191
4,S,DreaMS,recall,61,47,0.9335974954096743
4,S,DreaMS,hit_rate,62,47,0.9787234042553191
4,S,DreaMS,recall,62,47,0.9354569169316052
4,S,DreaMS,hit_rate,63,47,0.9787234042553191
4,S,DreaMS,recall,63,47,0.9372037638728761
4,S,DreaMS,hit_rate,64,47,1.0
4,S,DreaMS,recall,64,47,0.959214035332891
4,S,DreaMS,hit_rate,65,47,1.0
4,S,DreaMS,recall,65,47,0.9656045837263738
4,S,DreaMS,hit_rate,66,47,1.0
4,S,DreaMS,recall,66,47,0.9684771764742418
4,S,DreaMS,hit_rate,67,47,1.0
4,S,DreaMS,recall,67,47,0.9703365979961726
4,S,DreaMS,hit_rate,68,47,1.0
4,S,DreaMS,recall,68,47,0.9706743217381515
4,S,DreaMS,hit_rate,69,47,1.0
4,S,DreaMS,recall,69,47,0.9720252167060678
4,S,DreaMS,hit_rate,70,47,1.0
4,S,DreaMS,recall,70,47,0.9731509625126648
4,S,DreaMS,hit_rate,71,47,1.0
4,S,DreaMS,recall,71,47,0.9742767083192615
4,S,DreaMS,hit_rate,72,47,1.0
4,S,DreaMS,recall,72,47,0.9754024541258584
4,S,DreaMS,hit_rate,73,47,1.0
4,S,DreaMS,recall,73,47,0.9757401778678375
4,S,DreaMS,hit_rate,74,47,1.0
4,S,DreaMS,recall,74,47,0.9770910728357537
4,S,DreaMS,hit_rate,75,47,1.0
4,S,DreaMS,recall,75,47,0.983423392997861
4,S,DreaMS,hit_rate,76,47,1.0
4,S,DreaMS,recall,76,47,0.9837611167398401
4,S,DreaMS,hit_rate,77,47,1.0
4,S,DreaMS,recall,77,47,0.9840988404818193
4,S,DreaMS,hit_rate,78,47,1.0
4,S,DreaMS,recall,78,47,0.9844365642237983
4,S,DreaMS,hit_rate,79,47,1.0
4,S,DreaMS,recall,79,47,0.9847742879657773
4,S,DreaMS,hit_rate,80,47,1.0
4,S,DreaMS,recall,80,47,0.9865754812563323
4,S,DreaMS,hit_rate,81,47,1.0
4,S,DreaMS,recall,81,47,0.9877012270629292
4,S,DreaMS,hit_rate,82,47,1.0
4,S,DreaMS,recall,82,47,0.9890521220308454
4,S,DreaMS,hit_rate,83,47,1.0
4,S,DreaMS,recall,83,47,0.9893898457728244
4,S,DreaMS,hit_rate,84,47,1.0
4,S,DreaMS,recall,84,47,0.9893898457728244
4,S,DreaMS,hit_rate,85,47,1.0
4,S,DreaMS,recall,85,47,0.9905155915794214
4,S,DreaMS,hit_rate,86,47,1.0
4,S,DreaMS,recall,86,47,0.9908533153214005
4,S,DreaMS,hit_rate,87,47,1.0
4,S,DreaMS,recall,87,47,0.9911910390633795
4,S,DreaMS,hit_rate,88,47,1.0
4,S,DreaMS,recall,88,47,0.9915287628053585
4,S,DreaMS,hit_rate,89,47,1.0
4,S,DreaMS,recall,89,47,0.9918664865473376
4,S,DreaMS,hit_rate,90,47,1.0
4,S,DreaMS,recall,90,47,0.9922042102893167
4,S,DreaMS,hit_rate,91,47,1.0
4,S,DreaMS,recall,91,47,0.9925419340312958
4,S,DreaMS,hit_rate,92,47,1.0
4,S,DreaMS,recall,92,47,0.9933299560959136
4,S,DreaMS,hit_rate,93,47,1.0
4,S,DreaMS,recall,93,47,0.9936676798378925
4,S,DreaMS,hit_rate,94,47,1.0
4,S,DreaMS,recall,94,47,0.9940054035798717
4,S,DreaMS,hit_rate,95,47,1.0
4,S,DreaMS,recall,95,47,0.9943431273218508
4,S,DreaMS,hit_rate,96,47,1.0
4,S,DreaMS,recall,96,47,0.9946808510638298
4,S,DreaMS,hit_rate,97,47,1.0
4,S,DreaMS,recall,97,47,0.9946808510638298
4,S,DreaMS,hit_rate,98,47,1.0
4,S,DreaMS,recall,98,47,0.9946808510638298
4,S,DreaMS,hit_rate,99,47,1.0
4,S,DreaMS,recall,99,47,0.9946808510638298
4,S,DreaMS,hit_rate,100,47,1.0
4,S,DreaMS,recall,100,47,0.9946808510638298
4,S,DreaMS,hit_rate,101,47,1.0
4,S,DreaMS,recall,101,47,0.9946808510638298
4,S,DreaMS,hit_rate,102,47,1.0
4,S,DreaMS,recall,102,47,0.9946808510638298
4,S,DreaMS,hit_rate,103,47,1.0
4,S,DreaMS,recall,103,47,0.9946808510638298
4,S,DreaMS,hit_rate,104,47,1.0
4,S,DreaMS,recall,104,47,0.9946808510638298
4,S,DreaMS,hit_rate,105,47,1.0
4,S,DreaMS,recall,105,47,0.9946808510638298
4,S,DreaMS,hit_rate,106,47,1.0
4,S,DreaMS,recall,106,47,0.9946808510638298
4,S,DreaMS,hit_rate,107,47,1.0
4,S,DreaMS,recall,107,47,0.9946808510638298
4,S,DreaMS,hit_rate,108,47,1.0
4,S,DreaMS,recall,108,47,0.9946808510638298
4,S,DreaMS,hit_rate,109,47,1.0
4,S,DreaMS,recall,109,47,0.9946808510638298
4,S,DreaMS,hit_rate,110,47,1.0
4,S,DreaMS,recall,110,47,0.9946808510638298
4,S,DreaMS,hit_rate,111,47,1.0
4,S,DreaMS,recall,111,47,1.0
4,S,DreaMS,hit_rate,112,47,1.0
4,S,DreaMS,recall,112,47,1.0
4,S,DreaMS,hit_rate,113,47,1.0
4,S,DreaMS,recall,113,47,1.0
4,S,DreaMS,hit_rate,114,47,1.0
4,S,DreaMS,recall,114,47,1.0
4,S,DreaMS,hit_rate,115,47,1.0
4,S,DreaMS,recall,115,47,1.0
4,S,DreaMS,hit_rate,116,47,1.0
4,S,DreaMS,recall,116,47,1.0
4,S,DreaMS,hit_rate,117,47,1.0
4,S,DreaMS,recall,117,47,1.0
4,S,DreaMS,hit_rate,118,47,1.0
4,S,DreaMS,recall,118,47,1.0
4,S,DreaMS,hit_rate,119,47,1.0
4,S,DreaMS,recall,119,47,1.0
4,S,DreaMS,hit_rate,120,47,1.0
4,S,DreaMS,recall,120,47,1.0
4,S,DreaMS,hit_rate,121,47,1.0
4,S,DreaMS,recall,121,47,1.0
4,S,DreaMS,hit_rate,122,47,1.0
4,S,DreaMS,recall,122,47,1.0
4,S,DreaMS,hit_rate,123,47,1.0
4,S,DreaMS,recall,123,47,1.0
4,S,DreaMS,hit_rate,124,47,1.0
4,S,DreaMS,recall,124,47,1.0
4,S,DreaMS,hit_rate,125,47,1.0
4,S,DreaMS,recall,125,47,1.0
4,S,DreaMS,hit_rate,126,47,1.0
4,S,DreaMS,recall,126,47,1.0
4,S,DreaMS,hit_rate,127,47,1.0
4,S,DreaMS,recall,127,47,1.0
4,S,DreaMS,hit_rate,128,47,1.0
4,S,DreaMS,recall,128,47,1.0
4,S,DreaMS,hit_rate,129,47,1.0
4,S,DreaMS,recall,129,47,1.0
4,S,DreaMS,hit_rate,130,47,1.0
4,S,DreaMS,recall,130,47,1.0
4,S,DreaMS,hit_rate,131,47,1.0
4,S,DreaMS,recall,131,47,1.0
4,S,DreaMS,hit_rate,132,47,1.0
4,S,DreaMS,recall,132,47,1.0
4,S,DreaMS,hit_rate,133,47,1.0
4,S,DreaMS,recall,133,47,1.0
4,S,DreaMS,hit_rate,134,47,1.0
4,S,DreaMS,recall,134,47,1.0
4,S,DreaMS,hit_rate,135,47,1.0
4,S,DreaMS,recall,135,47,1.0
4,S,DreaMS,hit_rate,136,47,1.0
4,S,DreaMS,recall,136,47,1.0
4,S,DreaMS,hit_rate,137,47,1.0
4,S,DreaMS,recall,137,47,1.0
4,S,DreaMS,hit_rate,138,47,1.0
4,S,DreaMS,recall,138,47,1.0
4,S,DreaMS,hit_rate,139,47,1.0
4,S,DreaMS,recall,139,47,1.0
4,S,DreaMS,hit_rate,140,47,1.0
4,S,DreaMS,recall,140,47,1.0
4,S,DreaMS,hit_rate,141,47,1.0
4,S,DreaMS,recall,141,47,1.0
4,S,DreaMS,hit_rate,142,47,1.0
4,S,DreaMS,recall,142,47,1.0
4,S,DreaMS,hit_rate,143,47,1.0
4,S,DreaMS,recall,143,47,1.0
4,S,DreaMS,hit_rate,144,47,1.0
4,S,DreaMS,recall,144,47,1.0
4,S,DreaMS,hit_rate,145,47,1.0
4,S,DreaMS,recall,145,47,1.0
4,S,DreaMS,hit_rate,146,47,1.0
4,S,DreaMS,recall,146,47,1.0
4,S,DreaMS,hit_rate,147,47,1.0
4,S,DreaMS,recall,147,47,1.0
4,S,DreaMS,hit_rate,148,47,1.0
4,S,DreaMS,recall,148,47,1.0
4,S,DreaMS,hit_rate,149,47,1.0
4,S,DreaMS,recall,149,47,1.0
4,S,DreaMS,hit_rate,150,47,1.0
4,S,DreaMS,recall,150,47,1.0
4,S,Linear SVM,hit_rate,5,47,0.6808510638297872
4,S,Linear SVM,recall,5,47,0.2561393118986662
4,S,Linear SVM,hit_rate,6,47,0.7446808510638298
4,S,Linear SVM,recall,6,47,0.3250891957421671
4,S,Linear SVM,hit_rate,7,47,0.7659574468085106
4,S,Linear SVM,recall,7,47,0.3704791607946414
4,S,Linear SVM,hit_rate,8,47,0.851063829787234
4,S,Linear SVM,recall,8,47,0.4302043056261691
4,S,Linear SVM,hit_rate,9,47,0.8723404255319149
4,S,Linear SVM,recall,9,47,0.46586663384168886
4,S,Linear SVM,hit_rate,10,47,0.8936170212765957
4,S,Linear SVM,recall,10,47,0.5191279509327932
4,S,Linear SVM,hit_rate,11,47,0.9361702127659575
4,S,Linear SVM,recall,11,47,0.5757227745488934
4,S,Linear SVM,hit_rate,12,47,0.9361702127659575
4,S,Linear SVM,recall,12,47,0.6268033846537148
4,S,Linear SVM,hit_rate,13,47,0.9361702127659575
4,S,Linear SVM,recall,13,47,0.6348137080712283
4,S,Linear SVM,hit_rate,14,47,0.9574468085106383
4,S,Linear SVM,recall,14,47,0.662229948253426
4,S,Linear SVM,hit_rate,15,47,0.9574468085106383
4,S,Linear SVM,recall,15,47,0.6998861454840912
4,S,Linear SVM,hit_rate,16,47,0.9574468085106383
4,S,Linear SVM,recall,16,47,0.7220070505837196
4,S,Linear SVM,hit_rate,17,47,0.9574468085106383
4,S,Linear SVM,recall,17,47,0.7577742778403087
4,S,Linear SVM,hit_rate,18,47,0.9574468085106383
4,S,Linear SVM,recall,18,47,0.78163316127366
4,S,Linear SVM,hit_rate,19,47,0.9574468085106383
4,S,Linear SVM,recall,19,47,0.7940769822281193
4,S,Linear SVM,hit_rate,20,47,0.9574468085106383
4,S,Linear SVM,recall,20,47,0.8141807555233822
4,S,Linear SVM,hit_rate,21,47,0.9574468085106383
4,S,Linear SVM,recall,21,47,0.8182828000509584
4,S,Linear SVM,hit_rate,22,47,0.9574468085106383
4,S,Linear SVM,recall,22,47,0.8221666230837177
4,S,Linear SVM,hit_rate,23,47,0.9574468085106383
4,S,Linear SVM,recall,23,47,0.8344689779392641
4,S,Linear SVM,hit_rate,24,47,0.9787234042553191
4,S,Linear SVM,recall,24,47,0.8449966421719906
4,S,Linear SVM,hit_rate,25,47,0.9787234042553191
4,S,Linear SVM,recall,25,47,0.8539482622754816
4,S,Linear SVM,hit_rate,26,47,0.9787234042553191
4,S,Linear SVM,recall,26,47,0.8539482622754816
4,S,Linear SVM,hit_rate,27,47,0.9787234042553191
4,S,Linear SVM,recall,27,47,0.85816980905022
4,S,Linear SVM,hit_rate,28,47,0.9787234042553191
4,S,Linear SVM,recall,28,47,0.8606351923666671
4,S,Linear SVM,hit_rate,29,47,0.9787234042553191
4,S,Linear SVM,recall,29,47,0.8656447612060231
4,S,Linear SVM,hit_rate,30,47,0.9787234042553191
4,S,Linear SVM,recall,30,47,0.8677293318892731
4,S,Linear SVM,hit_rate,31,47,0.9787234042553191
4,S,Linear SVM,recall,31,47,0.869586812470158
4,S,Linear SVM,hit_rate,32,47,0.9787234042553191
4,S,Linear SVM,recall,32,47,0.8736414383149527
4,S,Linear SVM,hit_rate,33,47,0.9787234042553191
4,S,Linear SVM,recall,33,47,0.8747128377722655
4,S,Linear SVM,hit_rate,34,47,0.9787234042553191
4,S,Linear SVM,recall,34,47,0.8750505615142445
4,S,Linear SVM,hit_rate,35,47,0.9787234042553191
4,S,Linear SVM,recall,35,47,0.8761219609715575
4,S,Linear SVM,hit_rate,36,47,0.9787234042553191
4,S,Linear SVM,recall,36,47,0.8787131172677761
4,S,Linear SVM,hit_rate,37,47,0.9787234042553191
4,S,Linear SVM,recall,37,47,0.8809665498220157
4,S,Linear SVM,hit_rate,38,47,0.9787234042553191
4,S,Linear SVM,recall,38,47,0.8817002255373496
4,S,Linear SVM,hit_rate,39,47,0.9787234042553191
4,S,Linear SVM,recall,39,47,0.8827716249946622
4,S,Linear SVM,hit_rate,40,47,0.9787234042553191
4,S,Linear SVM,recall,40,47,0.8874322126339735
4,S,Linear SVM,hit_rate,41,47,0.9787234042553191
4,S,Linear SVM,recall,41,47,0.8895167833172234
4,S,Linear SVM,hit_rate,42,47,0.9787234042553191
4,S,Linear SVM,recall,42,47,0.8905299545431606
4,S,Linear SVM,hit_rate,43,47,0.9787234042553191
4,S,Linear SVM,recall,43,47,0.8926145252264107
4,S,Linear SVM,hit_rate,44,47,0.9787234042553191
4,S,Linear SVM,recall,44,47,0.8936276964523479
4,S,Linear SVM,hit_rate,45,47,0.9787234042553191
4,S,Linear SVM,recall,45,47,0.8954871179742787
4,S,Linear SVM,hit_rate,46,47,0.9787234042553191
4,S,Linear SVM,recall,46,47,0.8972339649155496
4,S,Linear SVM,hit_rate,47,47,0.9787234042553191
4,S,Linear SVM,recall,47,47,0.8972339649155496
4,S,Linear SVM,hit_rate,48,47,0.9787234042553191
4,S,Linear SVM,recall,48,47,0.8972339649155496
4,S,Linear SVM,hit_rate,49,47,0.9787234042553191
4,S,Linear SVM,recall,49,47,0.8990351582061047
4,S,Linear SVM,hit_rate,50,47,0.9787234042553191
4,S,Linear SVM,recall,50,47,0.9001609040127015
4,S,Linear SVM,hit_rate,51,47,0.9787234042553191
4,S,Linear SVM,recall,51,47,0.9103770472075681
4,S,Linear SVM,hit_rate,52,47,0.9787234042553191
4,S,Linear SVM,recall,52,47,0.9121782404981231
4,S,Linear SVM,hit_rate,53,47,0.9787234042553191
4,S,Linear SVM,recall,53,47,0.9132496399554358
4,S,Linear SVM,hit_rate,54,47,0.9787234042553191
4,S,Linear SVM,recall,54,47,0.9146005349233522
4,S,Linear SVM,hit_rate,55,47,0.9787234042553191
4,S,Linear SVM,recall,55,47,0.9159514298912684
4,S,Linear SVM,hit_rate,56,47,0.9787234042553191
4,S,Linear SVM,recall,56,47,0.9206232749886457
4,S,Linear SVM,hit_rate,57,47,1.0
4,S,Linear SVM,recall,57,47,0.9457836937660856
4,S,Linear SVM,hit_rate,58,47,1.0
4,S,Linear SVM,recall,58,47,0.9469094395726824
4,S,Linear SVM,hit_rate,59,47,1.0
4,S,Linear SVM,recall,59,47,0.9476974616373003
4,S,Linear SVM,hit_rate,60,47,1.0
4,S,Linear SVM,recall,60,47,0.9511872736377506
4,S,Linear SVM,hit_rate,61,47,1.0
4,S,Linear SVM,recall,61,47,0.9511872736377506
4,S,Linear SVM,hit_rate,62,47,1.0
4,S,Linear SVM,recall,62,47,0.9519209493530844
4,S,Linear SVM,hit_rate,63,47,1.0
4,S,Linear SVM,recall,63,47,0.953780370875015
4,S,Linear SVM,hit_rate,64,47,1.0
4,S,Linear SVM,recall,64,47,0.954851770332328
4,S,Linear SVM,hit_rate,65,47,1.0
4,S,Linear SVM,recall,65,47,0.9579495122415153
4,S,Linear SVM,hit_rate,66,47,1.0
4,S,Linear SVM,recall,66,47,0.9582872359834942
4,S,Linear SVM,hit_rate,67,47,1.0
4,S,Linear SVM,recall,67,47,0.9586249597254733
4,S,Linear SVM,hit_rate,68,47,1.0
4,S,Linear SVM,recall,68,47,0.9593586354408071
4,S,Linear SVM,hit_rate,69,47,1.0
4,S,Linear SVM,recall,69,47,0.9593586354408071
4,S,Linear SVM,hit_rate,70,47,1.0
4,S,Linear SVM,recall,70,47,0.9600923111561408
4,S,Linear SVM,hit_rate,71,47,1.0
4,S,Linear SVM,recall,71,47,0.9608803332207587
4,S,Linear SVM,hit_rate,72,47,1.0
4,S,Linear SVM,recall,72,47,0.968000675447484
4,S,Linear SVM,hit_rate,73,47,1.0
4,S,Linear SVM,recall,73,47,0.9691264212540808
4,S,Linear SVM,hit_rate,74,47,1.0
4,S,Linear SVM,recall,74,47,0.970139592480018
4,S,Linear SVM,hit_rate,75,47,1.0
4,S,Linear SVM,recall,75,47,0.970139592480018
4,S,Linear SVM,hit_rate,76,47,1.0
4,S,Linear SVM,recall,76,47,0.9709276145446358
4,S,Linear SVM,hit_rate,77,47,1.0
4,S,Linear SVM,recall,77,47,0.9717156366092538
4,S,Linear SVM,hit_rate,78,47,1.0
4,S,Linear SVM,recall,78,47,0.9717156366092538
4,S,Linear SVM,hit_rate,79,47,1.0
4,S,Linear SVM,recall,79,47,0.9770347855454239
4,S,Linear SVM,hit_rate,80,47,1.0
4,S,Linear SVM,recall,80,47,0.9773725092874029
4,S,Linear SVM,hit_rate,81,47,1.0
4,S,Linear SVM,recall,81,47,0.9800742992232354
4,S,Linear SVM,hit_rate,82,47,1.0
4,S,Linear SVM,recall,82,47,0.9822132162557694
4,S,Linear SVM,hit_rate,83,47,1.0
4,S,Linear SVM,recall,83,47,0.9825509399977485
4,S,Linear SVM,hit_rate,84,47,1.0
4,S,Linear SVM,recall,84,47,0.9828886637397274
4,S,Linear SVM,hit_rate,85,47,1.0
4,S,Linear SVM,recall,85,47,0.9855904536755601
4,S,Linear SVM,hit_rate,86,47,1.0
4,S,Linear SVM,recall,86,47,0.985928177417539
4,S,Linear SVM,hit_rate,87,47,1.0
4,S,Linear SVM,recall,87,47,0.9862659011595182
4,S,Linear SVM,hit_rate,88,47,1.0
4,S,Linear SVM,recall,88,47,0.9866036249014971
4,S,Linear SVM,hit_rate,89,47,1.0
4,S,Linear SVM,recall,89,47,0.9869413486434763
4,S,Linear SVM,hit_rate,90,47,1.0
4,S,Linear SVM,recall,90,47,0.9872790723854553
4,S,Linear SVM,hit_rate,91,47,1.0
4,S,Linear SVM,recall,91,47,0.9884048181920523
4,S,Linear SVM,hit_rate,92,47,1.0
4,S,Linear SVM,recall,92,47,0.989530563998649
4,S,Linear SVM,hit_rate,93,47,1.0
4,S,Linear SVM,recall,93,47,0.9898682877406282
4,S,Linear SVM,hit_rate,94,47,1.0
4,S,Linear SVM,recall,94,47,0.9925700776764607
4,S,Linear SVM,hit_rate,95,47,1.0
4,S,Linear SVM,recall,95,47,0.9925700776764607
4,S,Linear SVM,hit_rate,96,47,1.0
4,S,Linear SVM,recall,96,47,0.9929078014184398
4,S,Linear SVM,hit_rate,97,47,1.0
4,S,Linear SVM,recall,97,47,0.9929078014184398
4,S,Linear SVM,hit_rate,98,47,1.0
4,S,Linear SVM,recall,98,47,0.9929078014184398
4,S,Linear SVM,hit_rate,99,47,1.0
4,S,Linear SVM,recall,99,47,0.9929078014184398
4,S,Linear SVM,hit_rate,100,47,1.0
4,S,Linear SVM,recall,100,47,0.9929078014184398
4,S,Linear SVM,hit_rate,101,47,1.0
4,S,Linear SVM,recall,101,47,0.9929078014184398
4,S,Linear SVM,hit_rate,102,47,1.0
4,S,Linear SVM,recall,102,47,0.9929078014184398
4,S,Linear SVM,hit_rate,103,47,1.0
4,S,Linear SVM,recall,103,47,0.9929078014184398
4,S,Linear SVM,hit_rate,104,47,1.0
4,S,Linear SVM,recall,104,47,0.9929078014184398
4,S,Linear SVM,hit_rate,105,47,1.0
4,S,Linear SVM,recall,105,47,0.9929078014184398
4,S,Linear SVM,hit_rate,106,47,1.0
4,S,Linear SVM,recall,106,47,0.9929078014184398
4,S,Linear SVM,hit_rate,107,47,1.0
4,S,Linear SVM,recall,107,47,0.9929078014184398
4,S,Linear SVM,hit_rate,108,47,1.0
4,S,Linear SVM,recall,108,47,0.9929078014184398
4,S,Linear SVM,hit_rate,109,47,1.0
4,S,Linear SVM,recall,109,47,0.9929078014184398
4,S,Linear SVM,hit_rate,110,47,1.0
4,S,Linear SVM,recall,110,47,0.9929078014184398
4,S,Linear SVM,hit_rate,111,47,1.0
4,S,Linear SVM,recall,111,47,0.9929078014184398
4,S,Linear SVM,hit_rate,112,47,1.0
4,S,Linear SVM,recall,112,47,0.9929078014184398
4,S,Linear SVM,hit_rate,113,47,1.0
4,S,Linear SVM,recall,113,47,0.9929078014184398
4,S,Linear SVM,hit_rate,114,47,1.0
4,S,Linear SVM,recall,114,47,0.9952718676122931
4,S,Linear SVM,hit_rate,115,47,1.0
4,S,Linear SVM,recall,115,47,0.9952718676122931
4,S,Linear SVM,hit_rate,116,47,1.0
4,S,Linear SVM,recall,116,47,0.9952718676122931
4,S,Linear SVM,hit_rate,117,47,1.0
4,S,Linear SVM,recall,117,47,0.9952718676122931
4,S,Linear SVM,hit_rate,118,47,1.0
4,S,Linear SVM,recall,118,47,0.9952718676122931
4,S,Linear SVM,hit_rate,119,47,1.0
4,S,Linear SVM,recall,119,47,0.9952718676122931
4,S,Linear SVM,hit_rate,120,47,1.0
4,S,Linear SVM,recall,120,47,0.9952718676122931
4,S,Linear SVM,hit_rate,121,47,1.0
4,S,Linear SVM,recall,121,47,0.9952718676122931
4,S,Linear SVM,hit_rate,122,47,1.0
4,S,Linear SVM,recall,122,47,0.9952718676122931
4,S,Linear SVM,hit_rate,123,47,1.0
4,S,Linear SVM,recall,123,47,0.9952718676122931
4,S,Linear SVM,hit_rate,124,47,1.0
4,S,Linear SVM,recall,124,47,0.9952718676122931
4,S,Linear SVM,hit_rate,125,47,1.0
4,S,Linear SVM,recall,125,47,0.9952718676122931
4,S,Linear SVM,hit_rate,126,47,1.0
4,S,Linear SVM,recall,126,47,0.9952718676122931
4,S,Linear SVM,hit_rate,127,47,1.0
4,S,Linear SVM,recall,127,47,0.9952718676122931
4,S,Linear SVM,hit_rate,128,47,1.0
4,S,Linear SVM,recall,128,47,0.9952718676122931
4,S,Linear SVM,hit_rate,129,47,1.0
4,S,Linear SVM,recall,129,47,0.9952718676122931
4,S,Linear SVM,hit_rate,130,47,1.0
4,S,Linear SVM,recall,130,47,0.9952718676122931
4,S,Linear SVM,hit_rate,131,47,1.0
4,S,Linear SVM,recall,131,47,0.9952718676122931
4,S,Linear SVM,hit_rate,132,47,1.0
4,S,Linear SVM,recall,132,47,0.9952718676122931
4,S,Linear SVM,hit_rate,133,47,1.0
4,S,Linear SVM,recall,133,47,0.9952718676122931
4,S,Linear SVM,hit_rate,134,47,1.0
4,S,Linear SVM,recall,134,47,0.9976359338061465
4,S,Linear SVM,hit_rate,135,47,1.0
4,S,Linear SVM,recall,135,47,0.9976359338061465
4,S,Linear SVM,hit_rate,136,47,1.0
4,S,Linear SVM,recall,136,47,0.9976359338061465
4,S,Linear SVM,hit_rate,137,47,1.0
4,S,Linear SVM,recall,137,47,0.9976359338061465
4,S,Linear SVM,hit_rate,138,47,1.0
4,S,Linear SVM,recall,138,47,0.9976359338061465
4,S,Linear SVM,hit_rate,139,47,1.0
4,S,Linear SVM,recall,139,47,0.9976359338061465
4,S,Linear SVM,hit_rate,140,47,1.0
4,S,Linear SVM,recall,140,47,0.9976359338061465
4,S,Linear SVM,hit_rate,141,47,1.0
4,S,Linear SVM,recall,141,47,0.9976359338061465
4,S,Linear SVM,hit_rate,142,47,1.0
4,S,Linear SVM,recall,142,47,0.9976359338061465
4,S,Linear SVM,hit_rate,143,47,1.0
4,S,Linear SVM,recall,143,47,0.9976359338061465
4,S,Linear SVM,hit_rate,144,47,1.0
4,S,Linear SVM,recall,144,47,0.9976359338061465
4,S,Linear SVM,hit_rate,145,47,1.0
4,S,Linear SVM,recall,145,47,0.9976359338061465
4,S,Linear SVM,hit_rate,146,47,1.0
4,S,Linear SVM,recall,146,47,0.9976359338061465
4,S,Linear SVM,hit_rate,147,47,1.0
4,S,Linear SVM,recall,147,47,0.9976359338061465
4,S,Linear SVM,hit_rate,148,47,1.0
4,S,Linear SVM,recall,148,47,0.9976359338061465
4,S,Linear SVM,hit_rate,149,47,1.0
4,S,Linear SVM,recall,149,47,0.9976359338061465
4,S,Linear SVM,hit_rate,150,47,1.0
4,S,Linear SVM,recall,150,47,0.9976359338061465
4,S,Random forest,hit_rate,5,47,0.6595744680851063
4,S,Random forest,recall,5,47,0.3004979355309509
4,S,Random forest,hit_rate,6,47,0.7021276595744681
4,S,Random forest,recall,6,47,0.3412336895462354
4,S,Random forest,hit_rate,7,47,0.7446808510638298
4,S,Random forest,recall,7,47,0.38927683278380265
4,S,Random forest,hit_rate,8,47,0.7659574468085106
4,S,Random forest,recall,8,47,0.4487055959176282
4,S,Random forest,hit_rate,9,47,0.7872340425531915
4,S,Random forest,recall,9,47,0.4817369188242263
4,S,Random forest,hit_rate,10,47,0.8085106382978723
4,S,Random forest,recall,10,47,0.49982062040022424
4,S,Random forest,hit_rate,11,47,0.8723404255319149
4,S,Random forest,recall,11,47,0.5501506686026129
4,S,Random forest,hit_rate,12,47,0.8723404255319149
4,S,Random forest,recall,12,47,0.5821836596598152
4,S,Random forest,hit_rate,13,47,0.8723404255319149
4,S,Random forest,recall,13,47,0.6051693422199659
4,S,Random forest,hit_rate,14,47,0.8723404255319149
4,S,Random forest,recall,14,47,0.6387208970481164
4,S,Random forest,hit_rate,15,47,0.8723404255319149
4,S,Random forest,recall,15,47,0.6621407396168951
4,S,Random forest,hit_rate,16,47,0.8936170212765957
4,S,Random forest,recall,16,47,0.6873030993353811
4,S,Random forest,hit_rate,17,47,0.8936170212765957
4,S,Random forest,recall,17,47,0.70339627764426
4,S,Random forest,hit_rate,18,47,0.9148936170212766
4,S,Random forest,recall,18,47,0.740721021865556
4,S,Random forest,hit_rate,19,47,0.9148936170212766
4,S,Random forest,recall,19,47,0.7528382706665905
4,S,Random forest,hit_rate,20,47,0.9148936170212766
4,S,Random forest,recall,20,47,0.765512121638314
4,S,Random forest,hit_rate,21,47,0.9148936170212766
4,S,Random forest,recall,21,47,0.7846091003097606
4,S,Random forest,hit_rate,22,47,0.9148936170212766
4,S,Random forest,recall,22,47,0.793911984594303
4,S,Random forest,hit_rate,23,47,0.9148936170212766
4,S,Random forest,recall,23,47,0.800006599199556
4,S,Random forest,hit_rate,24,47,0.9148936170212766
4,S,Random forest,recall,24,47,0.8029447957547737
4,S,Random forest,hit_rate,25,47,0.9148936170212766
4,S,Random forest,recall,25,47,0.8130202207238157
4,S,Random forest,hit_rate,26,47,0.9148936170212766
4,S,Random forest,recall,26,47,0.818660207214866
4,S,Random forest,hit_rate,27,47,0.9148936170212766
4,S,Random forest,recall,27,47,0.8268238052537392
4,S,Random forest,hit_rate,28,47,0.9361702127659575
4,S,Random forest,recall,28,47,0.8322273851254042
4,S,Random forest,hit_rate,29,47,0.9361702127659575
4,S,Random forest,recall,29,47,0.8348728877709067
4,S,Random forest,hit_rate,30,47,0.9361702127659575
4,S,Random forest,recall,30,47,0.8479427965854963
4,S,Random forest,hit_rate,31,47,0.9361702127659575
4,S,Random forest,recall,31,47,0.8504326357591213
4,S,Random forest,hit_rate,32,47,0.9574468085106383
4,S,Random forest,recall,32,47,0.8575248343406816
4,S,Random forest,hit_rate,33,47,0.9574468085106383
4,S,Random forest,recall,33,47,0.8589432740569938
4,S,Random forest,hit_rate,34,47,0.9574468085106383
4,S,Random forest,recall,34,47,0.870707317735931
4,S,Random forest,hit_rate,35,47,0.9574468085106383
4,S,Random forest,recall,35,47,0.8811786946783278
4,S,Random forest,hit_rate,36,47,0.9574468085106383
4,S,Random forest,recall,36,47,0.8823044404849247
4,S,Random forest,hit_rate,37,47,0.9574468085106383
4,S,Random forest,recall,37,47,0.8841619210658096
4,S,Random forest,hit_rate,38,47,0.9574468085106383
4,S,Random forest,recall,38,47,0.8888244496461665
4,S,Random forest,hit_rate,39,47,0.9574468085106383
4,S,Random forest,recall,39,47,0.8912898329626135
4,S,Random forest,hit_rate,40,47,0.9574468085106383
4,S,Random forest,recall,40,47,0.8958491034793311
4,S,Random forest,hit_rate,41,47,0.9574468085106383
4,S,Random forest,recall,41,47,0.8958491034793311
4,S,Random forest,hit_rate,42,47,0.9574468085106383
4,S,Random forest,recall,42,47,0.9012526833509958
4,S,Random forest,hit_rate,43,47,0.9787234042553191
4,S,Random forest,recall,43,47,0.9069095560291452
4,S,Random forest,hit_rate,44,47,0.9787234042553191
4,S,Random forest,recall,44,47,0.9099510106480027
4,S,Random forest,hit_rate,45,47,0.9787234042553191
4,S,Random forest,recall,45,47,0.9134971099387827
4,S,Random forest,hit_rate,46,47,0.9787234042553191
4,S,Random forest,recall,46,47,0.9138348336807617
4,S,Random forest,hit_rate,47,47,0.9787234042553191
4,S,Random forest,recall,47,47,0.9146228557453795
4,S,Random forest,hit_rate,48,47,0.9787234042553191
4,S,Random forest,recall,48,47,0.9156942552026925
4,S,Random forest,hit_rate,49,47,0.9787234042553191
4,S,Random forest,recall,49,47,0.9160319789446715
4,S,Random forest,hit_rate,50,47,0.9787234042553191
4,S,Random forest,recall,50,47,0.9170451501706087
4,S,Random forest,hit_rate,51,47,0.9787234042553191
4,S,Random forest,recall,51,47,0.9180583213965459
4,S,Random forest,hit_rate,52,47,0.9787234042553191
4,S,Random forest,recall,52,47,0.9226758201446389
4,S,Random forest,hit_rate,53,47,0.9787234042553191
4,S,Random forest,recall,53,47,0.9265596431773981
4,S,Random forest,hit_rate,54,47,0.9787234042553191
4,S,Random forest,recall,54,47,0.927631042634711
4,S,Random forest,hit_rate,55,47,0.9787234042553191
4,S,Random forest,recall,55,47,0.9279687663766901
4,S,Random forest,hit_rate,56,47,0.9787234042553191
4,S,Random forest,recall,56,47,0.9290945121832869
4,S,Random forest,hit_rate,57,47,0.9787234042553191
4,S,Random forest,recall,57,47,0.9308957054738418
4,S,Random forest,hit_rate,58,47,0.9787234042553191
4,S,Random forest,recall,58,47,0.9322466004417581
4,S,Random forest,hit_rate,59,47,0.9787234042553191
4,S,Random forest,recall,59,47,0.933317999899071
4,S,Random forest,hit_rate,60,47,0.9787234042553191
4,S,Random forest,recall,60,47,0.9354569169316052
4,S,Random forest,hit_rate,61,47,0.9787234042553191
4,S,Random forest,recall,61,47,0.9354569169316052
4,S,Random forest,hit_rate,62,47,0.9787234042553191
4,S,Random forest,recall,62,47,0.9411137896097543
4,S,Random forest,hit_rate,63,47,0.9787234042553191
4,S,Random forest,recall,63,47,0.9424646845776705
4,S,Random forest,hit_rate,64,47,0.9787234042553191
4,S,Random forest,recall,64,47,0.9435360840349836
4,S,Random forest,hit_rate,65,47,0.9787234042553191
4,S,Random forest,recall,65,47,0.9446074834922964
4,S,Random forest,hit_rate,66,47,0.9787234042553191
4,S,Random forest,recall,66,47,0.9456788829496092
4,S,Random forest,hit_rate,67,47,0.9787234042553191
4,S,Random forest,recall,67,47,0.9460166066915885
4,S,Random forest,hit_rate,68,47,0.9787234042553191
4,S,Random forest,recall,68,47,0.9467502824069222
4,S,Random forest,hit_rate,69,47,0.9787234042553191
4,S,Random forest,recall,69,47,0.9467502824069222
4,S,Random forest,hit_rate,70,47,0.9787234042553191
4,S,Random forest,recall,70,47,0.94962287515479
4,S,Random forest,hit_rate,71,47,0.9787234042553191
4,S,Random forest,recall,71,47,0.9499605988967692
4,S,Random forest,hit_rate,72,47,0.9787234042553191
4,S,Random forest,recall,72,47,0.9517617921873242
4,S,Random forest,hit_rate,73,47,0.9787234042553191
4,S,Random forest,recall,73,47,0.9570809411234944
4,S,Random forest,hit_rate,74,47,0.9787234042553191
4,S,Random forest,recall,74,47,0.9578689631881122
4,S,Random forest,hit_rate,75,47,0.9787234042553191
4,S,Random forest,recall,75,47,0.9582066869300914
4,S,Random forest,hit_rate,76,47,0.9787234042553191
4,S,Random forest,recall,76,47,0.9585444106720703
4,S,Random forest,hit_rate,77,47,0.9787234042553191
4,S,Random forest,recall,77,47,0.9598953056399865
4,S,Random forest,hit_rate,78,47,0.9787234042553191
4,S,Random forest,recall,78,47,0.9609084768659238
4,S,Random forest,hit_rate,79,47,0.9787234042553191
4,S,Random forest,recall,79,47,0.9683665428346281
4,S,Random forest,hit_rate,80,47,0.9787234042553191
4,S,Random forest,recall,80,47,0.9691545648992458
4,S,Random forest,hit_rate,81,47,0.9787234042553191
4,S,Random forest,recall,81,47,0.970505459867162
4,S,Random forest,hit_rate,82,47,0.9787234042553191
4,S,Random forest,recall,82,47,0.9718563548350783
4,S,Random forest,hit_rate,83,47,0.9787234042553191
4,S,Random forest,recall,83,47,0.9721940785770574
4,S,Random forest,hit_rate,84,47,0.9787234042553191
4,S,Random forest,recall,84,47,0.9725318023190364
4,S,Random forest,hit_rate,85,47,0.9787234042553191
4,S,Random forest,recall,85,47,0.9736575481256332
4,S,Random forest,hit_rate,86,47,0.9787234042553191
4,S,Random forest,recall,86,47,0.9736575481256332
4,S,Random forest,hit_rate,87,47,0.9787234042553191
4,S,Random forest,recall,87,47,0.974445570190251
4,S,Random forest,hit_rate,88,47,0.9787234042553191
4,S,Random forest,recall,88,47,0.9752335922548688
4,S,Random forest,hit_rate,89,47,0.9787234042553191
4,S,Random forest,recall,89,47,0.9755713159968479
4,S,Random forest,hit_rate,90,47,0.9787234042553191
4,S,Random forest,recall,90,47,0.9766970618034448
4,S,Random forest,hit_rate,91,47,0.9787234042553191
4,S,Random forest,recall,91,47,0.9770347855454239
4,S,Random forest,hit_rate,92,47,0.9787234042553191
4,S,Random forest,recall,92,47,0.9773725092874029
4,S,Random forest,hit_rate,93,47,0.9787234042553191
4,S,Random forest,recall,93,47,0.9777102330293819
4,S,Random forest,hit_rate,94,47,0.9787234042553191
4,S,Random forest,recall,94,47,0.978047956771361
4,S,Random forest,hit_rate,95,47,0.9787234042553191
4,S,Random forest,recall,95,47,0.9783856805133402
4,S,Random forest,hit_rate,96,47,0.9787234042553191
4,S,Random forest,recall,96,47,0.9787234042553191
4,S,Random forest,hit_rate,97,47,0.9787234042553191
4,S,Random forest,recall,97,47,0.9787234042553191
4,S,Random forest,hit_rate,98,47,0.9787234042553191
4,S,Random forest,recall,98,47,0.9787234042553191
4,S,Random forest,hit_rate,99,47,0.9787234042553191
4,S,Random forest,recall,99,47,0.9787234042553191
4,S,Random forest,hit_rate,100,47,0.9787234042553191
4,S,Random forest,recall,100,47,0.9787234042553191
4,S,Random forest,hit_rate,101,47,0.9787234042553191
4,S,Random forest,recall,101,47,0.9787234042553191
4,S,Random forest,hit_rate,102,47,0.9787234042553191
4,S,Random forest,recall,102,47,0.9787234042553191
4,S,Random forest,hit_rate,103,47,0.9787234042553191
4,S,Random forest,recall,103,47,0.9787234042553191
4,S,Random forest,hit_rate,104,47,0.9787234042553191
4,S,Random forest,recall,104,47,0.9787234042553191
4,S,Random forest,hit_rate,105,47,0.9787234042553191
4,S,Random forest,recall,105,47,0.9787234042553191
4,S,Random forest,hit_rate,106,47,0.9787234042553191
4,S,Random forest,recall,106,47,0.9787234042553191
4,S,Random forest,hit_rate,107,47,0.9787234042553191
4,S,Random forest,recall,107,47,0.9787234042553191
4,S,Random forest,hit_rate,108,47,0.9787234042553191
4,S,Random forest,recall,108,47,0.9787234042553191
4,S,Random forest,hit_rate,109,47,0.9787234042553191
4,S,Random forest,recall,109,47,0.9787234042553191
4,S,Random forest,hit_rate,110,47,0.9787234042553191
4,S,Random forest,recall,110,47,0.9787234042553191
4,S,Random forest,hit_rate,111,47,0.9787234042553191
4,S,Random forest,recall,111,47,0.9787234042553191
4,S,Random forest,hit_rate,112,47,0.9787234042553191
4,S,Random forest,recall,112,47,0.9787234042553191
4,S,Random forest,hit_rate,113,47,0.9787234042553191
4,S,Random forest,recall,113,47,0.9787234042553191
4,S,Random forest,hit_rate,114,47,0.9787234042553191
4,S,Random forest,recall,114,47,0.9787234042553191
4,S,Random forest,hit_rate,115,47,0.9787234042553191
4,S,Random forest,recall,115,47,0.9787234042553191
4,S,Random forest,hit_rate,116,47,0.9787234042553191
4,S,Random forest,recall,116,47,0.9787234042553191
4,S,Random forest,hit_rate,117,47,0.9787234042553191
4,S,Random forest,recall,117,47,0.9787234042553191
4,S,Random forest,hit_rate,118,47,0.9787234042553191
4,S,Random forest,recall,118,47,0.9787234042553191
4,S,Random forest,hit_rate,119,47,0.9787234042553191
4,S,Random forest,recall,119,47,0.9787234042553191
4,S,Random forest,hit_rate,120,47,0.9787234042553191
4,S,Random forest,recall,120,47,0.9787234042553191
4,S,Random forest,hit_rate,121,47,1.0
4,S,Random forest,recall,121,47,0.9810874704491727
4,S,Random forest,hit_rate,122,47,1.0
4,S,Random forest,recall,122,47,0.9810874704491727
4,S,Random forest,hit_rate,123,47,1.0
4,S,Random forest,recall,123,47,0.9810874704491727
4,S,Random forest,hit_rate,124,47,1.0
4,S,Random forest,recall,124,47,0.9810874704491727
4,S,Random forest,hit_rate,125,47,1.0
4,S,Random forest,recall,125,47,0.9810874704491727
4,S,Random forest,hit_rate,126,47,1.0
4,S,Random forest,recall,126,47,0.9810874704491727
4,S,Random forest,hit_rate,127,47,1.0
4,S,Random forest,recall,127,47,0.9810874704491727
4,S,Random forest,hit_rate,128,47,1.0
4,S,Random forest,recall,128,47,0.9810874704491727
4,S,Random forest,hit_rate,129,47,1.0
4,S,Random forest,recall,129,47,0.983451536643026
4,S,Random forest,hit_rate,130,47,1.0
4,S,Random forest,recall,130,47,0.983451536643026
4,S,Random forest,hit_rate,131,47,1.0
4,S,Random forest,recall,131,47,0.983451536643026
4,S,Random forest,hit_rate,132,47,1.0
4,S,Random forest,recall,132,47,0.983451536643026
4,S,Random forest,hit_rate,133,47,1.0
4,S,Random forest,recall,133,47,0.983451536643026
4,S,Random forest,hit_rate,134,47,1.0
4,S,Random forest,recall,134,47,0.983451536643026
4,S,Random forest,hit_rate,135,47,1.0
4,S,Random forest,recall,135,47,0.983451536643026
4,S,Random forest,hit_rate,136,47,1.0
4,S,Random forest,recall,136,47,0.983451536643026
4,S,Random forest,hit_rate,137,47,1.0
4,S,Random forest,recall,137,47,0.983451536643026
4,S,Random forest,hit_rate,138,47,1.0
4,S,Random forest,recall,138,47,0.983451536643026
4,S,Random forest,hit_rate,139,47,1.0
4,S,Random forest,recall,139,47,0.983451536643026
4,S,Random forest,hit_rate,140,47,1.0
4,S,Random forest,recall,140,47,0.983451536643026
4,S,Random forest,hit_rate,141,47,1.0
4,S,Random forest,recall,141,47,0.9858156028368793
4,S,Random forest,hit_rate,142,47,1.0
4,S,Random forest,recall,142,47,0.9858156028368793
4,S,Random forest,hit_rate,143,47,1.0
4,S,Random forest,recall,143,47,0.9858156028368793
4,S,Random forest,hit_rate,144,47,1.0
4,S,Random forest,recall,144,47,0.9858156028368793
4,S,Random forest,hit_rate,145,47,1.0
4,S,Random forest,recall,145,47,0.9858156028368793
4,S,Random forest,hit_rate,146,47,1.0
4,S,Random forest,recall,146,47,0.9858156028368793
4,S,Random forest,hit_rate,147,47,1.0
4,S,Random forest,recall,147,47,0.9858156028368793
4,S,Random forest,hit_rate,148,47,1.0
4,S,Random forest,recall,148,47,0.9858156028368793
4,S,Random forest,hit_rate,149,47,1.0
4,S,Random forest,recall,149,47,0.9858156028368793
4,S,Random forest,hit_rate,150,47,1.0
4,S,Random forest,recall,150,47,0.9858156028368793
4,F,UltraMS,hit_rate,5,34,0.9705882352941176
4,F,UltraMS,recall,5,34,0.5393663386407194
4,F,UltraMS,hit_rate,6,34,0.9705882352941176
4,F,UltraMS,recall,6,34,0.6016373654725048
4,F,UltraMS,hit_rate,7,34,0.9705882352941176
4,F,UltraMS,recall,7,34,0.6236422858617131
4,F,UltraMS,hit_rate,8,34,0.9705882352941176
4,F,UltraMS,recall,8,34,0.6887844611528823
4,F,UltraMS,hit_rate,9,34,0.9705882352941176
4,F,UltraMS,recall,9,34,0.7197455956066636
4,F,UltraMS,hit_rate,10,34,0.9705882352941176
4,F,UltraMS,recall,10,34,0.7665404319622586
4,F,UltraMS,hit_rate,11,34,0.9705882352941176
4,F,UltraMS,recall,11,34,0.7902960526315789
4,F,UltraMS,hit_rate,12,34,0.9705882352941176
4,F,UltraMS,recall,12,34,0.805578283945157
4,F,UltraMS,hit_rate,13,34,0.9705882352941176
4,F,UltraMS,recall,13,34,0.8193825556538404
4,F,UltraMS,hit_rate,14,34,0.9705882352941176
4,F,UltraMS,recall,14,34,0.8328353051747015
4,F,UltraMS,hit_rate,15,34,0.9705882352941176
4,F,UltraMS,recall,15,34,0.8579914860681114
4,F,UltraMS,hit_rate,16,34,0.9705882352941176
4,F,UltraMS,recall,16,34,0.8753045297066194
4,F,UltraMS,hit_rate,17,34,0.9705882352941176
4,F,UltraMS,recall,17,34,0.8832264484741266
4,F,UltraMS,hit_rate,18,34,0.9705882352941176
4,F,UltraMS,recall,18,34,0.8896151223647353
4,F,UltraMS,hit_rate,19,34,0.9705882352941176
4,F,UltraMS,recall,19,34,0.8940268870706177
4,F,UltraMS,hit_rate,20,34,0.9705882352941176
4,F,UltraMS,recall,20,34,0.8978871811882648
4,F,UltraMS,hit_rate,21,34,0.9705882352941176
4,F,UltraMS,recall,21,34,0.9002768870706177
4,F,UltraMS,hit_rate,22,34,0.9705882352941176
4,F,UltraMS,recall,22,34,0.9046886517765002
4,F,UltraMS,hit_rate,23,34,0.9705882352941176
4,F,UltraMS,recall,23,34,0.911139982308713
4,F,UltraMS,hit_rate,24,34,0.9705882352941176
4,F,UltraMS,recall,24,34,0.9157079279080053
4,F,UltraMS,hit_rate,25,34,0.9705882352941176
4,F,UltraMS,recall,25,34,0.9196456214064573
4,F,UltraMS,hit_rate,26,34,0.9705882352941176
4,F,UltraMS,recall,26,34,0.9220353272888102
4,F,UltraMS,hit_rate,27,34,0.9705882352941176
4,F,UltraMS,recall,27,34,0.9235833149049093
4,F,UltraMS,hit_rate,28,34,0.9705882352941176
4,F,UltraMS,recall,28,34,0.9265244913754976
4,F,UltraMS,hit_rate,29,34,0.9705882352941176
4,F,UltraMS,recall,29,34,0.9274436090225564
4,F,UltraMS,hit_rate,30,34,0.9705882352941176
4,F,UltraMS,recall,30,34,0.9274436090225564
4,F,UltraMS,hit_rate,31,34,0.9705882352941176
4,F,UltraMS,recall,31,34,0.9274436090225564
4,F,UltraMS,hit_rate,32,34,0.9705882352941176
4,F,UltraMS,recall,32,34,0.933404743476338
4,F,UltraMS,hit_rate,33,34,0.9705882352941176
4,F,UltraMS,recall,33,34,0.9379726890756303
4,F,UltraMS,hit_rate,34,34,0.9705882352941176
4,F,UltraMS,recall,34,34,0.9394432773109243
4,F,UltraMS,hit_rate,35,34,0.9705882352941176
4,F,UltraMS,recall,35,34,0.9423844537815126
4,F,UltraMS,hit_rate,36,34,0.9705882352941176
4,F,UltraMS,recall,36,34,0.9447741596638655
4,F,UltraMS,hit_rate,37,34,0.9705882352941176
4,F,UltraMS,recall,37,34,0.946875
4,F,UltraMS,hit_rate,38,34,0.9705882352941176
4,F,UltraMS,recall,38,34,0.948345588235294
4,F,UltraMS,hit_rate,39,34,0.9705882352941176
4,F,UltraMS,recall,39,34,0.9492647058823529
4,F,UltraMS,hit_rate,40,34,0.9705882352941176
4,F,UltraMS,recall,40,34,0.9492647058823529
4,F,UltraMS,hit_rate,41,34,0.9705882352941176
4,F,UltraMS,recall,41,34,0.951654411764706
4,F,UltraMS,hit_rate,42,34,0.9705882352941176
4,F,UltraMS,recall,42,34,0.9525735294117648
4,F,UltraMS,hit_rate,43,34,0.9705882352941176
4,F,UltraMS,recall,43,34,0.9525735294117648
4,F,UltraMS,hit_rate,44,34,0.9705882352941176
4,F,UltraMS,recall,44,34,0.9534926470588236
4,F,UltraMS,hit_rate,45,34,0.9705882352941176
4,F,UltraMS,recall,45,34,0.9549632352941176
4,F,UltraMS,hit_rate,46,34,0.9705882352941176
4,F,UltraMS,recall,46,34,0.9549632352941176
4,F,UltraMS,hit_rate,47,34,0.9705882352941176
4,F,UltraMS,recall,47,34,0.9549632352941176
4,F,UltraMS,hit_rate,48,34,0.9705882352941176
4,F,UltraMS,recall,48,34,0.9564338235294116
4,F,UltraMS,hit_rate,49,34,0.9705882352941176
4,F,UltraMS,recall,49,34,0.9573529411764705
4,F,UltraMS,hit_rate,50,34,0.9705882352941176
4,F,UltraMS,recall,50,34,0.9588235294117647
4,F,UltraMS,hit_rate,51,34,0.9705882352941176
4,F,UltraMS,recall,51,34,0.9588235294117647
4,F,UltraMS,hit_rate,52,34,0.9705882352941176
4,F,UltraMS,recall,52,34,0.9588235294117647
4,F,UltraMS,hit_rate,53,34,0.9705882352941176
4,F,UltraMS,recall,53,34,0.9602941176470587
4,F,UltraMS,hit_rate,54,34,0.9705882352941176
4,F,UltraMS,recall,54,34,0.9602941176470587
4,F,UltraMS,hit_rate,55,34,0.9705882352941176
4,F,UltraMS,recall,55,34,0.9602941176470587
4,F,UltraMS,hit_rate,56,34,0.9705882352941176
4,F,UltraMS,recall,56,34,0.9632352941176471
4,F,UltraMS,hit_rate,57,34,0.9705882352941176
4,F,UltraMS,recall,57,34,0.9632352941176471
4,F,UltraMS,hit_rate,58,34,0.9705882352941176
4,F,UltraMS,recall,58,34,0.9632352941176471
4,F,UltraMS,hit_rate,59,34,0.9705882352941176
4,F,UltraMS,recall,59,34,0.9632352941176471
4,F,UltraMS,hit_rate,60,34,0.9705882352941176
4,F,UltraMS,recall,60,34,0.9647058823529411
4,F,UltraMS,hit_rate,61,34,0.9705882352941176
4,F,UltraMS,recall,61,34,0.9647058823529411
4,F,UltraMS,hit_rate,62,34,0.9705882352941176
4,F,UltraMS,recall,62,34,0.9661764705882353
4,F,UltraMS,hit_rate,63,34,0.9705882352941176
4,F,UltraMS,recall,63,34,0.9676470588235294
4,F,UltraMS,hit_rate,64,34,0.9705882352941176
4,F,UltraMS,recall,64,34,0.9676470588235294
4,F,UltraMS,hit_rate,65,34,0.9705882352941176
4,F,UltraMS,recall,65,34,0.9676470588235294
4,F,UltraMS,hit_rate,66,34,0.9705882352941176
4,F,UltraMS,recall,66,34,0.9676470588235294
4,F,UltraMS,hit_rate,67,34,0.9705882352941176
4,F,UltraMS,recall,67,34,0.9676470588235294
4,F,UltraMS,hit_rate,68,34,0.9705882352941176
4,F,UltraMS,recall,68,34,0.9676470588235294
4,F,UltraMS,hit_rate,69,34,0.9705882352941176
4,F,UltraMS,recall,69,34,0.9676470588235294
4,F,UltraMS,hit_rate,70,34,0.9705882352941176
4,F,UltraMS,recall,70,34,0.9676470588235294
4,F,UltraMS,hit_rate,71,34,0.9705882352941176
4,F,UltraMS,recall,71,34,0.9691176470588236
4,F,UltraMS,hit_rate,72,34,0.9705882352941176
4,F,UltraMS,recall,72,34,0.9691176470588236
4,F,UltraMS,hit_rate,73,34,0.9705882352941176
4,F,UltraMS,recall,73,34,0.9705882352941176
4,F,UltraMS,hit_rate,74,34,0.9705882352941176
4,F,UltraMS,recall,74,34,0.9705882352941176
4,F,UltraMS,hit_rate,75,34,0.9705882352941176
4,F,UltraMS,recall,75,34,0.9705882352941176
4,F,UltraMS,hit_rate,76,34,0.9705882352941176
4,F,UltraMS,recall,76,34,0.9705882352941176
4,F,UltraMS,hit_rate,77,34,1.0
4,F,UltraMS,recall,77,34,1.0
4,F,UltraMS,hit_rate,78,34,1.0
4,F,UltraMS,recall,78,34,1.0
4,F,UltraMS,hit_rate,79,34,1.0
4,F,UltraMS,recall,79,34,1.0
4,F,UltraMS,hit_rate,80,34,1.0
4,F,UltraMS,recall,80,34,1.0
4,F,UltraMS,hit_rate,81,34,1.0
4,F,UltraMS,recall,81,34,1.0
4,F,UltraMS,hit_rate,82,34,1.0
4,F,UltraMS,recall,82,34,1.0
4,F,UltraMS,hit_rate,83,34,1.0
4,F,UltraMS,recall,83,34,1.0
4,F,UltraMS,hit_rate,84,34,1.0
4,F,UltraMS,recall,84,34,1.0
4,F,UltraMS,hit_rate,85,34,1.0
4,F,UltraMS,recall,85,34,1.0
4,F,UltraMS,hit_rate,86,34,1.0
4,F,UltraMS,recall,86,34,1.0
4,F,UltraMS,hit_rate,87,34,1.0
4,F,UltraMS,recall,87,34,1.0
4,F,UltraMS,hit_rate,88,34,1.0
4,F,UltraMS,recall,88,34,1.0
4,F,UltraMS,hit_rate,89,34,1.0
4,F,UltraMS,recall,89,34,1.0
4,F,UltraMS,hit_rate,90,34,1.0
4,F,UltraMS,recall,90,34,1.0
4,F,UltraMS,hit_rate,91,34,1.0
4,F,UltraMS,recall,91,34,1.0
4,F,UltraMS,hit_rate,92,34,1.0
4,F,UltraMS,recall,92,34,1.0
4,F,UltraMS,hit_rate,93,34,1.0
4,F,UltraMS,recall,93,34,1.0
4,F,UltraMS,hit_rate,94,34,1.0
4,F,UltraMS,recall,94,34,1.0
4,F,UltraMS,hit_rate,95,34,1.0
4,F,UltraMS,recall,95,34,1.0
4,F,UltraMS,hit_rate,96,34,1.0
4,F,UltraMS,recall,96,34,1.0
4,F,UltraMS,hit_rate,97,34,1.0
4,F,UltraMS,recall,97,34,1.0
4,F,UltraMS,hit_rate,98,34,1.0
4,F,UltraMS,recall,98,34,1.0
4,F,UltraMS,hit_rate,99,34,1.0
4,F,UltraMS,recall,99,34,1.0
4,F,UltraMS,hit_rate,100,34,1.0
4,F,UltraMS,recall,100,34,1.0
4,F,UltraMS,hit_rate,101,34,1.0
4,F,UltraMS,recall,101,34,1.0
4,F,UltraMS,hit_rate,102,34,1.0
4,F,UltraMS,recall,102,34,1.0
4,F,UltraMS,hit_rate,103,34,1.0
4,F,UltraMS,recall,103,34,1.0
4,F,UltraMS,hit_rate,104,34,1.0
4,F,UltraMS,recall,104,34,1.0
4,F,UltraMS,hit_rate,105,34,1.0
4,F,UltraMS,recall,105,34,1.0
4,F,UltraMS,hit_rate,106,34,1.0
4,F,UltraMS,recall,106,34,1.0
4,F,UltraMS,hit_rate,107,34,1.0
4,F,UltraMS,recall,107,34,1.0
4,F,UltraMS,hit_rate,108,34,1.0
4,F,UltraMS,recall,108,34,1.0
4,F,UltraMS,hit_rate,109,34,1.0
4,F,UltraMS,recall,109,34,1.0
4,F,UltraMS,hit_rate,110,34,1.0
4,F,UltraMS,recall,110,34,1.0
4,F,UltraMS,hit_rate,111,34,1.0
4,F,UltraMS,recall,111,34,1.0
4,F,UltraMS,hit_rate,112,34,1.0
4,F,UltraMS,recall,112,34,1.0
4,F,UltraMS,hit_rate,113,34,1.0
4,F,UltraMS,recall,113,34,1.0
4,F,UltraMS,hit_rate,114,34,1.0
4,F,UltraMS,recall,114,34,1.0
4,F,UltraMS,hit_rate,115,34,1.0
4,F,UltraMS,recall,115,34,1.0
4,F,UltraMS,hit_rate,116,34,1.0
4,F,UltraMS,recall,116,34,1.0
4,F,UltraMS,hit_rate,117,34,1.0
4,F,UltraMS,recall,117,34,1.0
4,F,UltraMS,hit_rate,118,34,1.0
4,F,UltraMS,recall,118,34,1.0
4,F,UltraMS,hit_rate,119,34,1.0
4,F,UltraMS,recall,119,34,1.0
4,F,UltraMS,hit_rate,120,34,1.0
4,F,UltraMS,recall,120,34,1.0
4,F,UltraMS,hit_rate,121,34,1.0
4,F,UltraMS,recall,121,34,1.0
4,F,UltraMS,hit_rate,122,34,1.0
4,F,UltraMS,recall,122,34,1.0
4,F,UltraMS,hit_rate,123,34,1.0
4,F,UltraMS,recall,123,34,1.0
4,F,UltraMS,hit_rate,124,34,1.0
4,F,UltraMS,recall,124,34,1.0
4,F,UltraMS,hit_rate,125,34,1.0
4,F,UltraMS,recall,125,34,1.0
4,F,UltraMS,hit_rate,126,34,1.0
4,F,UltraMS,recall,126,34,1.0
4,F,UltraMS,hit_rate,127,34,1.0
4,F,UltraMS,recall,127,34,1.0
4,F,UltraMS,hit_rate,128,34,1.0
4,F,UltraMS,recall,128,34,1.0
4,F,UltraMS,hit_rate,129,34,1.0
4,F,UltraMS,recall,129,34,1.0
4,F,UltraMS,hit_rate,130,34,1.0
4,F,UltraMS,recall,130,34,1.0
4,F,UltraMS,hit_rate,131,34,1.0
4,F,UltraMS,recall,131,34,1.0
4,F,UltraMS,hit_rate,132,34,1.0
4,F,UltraMS,recall,132,34,1.0
4,F,UltraMS,hit_rate,133,34,1.0
4,F,UltraMS,recall,133,34,1.0
4,F,UltraMS,hit_rate,134,34,1.0
4,F,UltraMS,recall,134,34,1.0
4,F,UltraMS,hit_rate,135,34,1.0
4,F,UltraMS,recall,135,34,1.0
4,F,UltraMS,hit_rate,136,34,1.0
4,F,UltraMS,recall,136,34,1.0
4,F,UltraMS,hit_rate,137,34,1.0
4,F,UltraMS,recall,137,34,1.0
4,F,UltraMS,hit_rate,138,34,1.0
4,F,UltraMS,recall,138,34,1.0
4,F,UltraMS,hit_rate,139,34,1.0
4,F,UltraMS,recall,139,34,1.0
4,F,UltraMS,hit_rate,140,34,1.0
4,F,UltraMS,recall,140,34,1.0
4,F,UltraMS,hit_rate,141,34,1.0
4,F,UltraMS,recall,141,34,1.0
4,F,UltraMS,hit_rate,142,34,1.0
4,F,UltraMS,recall,142,34,1.0
4,F,UltraMS,hit_rate,143,34,1.0
4,F,UltraMS,recall,143,34,1.0
4,F,UltraMS,hit_rate,144,34,1.0
4,F,UltraMS,recall,144,34,1.0
4,F,UltraMS,hit_rate,145,34,1.0
4,F,UltraMS,recall,145,34,1.0
4,F,UltraMS,hit_rate,146,34,1.0
4,F,UltraMS,recall,146,34,1.0
4,F,UltraMS,hit_rate,147,34,1.0
4,F,UltraMS,recall,147,34,1.0
4,F,UltraMS,hit_rate,148,34,1.0
4,F,UltraMS,recall,148,34,1.0
4,F,UltraMS,hit_rate,149,34,1.0
4,F,UltraMS,recall,149,34,1.0
4,F,UltraMS,hit_rate,150,34,1.0
4,F,UltraMS,recall,150,34,1.0
4,F,DreaMS,hit_rate,5,34,0.7647058823529411
4,F,DreaMS,recall,5,34,0.26387429971988796
4,F,DreaMS,hit_rate,6,34,0.8235294117647058
4,F,DreaMS,recall,6,34,0.3321516106442577
4,F,DreaMS,hit_rate,7,34,0.8823529411764706
4,F,DreaMS,recall,7,34,0.3689236878962111
4,F,DreaMS,hit_rate,8,34,0.8823529411764706
4,F,DreaMS,recall,8,34,0.39693489237800383
4,F,DreaMS,hit_rate,9,34,0.9117647058823529
4,F,DreaMS,recall,9,34,0.4402822313135781
4,F,DreaMS,hit_rate,10,34,0.9411764705882353
4,F,DreaMS,recall,10,34,0.4985542901371074
4,F,DreaMS,hit_rate,11,34,0.9411764705882353
4,F,DreaMS,recall,11,34,0.5605364514226744
4,F,DreaMS,hit_rate,12,34,0.9705882352941176
4,F,DreaMS,recall,12,34,0.601782950022114
4,F,DreaMS,hit_rate,13,34,0.9705882352941176
4,F,DreaMS,recall,13,34,0.6350462553442429
4,F,DreaMS,hit_rate,14,34,0.9705882352941176
4,F,DreaMS,recall,14,34,0.6511526979212736
4,F,DreaMS,hit_rate,15,34,0.9705882352941176
4,F,DreaMS,recall,15,34,0.677702067669173
4,F,DreaMS,hit_rate,16,34,0.9705882352941176
4,F,DreaMS,recall,16,34,0.6852738463806576
4,F,DreaMS,hit_rate,17,34,0.9705882352941176
4,F,DreaMS,recall,17,34,0.7034111012826183
4,F,DreaMS,hit_rate,18,34,0.9705882352941176
4,F,DreaMS,recall,18,34,0.7176429124281292
4,F,DreaMS,hit_rate,19,34,0.9705882352941176
4,F,DreaMS,recall,19,34,0.73578016733009
4,F,DreaMS,hit_rate,20,34,0.9705882352941176
4,F,DreaMS,recall,20,34,0.7426429124281292
4,F,DreaMS,hit_rate,21,34,0.9705882352941176
4,F,DreaMS,recall,21,34,0.7509149712516586
4,F,DreaMS,hit_rate,22,34,0.9705882352941176
4,F,DreaMS,recall,22,34,0.7587742333775616
4,F,DreaMS,hit_rate,23,34,0.9705882352941176
4,F,DreaMS,recall,23,34,0.7691457504054253
4,F,DreaMS,hit_rate,24,34,0.9705882352941176
4,F,DreaMS,recall,24,34,0.7912045739348371
4,F,DreaMS,hit_rate,25,34,0.9705882352941176
4,F,DreaMS,recall,25,34,0.7991264927023441
4,F,DreaMS,hit_rate,26,34,0.9705882352941176
4,F,DreaMS,recall,26,34,0.8106972394220846
4,F,DreaMS,hit_rate,27,34,0.9705882352941176
4,F,DreaMS,recall,27,34,0.8184791021671827
4,F,DreaMS,hit_rate,28,34,0.9705882352941176
4,F,DreaMS,recall,28,34,0.8258481682146543
4,F,DreaMS,hit_rate,29,34,0.9705882352941176
4,F,DreaMS,recall,29,34,0.8333572902845349
4,F,DreaMS,hit_rate,30,34,1.0
4,F,DreaMS,recall,30,34,0.8470215059708094
4,F,DreaMS,hit_rate,31,34,1.0
4,F,DreaMS,recall,31,34,0.8494112118531624
4,F,DreaMS,hit_rate,32,34,1.0
4,F,DreaMS,recall,32,34,0.8618222947073566
4,F,DreaMS,hit_rate,33,34,1.0
4,F,DreaMS,recall,33,34,0.8658839193572165
4,F,DreaMS,hit_rate,34,34,1.0
4,F,DreaMS,recall,34,34,0.8683510246203745
4,F,DreaMS,hit_rate,35,34,1.0
4,F,DreaMS,recall,35,34,0.8729189702196668
4,F,DreaMS,hit_rate,36,34,1.0
4,F,DreaMS,recall,36,34,0.8809182883679787
4,F,DreaMS,hit_rate,37,34,1.0
4,F,DreaMS,recall,37,34,0.8874470182809967
4,F,DreaMS,hit_rate,38,34,1.0
4,F,DreaMS,recall,38,34,0.895999189149344
4,F,DreaMS,hit_rate,39,34,1.0
4,F,DreaMS,recall,39,34,0.8990177650007372
4,F,DreaMS,hit_rate,40,34,1.0
4,F,DreaMS,recall,40,34,0.901484870263895
4,F,DreaMS,hit_rate,41,34,1.0
4,F,DreaMS,recall,41,34,0.905422563762347
4,F,DreaMS,hit_rate,42,34,1.0
4,F,DreaMS,recall,42,34,0.9098504533392304
4,F,DreaMS,hit_rate,43,34,1.0
4,F,DreaMS,recall,43,34,0.9137107474568775
4,F,DreaMS,hit_rate,44,34,1.0
4,F,DreaMS,recall,44,34,0.9161778527200353
4,F,DreaMS,hit_rate,45,34,1.0
4,F,DreaMS,recall,45,34,0.9170969703670941
4,F,DreaMS,hit_rate,46,34,1.0
4,F,DreaMS,recall,46,34,0.9195640756302521
4,F,DreaMS,hit_rate,47,34,1.0
4,F,DreaMS,recall,47,34,0.9204831932773109
4,F,DreaMS,hit_rate,48,34,1.0
4,F,DreaMS,recall,48,34,0.9248336834733893
4,F,DreaMS,hit_rate,49,34,1.0
4,F,DreaMS,recall,49,34,0.9277135854341738
4,F,DreaMS,hit_rate,50,34,1.0
4,F,DreaMS,recall,50,34,0.9277135854341738
4,F,DreaMS,hit_rate,51,34,1.0
4,F,DreaMS,recall,51,34,0.930593487394958
4,F,DreaMS,hit_rate,52,34,1.0
4,F,DreaMS,recall,52,34,0.9329831932773109
4,F,DreaMS,hit_rate,53,34,1.0
4,F,DreaMS,recall,53,34,0.9371848739495798
4,F,DreaMS,hit_rate,54,34,1.0
4,F,DreaMS,recall,54,34,0.9401260504201681
4,F,DreaMS,hit_rate,55,34,1.0
4,F,DreaMS,recall,55,34,0.9401260504201681
4,F,DreaMS,hit_rate,56,34,1.0
4,F,DreaMS,recall,56,34,0.9415966386554624
4,F,DreaMS,hit_rate,57,34,1.0
4,F,DreaMS,recall,57,34,0.9472689075630252
4,F,DreaMS,hit_rate,58,34,1.0
4,F,DreaMS,recall,58,34,0.9492296918767508
4,F,DreaMS,hit_rate,59,34,1.0
4,F,DreaMS,recall,59,34,0.9507002801120448
4,F,DreaMS,hit_rate,60,34,1.0
4,F,DreaMS,recall,60,34,0.9507002801120448
4,F,DreaMS,hit_rate,61,34,1.0
4,F,DreaMS,recall,61,34,0.952170868347339
4,F,DreaMS,hit_rate,62,34,1.0
4,F,DreaMS,recall,62,34,0.9598039215686275
4,F,DreaMS,hit_rate,63,34,1.0
4,F,DreaMS,recall,63,34,0.9612745098039217
4,F,DreaMS,hit_rate,64,34,1.0
4,F,DreaMS,recall,64,34,0.9627450980392157
4,F,DreaMS,hit_rate,65,34,1.0
4,F,DreaMS,recall,65,34,0.9627450980392157
4,F,DreaMS,hit_rate,66,34,1.0
4,F,DreaMS,recall,66,34,0.9740196078431372
4,F,DreaMS,hit_rate,67,34,1.0
4,F,DreaMS,recall,67,34,0.9740196078431372
4,F,DreaMS,hit_rate,68,34,1.0
4,F,DreaMS,recall,68,34,0.9754901960784313
4,F,DreaMS,hit_rate,69,34,1.0
4,F,DreaMS,recall,69,34,0.9754901960784313
4,F,DreaMS,hit_rate,70,34,1.0
4,F,DreaMS,recall,70,34,0.9784313725490196
4,F,DreaMS,hit_rate,71,34,1.0
4,F,DreaMS,recall,71,34,0.9784313725490196
4,F,DreaMS,hit_rate,72,34,1.0
4,F,DreaMS,recall,72,34,0.9799019607843136
4,F,DreaMS,hit_rate,73,34,1.0
4,F,DreaMS,recall,73,34,0.9799019607843136
4,F,DreaMS,hit_rate,74,34,1.0
4,F,DreaMS,recall,74,34,0.9799019607843136
4,F,DreaMS,hit_rate,75,34,1.0
4,F,DreaMS,recall,75,34,0.9813725490196079
4,F,DreaMS,hit_rate,76,34,1.0
4,F,DreaMS,recall,76,34,0.9828431372549019
4,F,DreaMS,hit_rate,77,34,1.0
4,F,DreaMS,recall,77,34,0.9828431372549019
4,F,DreaMS,hit_rate,78,34,1.0
4,F,DreaMS,recall,78,34,0.9843137254901961
4,F,DreaMS,hit_rate,79,34,1.0
4,F,DreaMS,recall,79,34,0.9843137254901961
4,F,DreaMS,hit_rate,80,34,1.0
4,F,DreaMS,recall,80,34,0.9857843137254901
4,F,DreaMS,hit_rate,81,34,1.0
4,F,DreaMS,recall,81,34,0.9857843137254901
4,F,DreaMS,hit_rate,82,34,1.0
4,F,DreaMS,recall,82,34,0.9872549019607842
4,F,DreaMS,hit_rate,83,34,1.0
4,F,DreaMS,recall,83,34,0.9872549019607842
4,F,DreaMS,hit_rate,84,34,1.0
4,F,DreaMS,recall,84,34,0.9872549019607842
4,F,DreaMS,hit_rate,85,34,1.0
4,F,DreaMS,recall,85,34,0.9872549019607842
4,F,DreaMS,hit_rate,86,34,1.0
4,F,DreaMS,recall,86,34,0.9872549019607842
4,F,DreaMS,hit_rate,87,34,1.0
4,F,DreaMS,recall,87,34,0.9872549019607842
4,F,DreaMS,hit_rate,88,34,1.0
4,F,DreaMS,recall,88,34,0.9872549019607842
4,F,DreaMS,hit_rate,89,34,1.0
4,F,DreaMS,recall,89,34,0.9887254901960785
4,F,DreaMS,hit_rate,90,34,1.0
4,F,DreaMS,recall,90,34,0.9887254901960785
4,F,DreaMS,hit_rate,91,34,1.0
4,F,DreaMS,recall,91,34,0.9901960784313725
4,F,DreaMS,hit_rate,92,34,1.0
4,F,DreaMS,recall,92,34,0.9901960784313725
4,F,DreaMS,hit_rate,93,34,1.0
4,F,DreaMS,recall,93,34,0.9901960784313725
4,F,DreaMS,hit_rate,94,34,1.0
4,F,DreaMS,recall,94,34,0.9901960784313725
4,F,DreaMS,hit_rate,95,34,1.0
4,F,DreaMS,recall,95,34,0.9901960784313725
4,F,DreaMS,hit_rate,96,34,1.0
4,F,DreaMS,recall,96,34,0.9901960784313725
4,F,DreaMS,hit_rate,97,34,1.0
4,F,DreaMS,recall,97,34,0.9901960784313725
4,F,DreaMS,hit_rate,98,34,1.0
4,F,DreaMS,recall,98,34,0.9901960784313725
4,F,DreaMS,hit_rate,99,34,1.0
4,F,DreaMS,recall,99,34,0.9901960784313725
4,F,DreaMS,hit_rate,100,34,1.0
4,F,DreaMS,recall,100,34,0.9901960784313725
4,F,DreaMS,hit_rate,101,34,1.0
4,F,DreaMS,recall,101,34,0.9901960784313725
4,F,DreaMS,hit_rate,102,34,1.0
4,F,DreaMS,recall,102,34,0.9901960784313725
4,F,DreaMS,hit_rate,103,34,1.0
4,F,DreaMS,recall,103,34,0.9901960784313725
4,F,DreaMS,hit_rate,104,34,1.0
4,F,DreaMS,recall,104,34,0.9901960784313725
4,F,DreaMS,hit_rate,105,34,1.0
4,F,DreaMS,recall,105,34,0.9901960784313725
4,F,DreaMS,hit_rate,106,34,1.0
4,F,DreaMS,recall,106,34,0.9901960784313725
4,F,DreaMS,hit_rate,107,34,1.0
4,F,DreaMS,recall,107,34,0.9901960784313725
4,F,DreaMS,hit_rate,108,34,1.0
4,F,DreaMS,recall,108,34,0.9901960784313725
4,F,DreaMS,hit_rate,109,34,1.0
4,F,DreaMS,recall,109,34,1.0
4,F,DreaMS,hit_rate,110,34,1.0
4,F,DreaMS,recall,110,34,1.0
4,F,DreaMS,hit_rate,111,34,1.0
4,F,DreaMS,recall,111,34,1.0
4,F,DreaMS,hit_rate,112,34,1.0
4,F,DreaMS,recall,112,34,1.0
4,F,DreaMS,hit_rate,113,34,1.0
4,F,DreaMS,recall,113,34,1.0
4,F,DreaMS,hit_rate,114,34,1.0
4,F,DreaMS,recall,114,34,1.0
4,F,DreaMS,hit_rate,115,34,1.0
4,F,DreaMS,recall,115,34,1.0
4,F,DreaMS,hit_rate,116,34,1.0
4,F,DreaMS,recall,116,34,1.0
4,F,DreaMS,hit_rate,117,34,1.0
4,F,DreaMS,recall,117,34,1.0
4,F,DreaMS,hit_rate,118,34,1.0
4,F,DreaMS,recall,118,34,1.0
4,F,DreaMS,hit_rate,119,34,1.0
4,F,DreaMS,recall,119,34,1.0
4,F,DreaMS,hit_rate,120,34,1.0
4,F,DreaMS,recall,120,34,1.0
4,F,DreaMS,hit_rate,121,34,1.0
4,F,DreaMS,recall,121,34,1.0
4,F,DreaMS,hit_rate,122,34,1.0
4,F,DreaMS,recall,122,34,1.0
4,F,DreaMS,hit_rate,123,34,1.0
4,F,DreaMS,recall,123,34,1.0
4,F,DreaMS,hit_rate,124,34,1.0
4,F,DreaMS,recall,124,34,1.0
4,F,DreaMS,hit_rate,125,34,1.0
4,F,DreaMS,recall,125,34,1.0
4,F,DreaMS,hit_rate,126,34,1.0
4,F,DreaMS,recall,126,34,1.0
4,F,DreaMS,hit_rate,127,34,1.0
4,F,DreaMS,recall,127,34,1.0
4,F,DreaMS,hit_rate,128,34,1.0
4,F,DreaMS,recall,128,34,1.0
4,F,DreaMS,hit_rate,129,34,1.0
4,F,DreaMS,recall,129,34,1.0
4,F,DreaMS,hit_rate,130,34,1.0
4,F,DreaMS,recall,130,34,1.0
4,F,DreaMS,hit_rate,131,34,1.0
4,F,DreaMS,recall,131,34,1.0
4,F,DreaMS,hit_rate,132,34,1.0
4,F,DreaMS,recall,132,34,1.0
4,F,DreaMS,hit_rate,133,34,1.0
4,F,DreaMS,recall,133,34,1.0
4,F,DreaMS,hit_rate,134,34,1.0
4,F,DreaMS,recall,134,34,1.0
4,F,DreaMS,hit_rate,135,34,1.0
4,F,DreaMS,recall,135,34,1.0
4,F,DreaMS,hit_rate,136,34,1.0
4,F,DreaMS,recall,136,34,1.0
4,F,DreaMS,hit_rate,137,34,1.0
4,F,DreaMS,recall,137,34,1.0
4,F,DreaMS,hit_rate,138,34,1.0
4,F,DreaMS,recall,138,34,1.0
4,F,DreaMS,hit_rate,139,34,1.0
4,F,DreaMS,recall,139,34,1.0
4,F,DreaMS,hit_rate,140,34,1.0
4,F,DreaMS,recall,140,34,1.0
4,F,DreaMS,hit_rate,141,34,1.0
4,F,DreaMS,recall,141,34,1.0
4,F,DreaMS,hit_rate,142,34,1.0
4,F,DreaMS,recall,142,34,1.0
4,F,DreaMS,hit_rate,143,34,1.0
4,F,DreaMS,recall,143,34,1.0
4,F,DreaMS,hit_rate,144,34,1.0
4,F,DreaMS,recall,144,34,1.0
4,F,DreaMS,hit_rate,145,34,1.0
4,F,DreaMS,recall,145,34,1.0
4,F,DreaMS,hit_rate,146,34,1.0
4,F,DreaMS,recall,146,34,1.0
4,F,DreaMS,hit_rate,147,34,1.0
4,F,DreaMS,recall,147,34,1.0
4,F,DreaMS,hit_rate,148,34,1.0
4,F,DreaMS,recall,148,34,1.0
4,F,DreaMS,hit_rate,149,34,1.0
4,F,DreaMS,recall,149,34,1.0
4,F,DreaMS,hit_rate,150,34,1.0
4,F,DreaMS,recall,150,34,1.0
4,F,Linear SVM,hit_rate,5,34,0.9411764705882353
4,F,Linear SVM,recall,5,34,0.40684984520123846
4,F,Linear SVM,hit_rate,6,34,0.9411764705882353
4,F,Linear SVM,recall,6,34,0.45181658189591634
4,F,Linear SVM,hit_rate,7,34,0.9411764705882353
4,F,Linear SVM,recall,7,34,0.512687048503612
4,F,Linear SVM,hit_rate,8,34,0.9411764705882353
4,F,Linear SVM,recall,8,34,0.5296338272150966
4,F,Linear SVM,hit_rate,9,34,0.9411764705882353
4,F,Linear SVM,recall,9,34,0.57046891124871
4,F,Linear SVM,hit_rate,10,34,0.9411764705882353
4,F,Linear SVM,recall,10,34,0.6290911101282618
4,F,Linear SVM,hit_rate,11,34,0.9411764705882353
4,F,Linear SVM,recall,11,34,0.660892580716497
4,F,Linear SVM,hit_rate,12,34,0.9705882352941176
4,F,Linear SVM,recall,12,34,0.6853323566268612
4,F,Linear SVM,hit_rate,13,34,0.9705882352941176
4,F,Linear SVM,recall,13,34,0.699984335839599
4,F,Linear SVM,hit_rate,14,34,0.9705882352941176
4,F,Linear SVM,recall,14,34,0.7143400781365177
4,F,Linear SVM,hit_rate,15,34,1.0
4,F,Linear SVM,recall,15,34,0.7424213106295149
4,F,Linear SVM,hit_rate,16,34,1.0
4,F,Linear SVM,recall,16,34,0.7597182293970219
4,F,Linear SVM,hit_rate,17,34,1.0
4,F,Linear SVM,recall,17,34,0.7675613666519239
4,F,Linear SVM,hit_rate,18,34,1.0
4,F,Linear SVM,recall,18,34,0.7857147464248857
4,F,Linear SVM,hit_rate,19,34,1.0
4,F,Linear SVM,recall,19,34,0.8013397464248858
4,F,Linear SVM,hit_rate,20,34,1.0
4,F,Linear SVM,recall,20,34,0.8146524399233378
4,F,Linear SVM,hit_rate,21,34,1.0
4,F,Linear SVM,recall,21,34,0.8235533687159073
4,F,Linear SVM,hit_rate,22,34,1.0
4,F,Linear SVM,recall,22,34,0.8279812582927908
4,F,Linear SVM,hit_rate,23,34,1.0
4,F,Linear SVM,recall,23,34,0.834922784903435
4,F,Linear SVM,hit_rate,24,34,1.0
4,F,Linear SVM,recall,24,34,0.8373898901665929
4,F,Linear SVM,hit_rate,25,34,1.0
4,F,Linear SVM,recall,25,34,0.8418177797434763
4,F,Linear SVM,hit_rate,26,34,1.0
4,F,Linear SVM,recall,26,34,0.8463857253427687
4,F,Linear SVM,hit_rate,27,34,1.0
4,F,Linear SVM,recall,27,34,0.8522842031549461
4,F,Linear SVM,hit_rate,28,34,1.0
4,F,Linear SVM,recall,28,34,0.8593644036561993
4,F,Linear SVM,hit_rate,29,34,1.0
4,F,Linear SVM,recall,29,34,0.8732460747456878
4,F,Linear SVM,hit_rate,30,34,1.0
4,F,Linear SVM,recall,30,34,0.8792846085802742
4,F,Linear SVM,hit_rate,31,34,1.0
4,F,Linear SVM,recall,31,34,0.8886771155830754
4,F,Linear SVM,hit_rate,32,34,1.0
4,F,Linear SVM,recall,32,34,0.8916970735662687
4,F,Linear SVM,hit_rate,33,34,1.0
4,F,Linear SVM,recall,33,34,0.893797913902403
4,F,Linear SVM,hit_rate,34,34,1.0
4,F,Linear SVM,recall,34,34,0.9005993844906384
4,F,Linear SVM,hit_rate,35,34,1.0
4,F,Linear SVM,recall,35,34,0.904170813062067
4,F,Linear SVM,hit_rate,36,34,1.0
4,F,Linear SVM,recall,36,34,0.9104733340704703
4,F,Linear SVM,hit_rate,37,34,1.0
4,F,Linear SVM,recall,37,34,0.9128630399528233
4,F,Linear SVM,hit_rate,38,34,1.0
4,F,Linear SVM,recall,38,34,0.9128630399528233
4,F,Linear SVM,hit_rate,39,34,1.0
4,F,Linear SVM,recall,39,34,0.9200832964764853
4,F,Linear SVM,hit_rate,40,34,1.0
4,F,Linear SVM,recall,40,34,0.9229631984372696
4,F,Linear SVM,hit_rate,41,34,1.0
4,F,Linear SVM,recall,41,34,0.9249239827509952
4,F,Linear SVM,hit_rate,42,34,1.0
4,F,Linear SVM,recall,42,34,0.9315153693056171
4,F,Linear SVM,hit_rate,43,34,1.0
4,F,Linear SVM,recall,43,34,0.9372650375939849
4,F,Linear SVM,hit_rate,44,34,1.0
4,F,Linear SVM,recall,44,34,0.9372650375939849
4,F,Linear SVM,hit_rate,45,34,1.0
4,F,Linear SVM,recall,45,34,0.9423858359133126
4,F,Linear SVM,hit_rate,46,34,1.0
4,F,Linear SVM,recall,46,34,0.9458946078431372
4,F,Linear SVM,hit_rate,47,34,1.0
4,F,Linear SVM,recall,47,34,0.9482843137254902
4,F,Linear SVM,hit_rate,48,34,1.0
4,F,Linear SVM,recall,48,34,0.9512254901960785
4,F,Linear SVM,hit_rate,49,34,1.0
4,F,Linear SVM,recall,49,34,0.9536151960784314
4,F,Linear SVM,hit_rate,50,34,1.0
4,F,Linear SVM,recall,50,34,0.9545343137254901
4,F,Linear SVM,hit_rate,51,34,1.0
4,F,Linear SVM,recall,51,34,0.956924019607843
4,F,Linear SVM,hit_rate,52,34,1.0
4,F,Linear SVM,recall,52,34,0.9578431372549019
4,F,Linear SVM,hit_rate,53,34,1.0
4,F,Linear SVM,recall,53,34,0.9578431372549019
4,F,Linear SVM,hit_rate,54,34,1.0
4,F,Linear SVM,recall,54,34,0.9578431372549019
4,F,Linear SVM,hit_rate,55,34,1.0
4,F,Linear SVM,recall,55,34,0.9578431372549019
4,F,Linear SVM,hit_rate,56,34,1.0
4,F,Linear SVM,recall,56,34,0.9637254901960784
4,F,Linear SVM,hit_rate,57,34,1.0
4,F,Linear SVM,recall,57,34,0.9651960784313725
4,F,Linear SVM,hit_rate,58,34,1.0
4,F,Linear SVM,recall,58,34,0.9651960784313725
4,F,Linear SVM,hit_rate,59,34,1.0
4,F,Linear SVM,recall,59,34,0.9651960784313725
4,F,Linear SVM,hit_rate,60,34,1.0
4,F,Linear SVM,recall,60,34,0.9666666666666667
4,F,Linear SVM,hit_rate,61,34,1.0
4,F,Linear SVM,recall,61,34,0.9666666666666667
4,F,Linear SVM,hit_rate,62,34,1.0
4,F,Linear SVM,recall,62,34,0.9681372549019607
4,F,Linear SVM,hit_rate,63,34,1.0
4,F,Linear SVM,recall,63,34,0.9681372549019607
4,F,Linear SVM,hit_rate,64,34,1.0
4,F,Linear SVM,recall,64,34,0.9700980392156863
4,F,Linear SVM,hit_rate,65,34,1.0
4,F,Linear SVM,recall,65,34,0.9700980392156863
4,F,Linear SVM,hit_rate,66,34,1.0
4,F,Linear SVM,recall,66,34,0.9730392156862746
4,F,Linear SVM,hit_rate,67,34,1.0
4,F,Linear SVM,recall,67,34,0.9745098039215686
4,F,Linear SVM,hit_rate,68,34,1.0
4,F,Linear SVM,recall,68,34,0.9745098039215686
4,F,Linear SVM,hit_rate,69,34,1.0
4,F,Linear SVM,recall,69,34,0.9745098039215686
4,F,Linear SVM,hit_rate,70,34,1.0
4,F,Linear SVM,recall,70,34,0.9745098039215686
4,F,Linear SVM,hit_rate,71,34,1.0
4,F,Linear SVM,recall,71,34,0.9745098039215686
4,F,Linear SVM,hit_rate,72,34,1.0
4,F,Linear SVM,recall,72,34,0.9745098039215686
4,F,Linear SVM,hit_rate,73,34,1.0
4,F,Linear SVM,recall,73,34,0.9759803921568628
4,F,Linear SVM,hit_rate,74,34,1.0
4,F,Linear SVM,recall,74,34,0.9759803921568628
4,F,Linear SVM,hit_rate,75,34,1.0
4,F,Linear SVM,recall,75,34,0.9759803921568628
4,F,Linear SVM,hit_rate,76,34,1.0
4,F,Linear SVM,recall,76,34,0.9759803921568628
4,F,Linear SVM,hit_rate,77,34,1.0
4,F,Linear SVM,recall,77,34,0.9774509803921569
4,F,Linear SVM,hit_rate,78,34,1.0
4,F,Linear SVM,recall,78,34,0.9774509803921569
4,F,Linear SVM,hit_rate,79,34,1.0
4,F,Linear SVM,recall,79,34,0.9774509803921569
4,F,Linear SVM,hit_rate,80,34,1.0
4,F,Linear SVM,recall,80,34,0.9774509803921569
4,F,Linear SVM,hit_rate,81,34,1.0
4,F,Linear SVM,recall,81,34,0.9789215686274509
4,F,Linear SVM,hit_rate,82,34,1.0
4,F,Linear SVM,recall,82,34,0.9789215686274509
4,F,Linear SVM,hit_rate,83,34,1.0
4,F,Linear SVM,recall,83,34,0.9789215686274509
4,F,Linear SVM,hit_rate,84,34,1.0
4,F,Linear SVM,recall,84,34,0.9789215686274509
4,F,Linear SVM,hit_rate,85,34,1.0
4,F,Linear SVM,recall,85,34,0.9789215686274509
4,F,Linear SVM,hit_rate,86,34,1.0
4,F,Linear SVM,recall,86,34,0.9789215686274509
4,F,Linear SVM,hit_rate,87,34,1.0
4,F,Linear SVM,recall,87,34,0.9789215686274509
4,F,Linear SVM,hit_rate,88,34,1.0
4,F,Linear SVM,recall,88,34,0.9803921568627452
4,F,Linear SVM,hit_rate,89,34,1.0
4,F,Linear SVM,recall,89,34,0.9803921568627452
4,F,Linear SVM,hit_rate,90,34,1.0
4,F,Linear SVM,recall,90,34,0.9803921568627452
4,F,Linear SVM,hit_rate,91,34,1.0
4,F,Linear SVM,recall,91,34,0.9803921568627452
4,F,Linear SVM,hit_rate,92,34,1.0
4,F,Linear SVM,recall,92,34,0.9803921568627452
4,F,Linear SVM,hit_rate,93,34,1.0
4,F,Linear SVM,recall,93,34,0.9803921568627452
4,F,Linear SVM,hit_rate,94,34,1.0
4,F,Linear SVM,recall,94,34,0.9803921568627452
4,F,Linear SVM,hit_rate,95,34,1.0
4,F,Linear SVM,recall,95,34,0.9803921568627452
4,F,Linear SVM,hit_rate,96,34,1.0
4,F,Linear SVM,recall,96,34,0.9901960784313725
4,F,Linear SVM,hit_rate,97,34,1.0
4,F,Linear SVM,recall,97,34,0.9901960784313725
4,F,Linear SVM,hit_rate,98,34,1.0
4,F,Linear SVM,recall,98,34,0.9901960784313725
4,F,Linear SVM,hit_rate,99,34,1.0
4,F,Linear SVM,recall,99,34,0.9901960784313725
4,F,Linear SVM,hit_rate,100,34,1.0
4,F,Linear SVM,recall,100,34,0.9901960784313725
4,F,Linear SVM,hit_rate,101,34,1.0
4,F,Linear SVM,recall,101,34,0.9901960784313725
4,F,Linear SVM,hit_rate,102,34,1.0
4,F,Linear SVM,recall,102,34,0.9901960784313725
4,F,Linear SVM,hit_rate,103,34,1.0
4,F,Linear SVM,recall,103,34,0.9901960784313725
4,F,Linear SVM,hit_rate,104,34,1.0
4,F,Linear SVM,recall,104,34,0.9901960784313725
4,F,Linear SVM,hit_rate,105,34,1.0
4,F,Linear SVM,recall,105,34,0.9901960784313725
4,F,Linear SVM,hit_rate,106,34,1.0
4,F,Linear SVM,recall,106,34,0.9901960784313725
4,F,Linear SVM,hit_rate,107,34,1.0
4,F,Linear SVM,recall,107,34,0.9901960784313725
4,F,Linear SVM,hit_rate,108,34,1.0
4,F,Linear SVM,recall,108,34,0.9901960784313725
4,F,Linear SVM,hit_rate,109,34,1.0
4,F,Linear SVM,recall,109,34,0.9901960784313725
4,F,Linear SVM,hit_rate,110,34,1.0
4,F,Linear SVM,recall,110,34,1.0
4,F,Linear SVM,hit_rate,111,34,1.0
4,F,Linear SVM,recall,111,34,1.0
4,F,Linear SVM,hit_rate,112,34,1.0
4,F,Linear SVM,recall,112,34,1.0
4,F,Linear SVM,hit_rate,113,34,1.0
4,F,Linear SVM,recall,113,34,1.0
4,F,Linear SVM,hit_rate,114,34,1.0
4,F,Linear SVM,recall,114,34,1.0
4,F,Linear SVM,hit_rate,115,34,1.0
4,F,Linear SVM,recall,115,34,1.0
4,F,Linear SVM,hit_rate,116,34,1.0
4,F,Linear SVM,recall,116,34,1.0
4,F,Linear SVM,hit_rate,117,34,1.0
4,F,Linear SVM,recall,117,34,1.0
4,F,Linear SVM,hit_rate,118,34,1.0
4,F,Linear SVM,recall,118,34,1.0
4,F,Linear SVM,hit_rate,119,34,1.0
4,F,Linear SVM,recall,119,34,1.0
4,F,Linear SVM,hit_rate,120,34,1.0
4,F,Linear SVM,recall,120,34,1.0
4,F,Linear SVM,hit_rate,121,34,1.0
4,F,Linear SVM,recall,121,34,1.0
4,F,Linear SVM,hit_rate,122,34,1.0
4,F,Linear SVM,recall,122,34,1.0
4,F,Linear SVM,hit_rate,123,34,1.0
4,F,Linear SVM,recall,123,34,1.0
4,F,Linear SVM,hit_rate,124,34,1.0
4,F,Linear SVM,recall,124,34,1.0
4,F,Linear SVM,hit_rate,125,34,1.0
4,F,Linear SVM,recall,125,34,1.0
4,F,Linear SVM,hit_rate,126,34,1.0
4,F,Linear SVM,recall,126,34,1.0
4,F,Linear SVM,hit_rate,127,34,1.0
4,F,Linear SVM,recall,127,34,1.0
4,F,Linear SVM,hit_rate,128,34,1.0
4,F,Linear SVM,recall,128,34,1.0
4,F,Linear SVM,hit_rate,129,34,1.0
4,F,Linear SVM,recall,129,34,1.0
4,F,Linear SVM,hit_rate,130,34,1.0
4,F,Linear SVM,recall,130,34,1.0
4,F,Linear SVM,hit_rate,131,34,1.0
4,F,Linear SVM,recall,131,34,1.0
4,F,Linear SVM,hit_rate,132,34,1.0
4,F,Linear SVM,recall,132,34,1.0
4,F,Linear SVM,hit_rate,133,34,1.0
4,F,Linear SVM,recall,133,34,1.0
4,F,Linear SVM,hit_rate,134,34,1.0
4,F,Linear SVM,recall,134,34,1.0
4,F,Linear SVM,hit_rate,135,34,1.0
4,F,Linear SVM,recall,135,34,1.0
4,F,Linear SVM,hit_rate,136,34,1.0
4,F,Linear SVM,recall,136,34,1.0
4,F,Linear SVM,hit_rate,137,34,1.0
4,F,Linear SVM,recall,137,34,1.0
4,F,Linear SVM,hit_rate,138,34,1.0
4,F,Linear SVM,recall,138,34,1.0
4,F,Linear SVM,hit_rate,139,34,1.0
4,F,Linear SVM,recall,139,34,1.0
4,F,Linear SVM,hit_rate,140,34,1.0
4,F,Linear SVM,recall,140,34,1.0
4,F,Linear SVM,hit_rate,141,34,1.0
4,F,Linear SVM,recall,141,34,1.0
4,F,Linear SVM,hit_rate,142,34,1.0
4,F,Linear SVM,recall,142,34,1.0
4,F,Linear SVM,hit_rate,143,34,1.0
4,F,Linear SVM,recall,143,34,1.0
4,F,Linear SVM,hit_rate,144,34,1.0
4,F,Linear SVM,recall,144,34,1.0
4,F,Linear SVM,hit_rate,145,34,1.0
4,F,Linear SVM,recall,145,34,1.0
4,F,Linear SVM,hit_rate,146,34,1.0
4,F,Linear SVM,recall,146,34,1.0
4,F,Linear SVM,hit_rate,147,34,1.0
4,F,Linear SVM,recall,147,34,1.0
4,F,Linear SVM,hit_rate,148,34,1.0
4,F,Linear SVM,recall,148,34,1.0
4,F,Linear SVM,hit_rate,149,34,1.0
4,F,Linear SVM,recall,149,34,1.0
4,F,Linear SVM,hit_rate,150,34,1.0
4,F,Linear SVM,recall,150,34,1.0
4,F,Random forest,hit_rate,5,34,0.7941176470588235
4,F,Random forest,recall,5,34,0.29213659147869675
4,F,Random forest,hit_rate,6,34,0.8529411764705882
4,F,Random forest,recall,6,34,0.3932731645289695
4,F,Random forest,hit_rate,7,34,0.9117647058823529
4,F,Random forest,recall,7,34,0.42928368715907417
4,F,Random forest,hit_rate,8,34,0.9117647058823529
4,F,Random forest,recall,8,34,0.4344044854784019
4,F,Random forest,hit_rate,9,34,0.9117647058823529
4,F,Random forest,recall,9,34,0.46494545186495645
4,F,Random forest,hit_rate,10,34,0.9117647058823529
4,F,Random forest,recall,10,34,0.5352696999852573
4,F,Random forest,hit_rate,11,34,0.9411764705882353
4,F,Random forest,recall,11,34,0.5952910769570987
4,F,Random forest,hit_rate,12,34,0.9411764705882353
4,F,Random forest,recall,12,34,0.6376741486068112
4,F,Random forest,hit_rate,13,34,0.9411764705882353
4,F,Random forest,recall,13,34,0.6588313614919652
4,F,Random forest,hit_rate,14,34,0.9411764705882353
4,F,Random forest,recall,14,34,0.6802060297803331
4,F,Random forest,hit_rate,15,34,0.9411764705882353
4,F,Random forest,recall,15,34,0.7167767765000737
4,F,Random forest,hit_rate,16,34,0.9411764705882353
4,F,Random forest,recall,16,34,0.7310085876455845
4,F,Random forest,hit_rate,17,34,0.9411764705882353
4,F,Random forest,recall,17,34,0.7319277052926434
4,F,Random forest,hit_rate,18,34,0.9411764705882353
4,F,Random forest,recall,18,34,0.7754938817632316
4,F,Random forest,hit_rate,19,34,0.9411764705882353
4,F,Random forest,recall,19,34,0.7995922711189739
4,F,Random forest,hit_rate,20,34,0.9411764705882353
4,F,Random forest,recall,20,34,0.8005113887660327
4,F,Random forest,hit_rate,21,34,0.9411764705882353
4,F,Random forest,recall,21,34,0.8093349181777975
4,F,Random forest,hit_rate,22,34,0.9411764705882353
4,F,Random forest,recall,22,34,0.8102540358248562
4,F,Random forest,hit_rate,23,34,0.9411764705882353
4,F,Random forest,recall,23,34,0.8111731534719151
4,F,Random forest,hit_rate,24,34,0.9411764705882353
4,F,Random forest,recall,24,34,0.8141931114551084
4,F,Random forest,hit_rate,25,34,0.9411764705882353
4,F,Random forest,recall,25,34,0.8156636996904025
4,F,Random forest,hit_rate,26,34,0.9411764705882353
4,F,Random forest,recall,26,34,0.8235068369453045
4,F,Random forest,hit_rate,27,34,0.9411764705882353
4,F,Random forest,recall,27,34,0.8320576256818517
4,F,Random forest,hit_rate,28,34,0.9411764705882353
4,F,Random forest,recall,28,34,0.8345247309450096
4,F,Random forest,hit_rate,29,34,0.9411764705882353
4,F,Random forest,recall,29,34,0.836625571281144
4,F,Random forest,hit_rate,30,34,0.9705882352941176
4,F,Random forest,recall,30,34,0.8473486104968303
4,F,Random forest,hit_rate,31,34,0.9705882352941176
4,F,Random forest,recall,31,34,0.8473486104968303
4,F,Random forest,hit_rate,32,34,0.9705882352941176
4,F,Random forest,recall,32,34,0.8494494508329647
4,F,Random forest,hit_rate,33,34,1.0
4,F,Random forest,recall,33,34,0.8568023920094353
4,F,Random forest,hit_rate,34,34,1.0
4,F,Random forest,recall,34,34,0.8596822939702197
4,F,Random forest,hit_rate,35,34,1.0
4,F,Random forest,recall,35,34,0.8620719998525725
4,F,Random forest,hit_rate,36,34,1.0
4,F,Random forest,recall,36,34,0.86656254607106
4,F,Random forest,hit_rate,37,34,1.0
4,F,Random forest,recall,37,34,0.8749120042753943
4,F,Random forest,hit_rate,38,34,1.0
4,F,Random forest,recall,38,34,0.8788496977738464
4,F,Random forest,hit_rate,39,34,1.0
4,F,Random forest,recall,39,34,0.8803202860091404
4,F,Random forest,hit_rate,40,34,1.0
4,F,Random forest,recall,40,34,0.8859925549167035
4,F,Random forest,hit_rate,41,34,1.0
4,F,Random forest,recall,41,34,0.8934228954739791
4,F,Random forest,hit_rate,42,34,1.0
4,F,Random forest,recall,42,34,0.8964414713253722
4,F,Random forest,hit_rate,43,34,1.0
4,F,Random forest,recall,43,34,0.9023399491375498
4,F,Random forest,hit_rate,44,34,1.0
4,F,Random forest,recall,44,34,0.9073193093026686
4,F,Random forest,hit_rate,45,34,1.0
4,F,Random forest,recall,45,34,0.9218925070028012
4,F,Random forest,hit_rate,46,34,1.0
4,F,Random forest,recall,46,34,0.924282212885154
4,F,Random forest,hit_rate,47,34,1.0
4,F,Random forest,recall,47,34,0.924282212885154
4,F,Random forest,hit_rate,48,34,1.0
4,F,Random forest,recall,48,34,0.9257528011204482
4,F,Random forest,hit_rate,49,34,1.0
4,F,Random forest,recall,49,34,0.926671918767507
4,F,Random forest,hit_rate,50,34,1.0
4,F,Random forest,recall,50,34,0.926671918767507
4,F,Random forest,hit_rate,51,34,1.0
4,F,Random forest,recall,51,34,0.926671918767507
4,F,Random forest,hit_rate,52,34,1.0
4,F,Random forest,recall,52,34,0.92906162464986
4,F,Random forest,hit_rate,53,34,1.0
4,F,Random forest,recall,53,34,0.92906162464986
4,F,Random forest,hit_rate,54,34,1.0
4,F,Random forest,recall,54,34,0.9310224089635855
4,F,Random forest,hit_rate,55,34,1.0
4,F,Random forest,recall,55,34,0.9369047619047619
4,F,Random forest,hit_rate,56,34,1.0
4,F,Random forest,recall,56,34,0.9388655462184874
4,F,Random forest,hit_rate,57,34,1.0
4,F,Random forest,recall,57,34,0.9408263305322129
4,F,Random forest,hit_rate,58,34,1.0
4,F,Random forest,recall,58,34,0.9469887955182074
4,F,Random forest,hit_rate,59,34,1.0
4,F,Random forest,recall,59,34,0.9489495798319327
4,F,Random forest,hit_rate,60,34,1.0
4,F,Random forest,recall,60,34,0.9509103641456583
4,F,Random forest,hit_rate,61,34,1.0
4,F,Random forest,recall,61,34,0.9570728291316527
4,F,Random forest,hit_rate,62,34,1.0
4,F,Random forest,recall,62,34,0.9632352941176471
4,F,Random forest,hit_rate,63,34,1.0
4,F,Random forest,recall,63,34,0.9681372549019609
4,F,Random forest,hit_rate,64,34,1.0
4,F,Random forest,recall,64,34,0.9715686274509804
4,F,Random forest,hit_rate,65,34,1.0
4,F,Random forest,recall,65,34,0.9715686274509804
4,F,Random forest,hit_rate,66,34,1.0
4,F,Random forest,recall,66,34,0.9715686274509804
4,F,Random forest,hit_rate,67,34,1.0
4,F,Random forest,recall,67,34,0.9730392156862744
4,F,Random forest,hit_rate,68,34,1.0
4,F,Random forest,recall,68,34,0.9730392156862744
4,F,Random forest,hit_rate,69,34,1.0
4,F,Random forest,recall,69,34,0.9730392156862744
4,F,Random forest,hit_rate,70,34,1.0
4,F,Random forest,recall,70,34,0.9730392156862744
4,F,Random forest,hit_rate,71,34,1.0
4,F,Random forest,recall,71,34,0.9745098039215686
4,F,Random forest,hit_rate,72,34,1.0
4,F,Random forest,recall,72,34,0.9759803921568628
4,F,Random forest,hit_rate,73,34,1.0
4,F,Random forest,recall,73,34,0.9759803921568628
4,F,Random forest,hit_rate,74,34,1.0
4,F,Random forest,recall,74,34,0.9774509803921569
4,F,Random forest,hit_rate,75,34,1.0
4,F,Random forest,recall,75,34,0.9774509803921569
4,F,Random forest,hit_rate,76,34,1.0
4,F,Random forest,recall,76,34,0.9774509803921569
4,F,Random forest,hit_rate,77,34,1.0
4,F,Random forest,recall,77,34,0.9774509803921569
4,F,Random forest,hit_rate,78,34,1.0
4,F,Random forest,recall,78,34,0.9774509803921569
4,F,Random forest,hit_rate,79,34,1.0
4,F,Random forest,recall,79,34,0.9774509803921569
4,F,Random forest,hit_rate,80,34,1.0
4,F,Random forest,recall,80,34,0.9774509803921569
4,F,Random forest,hit_rate,81,34,1.0
4,F,Random forest,recall,81,34,0.9789215686274509
4,F,Random forest,hit_rate,82,34,1.0
4,F,Random forest,recall,82,34,0.9789215686274509
4,F,Random forest,hit_rate,83,34,1.0
4,F,Random forest,recall,83,34,0.9789215686274509
4,F,Random forest,hit_rate,84,34,1.0
4,F,Random forest,recall,84,34,0.9789215686274509
4,F,Random forest,hit_rate,85,34,1.0
4,F,Random forest,recall,85,34,0.9803921568627452
4,F,Random forest,hit_rate,86,34,1.0
4,F,Random forest,recall,86,34,0.9803921568627452
4,F,Random forest,hit_rate,87,34,1.0
4,F,Random forest,recall,87,34,0.9803921568627452
4,F,Random forest,hit_rate,88,34,1.0
4,F,Random forest,recall,88,34,0.9803921568627452
4,F,Random forest,hit_rate,89,34,1.0
4,F,Random forest,recall,89,34,0.9803921568627452
4,F,Random forest,hit_rate,90,34,1.0
4,F,Random forest,recall,90,34,0.9803921568627452
4,F,Random forest,hit_rate,91,34,1.0
4,F,Random forest,recall,91,34,0.9803921568627452
4,F,Random forest,hit_rate,92,34,1.0
4,F,Random forest,recall,92,34,0.9803921568627452
4,F,Random forest,hit_rate,93,34,1.0
4,F,Random forest,recall,93,34,0.9803921568627452
4,F,Random forest,hit_rate,94,34,1.0
4,F,Random forest,recall,94,34,0.9803921568627452
4,F,Random forest,hit_rate,95,34,1.0
4,F,Random forest,recall,95,34,0.9803921568627452
4,F,Random forest,hit_rate,96,34,1.0
4,F,Random forest,recall,96,34,0.9803921568627452
4,F,Random forest,hit_rate,97,34,1.0
4,F,Random forest,recall,97,34,0.9803921568627452
4,F,Random forest,hit_rate,98,34,1.0
4,F,Random forest,recall,98,34,0.9803921568627452
4,F,Random forest,hit_rate,99,34,1.0
4,F,Random forest,recall,99,34,0.9803921568627452
4,F,Random forest,hit_rate,100,34,1.0
4,F,Random forest,recall,100,34,0.9803921568627452
4,F,Random forest,hit_rate,101,34,1.0
4,F,Random forest,recall,101,34,0.9803921568627452
4,F,Random forest,hit_rate,102,34,1.0
4,F,Random forest,recall,102,34,0.9803921568627452
4,F,Random forest,hit_rate,103,34,1.0
4,F,Random forest,recall,103,34,0.9803921568627452
4,F,Random forest,hit_rate,104,34,1.0
4,F,Random forest,recall,104,34,0.9803921568627452
4,F,Random forest,hit_rate,105,34,1.0
4,F,Random forest,recall,105,34,0.9803921568627452
4,F,Random forest,hit_rate,106,34,1.0
4,F,Random forest,recall,106,34,0.9803921568627452
4,F,Random forest,hit_rate,107,34,1.0
4,F,Random forest,recall,107,34,0.9803921568627452
4,F,Random forest,hit_rate,108,34,1.0
4,F,Random forest,recall,108,34,0.9803921568627452
4,F,Random forest,hit_rate,109,34,1.0
4,F,Random forest,recall,109,34,0.9803921568627452
4,F,Random forest,hit_rate,110,34,1.0
4,F,Random forest,recall,110,34,0.9803921568627452
4,F,Random forest,hit_rate,111,34,1.0
4,F,Random forest,recall,111,34,0.9803921568627452
4,F,Random forest,hit_rate,112,34,1.0
4,F,Random forest,recall,112,34,0.9803921568627452
4,F,Random forest,hit_rate,113,34,1.0
4,F,Random forest,recall,113,34,0.9803921568627452
4,F,Random forest,hit_rate,114,34,1.0
4,F,Random forest,recall,114,34,0.9803921568627452
4,F,Random forest,hit_rate,115,34,1.0
4,F,Random forest,recall,115,34,0.9803921568627452
4,F,Random forest,hit_rate,116,34,1.0
4,F,Random forest,recall,116,34,0.9803921568627452
4,F,Random forest,hit_rate,117,34,1.0
4,F,Random forest,recall,117,34,0.9803921568627452
4,F,Random forest,hit_rate,118,34,1.0
4,F,Random forest,recall,118,34,0.9803921568627452
4,F,Random forest,hit_rate,119,34,1.0
4,F,Random forest,recall,119,34,0.9803921568627452
4,F,Random forest,hit_rate,120,34,1.0
4,F,Random forest,recall,120,34,0.9803921568627452
4,F,Random forest,hit_rate,121,34,1.0
4,F,Random forest,recall,121,34,0.9803921568627452
4,F,Random forest,hit_rate,122,34,1.0
4,F,Random forest,recall,122,34,0.9803921568627452
4,F,Random forest,hit_rate,123,34,1.0
4,F,Random forest,recall,123,34,0.9803921568627452
4,F,Random forest,hit_rate,124,34,1.0
4,F,Random forest,recall,124,34,0.9803921568627452
4,F,Random forest,hit_rate,125,34,1.0
4,F,Random forest,recall,125,34,0.9803921568627452
4,F,Random forest,hit_rate,126,34,1.0
4,F,Random forest,recall,126,34,0.9803921568627452
4,F,Random forest,hit_rate,127,34,1.0
4,F,Random forest,recall,127,34,0.9803921568627452
4,F,Random forest,hit_rate,128,34,1.0
4,F,Random forest,recall,128,34,0.9901960784313725
4,F,Random forest,hit_rate,129,34,1.0
4,F,Random forest,recall,129,34,0.9901960784313725
4,F,Random forest,hit_rate,130,34,1.0
4,F,Random forest,recall,130,34,0.9901960784313725
4,F,Random forest,hit_rate,131,34,1.0
4,F,Random forest,recall,131,34,0.9901960784313725
4,F,Random forest,hit_rate,132,34,1.0
4,F,Random forest,recall,132,34,0.9901960784313725
4,F,Random forest,hit_rate,133,34,1.0
4,F,Random forest,recall,133,34,0.9901960784313725
4,F,Random forest,hit_rate,134,34,1.0
4,F,Random forest,recall,134,34,0.9901960784313725
4,F,Random forest,hit_rate,135,34,1.0
4,F,Random forest,recall,135,34,0.9901960784313725
4,F,Random forest,hit_rate,136,34,1.0
4,F,Random forest,recall,136,34,0.9901960784313725
4,F,Random forest,hit_rate,137,34,1.0
4,F,Random forest,recall,137,34,0.9901960784313725
4,F,Random forest,hit_rate,138,34,1.0
4,F,Random forest,recall,138,34,0.9901960784313725
4,F,Random forest,hit_rate,139,34,1.0
4,F,Random forest,recall,139,34,0.9901960784313725
4,F,Random forest,hit_rate,140,34,1.0
4,F,Random forest,recall,140,34,0.9901960784313725
4,F,Random forest,hit_rate,141,34,1.0
4,F,Random forest,recall,141,34,0.9901960784313725
4,F,Random forest,hit_rate,142,34,1.0
4,F,Random forest,recall,142,34,1.0
4,F,Random forest,hit_rate,143,34,1.0
4,F,Random forest,recall,143,34,1.0
4,F,Random forest,hit_rate,144,34,1.0
4,F,Random forest,recall,144,34,1.0
4,F,Random forest,hit_rate,145,34,1.0
4,F,Random forest,recall,145,34,1.0
4,F,Random forest,hit_rate,146,34,1.0
4,F,Random forest,recall,146,34,1.0
4,F,Random forest,hit_rate,147,34,1.0
4,F,Random forest,recall,147,34,1.0
4,F,Random forest,hit_rate,148,34,1.0
4,F,Random forest,recall,148,34,1.0
4,F,Random forest,hit_rate,149,34,1.0
4,F,Random forest,recall,149,34,1.0
4,F,Random forest,hit_rate,150,34,1.0
4,F,Random forest,recall,150,34,1.0
4,Cl,UltraMS,hit_rate,5,29,1.0
4,Cl,UltraMS,recall,5,29,0.5216288067649228
4,Cl,UltraMS,hit_rate,6,29,1.0
4,Cl,UltraMS,recall,6,29,0.5559101112640134
4,Cl,UltraMS,hit_rate,7,29,1.0
4,Cl,UltraMS,recall,7,29,0.587525212234831
4,Cl,UltraMS,hit_rate,8,29,1.0
4,Cl,UltraMS,recall,8,29,0.647260181842759
4,Cl,UltraMS,hit_rate,9,29,1.0
4,Cl,UltraMS,recall,9,29,0.6816263248749638
4,Cl,UltraMS,hit_rate,10,29,1.0
4,Cl,UltraMS,recall,10,29,0.7079759633389399
4,Cl,UltraMS,hit_rate,11,29,1.0
4,Cl,UltraMS,recall,11,29,0.7306583877908743
4,Cl,UltraMS,hit_rate,12,29,1.0
4,Cl,UltraMS,recall,12,29,0.7456095588218999
4,Cl,UltraMS,hit_rate,13,29,1.0
4,Cl,UltraMS,recall,13,29,0.7677555848064016
4,Cl,UltraMS,hit_rate,14,29,1.0
4,Cl,UltraMS,recall,14,29,0.7832974567275838
4,Cl,UltraMS,hit_rate,15,29,1.0
4,Cl,UltraMS,recall,15,29,0.8010647197126326
4,Cl,UltraMS,hit_rate,16,29,1.0
4,Cl,UltraMS,recall,16,29,0.8228764329036561
4,Cl,UltraMS,hit_rate,17,29,1.0
4,Cl,UltraMS,recall,17,29,0.8305068595449722
4,Cl,UltraMS,hit_rate,18,29,1.0
4,Cl,UltraMS,recall,18,29,0.841200315111386
4,Cl,UltraMS,hit_rate,19,29,1.0
4,Cl,UltraMS,recall,19,29,0.865543500661468
4,Cl,UltraMS,hit_rate,20,29,1.0
4,Cl,UltraMS,recall,20,29,0.879485018913331
4,Cl,UltraMS,hit_rate,21,29,1.0
4,Cl,UltraMS,recall,21,29,0.8867685127939211
4,Cl,UltraMS,hit_rate,22,29,1.0
4,Cl,UltraMS,recall,22,29,0.8960159129033903
4,Cl,UltraMS,hit_rate,23,29,1.0
4,Cl,UltraMS,recall,23,29,0.9058220374100592
4,Cl,UltraMS,hit_rate,24,29,1.0
4,Cl,UltraMS,recall,24,29,0.9105292076344708
4,Cl,UltraMS,hit_rate,25,29,1.0
4,Cl,UltraMS,recall,25,29,0.9181187828102527
4,Cl,UltraMS,hit_rate,26,29,1.0
4,Cl,UltraMS,recall,26,29,0.9252732184129644
4,Cl,UltraMS,hit_rate,27,29,1.0
4,Cl,UltraMS,recall,27,29,0.9346113626240669
4,Cl,UltraMS,hit_rate,28,29,1.0
4,Cl,UltraMS,recall,28,29,0.93786302626593
4,Cl,UltraMS,hit_rate,29,29,1.0
4,Cl,UltraMS,recall,29,29,0.9405155461598291
4,Cl,UltraMS,hit_rate,30,29,1.0
4,Cl,UltraMS,recall,30,29,0.9424312549720898
4,Cl,UltraMS,hit_rate,31,29,1.0
4,Cl,UltraMS,recall,31,29,0.945083774865989
4,Cl,UltraMS,hit_rate,32,29,1.0
4,Cl,UltraMS,recall,32,29,0.9476699817625407
4,Cl,UltraMS,hit_rate,33,29,1.0
4,Cl,UltraMS,recall,33,29,0.9504614431746918
4,Cl,UltraMS,hit_rate,34,29,1.0
4,Cl,UltraMS,recall,34,29,0.9518982247838873
4,Cl,UltraMS,hit_rate,35,29,1.0
4,Cl,UltraMS,recall,35,29,0.9532775351287149
4,Cl,UltraMS,hit_rate,36,29,1.0
4,Cl,UltraMS,recall,36,29,0.9532775351287149
4,Cl,UltraMS,hit_rate,37,29,1.0
4,Cl,UltraMS,recall,37,29,0.9544269604160711
4,Cl,UltraMS,hit_rate,38,29,1.0
4,Cl,UltraMS,recall,38,29,0.9570794803099704
4,Cl,UltraMS,hit_rate,39,29,1.0
4,Cl,UltraMS,recall,39,29,0.9570794803099704
4,Cl,UltraMS,hit_rate,40,29,1.0
4,Cl,UltraMS,recall,40,29,0.9601582980439605
4,Cl,UltraMS,hit_rate,41,29,1.0
4,Cl,UltraMS,recall,41,29,0.9601582980439605
4,Cl,UltraMS,hit_rate,42,29,1.0
4,Cl,UltraMS,recall,42,29,0.9601582980439605
4,Cl,UltraMS,hit_rate,43,29,1.0
4,Cl,UltraMS,recall,43,29,0.965618068158903
4,Cl,UltraMS,hit_rate,44,29,1.0
4,Cl,UltraMS,recall,44,29,0.9667674934462593
4,Cl,UltraMS,hit_rate,45,29,1.0
4,Cl,UltraMS,recall,45,29,0.9667674934462593
4,Cl,UltraMS,hit_rate,46,29,1.0
4,Cl,UltraMS,recall,46,29,0.9697318007662836
4,Cl,UltraMS,hit_rate,47,29,1.0
4,Cl,UltraMS,recall,47,29,0.9708812260536398
4,Cl,UltraMS,hit_rate,48,29,1.0
4,Cl,UltraMS,recall,48,29,0.9720306513409962
4,Cl,UltraMS,hit_rate,49,29,1.0
4,Cl,UltraMS,recall,49,29,0.9734099616858237
4,Cl,UltraMS,hit_rate,50,29,1.0
4,Cl,UltraMS,recall,50,29,0.9747892720306515
4,Cl,UltraMS,hit_rate,51,29,1.0
4,Cl,UltraMS,recall,51,29,0.9773180076628353
4,Cl,UltraMS,hit_rate,52,29,1.0
4,Cl,UltraMS,recall,52,29,0.9773180076628353
4,Cl,UltraMS,hit_rate,53,29,1.0
4,Cl,UltraMS,recall,53,29,0.9786973180076628
4,Cl,UltraMS,hit_rate,54,29,1.0
4,Cl,UltraMS,recall,54,29,0.9798467432950192
4,Cl,UltraMS,hit_rate,55,29,1.0
4,Cl,UltraMS,recall,55,29,0.9850574712643678
4,Cl,UltraMS,hit_rate,56,29,1.0
4,Cl,UltraMS,recall,56,29,0.9850574712643678
4,Cl,UltraMS,hit_rate,57,29,1.0
4,Cl,UltraMS,recall,57,29,0.9864367816091953
4,Cl,UltraMS,hit_rate,58,29,1.0
4,Cl,UltraMS,recall,58,29,0.9864367816091953
4,Cl,UltraMS,hit_rate,59,29,1.0
4,Cl,UltraMS,recall,59,29,0.9875862068965517
4,Cl,UltraMS,hit_rate,60,29,1.0
4,Cl,UltraMS,recall,60,29,0.9875862068965517
4,Cl,UltraMS,hit_rate,61,29,1.0
4,Cl,UltraMS,recall,61,29,0.9875862068965517
4,Cl,UltraMS,hit_rate,62,29,1.0
4,Cl,UltraMS,recall,62,29,0.9875862068965517
4,Cl,UltraMS,hit_rate,63,29,1.0
4,Cl,UltraMS,recall,63,29,0.9875862068965517
4,Cl,UltraMS,hit_rate,64,29,1.0
4,Cl,UltraMS,recall,64,29,0.9875862068965517
4,Cl,UltraMS,hit_rate,65,29,1.0
4,Cl,UltraMS,recall,65,29,0.9875862068965517
4,Cl,UltraMS,hit_rate,66,29,1.0
4,Cl,UltraMS,recall,66,29,0.9875862068965517
4,Cl,UltraMS,hit_rate,67,29,1.0
4,Cl,UltraMS,recall,67,29,0.9875862068965517
4,Cl,UltraMS,hit_rate,68,29,1.0
4,Cl,UltraMS,recall,68,29,0.9875862068965517
4,Cl,UltraMS,hit_rate,69,29,1.0
4,Cl,UltraMS,recall,69,29,0.9875862068965517
4,Cl,UltraMS,hit_rate,70,29,1.0
4,Cl,UltraMS,recall,70,29,0.9875862068965517
4,Cl,UltraMS,hit_rate,71,29,1.0
4,Cl,UltraMS,recall,71,29,0.9875862068965517
4,Cl,UltraMS,hit_rate,72,29,1.0
4,Cl,UltraMS,recall,72,29,0.9889655172413793
4,Cl,UltraMS,hit_rate,73,29,1.0
4,Cl,UltraMS,recall,73,29,0.9889655172413793
4,Cl,UltraMS,hit_rate,74,29,1.0
4,Cl,UltraMS,recall,74,29,0.9889655172413793
4,Cl,UltraMS,hit_rate,75,29,1.0
4,Cl,UltraMS,recall,75,29,0.9889655172413793
4,Cl,UltraMS,hit_rate,76,29,1.0
4,Cl,UltraMS,recall,76,29,0.9901149425287356
4,Cl,UltraMS,hit_rate,77,29,1.0
4,Cl,UltraMS,recall,77,29,0.9901149425287356
4,Cl,UltraMS,hit_rate,78,29,1.0
4,Cl,UltraMS,recall,78,29,0.9901149425287356
4,Cl,UltraMS,hit_rate,79,29,1.0
4,Cl,UltraMS,recall,79,29,0.9914942528735632
4,Cl,UltraMS,hit_rate,80,29,1.0
4,Cl,UltraMS,recall,80,29,0.9914942528735632
4,Cl,UltraMS,hit_rate,81,29,1.0
4,Cl,UltraMS,recall,81,29,0.9914942528735632
4,Cl,UltraMS,hit_rate,82,29,1.0
4,Cl,UltraMS,recall,82,29,0.9926436781609196
4,Cl,UltraMS,hit_rate,83,29,1.0
4,Cl,UltraMS,recall,83,29,0.9926436781609196
4,Cl,UltraMS,hit_rate,84,29,1.0
4,Cl,UltraMS,recall,84,29,0.9926436781609196
4,Cl,UltraMS,hit_rate,85,29,1.0
4,Cl,UltraMS,recall,85,29,0.9926436781609196
4,Cl,UltraMS,hit_rate,86,29,1.0
4,Cl,UltraMS,recall,86,29,0.9937931034482759
4,Cl,UltraMS,hit_rate,87,29,1.0
4,Cl,UltraMS,recall,87,29,0.9963218390804598
4,Cl,UltraMS,hit_rate,88,29,1.0
4,Cl,UltraMS,recall,88,29,0.9963218390804598
4,Cl,UltraMS,hit_rate,89,29,1.0
4,Cl,UltraMS,recall,89,29,0.9963218390804598
4,Cl,UltraMS,hit_rate,90,29,1.0
4,Cl,UltraMS,recall,90,29,0.9963218390804598
4,Cl,UltraMS,hit_rate,91,29,1.0
4,Cl,UltraMS,recall,91,29,0.9963218390804598
4,Cl,UltraMS,hit_rate,92,29,1.0
4,Cl,UltraMS,recall,92,29,0.9977011494252873
4,Cl,UltraMS,hit_rate,93,29,1.0
4,Cl,UltraMS,recall,93,29,0.9977011494252873
4,Cl,UltraMS,hit_rate,94,29,1.0
4,Cl,UltraMS,recall,94,29,0.9977011494252873
4,Cl,UltraMS,hit_rate,95,29,1.0
4,Cl,UltraMS,recall,95,29,0.9988505747126437
4,Cl,UltraMS,hit_rate,96,29,1.0
4,Cl,UltraMS,recall,96,29,0.9988505747126437
4,Cl,UltraMS,hit_rate,97,29,1.0
4,Cl,UltraMS,recall,97,29,0.9988505747126437
4,Cl,UltraMS,hit_rate,98,29,1.0
4,Cl,UltraMS,recall,98,29,1.0
4,Cl,UltraMS,hit_rate,99,29,1.0
4,Cl,UltraMS,recall,99,29,1.0
4,Cl,UltraMS,hit_rate,100,29,1.0
4,Cl,UltraMS,recall,100,29,1.0
4,Cl,UltraMS,hit_rate,101,29,1.0
4,Cl,UltraMS,recall,101,29,1.0
4,Cl,UltraMS,hit_rate,102,29,1.0
4,Cl,UltraMS,recall,102,29,1.0
4,Cl,UltraMS,hit_rate,103,29,1.0
4,Cl,UltraMS,recall,103,29,1.0
4,Cl,UltraMS,hit_rate,104,29,1.0
4,Cl,UltraMS,recall,104,29,1.0
4,Cl,UltraMS,hit_rate,105,29,1.0
4,Cl,UltraMS,recall,105,29,1.0
4,Cl,UltraMS,hit_rate,106,29,1.0
4,Cl,UltraMS,recall,106,29,1.0
4,Cl,UltraMS,hit_rate,107,29,1.0
4,Cl,UltraMS,recall,107,29,1.0
4,Cl,UltraMS,hit_rate,108,29,1.0
4,Cl,UltraMS,recall,108,29,1.0
4,Cl,UltraMS,hit_rate,109,29,1.0
4,Cl,UltraMS,recall,109,29,1.0
4,Cl,UltraMS,hit_rate,110,29,1.0
4,Cl,UltraMS,recall,110,29,1.0
4,Cl,UltraMS,hit_rate,111,29,1.0
4,Cl,UltraMS,recall,111,29,1.0
4,Cl,UltraMS,hit_rate,112,29,1.0
4,Cl,UltraMS,recall,112,29,1.0
4,Cl,UltraMS,hit_rate,113,29,1.0
4,Cl,UltraMS,recall,113,29,1.0
4,Cl,UltraMS,hit_rate,114,29,1.0
4,Cl,UltraMS,recall,114,29,1.0
4,Cl,UltraMS,hit_rate,115,29,1.0
4,Cl,UltraMS,recall,115,29,1.0
4,Cl,UltraMS,hit_rate,116,29,1.0
4,Cl,UltraMS,recall,116,29,1.0
4,Cl,UltraMS,hit_rate,117,29,1.0
4,Cl,UltraMS,recall,117,29,1.0
4,Cl,UltraMS,hit_rate,118,29,1.0
4,Cl,UltraMS,recall,118,29,1.0
4,Cl,UltraMS,hit_rate,119,29,1.0
4,Cl,UltraMS,recall,119,29,1.0
4,Cl,UltraMS,hit_rate,120,29,1.0
4,Cl,UltraMS,recall,120,29,1.0
4,Cl,UltraMS,hit_rate,121,29,1.0
4,Cl,UltraMS,recall,121,29,1.0
4,Cl,UltraMS,hit_rate,122,29,1.0
4,Cl,UltraMS,recall,122,29,1.0
4,Cl,UltraMS,hit_rate,123,29,1.0
4,Cl,UltraMS,recall,123,29,1.0
4,Cl,UltraMS,hit_rate,124,29,1.0
4,Cl,UltraMS,recall,124,29,1.0
4,Cl,UltraMS,hit_rate,125,29,1.0
4,Cl,UltraMS,recall,125,29,1.0
4,Cl,UltraMS,hit_rate,126,29,1.0
4,Cl,UltraMS,recall,126,29,1.0
4,Cl,UltraMS,hit_rate,127,29,1.0
4,Cl,UltraMS,recall,127,29,1.0
4,Cl,UltraMS,hit_rate,128,29,1.0
4,Cl,UltraMS,recall,128,29,1.0
4,Cl,UltraMS,hit_rate,129,29,1.0
4,Cl,UltraMS,recall,129,29,1.0
4,Cl,UltraMS,hit_rate,130,29,1.0
4,Cl,UltraMS,recall,130,29,1.0
4,Cl,UltraMS,hit_rate,131,29,1.0
4,Cl,UltraMS,recall,131,29,1.0
4,Cl,UltraMS,hit_rate,132,29,1.0
4,Cl,UltraMS,recall,132,29,1.0
4,Cl,UltraMS,hit_rate,133,29,1.0
4,Cl,UltraMS,recall,133,29,1.0
4,Cl,UltraMS,hit_rate,134,29,1.0
4,Cl,UltraMS,recall,134,29,1.0
4,Cl,UltraMS,hit_rate,135,29,1.0
4,Cl,UltraMS,recall,135,29,1.0
4,Cl,UltraMS,hit_rate,136,29,1.0
4,Cl,UltraMS,recall,136,29,1.0
4,Cl,UltraMS,hit_rate,137,29,1.0
4,Cl,UltraMS,recall,137,29,1.0
4,Cl,UltraMS,hit_rate,138,29,1.0
4,Cl,UltraMS,recall,138,29,1.0
4,Cl,UltraMS,hit_rate,139,29,1.0
4,Cl,UltraMS,recall,139,29,1.0
4,Cl,UltraMS,hit_rate,140,29,1.0
4,Cl,UltraMS,recall,140,29,1.0
4,Cl,UltraMS,hit_rate,141,29,1.0
4,Cl,UltraMS,recall,141,29,1.0
4,Cl,UltraMS,hit_rate,142,29,1.0
4,Cl,UltraMS,recall,142,29,1.0
4,Cl,UltraMS,hit_rate,143,29,1.0
4,Cl,UltraMS,recall,143,29,1.0
4,Cl,UltraMS,hit_rate,144,29,1.0
4,Cl,UltraMS,recall,144,29,1.0
4,Cl,UltraMS,hit_rate,145,29,1.0
4,Cl,UltraMS,recall,145,29,1.0
4,Cl,UltraMS,hit_rate,146,29,1.0
4,Cl,UltraMS,recall,146,29,1.0
4,Cl,UltraMS,hit_rate,147,29,1.0
4,Cl,UltraMS,recall,147,29,1.0
4,Cl,UltraMS,hit_rate,148,29,1.0
4,Cl,UltraMS,recall,148,29,1.0
4,Cl,UltraMS,hit_rate,149,29,1.0
4,Cl,UltraMS,recall,149,29,1.0
4,Cl,UltraMS,hit_rate,150,29,1.0
4,Cl,UltraMS,recall,150,29,1.0
4,Cl,DreaMS,hit_rate,5,29,0.7586206896551724
4,Cl,DreaMS,recall,5,29,0.24941561123795766
4,Cl,DreaMS,hit_rate,6,29,0.7931034482758621
4,Cl,DreaMS,recall,6,29,0.31547515665322007
4,Cl,DreaMS,hit_rate,7,29,0.8620689655172413
4,Cl,DreaMS,recall,7,29,0.34717516317247016
4,Cl,DreaMS,hit_rate,8,29,0.896551724137931
4,Cl,DreaMS,recall,8,29,0.3672901057012058
4,Cl,DreaMS,hit_rate,9,29,0.9310344827586207
4,Cl,DreaMS,recall,9,29,0.4044274893903136
4,Cl,DreaMS,hit_rate,10,29,0.9310344827586207
4,Cl,DreaMS,recall,10,29,0.4313724329648456
4,Cl,DreaMS,hit_rate,11,29,0.9655172413793104
4,Cl,DreaMS,recall,11,29,0.49168778810778696
4,Cl,DreaMS,hit_rate,12,29,1.0
4,Cl,DreaMS,recall,12,29,0.5357059347121405
4,Cl,DreaMS,hit_rate,13,29,1.0
4,Cl,DreaMS,recall,13,29,0.562852160134228
4,Cl,DreaMS,hit_rate,14,29,1.0
4,Cl,DreaMS,recall,14,29,0.5913728268362072
4,Cl,DreaMS,hit_rate,15,29,1.0
4,Cl,DreaMS,recall,15,29,0.6078792625584382
4,Cl,DreaMS,hit_rate,16,29,1.0
4,Cl,DreaMS,recall,16,29,0.6214944787598613
4,Cl,DreaMS,hit_rate,17,29,1.0
4,Cl,DreaMS,recall,17,29,0.6287468049777047
4,Cl,DreaMS,hit_rate,18,29,1.0
4,Cl,DreaMS,recall,18,29,0.6457347323558318
4,Cl,DreaMS,hit_rate,19,29,1.0
4,Cl,DreaMS,recall,19,29,0.6540994056259555
4,Cl,DreaMS,hit_rate,20,29,1.0
4,Cl,DreaMS,recall,20,29,0.6762201041092792
4,Cl,DreaMS,hit_rate,21,29,1.0
4,Cl,DreaMS,recall,21,29,0.6875951769415267
4,Cl,DreaMS,hit_rate,22,29,1.0
4,Cl,DreaMS,recall,22,29,0.7100568627652813
4,Cl,DreaMS,hit_rate,23,29,1.0
4,Cl,DreaMS,recall,23,29,0.727264032989693
4,Cl,DreaMS,hit_rate,24,29,1.0
4,Cl,DreaMS,recall,24,29,0.7465969031846323
4,Cl,DreaMS,hit_rate,25,29,1.0
4,Cl,DreaMS,recall,25,29,0.7515406678614337
4,Cl,DreaMS,hit_rate,26,29,1.0
4,Cl,DreaMS,recall,26,29,0.7515406678614337
4,Cl,DreaMS,hit_rate,27,29,1.0
4,Cl,DreaMS,recall,27,29,0.7572877942982152
4,Cl,DreaMS,hit_rate,28,29,1.0
4,Cl,DreaMS,recall,28,29,0.7634980591291697
4,Cl,DreaMS,hit_rate,29,29,1.0
4,Cl,DreaMS,recall,29,29,0.7793591918460193
4,Cl,DreaMS,hit_rate,30,29,1.0
4,Cl,DreaMS,recall,30,29,0.78435371839227
4,Cl,DreaMS,hit_rate,31,29,1.0
4,Cl,DreaMS,recall,31,29,0.7914367996586544
4,Cl,DreaMS,hit_rate,32,29,1.0
4,Cl,DreaMS,recall,32,29,0.7989296929969314
4,Cl,DreaMS,hit_rate,33,29,1.0
4,Cl,DreaMS,recall,33,29,0.8003664746061268
4,Cl,DreaMS,hit_rate,34,29,1.0
4,Cl,DreaMS,recall,34,29,0.8063188555585078
4,Cl,DreaMS,hit_rate,35,29,1.0
4,Cl,DreaMS,recall,35,29,0.8081337375911757
4,Cl,DreaMS,hit_rate,36,29,1.0
4,Cl,DreaMS,recall,36,29,0.8130274373578337
4,Cl,DreaMS,hit_rate,37,29,1.0
4,Cl,DreaMS,recall,37,29,0.8172186021441041
4,Cl,DreaMS,hit_rate,38,29,1.0
4,Cl,DreaMS,recall,38,29,0.8239595925511564
4,Cl,DreaMS,hit_rate,39,29,1.0
4,Cl,DreaMS,recall,39,29,0.8305277370503353
4,Cl,DreaMS,hit_rate,40,29,1.0
4,Cl,DreaMS,recall,40,29,0.8354538454247195
4,Cl,DreaMS,hit_rate,41,29,1.0
4,Cl,DreaMS,recall,41,29,0.8370958815495143
4,Cl,DreaMS,hit_rate,42,29,1.0
4,Cl,DreaMS,recall,42,29,0.8385326631587096
4,Cl,DreaMS,hit_rate,43,29,1.0
4,Cl,DreaMS,recall,43,29,0.8428272191774036
4,Cl,DreaMS,hit_rate,44,29,1.0
4,Cl,DreaMS,recall,44,29,0.848558556805293
4,Cl,DreaMS,hit_rate,45,29,1.0
4,Cl,DreaMS,recall,45,29,0.8516373745392831
4,Cl,DreaMS,hit_rate,46,29,1.0
4,Cl,DreaMS,recall,46,29,0.8587021025439443
4,Cl,DreaMS,hit_rate,47,29,1.0
4,Cl,DreaMS,recall,47,29,0.8635958023106024
4,Cl,DreaMS,hit_rate,48,29,1.0
4,Cl,DreaMS,recall,48,29,0.8666746200445925
4,Cl,DreaMS,hit_rate,49,29,1.0
4,Cl,DreaMS,recall,49,29,0.8710386307387361
4,Cl,DreaMS,hit_rate,50,29,1.0
4,Cl,DreaMS,recall,50,29,0.8742902943805994
4,Cl,DreaMS,hit_rate,51,29,1.0
4,Cl,DreaMS,recall,51,29,0.8811339790607691
4,Cl,DreaMS,hit_rate,52,29,1.0
4,Cl,DreaMS,recall,52,29,0.8911756615162446
4,Cl,DreaMS,hit_rate,53,29,1.0
4,Cl,DreaMS,recall,53,29,0.8956430634428116
4,Cl,DreaMS,hit_rate,54,29,1.0
4,Cl,DreaMS,recall,54,29,0.8970798450520072
4,Cl,DreaMS,hit_rate,55,29,1.0
4,Cl,DreaMS,recall,55,29,0.8985166266612026
4,Cl,DreaMS,hit_rate,56,29,1.0
4,Cl,DreaMS,recall,56,29,0.8996289737134828
4,Cl,DreaMS,hit_rate,57,29,1.0
4,Cl,DreaMS,recall,57,29,0.9014438557461507
4,Cl,DreaMS,hit_rate,58,29,1.0
4,Cl,DreaMS,recall,58,29,0.9014438557461507
4,Cl,DreaMS,hit_rate,59,29,1.0
4,Cl,DreaMS,recall,59,29,0.904371084831099
4,Cl,DreaMS,hit_rate,60,29,1.0
4,Cl,DreaMS,recall,60,29,0.9116086587436334
4,Cl,DreaMS,hit_rate,61,29,1.0
4,Cl,DreaMS,recall,61,29,0.9116086587436334
4,Cl,DreaMS,hit_rate,62,29,1.0
4,Cl,DreaMS,recall,62,29,0.9134235407763012
4,Cl,DreaMS,hit_rate,63,29,1.0
4,Cl,DreaMS,recall,63,29,0.9177338856038874
4,Cl,DreaMS,hit_rate,64,29,1.0
4,Cl,DreaMS,recall,64,29,0.9195487676365552
4,Cl,DreaMS,hit_rate,65,29,1.0
4,Cl,DreaMS,recall,65,29,0.9256739944968093
4,Cl,DreaMS,hit_rate,66,29,1.0
4,Cl,DreaMS,recall,66,29,0.9267863415490896
4,Cl,DreaMS,hit_rate,67,29,1.0
4,Cl,DreaMS,recall,67,29,0.9286012235817576
4,Cl,DreaMS,hit_rate,68,29,1.0
4,Cl,DreaMS,recall,68,29,0.9307563959955506
4,Cl,DreaMS,hit_rate,69,29,1.0
4,Cl,DreaMS,recall,69,29,0.9318687430478308
4,Cl,DreaMS,hit_rate,70,29,1.0
4,Cl,DreaMS,recall,70,29,0.9361790878754171
4,Cl,DreaMS,hit_rate,71,29,1.0
4,Cl,DreaMS,recall,71,29,0.9361790878754171
4,Cl,DreaMS,hit_rate,72,29,1.0
4,Cl,DreaMS,recall,72,29,0.9361790878754171
4,Cl,DreaMS,hit_rate,73,29,1.0
4,Cl,DreaMS,recall,73,29,0.9372914349276974
4,Cl,DreaMS,hit_rate,74,29,1.0
4,Cl,DreaMS,recall,74,29,0.9384037819799778
4,Cl,DreaMS,hit_rate,75,29,1.0
4,Cl,DreaMS,recall,75,29,0.9395161290322581
4,Cl,DreaMS,hit_rate,76,29,1.0
4,Cl,DreaMS,recall,76,29,0.9395161290322581
4,Cl,DreaMS,hit_rate,77,29,1.0
4,Cl,DreaMS,recall,77,29,0.9406284760845384
4,Cl,DreaMS,hit_rate,78,29,1.0
4,Cl,DreaMS,recall,78,29,0.9417408231368187
4,Cl,DreaMS,hit_rate,79,29,1.0
4,Cl,DreaMS,recall,79,29,0.942853170189099
4,Cl,DreaMS,hit_rate,80,29,1.0
4,Cl,DreaMS,recall,80,29,0.9439655172413793
4,Cl,DreaMS,hit_rate,81,29,1.0
4,Cl,DreaMS,recall,81,29,0.9461206896551724
4,Cl,DreaMS,hit_rate,82,29,1.0
4,Cl,DreaMS,recall,82,29,0.9461206896551724
4,Cl,DreaMS,hit_rate,83,29,1.0
4,Cl,DreaMS,recall,83,29,0.9461206896551724
4,Cl,DreaMS,hit_rate,84,29,1.0
4,Cl,DreaMS,recall,84,29,0.9461206896551724
4,Cl,DreaMS,hit_rate,85,29,1.0
4,Cl,DreaMS,recall,85,29,0.9472330367074527
4,Cl,DreaMS,hit_rate,86,29,1.0
4,Cl,DreaMS,recall,86,29,0.9472330367074527
4,Cl,DreaMS,hit_rate,87,29,1.0
4,Cl,DreaMS,recall,87,29,0.9472330367074527
4,Cl,DreaMS,hit_rate,88,29,1.0
4,Cl,DreaMS,recall,88,29,0.9472330367074527
4,Cl,DreaMS,hit_rate,89,29,1.0
4,Cl,DreaMS,recall,89,29,0.9472330367074527
4,Cl,DreaMS,hit_rate,90,29,1.0
4,Cl,DreaMS,recall,90,29,0.9472330367074527
4,Cl,DreaMS,hit_rate,91,29,1.0
4,Cl,DreaMS,recall,91,29,0.948345383759733
4,Cl,DreaMS,hit_rate,92,29,1.0
4,Cl,DreaMS,recall,92,29,0.948345383759733
4,Cl,DreaMS,hit_rate,93,29,1.0
4,Cl,DreaMS,recall,93,29,0.948345383759733
4,Cl,DreaMS,hit_rate,94,29,1.0
4,Cl,DreaMS,recall,94,29,0.948345383759733
4,Cl,DreaMS,hit_rate,95,29,1.0
4,Cl,DreaMS,recall,95,29,0.9494577308120133
4,Cl,DreaMS,hit_rate,96,29,1.0
4,Cl,DreaMS,recall,96,29,0.9494577308120133
4,Cl,DreaMS,hit_rate,97,29,1.0
4,Cl,DreaMS,recall,97,29,0.9494577308120133
4,Cl,DreaMS,hit_rate,98,29,1.0
4,Cl,DreaMS,recall,98,29,0.9516129032258065
4,Cl,DreaMS,hit_rate,99,29,1.0
4,Cl,DreaMS,recall,99,29,0.9527252502780867
4,Cl,DreaMS,hit_rate,100,29,1.0
4,Cl,DreaMS,recall,100,29,0.953837597330367
4,Cl,DreaMS,hit_rate,101,29,1.0
4,Cl,DreaMS,recall,101,29,0.9549499443826475
4,Cl,DreaMS,hit_rate,102,29,1.0
4,Cl,DreaMS,recall,102,29,0.9549499443826475
4,Cl,DreaMS,hit_rate,103,29,1.0
4,Cl,DreaMS,recall,103,29,0.9560622914349277
4,Cl,DreaMS,hit_rate,104,29,1.0
4,Cl,DreaMS,recall,104,29,0.957174638487208
4,Cl,DreaMS,hit_rate,105,29,1.0
4,Cl,DreaMS,recall,105,29,0.957174638487208
4,Cl,DreaMS,hit_rate,106,29,1.0
4,Cl,DreaMS,recall,106,29,0.957174638487208
4,Cl,DreaMS,hit_rate,107,29,1.0
4,Cl,DreaMS,recall,107,29,0.9582869855394883
4,Cl,DreaMS,hit_rate,108,29,1.0
4,Cl,DreaMS,recall,108,29,0.9582869855394883
4,Cl,DreaMS,hit_rate,109,29,1.0
4,Cl,DreaMS,recall,109,29,0.9593993325917686
4,Cl,DreaMS,hit_rate,110,29,1.0
4,Cl,DreaMS,recall,110,29,0.9615545050055616
4,Cl,DreaMS,hit_rate,111,29,1.0
4,Cl,DreaMS,recall,111,29,0.9615545050055616
4,Cl,DreaMS,hit_rate,112,29,1.0
4,Cl,DreaMS,recall,112,29,0.9626668520578421
4,Cl,DreaMS,hit_rate,113,29,1.0
4,Cl,DreaMS,recall,113,29,0.9626668520578421
4,Cl,DreaMS,hit_rate,114,29,1.0
4,Cl,DreaMS,recall,114,29,0.9626668520578421
4,Cl,DreaMS,hit_rate,115,29,1.0
4,Cl,DreaMS,recall,115,29,0.9648220244716351
4,Cl,DreaMS,hit_rate,116,29,1.0
4,Cl,DreaMS,recall,116,29,0.9648220244716351
4,Cl,DreaMS,hit_rate,117,29,1.0
4,Cl,DreaMS,recall,117,29,0.9648220244716351
4,Cl,DreaMS,hit_rate,118,29,1.0
4,Cl,DreaMS,recall,118,29,0.9648220244716351
4,Cl,DreaMS,hit_rate,119,29,1.0
4,Cl,DreaMS,recall,119,29,0.9659343715239155
4,Cl,DreaMS,hit_rate,120,29,1.0
4,Cl,DreaMS,recall,120,29,0.9659343715239155
4,Cl,DreaMS,hit_rate,121,29,1.0
4,Cl,DreaMS,recall,121,29,0.969201890989989
4,Cl,DreaMS,hit_rate,122,29,1.0
4,Cl,DreaMS,recall,122,29,0.9714265850945495
4,Cl,DreaMS,hit_rate,123,29,1.0
4,Cl,DreaMS,recall,123,29,0.9714265850945495
4,Cl,DreaMS,hit_rate,124,29,1.0
4,Cl,DreaMS,recall,124,29,0.9725389321468298
4,Cl,DreaMS,hit_rate,125,29,1.0
4,Cl,DreaMS,recall,125,29,0.9746941045606229
4,Cl,DreaMS,hit_rate,126,29,1.0
4,Cl,DreaMS,recall,126,29,0.9769187986651836
4,Cl,DreaMS,hit_rate,127,29,1.0
4,Cl,DreaMS,recall,127,29,0.9791434927697441
4,Cl,DreaMS,hit_rate,128,29,1.0
4,Cl,DreaMS,recall,128,29,0.9812986651835373
4,Cl,DreaMS,hit_rate,129,29,1.0
4,Cl,DreaMS,recall,129,29,0.9812986651835373
4,Cl,DreaMS,hit_rate,130,29,1.0
4,Cl,DreaMS,recall,130,29,0.9834538375973303
4,Cl,DreaMS,hit_rate,131,29,1.0
4,Cl,DreaMS,recall,131,29,0.9834538375973303
4,Cl,DreaMS,hit_rate,132,29,1.0
4,Cl,DreaMS,recall,132,29,0.985678531701891
4,Cl,DreaMS,hit_rate,133,29,1.0
4,Cl,DreaMS,recall,133,29,0.985678531701891
4,Cl,DreaMS,hit_rate,134,29,1.0
4,Cl,DreaMS,recall,134,29,0.9878337041156842
4,Cl,DreaMS,hit_rate,135,29,1.0
4,Cl,DreaMS,recall,135,29,0.9878337041156842
4,Cl,DreaMS,hit_rate,136,29,1.0
4,Cl,DreaMS,recall,136,29,0.9878337041156842
4,Cl,DreaMS,hit_rate,137,29,1.0
4,Cl,DreaMS,recall,137,29,0.9900583982202447
4,Cl,DreaMS,hit_rate,138,29,1.0
4,Cl,DreaMS,recall,138,29,0.991170745272525
4,Cl,DreaMS,hit_rate,139,29,1.0
4,Cl,DreaMS,recall,139,29,0.991170745272525
4,Cl,DreaMS,hit_rate,140,29,1.0
4,Cl,DreaMS,recall,140,29,0.9922830923248054
4,Cl,DreaMS,hit_rate,141,29,1.0
4,Cl,DreaMS,recall,141,29,0.9922830923248054
4,Cl,DreaMS,hit_rate,142,29,1.0
4,Cl,DreaMS,recall,142,29,0.9922830923248054
4,Cl,DreaMS,hit_rate,143,29,1.0
4,Cl,DreaMS,recall,143,29,0.9933954393770856
4,Cl,DreaMS,hit_rate,144,29,1.0
4,Cl,DreaMS,recall,144,29,0.9945077864293659
4,Cl,DreaMS,hit_rate,145,29,1.0
4,Cl,DreaMS,recall,145,29,0.9945077864293659
4,Cl,DreaMS,hit_rate,146,29,1.0
4,Cl,DreaMS,recall,146,29,0.9945077864293659
4,Cl,DreaMS,hit_rate,147,29,1.0
4,Cl,DreaMS,recall,147,29,0.9967324805339266
4,Cl,DreaMS,hit_rate,148,29,1.0
4,Cl,DreaMS,recall,148,29,0.9967324805339266
4,Cl,DreaMS,hit_rate,149,29,1.0
4,Cl,DreaMS,recall,149,29,0.9967324805339266
4,Cl,DreaMS,hit_rate,150,29,1.0
4,Cl,DreaMS,recall,150,29,1.0
4,Cl,Linear SVM,hit_rate,5,29,0.8620689655172413
4,Cl,Linear SVM,recall,5,29,0.2912212563573725
4,Cl,Linear SVM,hit_rate,6,29,0.8620689655172413
4,Cl,Linear SVM,recall,6,29,0.3435721047427036
4,Cl,Linear SVM,hit_rate,7,29,0.8620689655172413
4,Cl,Linear SVM,recall,7,29,0.36319443643400084
4,Cl,Linear SVM,hit_rate,8,29,0.896551724137931
4,Cl,Linear SVM,recall,8,29,0.3987820074117715
4,Cl,Linear SVM,hit_rate,9,29,0.9655172413793104
4,Cl,Linear SVM,recall,9,29,0.4545716640634971
4,Cl,Linear SVM,hit_rate,10,29,0.9655172413793104
4,Cl,Linear SVM,recall,10,29,0.48516974983399663
4,Cl,Linear SVM,hit_rate,11,29,1.0
4,Cl,Linear SVM,recall,11,29,0.5631953123423179
4,Cl,Linear SVM,hit_rate,12,29,1.0
4,Cl,Linear SVM,recall,12,29,0.5974332448561124
4,Cl,Linear SVM,hit_rate,13,29,1.0
4,Cl,Linear SVM,recall,13,29,0.6097845253562132
4,Cl,Linear SVM,hit_rate,14,29,1.0
4,Cl,Linear SVM,recall,14,29,0.6283915313770123
4,Cl,Linear SVM,hit_rate,15,29,1.0
4,Cl,Linear SVM,recall,15,29,0.6631479626851678
4,Cl,Linear SVM,hit_rate,16,29,1.0
4,Cl,Linear SVM,recall,16,29,0.6785521729623364
4,Cl,Linear SVM,hit_rate,17,29,1.0
4,Cl,Linear SVM,recall,17,29,0.690304309714473
4,Cl,Linear SVM,hit_rate,18,29,1.0
4,Cl,Linear SVM,recall,18,29,0.7100771613838764
4,Cl,Linear SVM,hit_rate,19,29,1.0
4,Cl,Linear SVM,recall,19,29,0.7218450869449055
4,Cl,Linear SVM,hit_rate,20,29,1.0
4,Cl,Linear SVM,recall,20,29,0.7361804944291335
4,Cl,Linear SVM,hit_rate,21,29,1.0
4,Cl,Linear SVM,recall,21,29,0.7475926454964569
4,Cl,Linear SVM,hit_rate,22,29,1.0
4,Cl,Linear SVM,recall,22,29,0.763270528461091
4,Cl,Linear SVM,hit_rate,23,29,1.0
4,Cl,Linear SVM,recall,23,29,0.7797119582237549
4,Cl,Linear SVM,hit_rate,24,29,1.0
4,Cl,Linear SVM,recall,24,29,0.7816276670360156
4,Cl,Linear SVM,hit_rate,25,29,1.0
4,Cl,Linear SVM,recall,25,29,0.7857169685391102
4,Cl,Linear SVM,hit_rate,26,29,1.0
4,Cl,Linear SVM,recall,26,29,0.7982772874787393
4,Cl,Linear SVM,hit_rate,27,29,1.0
4,Cl,Linear SVM,recall,27,29,0.8034880154480879
4,Cl,Linear SVM,hit_rate,28,29,1.0
4,Cl,Linear SVM,recall,28,29,0.8158580209215416
4,Cl,Linear SVM,hit_rate,29,29,1.0
4,Cl,Linear SVM,recall,29,29,0.8303165811151291
4,Cl,Linear SVM,hit_rate,30,29,1.0
4,Cl,Linear SVM,recall,30,29,0.8339010674582362
4,Cl,Linear SVM,hit_rate,31,29,1.0
4,Cl,Linear SVM,recall,31,29,0.8373579856156989
4,Cl,Linear SVM,hit_rate,32,29,1.0
4,Cl,Linear SVM,recall,32,29,0.8473053619423855
4,Cl,Linear SVM,hit_rate,33,29,1.0
4,Cl,Linear SVM,recall,33,29,0.8498793645163879
4,Cl,Linear SVM,hit_rate,34,29,1.0
4,Cl,Linear SVM,recall,34,29,0.8515214006411828
4,Cl,Linear SVM,hit_rate,35,29,1.0
4,Cl,Linear SVM,recall,35,29,0.8555321848243808
4,Cl,Linear SVM,hit_rate,36,29,1.0
4,Cl,Linear SVM,recall,36,29,0.8612793112611624
4,Cl,Linear SVM,hit_rate,37,29,1.0
4,Cl,Linear SVM,recall,37,29,0.8645800257687735
4,Cl,Linear SVM,hit_rate,38,29,1.0
4,Cl,Linear SVM,recall,38,29,0.8669487738271766
4,Cl,Linear SVM,hit_rate,39,29,1.0
4,Cl,Linear SVM,recall,39,29,0.8701429662046722
4,Cl,Linear SVM,hit_rate,40,29,1.0
4,Cl,Linear SVM,recall,40,29,0.8719578482373401
4,Cl,Linear SVM,hit_rate,41,29,1.0
4,Cl,Linear SVM,recall,41,29,0.8783207382209198
4,Cl,Linear SVM,hit_rate,42,29,1.0
4,Cl,Linear SVM,recall,42,29,0.8840520758488091
4,Cl,Linear SVM,hit_rate,43,29,1.0
4,Cl,Linear SVM,recall,43,29,0.8886830498354998
4,Cl,Linear SVM,hit_rate,44,29,1.0
4,Cl,Linear SVM,recall,44,29,0.8901198314446953
4,Cl,Linear SVM,hit_rate,45,29,1.0
4,Cl,Linear SVM,recall,45,29,0.8946362842370102
4,Cl,Linear SVM,hit_rate,46,29,1.0
4,Cl,Linear SVM,recall,46,29,0.8987255857401049
4,Cl,Linear SVM,hit_rate,47,29,1.0
4,Cl,Linear SVM,recall,47,29,0.9001623673493002
4,Cl,Linear SVM,hit_rate,48,29,1.0
4,Cl,Linear SVM,recall,48,29,0.9001623673493002
4,Cl,Linear SVM,hit_rate,49,29,1.0
4,Cl,Linear SVM,recall,49,29,0.9042885261760034
4,Cl,Linear SVM,hit_rate,50,29,1.0
4,Cl,Linear SVM,recall,50,29,0.9042885261760034
4,Cl,Linear SVM,hit_rate,51,29,1.0
4,Cl,Linear SVM,recall,51,29,0.9085830821946973
4,Cl,Linear SVM,hit_rate,52,29,1.0
4,Cl,Linear SVM,recall,52,29,0.9138096046625993
4,Cl,Linear SVM,hit_rate,53,29,1.0
4,Cl,Linear SVM,recall,53,29,0.9164621245564983
4,Cl,Linear SVM,hit_rate,54,29,1.0
4,Cl,Linear SVM,recall,54,29,0.9164621245564983
4,Cl,Linear SVM,hit_rate,55,29,1.0
4,Cl,Linear SVM,recall,55,29,0.9178989061656938
4,Cl,Linear SVM,hit_rate,56,29,1.0
4,Cl,Linear SVM,recall,56,29,0.9188308726149017
4,Cl,Linear SVM,hit_rate,57,29,1.0
4,Cl,Linear SVM,recall,57,29,0.9188308726149017
4,Cl,Linear SVM,hit_rate,58,29,1.0
4,Cl,Linear SVM,recall,58,29,0.9206457546475696
4,Cl,Linear SVM,hit_rate,59,29,1.0
4,Cl,Linear SVM,recall,59,29,0.9206457546475696
4,Cl,Linear SVM,hit_rate,60,29,1.0
4,Cl,Linear SVM,recall,60,29,0.9224606366802374
4,Cl,Linear SVM,hit_rate,61,29,1.0
4,Cl,Linear SVM,recall,61,29,0.9224606366802374
4,Cl,Linear SVM,hit_rate,62,29,1.0
4,Cl,Linear SVM,recall,62,29,0.9224606366802374
4,Cl,Linear SVM,hit_rate,63,29,1.0
4,Cl,Linear SVM,recall,63,29,0.9242755187129054
4,Cl,Linear SVM,hit_rate,64,29,1.0
4,Cl,Linear SVM,recall,64,29,0.9265867955069408
4,Cl,Linear SVM,hit_rate,65,29,1.0
4,Cl,Linear SVM,recall,65,29,0.9265867955069408
4,Cl,Linear SVM,hit_rate,66,29,1.0
4,Cl,Linear SVM,recall,66,29,0.9279661058517684
4,Cl,Linear SVM,hit_rate,67,29,1.0
4,Cl,Linear SVM,recall,67,29,0.9297809878844362
4,Cl,Linear SVM,hit_rate,68,29,1.0
4,Cl,Linear SVM,recall,68,29,0.9311602982292638
4,Cl,Linear SVM,hit_rate,69,29,1.0
4,Cl,Linear SVM,recall,69,29,0.9311602982292638
4,Cl,Linear SVM,hit_rate,70,29,1.0
4,Cl,Linear SVM,recall,70,29,0.9311602982292638
4,Cl,Linear SVM,hit_rate,71,29,1.0
4,Cl,Linear SVM,recall,71,29,0.9320922646784716
4,Cl,Linear SVM,hit_rate,72,29,1.0
4,Cl,Linear SVM,recall,72,29,0.9364026095060578
4,Cl,Linear SVM,hit_rate,73,29,1.0
4,Cl,Linear SVM,recall,73,29,0.9364026095060578
4,Cl,Linear SVM,hit_rate,74,29,1.0
4,Cl,Linear SVM,recall,74,29,0.9373345759552656
4,Cl,Linear SVM,hit_rate,75,29,1.0
4,Cl,Linear SVM,recall,75,29,0.9373345759552656
4,Cl,Linear SVM,hit_rate,76,29,1.0
4,Cl,Linear SVM,recall,76,29,0.9373345759552656
4,Cl,Linear SVM,hit_rate,77,29,1.0
4,Cl,Linear SVM,recall,77,29,0.9382665424044735
4,Cl,Linear SVM,hit_rate,78,29,1.0
4,Cl,Linear SVM,recall,78,29,0.9382665424044735
4,Cl,Linear SVM,hit_rate,79,29,1.0
4,Cl,Linear SVM,recall,79,29,0.9401304753028891
4,Cl,Linear SVM,hit_rate,80,29,1.0
4,Cl,Linear SVM,recall,80,29,0.9415097856477166
4,Cl,Linear SVM,hit_rate,81,29,1.0
4,Cl,Linear SVM,recall,81,29,0.9428890959925442
4,Cl,Linear SVM,hit_rate,82,29,1.0
4,Cl,Linear SVM,recall,82,29,0.943821062441752
4,Cl,Linear SVM,hit_rate,83,29,1.0
4,Cl,Linear SVM,recall,83,29,0.9456849953401677
4,Cl,Linear SVM,hit_rate,84,29,1.0
4,Cl,Linear SVM,recall,84,29,0.948928238583411
4,Cl,Linear SVM,hit_rate,85,29,1.0
4,Cl,Linear SVM,recall,85,29,0.9498602050326188
4,Cl,Linear SVM,hit_rate,86,29,1.0
4,Cl,Linear SVM,recall,86,29,0.9498602050326188
4,Cl,Linear SVM,hit_rate,87,29,1.0
4,Cl,Linear SVM,recall,87,29,0.9507921714818268
4,Cl,Linear SVM,hit_rate,88,29,1.0
4,Cl,Linear SVM,recall,88,29,0.9517241379310345
4,Cl,Linear SVM,hit_rate,89,29,1.0
4,Cl,Linear SVM,recall,89,29,0.9526561043802423
4,Cl,Linear SVM,hit_rate,90,29,1.0
4,Cl,Linear SVM,recall,90,29,0.9535880708294503
4,Cl,Linear SVM,hit_rate,91,29,1.0
4,Cl,Linear SVM,recall,91,29,0.9535880708294503
4,Cl,Linear SVM,hit_rate,92,29,1.0
4,Cl,Linear SVM,recall,92,29,0.954520037278658
4,Cl,Linear SVM,hit_rate,93,29,1.0
4,Cl,Linear SVM,recall,93,29,0.954520037278658
4,Cl,Linear SVM,hit_rate,94,29,1.0
4,Cl,Linear SVM,recall,94,29,0.954520037278658
4,Cl,Linear SVM,hit_rate,95,29,1.0
4,Cl,Linear SVM,recall,95,29,0.954520037278658
4,Cl,Linear SVM,hit_rate,96,29,1.0
4,Cl,Linear SVM,recall,96,29,0.954520037278658
4,Cl,Linear SVM,hit_rate,97,29,1.0
4,Cl,Linear SVM,recall,97,29,0.954520037278658
4,Cl,Linear SVM,hit_rate,98,29,1.0
4,Cl,Linear SVM,recall,98,29,0.9554520037278659
4,Cl,Linear SVM,hit_rate,99,29,1.0
4,Cl,Linear SVM,recall,99,29,0.9554520037278659
4,Cl,Linear SVM,hit_rate,100,29,1.0
4,Cl,Linear SVM,recall,100,29,0.9563839701770738
4,Cl,Linear SVM,hit_rate,101,29,1.0
4,Cl,Linear SVM,recall,101,29,0.9563839701770738
4,Cl,Linear SVM,hit_rate,102,29,1.0
4,Cl,Linear SVM,recall,102,29,0.9563839701770738
4,Cl,Linear SVM,hit_rate,103,29,1.0
4,Cl,Linear SVM,recall,103,29,0.9577632805219013
4,Cl,Linear SVM,hit_rate,104,29,1.0
4,Cl,Linear SVM,recall,104,29,0.9586952469711091
4,Cl,Linear SVM,hit_rate,105,29,1.0
4,Cl,Linear SVM,recall,105,29,0.9586952469711091
4,Cl,Linear SVM,hit_rate,106,29,1.0
4,Cl,Linear SVM,recall,106,29,0.9586952469711091
4,Cl,Linear SVM,hit_rate,107,29,1.0
4,Cl,Linear SVM,recall,107,29,0.9596272134203169
4,Cl,Linear SVM,hit_rate,108,29,1.0
4,Cl,Linear SVM,recall,108,29,0.9605591798695248
4,Cl,Linear SVM,hit_rate,109,29,1.0
4,Cl,Linear SVM,recall,109,29,0.9614911463187326
4,Cl,Linear SVM,hit_rate,110,29,1.0
4,Cl,Linear SVM,recall,110,29,0.9624231127679403
4,Cl,Linear SVM,hit_rate,111,29,1.0
4,Cl,Linear SVM,recall,111,29,0.9633550792171482
4,Cl,Linear SVM,hit_rate,112,29,1.0
4,Cl,Linear SVM,recall,112,29,0.9642870456663559
4,Cl,Linear SVM,hit_rate,113,29,1.0
4,Cl,Linear SVM,recall,113,29,0.9661509785647717
4,Cl,Linear SVM,hit_rate,114,29,1.0
4,Cl,Linear SVM,recall,114,29,0.9670829450139794
4,Cl,Linear SVM,hit_rate,115,29,1.0
4,Cl,Linear SVM,recall,115,29,0.9670829450139794
4,Cl,Linear SVM,hit_rate,116,29,1.0
4,Cl,Linear SVM,recall,116,29,0.968462255358807
4,Cl,Linear SVM,hit_rate,117,29,1.0
4,Cl,Linear SVM,recall,117,29,0.968462255358807
4,Cl,Linear SVM,hit_rate,118,29,1.0
4,Cl,Linear SVM,recall,118,29,0.968462255358807
4,Cl,Linear SVM,hit_rate,119,29,1.0
4,Cl,Linear SVM,recall,119,29,0.968462255358807
4,Cl,Linear SVM,hit_rate,120,29,1.0
4,Cl,Linear SVM,recall,120,29,0.968462255358807
4,Cl,Linear SVM,hit_rate,121,29,1.0
4,Cl,Linear SVM,recall,121,29,0.9693942218080148
4,Cl,Linear SVM,hit_rate,122,29,1.0
4,Cl,Linear SVM,recall,122,29,0.9693942218080148
4,Cl,Linear SVM,hit_rate,123,29,1.0
4,Cl,Linear SVM,recall,123,29,0.9693942218080148
4,Cl,Linear SVM,hit_rate,124,29,1.0
4,Cl,Linear SVM,recall,124,29,0.9693942218080148
4,Cl,Linear SVM,hit_rate,125,29,1.0
4,Cl,Linear SVM,recall,125,29,0.9693942218080148
4,Cl,Linear SVM,hit_rate,126,29,1.0
4,Cl,Linear SVM,recall,126,29,0.9693942218080148
4,Cl,Linear SVM,hit_rate,127,29,1.0
4,Cl,Linear SVM,recall,127,29,0.9693942218080148
4,Cl,Linear SVM,hit_rate,128,29,1.0
4,Cl,Linear SVM,recall,128,29,0.9693942218080148
4,Cl,Linear SVM,hit_rate,129,29,1.0
4,Cl,Linear SVM,recall,129,29,0.9703261882572227
4,Cl,Linear SVM,hit_rate,130,29,1.0
4,Cl,Linear SVM,recall,130,29,0.9703261882572227
4,Cl,Linear SVM,hit_rate,131,29,1.0
4,Cl,Linear SVM,recall,131,29,0.9726374650512581
4,Cl,Linear SVM,hit_rate,132,29,1.0
4,Cl,Linear SVM,recall,132,29,0.9740167753960859
4,Cl,Linear SVM,hit_rate,133,29,1.0
4,Cl,Linear SVM,recall,133,29,0.9740167753960859
4,Cl,Linear SVM,hit_rate,134,29,1.0
4,Cl,Linear SVM,recall,134,29,0.9749487418452937
4,Cl,Linear SVM,hit_rate,135,29,1.0
4,Cl,Linear SVM,recall,135,29,0.9749487418452937
4,Cl,Linear SVM,hit_rate,136,29,1.0
4,Cl,Linear SVM,recall,136,29,0.9749487418452937
4,Cl,Linear SVM,hit_rate,137,29,1.0
4,Cl,Linear SVM,recall,137,29,0.9758807082945015
4,Cl,Linear SVM,hit_rate,138,29,1.0
4,Cl,Linear SVM,recall,138,29,0.977260018639329
4,Cl,Linear SVM,hit_rate,139,29,1.0
4,Cl,Linear SVM,recall,139,29,0.9781919850885369
4,Cl,Linear SVM,hit_rate,140,29,1.0
4,Cl,Linear SVM,recall,140,29,0.9781919850885369
4,Cl,Linear SVM,hit_rate,141,29,1.0
4,Cl,Linear SVM,recall,141,29,0.9781919850885369
4,Cl,Linear SVM,hit_rate,142,29,1.0
4,Cl,Linear SVM,recall,142,29,0.9791239515377448
4,Cl,Linear SVM,hit_rate,143,29,1.0
4,Cl,Linear SVM,recall,143,29,0.9800559179869525
4,Cl,Linear SVM,hit_rate,144,29,1.0
4,Cl,Linear SVM,recall,144,29,0.9819198508853682
4,Cl,Linear SVM,hit_rate,145,29,1.0
4,Cl,Linear SVM,recall,145,29,0.9819198508853682
4,Cl,Linear SVM,hit_rate,146,29,1.0
4,Cl,Linear SVM,recall,146,29,0.9819198508853682
4,Cl,Linear SVM,hit_rate,147,29,1.0
4,Cl,Linear SVM,recall,147,29,0.9851630941286114
4,Cl,Linear SVM,hit_rate,148,29,1.0
4,Cl,Linear SVM,recall,148,29,0.9851630941286114
4,Cl,Linear SVM,hit_rate,149,29,1.0
4,Cl,Linear SVM,recall,149,29,0.9860950605778193
4,Cl,Linear SVM,hit_rate,150,29,1.0
4,Cl,Linear SVM,recall,150,29,0.9870270270270269
4,Cl,Random forest,hit_rate,5,29,0.8275862068965517
4,Cl,Random forest,recall,5,29,0.2477312872594179
4,Cl,Random forest,hit_rate,6,29,0.8620689655172413
4,Cl,Random forest,recall,6,29,0.3253002484944408
4,Cl,Random forest,hit_rate,7,29,0.896551724137931
4,Cl,Random forest,recall,7,29,0.38610465244766506
4,Cl,Random forest,hit_rate,8,29,0.896551724137931
4,Cl,Random forest,recall,8,29,0.39381001791165127
4,Cl,Random forest,hit_rate,9,29,0.896551724137931
4,Cl,Random forest,recall,9,29,0.43735282179928275
4,Cl,Random forest,hit_rate,10,29,0.896551724137931
4,Cl,Random forest,recall,10,29,0.46652780959496026
4,Cl,Random forest,hit_rate,11,29,0.9310344827586207
4,Cl,Random forest,recall,11,29,0.5208518380569198
4,Cl,Random forest,hit_rate,12,29,0.9655172413793104
4,Cl,Random forest,recall,12,29,0.5622174647673741
4,Cl,Random forest,hit_rate,13,29,0.9655172413793104
4,Cl,Random forest,recall,13,29,0.5824915695696095
4,Cl,Random forest,hit_rate,14,29,0.9655172413793104
4,Cl,Random forest,recall,14,29,0.6014535247838333
4,Cl,Random forest,hit_rate,15,29,0.9655172413793104
4,Cl,Random forest,recall,15,29,0.6111004870170024
4,Cl,Random forest,hit_rate,16,29,0.9655172413793104
4,Cl,Random forest,recall,16,29,0.6197895948440413
4,Cl,Random forest,hit_rate,17,29,0.9655172413793104
4,Cl,Random forest,recall,17,29,0.6334473412604084
4,Cl,Random forest,hit_rate,18,29,0.9655172413793104
4,Cl,Random forest,recall,18,29,0.6466520484306327
4,Cl,Random forest,hit_rate,19,29,0.9655172413793104
4,Cl,Random forest,recall,19,29,0.6624084487151637
4,Cl,Random forest,hit_rate,20,29,0.9655172413793104
4,Cl,Random forest,recall,20,29,0.6715080655734013
4,Cl,Random forest,hit_rate,21,29,0.9655172413793104
4,Cl,Random forest,recall,21,29,0.688814301028457
4,Cl,Random forest,hit_rate,22,29,0.9655172413793104
4,Cl,Random forest,recall,22,29,0.7031821171204112
4,Cl,Random forest,hit_rate,23,29,0.9655172413793104
4,Cl,Random forest,recall,23,29,0.7145921630132157
4,Cl,Random forest,hit_rate,24,29,0.9655172413793104
4,Cl,Random forest,recall,24,29,0.7208182166530623
4,Cl,Random forest,hit_rate,25,29,0.9655172413793104
4,Cl,Random forest,recall,25,29,0.726917555556394
4,Cl,Random forest,hit_rate,26,29,1.0
4,Cl,Random forest,recall,26,29,0.7426962653006208
4,Cl,Random forest,hit_rate,27,29,1.0
4,Cl,Random forest,recall,27,29,0.7626844930928414
4,Cl,Random forest,hit_rate,28,29,1.0
4,Cl,Random forest,recall,28,29,0.7812064668326012
4,Cl,Random forest,hit_rate,29,29,1.0
4,Cl,Random forest,recall,29,29,0.7921923200598336
4,Cl,Random forest,hit_rate,30,29,1.0
4,Cl,Random forest,recall,30,29,0.7948448399537329
4,Cl,Random forest,hit_rate,31,29,1.0
4,Cl,Random forest,recall,31,29,0.8026870417614519
4,Cl,Random forest,hit_rate,32,29,1.0
4,Cl,Random forest,recall,32,29,0.8157751333431913
4,Cl,Random forest,hit_rate,33,29,1.0
4,Cl,Random forest,recall,33,29,0.8302797857788783
4,Cl,Random forest,hit_rate,34,29,1.0
4,Cl,Random forest,recall,34,29,0.8461953318668382
4,Cl,Random forest,hit_rate,35,29,1.0
4,Cl,Random forest,recall,35,29,0.8600425439899124
4,Cl,Random forest,hit_rate,36,29,1.0
4,Cl,Random forest,recall,36,29,0.8626950638838115
4,Cl,Random forest,hit_rate,37,29,1.0
4,Cl,Random forest,recall,37,29,0.869657928605297
4,Cl,Random forest,hit_rate,38,29,1.0
4,Cl,Random forest,recall,38,29,0.8710947102144924
4,Cl,Random forest,hit_rate,39,29,1.0
4,Cl,Random forest,recall,39,29,0.87247402055932
4,Cl,Random forest,hit_rate,40,29,1.0
4,Cl,Random forest,recall,40,29,0.8755528382933102
4,Cl,Random forest,hit_rate,41,29,1.0
4,Cl,Random forest,recall,41,29,0.8773677203259781
4,Cl,Random forest,hit_rate,42,29,1.0
4,Cl,Random forest,recall,42,29,0.8790097564507727
4,Cl,Random forest,hit_rate,43,29,1.0
4,Cl,Random forest,recall,43,29,0.8804465380599683
4,Cl,Random forest,hit_rate,44,29,1.0
4,Cl,Random forest,recall,44,29,0.8818833196691636
4,Cl,Random forest,hit_rate,45,29,1.0
4,Cl,Random forest,recall,45,29,0.8861936644967499
4,Cl,Random forest,hit_rate,46,29,1.0
4,Cl,Random forest,recall,46,29,0.8861936644967499
4,Cl,Random forest,hit_rate,47,29,1.0
4,Cl,Random forest,recall,47,29,0.8861936644967499
4,Cl,Random forest,hit_rate,48,29,1.0
4,Cl,Random forest,recall,48,29,0.8885624125551531
4,Cl,Random forest,hit_rate,49,29,1.0
4,Cl,Random forest,recall,49,29,0.8963296755402019
4,Cl,Random forest,hit_rate,50,29,1.0
4,Cl,Random forest,recall,50,29,0.8989036781142045
4,Cl,Random forest,hit_rate,51,29,1.0
4,Cl,Random forest,recall,51,29,0.9032925627208749
4,Cl,Random forest,hit_rate,52,29,1.0
4,Cl,Random forest,recall,52,29,0.907303346904073
4,Cl,Random forest,hit_rate,53,29,1.0
4,Cl,Random forest,recall,53,29,0.9091182289367409
4,Cl,Random forest,hit_rate,54,29,1.0
4,Cl,Random forest,recall,54,29,0.9105550105459362
4,Cl,Random forest,hit_rate,55,29,1.0
4,Cl,Random forest,recall,55,29,0.9105550105459362
4,Cl,Random forest,hit_rate,56,29,1.0
4,Cl,Random forest,recall,56,29,0.9105550105459362
4,Cl,Random forest,hit_rate,57,29,1.0
4,Cl,Random forest,recall,57,29,0.9124189434443518
4,Cl,Random forest,hit_rate,58,29,1.0
4,Cl,Random forest,recall,58,29,0.9133509098935597
4,Cl,Random forest,hit_rate,59,29,1.0
4,Cl,Random forest,recall,59,29,0.9160977583754353
4,Cl,Random forest,hit_rate,60,29,1.0
4,Cl,Random forest,recall,60,29,0.9188446068573112
4,Cl,Random forest,hit_rate,61,29,1.0
4,Cl,Random forest,recall,61,29,0.9202239172021387
4,Cl,Random forest,hit_rate,62,29,1.0
4,Cl,Random forest,recall,62,29,0.9220387992348065
4,Cl,Random forest,hit_rate,63,29,1.0
4,Cl,Random forest,recall,63,29,0.9220387992348065
4,Cl,Random forest,hit_rate,64,29,1.0
4,Cl,Random forest,recall,64,29,0.9238536812674745
4,Cl,Random forest,hit_rate,65,29,1.0
4,Cl,Random forest,recall,65,29,0.9238536812674745
4,Cl,Random forest,hit_rate,66,29,1.0
4,Cl,Random forest,recall,66,29,0.9238536812674745
4,Cl,Random forest,hit_rate,67,29,1.0
4,Cl,Random forest,recall,67,29,0.925232991612302
4,Cl,Random forest,hit_rate,68,29,1.0
4,Cl,Random forest,recall,68,29,0.925232991612302
4,Cl,Random forest,hit_rate,69,29,1.0
4,Cl,Random forest,recall,69,29,0.9261649580615097
4,Cl,Random forest,hit_rate,70,29,1.0
4,Cl,Random forest,recall,70,29,0.9275442684063373
4,Cl,Random forest,hit_rate,71,29,1.0
4,Cl,Random forest,recall,71,29,0.9332339235787511
4,Cl,Random forest,hit_rate,72,29,1.0
4,Cl,Random forest,recall,72,29,0.934165890027959
4,Cl,Random forest,hit_rate,73,29,1.0
4,Cl,Random forest,recall,73,29,0.934165890027959
4,Cl,Random forest,hit_rate,74,29,1.0
4,Cl,Random forest,recall,74,29,0.934165890027959
4,Cl,Random forest,hit_rate,75,29,1.0
4,Cl,Random forest,recall,75,29,0.934165890027959
4,Cl,Random forest,hit_rate,76,29,1.0
4,Cl,Random forest,recall,76,29,0.9350978564771669
4,Cl,Random forest,hit_rate,77,29,1.0
4,Cl,Random forest,recall,77,29,0.9350978564771669
4,Cl,Random forest,hit_rate,78,29,1.0
4,Cl,Random forest,recall,78,29,0.9350978564771669
4,Cl,Random forest,hit_rate,79,29,1.0
4,Cl,Random forest,recall,79,29,0.9369617893755825
4,Cl,Random forest,hit_rate,80,29,1.0
4,Cl,Random forest,recall,80,29,0.9369617893755825
4,Cl,Random forest,hit_rate,81,29,1.0
4,Cl,Random forest,recall,81,29,0.9378937558247904
4,Cl,Random forest,hit_rate,82,29,1.0
4,Cl,Random forest,recall,82,29,0.9378937558247904
4,Cl,Random forest,hit_rate,83,29,1.0
4,Cl,Random forest,recall,83,29,0.9388257222739981
4,Cl,Random forest,hit_rate,84,29,1.0
4,Cl,Random forest,recall,84,29,0.9411369990680335
4,Cl,Random forest,hit_rate,85,29,1.0
4,Cl,Random forest,recall,85,29,0.9420689655172414
4,Cl,Random forest,hit_rate,86,29,1.0
4,Cl,Random forest,recall,86,29,0.9434482758620689
4,Cl,Random forest,hit_rate,87,29,1.0
4,Cl,Random forest,recall,87,29,0.9443802423112768
4,Cl,Random forest,hit_rate,88,29,1.0
4,Cl,Random forest,recall,88,29,0.9443802423112768
4,Cl,Random forest,hit_rate,89,29,1.0
4,Cl,Random forest,recall,89,29,0.9443802423112768
4,Cl,Random forest,hit_rate,90,29,1.0
4,Cl,Random forest,recall,90,29,0.9457595526561043
4,Cl,Random forest,hit_rate,91,29,1.0
4,Cl,Random forest,recall,91,29,0.9457595526561043
4,Cl,Random forest,hit_rate,92,29,1.0
4,Cl,Random forest,recall,92,29,0.9457595526561043
4,Cl,Random forest,hit_rate,93,29,1.0
4,Cl,Random forest,recall,93,29,0.9457595526561043
4,Cl,Random forest,hit_rate,94,29,1.0
4,Cl,Random forest,recall,94,29,0.9466915191053122
4,Cl,Random forest,hit_rate,95,29,1.0
4,Cl,Random forest,recall,95,29,0.9466915191053122
4,Cl,Random forest,hit_rate,96,29,1.0
4,Cl,Random forest,recall,96,29,0.9480708294501399
4,Cl,Random forest,hit_rate,97,29,1.0
4,Cl,Random forest,recall,97,29,0.9480708294501399
4,Cl,Random forest,hit_rate,98,29,1.0
4,Cl,Random forest,recall,98,29,0.9480708294501399
4,Cl,Random forest,hit_rate,99,29,1.0
4,Cl,Random forest,recall,99,29,0.9480708294501399
4,Cl,Random forest,hit_rate,100,29,1.0
4,Cl,Random forest,recall,100,29,0.9480708294501399
4,Cl,Random forest,hit_rate,101,29,1.0
4,Cl,Random forest,recall,101,29,0.9490027958993477
4,Cl,Random forest,hit_rate,102,29,1.0
4,Cl,Random forest,recall,102,29,0.9490027958993477
4,Cl,Random forest,hit_rate,103,29,1.0
4,Cl,Random forest,recall,103,29,0.9490027958993477
4,Cl,Random forest,hit_rate,104,29,1.0
4,Cl,Random forest,recall,104,29,0.9490027958993477
4,Cl,Random forest,hit_rate,105,29,1.0
4,Cl,Random forest,recall,105,29,0.9499347623485556
4,Cl,Random forest,hit_rate,106,29,1.0
4,Cl,Random forest,recall,106,29,0.9513140726933831
4,Cl,Random forest,hit_rate,107,29,1.0
4,Cl,Random forest,recall,107,29,0.9513140726933831
4,Cl,Random forest,hit_rate,108,29,1.0
4,Cl,Random forest,recall,108,29,0.952246039142591
4,Cl,Random forest,hit_rate,109,29,1.0
4,Cl,Random forest,recall,109,29,0.952246039142591
4,Cl,Random forest,hit_rate,110,29,1.0
4,Cl,Random forest,recall,110,29,0.952246039142591
4,Cl,Random forest,hit_rate,111,29,1.0
4,Cl,Random forest,recall,111,29,0.952246039142591
4,Cl,Random forest,hit_rate,112,29,1.0
4,Cl,Random forest,recall,112,29,0.952246039142591
4,Cl,Random forest,hit_rate,113,29,1.0
4,Cl,Random forest,recall,113,29,0.952246039142591
4,Cl,Random forest,hit_rate,114,29,1.0
4,Cl,Random forest,recall,114,29,0.9531780055917987
4,Cl,Random forest,hit_rate,115,29,1.0
4,Cl,Random forest,recall,115,29,0.9541099720410066
4,Cl,Random forest,hit_rate,116,29,1.0
4,Cl,Random forest,recall,116,29,0.9541099720410066
4,Cl,Random forest,hit_rate,117,29,1.0
4,Cl,Random forest,recall,117,29,0.9554892823858341
4,Cl,Random forest,hit_rate,118,29,1.0
4,Cl,Random forest,recall,118,29,0.9554892823858341
4,Cl,Random forest,hit_rate,119,29,1.0
4,Cl,Random forest,recall,119,29,0.956421248835042
4,Cl,Random forest,hit_rate,120,29,1.0
4,Cl,Random forest,recall,120,29,0.956421248835042
4,Cl,Random forest,hit_rate,121,29,1.0
4,Cl,Random forest,recall,121,29,0.956421248835042
4,Cl,Random forest,hit_rate,122,29,1.0
4,Cl,Random forest,recall,122,29,0.956421248835042
4,Cl,Random forest,hit_rate,123,29,1.0
4,Cl,Random forest,recall,123,29,0.956421248835042
4,Cl,Random forest,hit_rate,124,29,1.0
4,Cl,Random forest,recall,124,29,0.956421248835042
4,Cl,Random forest,hit_rate,125,29,1.0
4,Cl,Random forest,recall,125,29,0.956421248835042
4,Cl,Random forest,hit_rate,126,29,1.0
4,Cl,Random forest,recall,126,29,0.9582851817334576
4,Cl,Random forest,hit_rate,127,29,1.0
4,Cl,Random forest,recall,127,29,0.9582851817334576
4,Cl,Random forest,hit_rate,128,29,1.0
4,Cl,Random forest,recall,128,29,0.9592171481826655
4,Cl,Random forest,hit_rate,129,29,1.0
4,Cl,Random forest,recall,129,29,0.9592171481826655
4,Cl,Random forest,hit_rate,130,29,1.0
4,Cl,Random forest,recall,130,29,0.9601491146318731
4,Cl,Random forest,hit_rate,131,29,1.0
4,Cl,Random forest,recall,131,29,0.9601491146318731
4,Cl,Random forest,hit_rate,132,29,1.0
4,Cl,Random forest,recall,132,29,0.9601491146318731
4,Cl,Random forest,hit_rate,133,29,1.0
4,Cl,Random forest,recall,133,29,0.9601491146318731
4,Cl,Random forest,hit_rate,134,29,1.0
4,Cl,Random forest,recall,134,29,0.961081081081081
4,Cl,Random forest,hit_rate,135,29,1.0
4,Cl,Random forest,recall,135,29,0.9620130475302889
4,Cl,Random forest,hit_rate,136,29,1.0
4,Cl,Random forest,recall,136,29,0.9629450139794966
4,Cl,Random forest,hit_rate,137,29,1.0
4,Cl,Random forest,recall,137,29,0.9629450139794966
4,Cl,Random forest,hit_rate,138,29,1.0
4,Cl,Random forest,recall,138,29,0.965256290773532
4,Cl,Random forest,hit_rate,139,29,1.0
4,Cl,Random forest,recall,139,29,0.965256290773532
4,Cl,Random forest,hit_rate,140,29,1.0
4,Cl,Random forest,recall,140,29,0.965256290773532
4,Cl,Random forest,hit_rate,141,29,1.0
4,Cl,Random forest,recall,141,29,0.965256290773532
4,Cl,Random forest,hit_rate,142,29,1.0
4,Cl,Random forest,recall,142,29,0.965256290773532
4,Cl,Random forest,hit_rate,143,29,1.0
4,Cl,Random forest,recall,143,29,0.9661882572227399
4,Cl,Random forest,hit_rate,144,29,1.0
4,Cl,Random forest,recall,144,29,0.9671202236719477
4,Cl,Random forest,hit_rate,145,29,1.0
4,Cl,Random forest,recall,145,29,0.9689841565703634
4,Cl,Random forest,hit_rate,146,29,1.0
4,Cl,Random forest,recall,146,29,0.9689841565703634
4,Cl,Random forest,hit_rate,147,29,1.0
4,Cl,Random forest,recall,147,29,0.9699161230195713
4,Cl,Random forest,hit_rate,148,29,1.0
4,Cl,Random forest,recall,148,29,0.9708480894687791
4,Cl,Random forest,hit_rate,149,29,1.0
4,Cl,Random forest,recall,149,29,0.9717800559179869
4,Cl,Random forest,hit_rate,150,29,1.0
4,Cl,Random forest,recall,150,29,0.9717800559179869
4,Br,UltraMS,hit_rate,5,24,0.9583333333333334
4,Br,UltraMS,recall,5,24,0.7960950080515298
4,Br,UltraMS,hit_rate,6,24,0.9583333333333334
4,Br,UltraMS,recall,6,24,0.8314714170692431
4,Br,UltraMS,hit_rate,7,24,0.9583333333333334
4,Br,UltraMS,recall,7,24,0.8633756038647343
4,Br,UltraMS,hit_rate,8,24,0.9583333333333334
4,Br,UltraMS,recall,8,24,0.8675020128824477
4,Br,UltraMS,hit_rate,9,24,0.9583333333333334
4,Br,UltraMS,recall,9,24,0.8855173107890498
4,Br,UltraMS,hit_rate,10,24,0.9583333333333334
4,Br,UltraMS,recall,10,24,0.90006038647343
4,Br,UltraMS,hit_rate,11,24,0.9583333333333334
4,Br,UltraMS,recall,11,24,0.9041867954911433
4,Br,UltraMS,hit_rate,12,24,0.9583333333333334
4,Br,UltraMS,recall,12,24,0.9083132045088567
4,Br,UltraMS,hit_rate,13,24,0.9583333333333334
4,Br,UltraMS,recall,13,24,0.91243961352657
4,Br,UltraMS,hit_rate,14,24,1.0
4,Br,UltraMS,recall,14,24,0.9582326892109502
4,Br,UltraMS,hit_rate,15,24,1.0
4,Br,UltraMS,recall,15,24,0.9693035426731079
4,Br,UltraMS,hit_rate,16,24,1.0
4,Br,UltraMS,recall,16,24,0.9785628019323672
4,Br,UltraMS,hit_rate,17,24,1.0
4,Br,UltraMS,recall,17,24,0.9826892109500805
4,Br,UltraMS,hit_rate,18,24,1.0
4,Br,UltraMS,recall,18,24,0.9868156199677939
4,Br,UltraMS,hit_rate,19,24,1.0
4,Br,UltraMS,recall,19,24,0.9886272141706924
4,Br,UltraMS,hit_rate,20,24,1.0
4,Br,UltraMS,recall,20,24,0.9886272141706924
4,Br,UltraMS,hit_rate,21,24,1.0
4,Br,UltraMS,recall,21,24,0.990438808373591
4,Br,UltraMS,hit_rate,22,24,1.0
4,Br,UltraMS,recall,22,24,0.9922504025764894
4,Br,UltraMS,hit_rate,23,24,1.0
4,Br,UltraMS,recall,23,24,0.9940619967793881
4,Br,UltraMS,hit_rate,24,24,1.0
4,Br,UltraMS,recall,24,24,0.9981884057971014
4,Br,UltraMS,hit_rate,25,24,1.0
4,Br,UltraMS,recall,25,24,1.0
4,Br,UltraMS,hit_rate,26,24,1.0
4,Br,UltraMS,recall,26,24,1.0
4,Br,UltraMS,hit_rate,27,24,1.0
4,Br,UltraMS,recall,27,24,1.0
4,Br,UltraMS,hit_rate,28,24,1.0
4,Br,UltraMS,recall,28,24,1.0
4,Br,UltraMS,hit_rate,29,24,1.0
4,Br,UltraMS,recall,29,24,1.0
4,Br,UltraMS,hit_rate,30,24,1.0
4,Br,UltraMS,recall,30,24,1.0
4,Br,UltraMS,hit_rate,31,24,1.0
4,Br,UltraMS,recall,31,24,1.0
4,Br,UltraMS,hit_rate,32,24,1.0
4,Br,UltraMS,recall,32,24,1.0
4,Br,UltraMS,hit_rate,33,24,1.0
4,Br,UltraMS,recall,33,24,1.0
4,Br,UltraMS,hit_rate,34,24,1.0
4,Br,UltraMS,recall,34,24,1.0
4,Br,UltraMS,hit_rate,35,24,1.0
4,Br,UltraMS,recall,35,24,1.0
4,Br,UltraMS,hit_rate,36,24,1.0
4,Br,UltraMS,recall,36,24,1.0
4,Br,UltraMS,hit_rate,37,24,1.0
4,Br,UltraMS,recall,37,24,1.0
4,Br,UltraMS,hit_rate,38,24,1.0
4,Br,UltraMS,recall,38,24,1.0
4,Br,UltraMS,hit_rate,39,24,1.0
4,Br,UltraMS,recall,39,24,1.0
4,Br,UltraMS,hit_rate,40,24,1.0
4,Br,UltraMS,recall,40,24,1.0
4,Br,UltraMS,hit_rate,41,24,1.0
4,Br,UltraMS,recall,41,24,1.0
4,Br,UltraMS,hit_rate,42,24,1.0
4,Br,UltraMS,recall,42,24,1.0
4,Br,UltraMS,hit_rate,43,24,1.0
4,Br,UltraMS,recall,43,24,1.0
4,Br,UltraMS,hit_rate,44,24,1.0
4,Br,UltraMS,recall,44,24,1.0
4,Br,UltraMS,hit_rate,45,24,1.0
4,Br,UltraMS,recall,45,24,1.0
4,Br,UltraMS,hit_rate,46,24,1.0
4,Br,UltraMS,recall,46,24,1.0
4,Br,UltraMS,hit_rate,47,24,1.0
4,Br,UltraMS,recall,47,24,1.0
4,Br,UltraMS,hit_rate,48,24,1.0
4,Br,UltraMS,recall,48,24,1.0
4,Br,UltraMS,hit_rate,49,24,1.0
4,Br,UltraMS,recall,49,24,1.0
4,Br,UltraMS,hit_rate,50,24,1.0
4,Br,UltraMS,recall,50,24,1.0
4,Br,UltraMS,hit_rate,51,24,1.0
4,Br,UltraMS,recall,51,24,1.0
4,Br,UltraMS,hit_rate,52,24,1.0
4,Br,UltraMS,recall,52,24,1.0
4,Br,UltraMS,hit_rate,53,24,1.0
4,Br,UltraMS,recall,53,24,1.0
4,Br,UltraMS,hit_rate,54,24,1.0
4,Br,UltraMS,recall,54,24,1.0
4,Br,UltraMS,hit_rate,55,24,1.0
4,Br,UltraMS,recall,55,24,1.0
4,Br,UltraMS,hit_rate,56,24,1.0
4,Br,UltraMS,recall,56,24,1.0
4,Br,UltraMS,hit_rate,57,24,1.0
4,Br,UltraMS,recall,57,24,1.0
4,Br,UltraMS,hit_rate,58,24,1.0
4,Br,UltraMS,recall,58,24,1.0
4,Br,UltraMS,hit_rate,59,24,1.0
4,Br,UltraMS,recall,59,24,1.0
4,Br,UltraMS,hit_rate,60,24,1.0
4,Br,UltraMS,recall,60,24,1.0
4,Br,UltraMS,hit_rate,61,24,1.0
4,Br,UltraMS,recall,61,24,1.0
4,Br,UltraMS,hit_rate,62,24,1.0
4,Br,UltraMS,recall,62,24,1.0
4,Br,UltraMS,hit_rate,63,24,1.0
4,Br,UltraMS,recall,63,24,1.0
4,Br,UltraMS,hit_rate,64,24,1.0
4,Br,UltraMS,recall,64,24,1.0
4,Br,UltraMS,hit_rate,65,24,1.0
4,Br,UltraMS,recall,65,24,1.0
4,Br,UltraMS,hit_rate,66,24,1.0
4,Br,UltraMS,recall,66,24,1.0
4,Br,UltraMS,hit_rate,67,24,1.0
4,Br,UltraMS,recall,67,24,1.0
4,Br,UltraMS,hit_rate,68,24,1.0
4,Br,UltraMS,recall,68,24,1.0
4,Br,UltraMS,hit_rate,69,24,1.0
4,Br,UltraMS,recall,69,24,1.0
4,Br,UltraMS,hit_rate,70,24,1.0
4,Br,UltraMS,recall,70,24,1.0
4,Br,UltraMS,hit_rate,71,24,1.0
4,Br,UltraMS,recall,71,24,1.0
4,Br,UltraMS,hit_rate,72,24,1.0
4,Br,UltraMS,recall,72,24,1.0
4,Br,UltraMS,hit_rate,73,24,1.0
4,Br,UltraMS,recall,73,24,1.0
4,Br,UltraMS,hit_rate,74,24,1.0
4,Br,UltraMS,recall,74,24,1.0
4,Br,UltraMS,hit_rate,75,24,1.0
4,Br,UltraMS,recall,75,24,1.0
4,Br,UltraMS,hit_rate,76,24,1.0
4,Br,UltraMS,recall,76,24,1.0
4,Br,UltraMS,hit_rate,77,24,1.0
4,Br,UltraMS,recall,77,24,1.0
4,Br,UltraMS,hit_rate,78,24,1.0
4,Br,UltraMS,recall,78,24,1.0
4,Br,UltraMS,hit_rate,79,24,1.0
4,Br,UltraMS,recall,79,24,1.0
4,Br,UltraMS,hit_rate,80,24,1.0
4,Br,UltraMS,recall,80,24,1.0
4,Br,UltraMS,hit_rate,81,24,1.0
4,Br,UltraMS,recall,81,24,1.0
4,Br,UltraMS,hit_rate,82,24,1.0
4,Br,UltraMS,recall,82,24,1.0
4,Br,UltraMS,hit_rate,83,24,1.0
4,Br,UltraMS,recall,83,24,1.0
4,Br,UltraMS,hit_rate,84,24,1.0
4,Br,UltraMS,recall,84,24,1.0
4,Br,UltraMS,hit_rate,85,24,1.0
4,Br,UltraMS,recall,85,24,1.0
4,Br,UltraMS,hit_rate,86,24,1.0
4,Br,UltraMS,recall,86,24,1.0
4,Br,UltraMS,hit_rate,87,24,1.0
4,Br,UltraMS,recall,87,24,1.0
4,Br,UltraMS,hit_rate,88,24,1.0
4,Br,UltraMS,recall,88,24,1.0
4,Br,UltraMS,hit_rate,89,24,1.0
4,Br,UltraMS,recall,89,24,1.0
4,Br,UltraMS,hit_rate,90,24,1.0
4,Br,UltraMS,recall,90,24,1.0
4,Br,UltraMS,hit_rate,91,24,1.0
4,Br,UltraMS,recall,91,24,1.0
4,Br,UltraMS,hit_rate,92,24,1.0
4,Br,UltraMS,recall,92,24,1.0
4,Br,UltraMS,hit_rate,93,24,1.0
4,Br,UltraMS,recall,93,24,1.0
4,Br,UltraMS,hit_rate,94,24,1.0
4,Br,UltraMS,recall,94,24,1.0
4,Br,UltraMS,hit_rate,95,24,1.0
4,Br,UltraMS,recall,95,24,1.0
4,Br,UltraMS,hit_rate,96,24,1.0
4,Br,UltraMS,recall,96,24,1.0
4,Br,UltraMS,hit_rate,97,24,1.0
4,Br,UltraMS,recall,97,24,1.0
4,Br,UltraMS,hit_rate,98,24,1.0
4,Br,UltraMS,recall,98,24,1.0
4,Br,UltraMS,hit_rate,99,24,1.0
4,Br,UltraMS,recall,99,24,1.0
4,Br,UltraMS,hit_rate,100,24,1.0
4,Br,UltraMS,recall,100,24,1.0
4,Br,UltraMS,hit_rate,101,24,1.0
4,Br,UltraMS,recall,101,24,1.0
4,Br,UltraMS,hit_rate,102,24,1.0
4,Br,UltraMS,recall,102,24,1.0
4,Br,UltraMS,hit_rate,103,24,1.0
4,Br,UltraMS,recall,103,24,1.0
4,Br,UltraMS,hit_rate,104,24,1.0
4,Br,UltraMS,recall,104,24,1.0
4,Br,UltraMS,hit_rate,105,24,1.0
4,Br,UltraMS,recall,105,24,1.0
4,Br,UltraMS,hit_rate,106,24,1.0
4,Br,UltraMS,recall,106,24,1.0
4,Br,UltraMS,hit_rate,107,24,1.0
4,Br,UltraMS,recall,107,24,1.0
4,Br,UltraMS,hit_rate,108,24,1.0
4,Br,UltraMS,recall,108,24,1.0
4,Br,UltraMS,hit_rate,109,24,1.0
4,Br,UltraMS,recall,109,24,1.0
4,Br,UltraMS,hit_rate,110,24,1.0
4,Br,UltraMS,recall,110,24,1.0
4,Br,UltraMS,hit_rate,111,24,1.0
4,Br,UltraMS,recall,111,24,1.0
4,Br,UltraMS,hit_rate,112,24,1.0
4,Br,UltraMS,recall,112,24,1.0
4,Br,UltraMS,hit_rate,113,24,1.0
4,Br,UltraMS,recall,113,24,1.0
4,Br,UltraMS,hit_rate,114,24,1.0
4,Br,UltraMS,recall,114,24,1.0
4,Br,UltraMS,hit_rate,115,24,1.0
4,Br,UltraMS,recall,115,24,1.0
4,Br,UltraMS,hit_rate,116,24,1.0
4,Br,UltraMS,recall,116,24,1.0
4,Br,UltraMS,hit_rate,117,24,1.0
4,Br,UltraMS,recall,117,24,1.0
4,Br,UltraMS,hit_rate,118,24,1.0
4,Br,UltraMS,recall,118,24,1.0
4,Br,UltraMS,hit_rate,119,24,1.0
4,Br,UltraMS,recall,119,24,1.0
4,Br,UltraMS,hit_rate,120,24,1.0
4,Br,UltraMS,recall,120,24,1.0
4,Br,UltraMS,hit_rate,121,24,1.0
4,Br,UltraMS,recall,121,24,1.0
4,Br,UltraMS,hit_rate,122,24,1.0
4,Br,UltraMS,recall,122,24,1.0
4,Br,UltraMS,hit_rate,123,24,1.0
4,Br,UltraMS,recall,123,24,1.0
4,Br,UltraMS,hit_rate,124,24,1.0
4,Br,UltraMS,recall,124,24,1.0
4,Br,UltraMS,hit_rate,125,24,1.0
4,Br,UltraMS,recall,125,24,1.0
4,Br,UltraMS,hit_rate,126,24,1.0
4,Br,UltraMS,recall,126,24,1.0
4,Br,UltraMS,hit_rate,127,24,1.0
4,Br,UltraMS,recall,127,24,1.0
4,Br,UltraMS,hit_rate,128,24,1.0
4,Br,UltraMS,recall,128,24,1.0
4,Br,UltraMS,hit_rate,129,24,1.0
4,Br,UltraMS,recall,129,24,1.0
4,Br,UltraMS,hit_rate,130,24,1.0
4,Br,UltraMS,recall,130,24,1.0
4,Br,UltraMS,hit_rate,131,24,1.0
4,Br,UltraMS,recall,131,24,1.0
4,Br,UltraMS,hit_rate,132,24,1.0
4,Br,UltraMS,recall,132,24,1.0
4,Br,UltraMS,hit_rate,133,24,1.0
4,Br,UltraMS,recall,133,24,1.0
4,Br,UltraMS,hit_rate,134,24,1.0
4,Br,UltraMS,recall,134,24,1.0
4,Br,UltraMS,hit_rate,135,24,1.0
4,Br,UltraMS,recall,135,24,1.0
4,Br,UltraMS,hit_rate,136,24,1.0
4,Br,UltraMS,recall,136,24,1.0
4,Br,UltraMS,hit_rate,137,24,1.0
4,Br,UltraMS,recall,137,24,1.0
4,Br,UltraMS,hit_rate,138,24,1.0
4,Br,UltraMS,recall,138,24,1.0
4,Br,UltraMS,hit_rate,139,24,1.0
4,Br,UltraMS,recall,139,24,1.0
4,Br,UltraMS,hit_rate,140,24,1.0
4,Br,UltraMS,recall,140,24,1.0
4,Br,UltraMS,hit_rate,141,24,1.0
4,Br,UltraMS,recall,141,24,1.0
4,Br,UltraMS,hit_rate,142,24,1.0
4,Br,UltraMS,recall,142,24,1.0
4,Br,UltraMS,hit_rate,143,24,1.0
4,Br,UltraMS,recall,143,24,1.0
4,Br,UltraMS,hit_rate,144,24,1.0
4,Br,UltraMS,recall,144,24,1.0
4,Br,UltraMS,hit_rate,145,24,1.0
4,Br,UltraMS,recall,145,24,1.0
4,Br,UltraMS,hit_rate,146,24,1.0
4,Br,UltraMS,recall,146,24,1.0
4,Br,UltraMS,hit_rate,147,24,1.0
4,Br,UltraMS,recall,147,24,1.0
4,Br,UltraMS,hit_rate,148,24,1.0
4,Br,UltraMS,recall,148,24,1.0
4,Br,UltraMS,hit_rate,149,24,1.0
4,Br,UltraMS,recall,149,24,1.0
4,Br,UltraMS,hit_rate,150,24,1.0
4,Br,UltraMS,recall,150,24,1.0
4,Br,DreaMS,hit_rate,5,24,0.7916666666666666
4,Br,DreaMS,recall,5,24,0.5530394524959742
4,Br,DreaMS,hit_rate,6,24,0.8333333333333334
4,Br,DreaMS,recall,6,24,0.6266103059581319
4,Br,DreaMS,hit_rate,7,24,0.8333333333333334
4,Br,DreaMS,recall,7,24,0.635366344605475
4,Br,DreaMS,hit_rate,8,24,0.875
4,Br,DreaMS,recall,8,24,0.6874496779388083
4,Br,DreaMS,hit_rate,9,24,0.875
4,Br,DreaMS,recall,9,24,0.7089371980676328
4,Br,DreaMS,hit_rate,10,24,0.9166666666666666
4,Br,DreaMS,recall,10,24,0.7737520128824475
4,Br,DreaMS,hit_rate,11,24,0.9583333333333334
4,Br,DreaMS,recall,11,24,0.8107890499194846
4,Br,DreaMS,hit_rate,12,24,0.9583333333333334
4,Br,DreaMS,recall,12,24,0.8316223832528179
4,Br,DreaMS,hit_rate,13,24,0.9583333333333334
4,Br,DreaMS,recall,13,24,0.8408816425120772
4,Br,DreaMS,hit_rate,14,24,0.9583333333333334
4,Br,DreaMS,recall,14,24,0.8431964573268921
4,Br,DreaMS,hit_rate,15,24,0.9583333333333334
4,Br,DreaMS,recall,15,24,0.845511272141707
4,Br,DreaMS,hit_rate,16,24,0.9583333333333334
4,Br,DreaMS,recall,16,24,0.8478260869565216
4,Br,DreaMS,hit_rate,17,24,0.9583333333333334
4,Br,DreaMS,recall,17,24,0.8501409017713364
4,Br,DreaMS,hit_rate,18,24,0.9583333333333334
4,Br,DreaMS,recall,18,24,0.8866747181964573
4,Br,DreaMS,hit_rate,19,24,0.9583333333333334
4,Br,DreaMS,recall,19,24,0.9005636070853461
4,Br,DreaMS,hit_rate,20,24,0.9583333333333334
4,Br,DreaMS,recall,20,24,0.902878421900161
4,Br,DreaMS,hit_rate,21,24,0.9583333333333334
4,Br,DreaMS,recall,21,24,0.9116344605475041
4,Br,DreaMS,hit_rate,22,24,0.9583333333333334
4,Br,DreaMS,recall,22,24,0.9185789049919485
4,Br,DreaMS,hit_rate,23,24,0.9583333333333334
4,Br,DreaMS,recall,23,24,0.9208937198067634
4,Br,DreaMS,hit_rate,24,24,0.9583333333333334
4,Br,DreaMS,recall,24,24,0.9208937198067634
4,Br,DreaMS,hit_rate,25,24,0.9583333333333334
4,Br,DreaMS,recall,25,24,0.9208937198067634
4,Br,DreaMS,hit_rate,26,24,0.9583333333333334
4,Br,DreaMS,recall,26,24,0.9208937198067634
4,Br,DreaMS,hit_rate,27,24,1.0
4,Br,DreaMS,recall,27,24,0.96256038647343
4,Br,DreaMS,hit_rate,28,24,1.0
4,Br,DreaMS,recall,28,24,0.96256038647343
4,Br,DreaMS,hit_rate,29,24,1.0
4,Br,DreaMS,recall,29,24,0.96256038647343
4,Br,DreaMS,hit_rate,30,24,1.0
4,Br,DreaMS,recall,30,24,0.96256038647343
4,Br,DreaMS,hit_rate,31,24,1.0
4,Br,DreaMS,recall,31,24,0.96256038647343
4,Br,DreaMS,hit_rate,32,24,1.0
4,Br,DreaMS,recall,32,24,0.96256038647343
4,Br,DreaMS,hit_rate,33,24,1.0
4,Br,DreaMS,recall,33,24,0.9648752012882448
4,Br,DreaMS,hit_rate,34,24,1.0
4,Br,DreaMS,recall,34,24,0.9648752012882448
4,Br,DreaMS,hit_rate,35,24,1.0
4,Br,DreaMS,recall,35,24,0.9648752012882448
4,Br,DreaMS,hit_rate,36,24,1.0
4,Br,DreaMS,recall,36,24,0.9648752012882448
4,Br,DreaMS,hit_rate,37,24,1.0
4,Br,DreaMS,recall,37,24,0.9648752012882448
4,Br,DreaMS,hit_rate,38,24,1.0
4,Br,DreaMS,recall,38,24,0.9648752012882448
4,Br,DreaMS,hit_rate,39,24,1.0
4,Br,DreaMS,recall,39,24,0.9671900161030597
4,Br,DreaMS,hit_rate,40,24,1.0
4,Br,DreaMS,recall,40,24,0.9671900161030597
4,Br,DreaMS,hit_rate,41,24,1.0
4,Br,DreaMS,recall,41,24,0.9671900161030597
4,Br,DreaMS,hit_rate,42,24,1.0
4,Br,DreaMS,recall,42,24,0.9695048309178743
4,Br,DreaMS,hit_rate,43,24,1.0
4,Br,DreaMS,recall,43,24,0.9695048309178743
4,Br,DreaMS,hit_rate,44,24,1.0
4,Br,DreaMS,recall,44,24,0.971316425120773
4,Br,DreaMS,hit_rate,45,24,1.0
4,Br,DreaMS,recall,45,24,0.971316425120773
4,Br,DreaMS,hit_rate,46,24,1.0
4,Br,DreaMS,recall,46,24,0.971316425120773
4,Br,DreaMS,hit_rate,47,24,1.0
4,Br,DreaMS,recall,47,24,0.971316425120773
4,Br,DreaMS,hit_rate,48,24,1.0
4,Br,DreaMS,recall,48,24,0.971316425120773
4,Br,DreaMS,hit_rate,49,24,1.0
4,Br,DreaMS,recall,49,24,0.971316425120773
4,Br,DreaMS,hit_rate,50,24,1.0
4,Br,DreaMS,recall,50,24,0.971316425120773
4,Br,DreaMS,hit_rate,51,24,1.0
4,Br,DreaMS,recall,51,24,0.9731280193236715
4,Br,DreaMS,hit_rate,52,24,1.0
4,Br,DreaMS,recall,52,24,0.9772544283413849
4,Br,DreaMS,hit_rate,53,24,1.0
4,Br,DreaMS,recall,53,24,0.9772544283413849
4,Br,DreaMS,hit_rate,54,24,1.0
4,Br,DreaMS,recall,54,24,0.9772544283413849
4,Br,DreaMS,hit_rate,55,24,1.0
4,Br,DreaMS,recall,55,24,0.9772544283413849
4,Br,DreaMS,hit_rate,56,24,1.0
4,Br,DreaMS,recall,56,24,0.9772544283413849
4,Br,DreaMS,hit_rate,57,24,1.0
4,Br,DreaMS,recall,57,24,0.9772544283413849
4,Br,DreaMS,hit_rate,58,24,1.0
4,Br,DreaMS,recall,58,24,0.9772544283413849
4,Br,DreaMS,hit_rate,59,24,1.0
4,Br,DreaMS,recall,59,24,0.9772544283413849
4,Br,DreaMS,hit_rate,60,24,1.0
4,Br,DreaMS,recall,60,24,0.9790660225442834
4,Br,DreaMS,hit_rate,61,24,1.0
4,Br,DreaMS,recall,61,24,0.9790660225442834
4,Br,DreaMS,hit_rate,62,24,1.0
4,Br,DreaMS,recall,62,24,0.9790660225442834
4,Br,DreaMS,hit_rate,63,24,1.0
4,Br,DreaMS,recall,63,24,0.9831924315619968
4,Br,DreaMS,hit_rate,64,24,1.0
4,Br,DreaMS,recall,64,24,0.9855072463768115
4,Br,DreaMS,hit_rate,65,24,1.0
4,Br,DreaMS,recall,65,24,0.9873188405797101
4,Br,DreaMS,hit_rate,66,24,1.0
4,Br,DreaMS,recall,66,24,0.9873188405797101
4,Br,DreaMS,hit_rate,67,24,1.0
4,Br,DreaMS,recall,67,24,0.9873188405797101
4,Br,DreaMS,hit_rate,68,24,1.0
4,Br,DreaMS,recall,68,24,0.9873188405797101
4,Br,DreaMS,hit_rate,69,24,1.0
4,Br,DreaMS,recall,69,24,0.9873188405797101
4,Br,DreaMS,hit_rate,70,24,1.0
4,Br,DreaMS,recall,70,24,0.9873188405797101
4,Br,DreaMS,hit_rate,71,24,1.0
4,Br,DreaMS,recall,71,24,0.9873188405797101
4,Br,DreaMS,hit_rate,72,24,1.0
4,Br,DreaMS,recall,72,24,0.9891304347826088
4,Br,DreaMS,hit_rate,73,24,1.0
4,Br,DreaMS,recall,73,24,0.9891304347826088
4,Br,DreaMS,hit_rate,74,24,1.0
4,Br,DreaMS,recall,74,24,0.9891304347826088
4,Br,DreaMS,hit_rate,75,24,1.0
4,Br,DreaMS,recall,75,24,0.9909420289855072
4,Br,DreaMS,hit_rate,76,24,1.0
4,Br,DreaMS,recall,76,24,0.9909420289855072
4,Br,DreaMS,hit_rate,77,24,1.0
4,Br,DreaMS,recall,77,24,0.9909420289855072
4,Br,DreaMS,hit_rate,78,24,1.0
4,Br,DreaMS,recall,78,24,0.9927536231884058
4,Br,DreaMS,hit_rate,79,24,1.0
4,Br,DreaMS,recall,79,24,0.9945652173913043
4,Br,DreaMS,hit_rate,80,24,1.0
4,Br,DreaMS,recall,80,24,0.9945652173913043
4,Br,DreaMS,hit_rate,81,24,1.0
4,Br,DreaMS,recall,81,24,0.9945652173913043
4,Br,DreaMS,hit_rate,82,24,1.0
4,Br,DreaMS,recall,82,24,0.9963768115942028
4,Br,DreaMS,hit_rate,83,24,1.0
4,Br,DreaMS,recall,83,24,0.9963768115942028
4,Br,DreaMS,hit_rate,84,24,1.0
4,Br,DreaMS,recall,84,24,0.9963768115942028
4,Br,DreaMS,hit_rate,85,24,1.0
4,Br,DreaMS,recall,85,24,0.9963768115942028
4,Br,DreaMS,hit_rate,86,24,1.0
4,Br,DreaMS,recall,86,24,0.9963768115942028
4,Br,DreaMS,hit_rate,87,24,1.0
4,Br,DreaMS,recall,87,24,0.9963768115942028
4,Br,DreaMS,hit_rate,88,24,1.0
4,Br,DreaMS,recall,88,24,0.9963768115942028
4,Br,DreaMS,hit_rate,89,24,1.0
4,Br,DreaMS,recall,89,24,0.9963768115942028
4,Br,DreaMS,hit_rate,90,24,1.0
4,Br,DreaMS,recall,90,24,0.9963768115942028
4,Br,DreaMS,hit_rate,91,24,1.0
4,Br,DreaMS,recall,91,24,0.9963768115942028
4,Br,DreaMS,hit_rate,92,24,1.0
4,Br,DreaMS,recall,92,24,0.9963768115942028
4,Br,DreaMS,hit_rate,93,24,1.0
4,Br,DreaMS,recall,93,24,0.9963768115942028
4,Br,DreaMS,hit_rate,94,24,1.0
4,Br,DreaMS,recall,94,24,0.9963768115942028
4,Br,DreaMS,hit_rate,95,24,1.0
4,Br,DreaMS,recall,95,24,0.9963768115942028
4,Br,DreaMS,hit_rate,96,24,1.0
4,Br,DreaMS,recall,96,24,0.9963768115942028
4,Br,DreaMS,hit_rate,97,24,1.0
4,Br,DreaMS,recall,97,24,0.9963768115942028
4,Br,DreaMS,hit_rate,98,24,1.0
4,Br,DreaMS,recall,98,24,0.9963768115942028
4,Br,DreaMS,hit_rate,99,24,1.0
4,Br,DreaMS,recall,99,24,0.9963768115942028
4,Br,DreaMS,hit_rate,100,24,1.0
4,Br,DreaMS,recall,100,24,0.9963768115942028
4,Br,DreaMS,hit_rate,101,24,1.0
4,Br,DreaMS,recall,101,24,0.9981884057971014
4,Br,DreaMS,hit_rate,102,24,1.0
4,Br,DreaMS,recall,102,24,1.0
4,Br,DreaMS,hit_rate,103,24,1.0
4,Br,DreaMS,recall,103,24,1.0
4,Br,DreaMS,hit_rate,104,24,1.0
4,Br,DreaMS,recall,104,24,1.0
4,Br,DreaMS,hit_rate,105,24,1.0
4,Br,DreaMS,recall,105,24,1.0
4,Br,DreaMS,hit_rate,106,24,1.0
4,Br,DreaMS,recall,106,24,1.0
4,Br,DreaMS,hit_rate,107,24,1.0
4,Br,DreaMS,recall,107,24,1.0
4,Br,DreaMS,hit_rate,108,24,1.0
4,Br,DreaMS,recall,108,24,1.0
4,Br,DreaMS,hit_rate,109,24,1.0
4,Br,DreaMS,recall,109,24,1.0
4,Br,DreaMS,hit_rate,110,24,1.0
4,Br,DreaMS,recall,110,24,1.0
4,Br,DreaMS,hit_rate,111,24,1.0
4,Br,DreaMS,recall,111,24,1.0
4,Br,DreaMS,hit_rate,112,24,1.0
4,Br,DreaMS,recall,112,24,1.0
4,Br,DreaMS,hit_rate,113,24,1.0
4,Br,DreaMS,recall,113,24,1.0
4,Br,DreaMS,hit_rate,114,24,1.0
4,Br,DreaMS,recall,114,24,1.0
4,Br,DreaMS,hit_rate,115,24,1.0
4,Br,DreaMS,recall,115,24,1.0
4,Br,DreaMS,hit_rate,116,24,1.0
4,Br,DreaMS,recall,116,24,1.0
4,Br,DreaMS,hit_rate,117,24,1.0
4,Br,DreaMS,recall,117,24,1.0
4,Br,DreaMS,hit_rate,118,24,1.0
4,Br,DreaMS,recall,118,24,1.0
4,Br,DreaMS,hit_rate,119,24,1.0
4,Br,DreaMS,recall,119,24,1.0
4,Br,DreaMS,hit_rate,120,24,1.0
4,Br,DreaMS,recall,120,24,1.0
4,Br,DreaMS,hit_rate,121,24,1.0
4,Br,DreaMS,recall,121,24,1.0
4,Br,DreaMS,hit_rate,122,24,1.0
4,Br,DreaMS,recall,122,24,1.0
4,Br,DreaMS,hit_rate,123,24,1.0
4,Br,DreaMS,recall,123,24,1.0
4,Br,DreaMS,hit_rate,124,24,1.0
4,Br,DreaMS,recall,124,24,1.0
4,Br,DreaMS,hit_rate,125,24,1.0
4,Br,DreaMS,recall,125,24,1.0
4,Br,DreaMS,hit_rate,126,24,1.0
4,Br,DreaMS,recall,126,24,1.0
4,Br,DreaMS,hit_rate,127,24,1.0
4,Br,DreaMS,recall,127,24,1.0
4,Br,DreaMS,hit_rate,128,24,1.0
4,Br,DreaMS,recall,128,24,1.0
4,Br,DreaMS,hit_rate,129,24,1.0
4,Br,DreaMS,recall,129,24,1.0
4,Br,DreaMS,hit_rate,130,24,1.0
4,Br,DreaMS,recall,130,24,1.0
4,Br,DreaMS,hit_rate,131,24,1.0
4,Br,DreaMS,recall,131,24,1.0
4,Br,DreaMS,hit_rate,132,24,1.0
4,Br,DreaMS,recall,132,24,1.0
4,Br,DreaMS,hit_rate,133,24,1.0
4,Br,DreaMS,recall,133,24,1.0
4,Br,DreaMS,hit_rate,134,24,1.0
4,Br,DreaMS,recall,134,24,1.0
4,Br,DreaMS,hit_rate,135,24,1.0
4,Br,DreaMS,recall,135,24,1.0
4,Br,DreaMS,hit_rate,136,24,1.0
4,Br,DreaMS,recall,136,24,1.0
4,Br,DreaMS,hit_rate,137,24,1.0
4,Br,DreaMS,recall,137,24,1.0
4,Br,DreaMS,hit_rate,138,24,1.0
4,Br,DreaMS,recall,138,24,1.0
4,Br,DreaMS,hit_rate,139,24,1.0
4,Br,DreaMS,recall,139,24,1.0
4,Br,DreaMS,hit_rate,140,24,1.0
4,Br,DreaMS,recall,140,24,1.0
4,Br,DreaMS,hit_rate,141,24,1.0
4,Br,DreaMS,recall,141,24,1.0
4,Br,DreaMS,hit_rate,142,24,1.0
4,Br,DreaMS,recall,142,24,1.0
4,Br,DreaMS,hit_rate,143,24,1.0
4,Br,DreaMS,recall,143,24,1.0
4,Br,DreaMS,hit_rate,144,24,1.0
4,Br,DreaMS,recall,144,24,1.0
4,Br,DreaMS,hit_rate,145,24,1.0
4,Br,DreaMS,recall,145,24,1.0
4,Br,DreaMS,hit_rate,146,24,1.0
4,Br,DreaMS,recall,146,24,1.0
4,Br,DreaMS,hit_rate,147,24,1.0
4,Br,DreaMS,recall,147,24,1.0
4,Br,DreaMS,hit_rate,148,24,1.0
4,Br,DreaMS,recall,148,24,1.0
4,Br,DreaMS,hit_rate,149,24,1.0
4,Br,DreaMS,recall,149,24,1.0
4,Br,DreaMS,hit_rate,150,24,1.0
4,Br,DreaMS,recall,150,24,1.0
4,Br,Linear SVM,hit_rate,5,24,0.8333333333333334
4,Br,Linear SVM,recall,5,24,0.5376912238325282
4,Br,Linear SVM,hit_rate,6,24,0.875
4,Br,Linear SVM,recall,6,24,0.6372282608695652
4,Br,Linear SVM,hit_rate,7,24,0.9166666666666666
4,Br,Linear SVM,recall,7,24,0.6927838164251208
4,Br,Linear SVM,hit_rate,8,24,0.9166666666666666
4,Br,Linear SVM,recall,8,24,0.7136171497584541
4,Br,Linear SVM,hit_rate,9,24,0.9166666666666666
4,Br,Linear SVM,recall,9,24,0.7136171497584541
4,Br,Linear SVM,hit_rate,10,24,0.9166666666666666
4,Br,Linear SVM,recall,10,24,0.7657004830917874
4,Br,Linear SVM,hit_rate,11,24,0.9583333333333334
4,Br,Linear SVM,recall,11,24,0.8195954106280193
4,Br,Linear SVM,hit_rate,12,24,0.9583333333333334
4,Br,Linear SVM,recall,12,24,0.8237218196457327
4,Br,Linear SVM,hit_rate,13,24,0.9583333333333334
4,Br,Linear SVM,recall,13,24,0.8306662640901772
4,Br,Linear SVM,hit_rate,14,24,0.9583333333333334
4,Br,Linear SVM,recall,14,24,0.8410829307568438
4,Br,Linear SVM,hit_rate,15,24,0.9583333333333334
4,Br,Linear SVM,recall,15,24,0.8653884863123994
4,Br,Linear SVM,hit_rate,16,24,0.9583333333333334
4,Br,Linear SVM,recall,16,24,0.8850644122383252
4,Br,Linear SVM,hit_rate,17,24,0.9583333333333334
4,Br,Linear SVM,recall,17,24,0.8850644122383252
4,Br,Linear SVM,hit_rate,18,24,0.9583333333333334
4,Br,Linear SVM,recall,18,24,0.8920088566827697
4,Br,Linear SVM,hit_rate,19,24,0.9583333333333334
4,Br,Linear SVM,recall,19,24,0.8943236714975845
4,Br,Linear SVM,hit_rate,20,24,0.9583333333333334
4,Br,Linear SVM,recall,20,24,0.8943236714975845
4,Br,Linear SVM,hit_rate,21,24,0.9583333333333334
4,Br,Linear SVM,recall,21,24,0.8943236714975845
4,Br,Linear SVM,hit_rate,22,24,0.9583333333333334
4,Br,Linear SVM,recall,22,24,0.8966384863123994
4,Br,Linear SVM,hit_rate,23,24,0.9583333333333334
4,Br,Linear SVM,recall,23,24,0.8966384863123994
4,Br,Linear SVM,hit_rate,24,24,0.9583333333333334
4,Br,Linear SVM,recall,24,24,0.8966384863123994
4,Br,Linear SVM,hit_rate,25,24,0.9583333333333334
4,Br,Linear SVM,recall,25,24,0.8966384863123994
4,Br,Linear SVM,hit_rate,26,24,0.9583333333333334
4,Br,Linear SVM,recall,26,24,0.898953301127214
4,Br,Linear SVM,hit_rate,27,24,0.9583333333333334
4,Br,Linear SVM,recall,27,24,0.898953301127214
4,Br,Linear SVM,hit_rate,28,24,0.9583333333333334
4,Br,Linear SVM,recall,28,24,0.898953301127214
4,Br,Linear SVM,hit_rate,29,24,0.9583333333333334
4,Br,Linear SVM,recall,29,24,0.9007648953301127
4,Br,Linear SVM,hit_rate,30,24,0.9583333333333334
4,Br,Linear SVM,recall,30,24,0.9007648953301127
4,Br,Linear SVM,hit_rate,31,24,0.9583333333333334
4,Br,Linear SVM,recall,31,24,0.9007648953301127
4,Br,Linear SVM,hit_rate,32,24,0.9583333333333334
4,Br,Linear SVM,recall,32,24,0.9007648953301127
4,Br,Linear SVM,hit_rate,33,24,0.9583333333333334
4,Br,Linear SVM,recall,33,24,0.9007648953301127
4,Br,Linear SVM,hit_rate,34,24,0.9583333333333334
4,Br,Linear SVM,recall,34,24,0.9025764895330113
4,Br,Linear SVM,hit_rate,35,24,0.9583333333333334
4,Br,Linear SVM,recall,35,24,0.9025764895330113
4,Br,Linear SVM,hit_rate,36,24,0.9583333333333334
4,Br,Linear SVM,recall,36,24,0.9067028985507246
4,Br,Linear SVM,hit_rate,37,24,0.9583333333333334
4,Br,Linear SVM,recall,37,24,0.9067028985507246
4,Br,Linear SVM,hit_rate,38,24,0.9583333333333334
4,Br,Linear SVM,recall,38,24,0.9067028985507246
4,Br,Linear SVM,hit_rate,39,24,0.9583333333333334
4,Br,Linear SVM,recall,39,24,0.9067028985507246
4,Br,Linear SVM,hit_rate,40,24,0.9583333333333334
4,Br,Linear SVM,recall,40,24,0.9067028985507246
4,Br,Linear SVM,hit_rate,41,24,0.9583333333333334
4,Br,Linear SVM,recall,41,24,0.9067028985507246
4,Br,Linear SVM,hit_rate,42,24,0.9583333333333334
4,Br,Linear SVM,recall,42,24,0.9067028985507246
4,Br,Linear SVM,hit_rate,43,24,0.9583333333333334
4,Br,Linear SVM,recall,43,24,0.9090177133655395
4,Br,Linear SVM,hit_rate,44,24,0.9583333333333334
4,Br,Linear SVM,recall,44,24,0.9113325281803543
4,Br,Linear SVM,hit_rate,45,24,0.9583333333333334
4,Br,Linear SVM,recall,45,24,0.9113325281803543
4,Br,Linear SVM,hit_rate,46,24,0.9583333333333334
4,Br,Linear SVM,recall,46,24,0.9113325281803543
4,Br,Linear SVM,hit_rate,47,24,0.9583333333333334
4,Br,Linear SVM,recall,47,24,0.9113325281803543
4,Br,Linear SVM,hit_rate,48,24,0.9583333333333334
4,Br,Linear SVM,recall,48,24,0.9113325281803543
4,Br,Linear SVM,hit_rate,49,24,0.9583333333333334
4,Br,Linear SVM,recall,49,24,0.9136473429951691
4,Br,Linear SVM,hit_rate,50,24,0.9583333333333334
4,Br,Linear SVM,recall,50,24,0.9154589371980677
4,Br,Linear SVM,hit_rate,51,24,0.9583333333333334
4,Br,Linear SVM,recall,51,24,0.9177737520128825
4,Br,Linear SVM,hit_rate,52,24,0.9583333333333334
4,Br,Linear SVM,recall,52,24,0.9177737520128825
4,Br,Linear SVM,hit_rate,53,24,0.9583333333333334
4,Br,Linear SVM,recall,53,24,0.9177737520128825
4,Br,Linear SVM,hit_rate,54,24,0.9583333333333334
4,Br,Linear SVM,recall,54,24,0.9177737520128825
4,Br,Linear SVM,hit_rate,55,24,0.9583333333333334
4,Br,Linear SVM,recall,55,24,0.9200885668276974
4,Br,Linear SVM,hit_rate,56,24,0.9583333333333334
4,Br,Linear SVM,recall,56,24,0.922403381642512
4,Br,Linear SVM,hit_rate,57,24,0.9583333333333334
4,Br,Linear SVM,recall,57,24,0.9247181964573269
4,Br,Linear SVM,hit_rate,58,24,0.9583333333333334
4,Br,Linear SVM,recall,58,24,0.9247181964573269
4,Br,Linear SVM,hit_rate,59,24,0.9583333333333334
4,Br,Linear SVM,recall,59,24,0.9270330112721418
4,Br,Linear SVM,hit_rate,60,24,0.9583333333333334
4,Br,Linear SVM,recall,60,24,0.9270330112721418
4,Br,Linear SVM,hit_rate,61,24,0.9583333333333334
4,Br,Linear SVM,recall,61,24,0.9270330112721418
4,Br,Linear SVM,hit_rate,62,24,0.9583333333333334
4,Br,Linear SVM,recall,62,24,0.9270330112721418
4,Br,Linear SVM,hit_rate,63,24,0.9583333333333334
4,Br,Linear SVM,recall,63,24,0.9270330112721418
4,Br,Linear SVM,hit_rate,64,24,0.9583333333333334
4,Br,Linear SVM,recall,64,24,0.9270330112721418
4,Br,Linear SVM,hit_rate,65,24,0.9583333333333334
4,Br,Linear SVM,recall,65,24,0.9270330112721418
4,Br,Linear SVM,hit_rate,66,24,0.9583333333333334
4,Br,Linear SVM,recall,66,24,0.9288446054750402
4,Br,Linear SVM,hit_rate,67,24,0.9583333333333334
4,Br,Linear SVM,recall,67,24,0.9288446054750402
4,Br,Linear SVM,hit_rate,68,24,0.9583333333333334
4,Br,Linear SVM,recall,68,24,0.9288446054750402
4,Br,Linear SVM,hit_rate,69,24,0.9583333333333334
4,Br,Linear SVM,recall,69,24,0.9306561996779389
4,Br,Linear SVM,hit_rate,70,24,0.9583333333333334
4,Br,Linear SVM,recall,70,24,0.9324677938808374
4,Br,Linear SVM,hit_rate,71,24,0.9583333333333334
4,Br,Linear SVM,recall,71,24,0.9324677938808374
4,Br,Linear SVM,hit_rate,72,24,0.9583333333333334
4,Br,Linear SVM,recall,72,24,0.9324677938808374
4,Br,Linear SVM,hit_rate,73,24,0.9583333333333334
4,Br,Linear SVM,recall,73,24,0.9324677938808374
4,Br,Linear SVM,hit_rate,74,24,0.9583333333333334
4,Br,Linear SVM,recall,74,24,0.9342793880837359
4,Br,Linear SVM,hit_rate,75,24,0.9583333333333334
4,Br,Linear SVM,recall,75,24,0.9342793880837359
4,Br,Linear SVM,hit_rate,76,24,0.9583333333333334
4,Br,Linear SVM,recall,76,24,0.9342793880837359
4,Br,Linear SVM,hit_rate,77,24,0.9583333333333334
4,Br,Linear SVM,recall,77,24,0.9360909822866345
4,Br,Linear SVM,hit_rate,78,24,0.9583333333333334
4,Br,Linear SVM,recall,78,24,0.9379025764895331
4,Br,Linear SVM,hit_rate,79,24,0.9583333333333334
4,Br,Linear SVM,recall,79,24,0.9379025764895331
4,Br,Linear SVM,hit_rate,80,24,0.9583333333333334
4,Br,Linear SVM,recall,80,24,0.9397141706924316
4,Br,Linear SVM,hit_rate,81,24,0.9583333333333334
4,Br,Linear SVM,recall,81,24,0.9397141706924316
4,Br,Linear SVM,hit_rate,82,24,0.9583333333333334
4,Br,Linear SVM,recall,82,24,0.9397141706924316
4,Br,Linear SVM,hit_rate,83,24,0.9583333333333334
4,Br,Linear SVM,recall,83,24,0.9397141706924316
4,Br,Linear SVM,hit_rate,84,24,0.9583333333333334
4,Br,Linear SVM,recall,84,24,0.9397141706924316
4,Br,Linear SVM,hit_rate,85,24,0.9583333333333334
4,Br,Linear SVM,recall,85,24,0.9397141706924316
4,Br,Linear SVM,hit_rate,86,24,0.9583333333333334
4,Br,Linear SVM,recall,86,24,0.9420289855072465
4,Br,Linear SVM,hit_rate,87,24,0.9583333333333334
4,Br,Linear SVM,recall,87,24,0.9420289855072465
4,Br,Linear SVM,hit_rate,88,24,0.9583333333333334
4,Br,Linear SVM,recall,88,24,0.9420289855072465
4,Br,Linear SVM,hit_rate,89,24,0.9583333333333334
4,Br,Linear SVM,recall,89,24,0.9438405797101449
4,Br,Linear SVM,hit_rate,90,24,0.9583333333333334
4,Br,Linear SVM,recall,90,24,0.9438405797101449
4,Br,Linear SVM,hit_rate,91,24,0.9583333333333334
4,Br,Linear SVM,recall,91,24,0.9438405797101449
4,Br,Linear SVM,hit_rate,92,24,0.9583333333333334
4,Br,Linear SVM,recall,92,24,0.9438405797101449
4,Br,Linear SVM,hit_rate,93,24,0.9583333333333334
4,Br,Linear SVM,recall,93,24,0.9438405797101449
4,Br,Linear SVM,hit_rate,94,24,0.9583333333333334
4,Br,Linear SVM,recall,94,24,0.9456521739130435
4,Br,Linear SVM,hit_rate,95,24,0.9583333333333334
4,Br,Linear SVM,recall,95,24,0.9456521739130435
4,Br,Linear SVM,hit_rate,96,24,0.9583333333333334
4,Br,Linear SVM,recall,96,24,0.947463768115942
4,Br,Linear SVM,hit_rate,97,24,0.9583333333333334
4,Br,Linear SVM,recall,97,24,0.947463768115942
4,Br,Linear SVM,hit_rate,98,24,0.9583333333333334
4,Br,Linear SVM,recall,98,24,0.947463768115942
4,Br,Linear SVM,hit_rate,99,24,0.9583333333333334
4,Br,Linear SVM,recall,99,24,0.947463768115942
4,Br,Linear SVM,hit_rate,100,24,0.9583333333333334
4,Br,Linear SVM,recall,100,24,0.9492753623188405
4,Br,Linear SVM,hit_rate,101,24,0.9583333333333334
4,Br,Linear SVM,recall,101,24,0.9492753623188405
4,Br,Linear SVM,hit_rate,102,24,0.9583333333333334
4,Br,Linear SVM,recall,102,24,0.9492753623188405
4,Br,Linear SVM,hit_rate,103,24,0.9583333333333334
4,Br,Linear SVM,recall,103,24,0.9492753623188405
4,Br,Linear SVM,hit_rate,104,24,0.9583333333333334
4,Br,Linear SVM,recall,104,24,0.9492753623188405
4,Br,Linear SVM,hit_rate,105,24,0.9583333333333334
4,Br,Linear SVM,recall,105,24,0.9492753623188405
4,Br,Linear SVM,hit_rate,106,24,0.9583333333333334
4,Br,Linear SVM,recall,106,24,0.9492753623188405
4,Br,Linear SVM,hit_rate,107,24,0.9583333333333334
4,Br,Linear SVM,recall,107,24,0.9492753623188405
4,Br,Linear SVM,hit_rate,108,24,0.9583333333333334
4,Br,Linear SVM,recall,108,24,0.9492753623188405
4,Br,Linear SVM,hit_rate,109,24,0.9583333333333334
4,Br,Linear SVM,recall,109,24,0.9492753623188405
4,Br,Linear SVM,hit_rate,110,24,0.9583333333333334
4,Br,Linear SVM,recall,110,24,0.9492753623188405
4,Br,Linear SVM,hit_rate,111,24,0.9583333333333334
4,Br,Linear SVM,recall,111,24,0.9492753623188405
4,Br,Linear SVM,hit_rate,112,24,0.9583333333333334
4,Br,Linear SVM,recall,112,24,0.9492753623188405
4,Br,Linear SVM,hit_rate,113,24,0.9583333333333334
4,Br,Linear SVM,recall,113,24,0.9510869565217391
4,Br,Linear SVM,hit_rate,114,24,0.9583333333333334
4,Br,Linear SVM,recall,114,24,0.9510869565217391
4,Br,Linear SVM,hit_rate,115,24,0.9583333333333334
4,Br,Linear SVM,recall,115,24,0.9510869565217391
4,Br,Linear SVM,hit_rate,116,24,0.9583333333333334
4,Br,Linear SVM,recall,116,24,0.9510869565217391
4,Br,Linear SVM,hit_rate,117,24,0.9583333333333334
4,Br,Linear SVM,recall,117,24,0.9510869565217391
4,Br,Linear SVM,hit_rate,118,24,0.9583333333333334
4,Br,Linear SVM,recall,118,24,0.9510869565217391
4,Br,Linear SVM,hit_rate,119,24,0.9583333333333334
4,Br,Linear SVM,recall,119,24,0.9510869565217391
4,Br,Linear SVM,hit_rate,120,24,0.9583333333333334
4,Br,Linear SVM,recall,120,24,0.9510869565217391
4,Br,Linear SVM,hit_rate,121,24,0.9583333333333334
4,Br,Linear SVM,recall,121,24,0.9510869565217391
4,Br,Linear SVM,hit_rate,122,24,0.9583333333333334
4,Br,Linear SVM,recall,122,24,0.9510869565217391
4,Br,Linear SVM,hit_rate,123,24,1.0
4,Br,Linear SVM,recall,123,24,0.9927536231884058
4,Br,Linear SVM,hit_rate,124,24,1.0
4,Br,Linear SVM,recall,124,24,0.9927536231884058
4,Br,Linear SVM,hit_rate,125,24,1.0
4,Br,Linear SVM,recall,125,24,0.9927536231884058
4,Br,Linear SVM,hit_rate,126,24,1.0
4,Br,Linear SVM,recall,126,24,0.9927536231884058
4,Br,Linear SVM,hit_rate,127,24,1.0
4,Br,Linear SVM,recall,127,24,0.9927536231884058
4,Br,Linear SVM,hit_rate,128,24,1.0
4,Br,Linear SVM,recall,128,24,0.9945652173913043
4,Br,Linear SVM,hit_rate,129,24,1.0
4,Br,Linear SVM,recall,129,24,0.9945652173913043
4,Br,Linear SVM,hit_rate,130,24,1.0
4,Br,Linear SVM,recall,130,24,0.9945652173913043
4,Br,Linear SVM,hit_rate,131,24,1.0
4,Br,Linear SVM,recall,131,24,0.9963768115942028
4,Br,Linear SVM,hit_rate,132,24,1.0
4,Br,Linear SVM,recall,132,24,0.9963768115942028
4,Br,Linear SVM,hit_rate,133,24,1.0
4,Br,Linear SVM,recall,133,24,0.9963768115942028
4,Br,Linear SVM,hit_rate,134,24,1.0
4,Br,Linear SVM,recall,134,24,0.9981884057971014
4,Br,Linear SVM,hit_rate,135,24,1.0
4,Br,Linear SVM,recall,135,24,0.9981884057971014
4,Br,Linear SVM,hit_rate,136,24,1.0
4,Br,Linear SVM,recall,136,24,0.9981884057971014
4,Br,Linear SVM,hit_rate,137,24,1.0
4,Br,Linear SVM,recall,137,24,0.9981884057971014
4,Br,Linear SVM,hit_rate,138,24,1.0
4,Br,Linear SVM,recall,138,24,0.9981884057971014
4,Br,Linear SVM,hit_rate,139,24,1.0
4,Br,Linear SVM,recall,139,24,0.9981884057971014
4,Br,Linear SVM,hit_rate,140,24,1.0
4,Br,Linear SVM,recall,140,24,0.9981884057971014
4,Br,Linear SVM,hit_rate,141,24,1.0
4,Br,Linear SVM,recall,141,24,1.0
4,Br,Linear SVM,hit_rate,142,24,1.0
4,Br,Linear SVM,recall,142,24,1.0
4,Br,Linear SVM,hit_rate,143,24,1.0
4,Br,Linear SVM,recall,143,24,1.0
4,Br,Linear SVM,hit_rate,144,24,1.0
4,Br,Linear SVM,recall,144,24,1.0
4,Br,Linear SVM,hit_rate,145,24,1.0
4,Br,Linear SVM,recall,145,24,1.0
4,Br,Linear SVM,hit_rate,146,24,1.0
4,Br,Linear SVM,recall,146,24,1.0
4,Br,Linear SVM,hit_rate,147,24,1.0
4,Br,Linear SVM,recall,147,24,1.0
4,Br,Linear SVM,hit_rate,148,24,1.0
4,Br,Linear SVM,recall,148,24,1.0
4,Br,Linear SVM,hit_rate,149,24,1.0
4,Br,Linear SVM,recall,149,24,1.0
4,Br,Linear SVM,hit_rate,150,24,1.0
4,Br,Linear SVM,recall,150,24,1.0
4,Br,Random forest,hit_rate,5,24,0.625
4,Br,Random forest,recall,5,24,0.4016203703703704
4,Br,Random forest,hit_rate,6,24,0.7083333333333334
4,Br,Random forest,recall,6,24,0.5057870370370371
4,Br,Random forest,hit_rate,7,24,0.75
4,Br,Random forest,recall,7,24,0.5717592592592592
4,Br,Random forest,hit_rate,8,24,0.7916666666666666
4,Br,Random forest,recall,8,24,0.648148148148148
4,Br,Random forest,hit_rate,9,24,0.8333333333333334
4,Br,Random forest,recall,9,24,0.7060185185185185
4,Br,Random forest,hit_rate,10,24,0.875
4,Br,Random forest,recall,10,24,0.7251912238325282
4,Br,Random forest,hit_rate,11,24,0.875
4,Br,Random forest,recall,11,24,0.7251912238325282
4,Br,Random forest,hit_rate,12,24,0.875
4,Br,Random forest,recall,12,24,0.7321356682769725
4,Br,Random forest,hit_rate,13,24,0.875
4,Br,Random forest,recall,13,24,0.7344504830917874
4,Br,Random forest,hit_rate,14,24,0.875
4,Br,Random forest,recall,14,24,0.7448671497584541
4,Br,Random forest,hit_rate,15,24,0.875
4,Br,Random forest,recall,15,24,0.7518115942028986
4,Br,Random forest,hit_rate,16,24,0.875
4,Br,Random forest,recall,16,24,0.758756038647343
4,Br,Random forest,hit_rate,17,24,0.875
4,Br,Random forest,recall,17,24,0.7605676328502415
4,Br,Random forest,hit_rate,18,24,0.875
4,Br,Random forest,recall,18,24,0.7605676328502415
4,Br,Random forest,hit_rate,19,24,0.9166666666666666
4,Br,Random forest,recall,19,24,0.8179347826086957
4,Br,Random forest,hit_rate,20,24,0.9166666666666666
4,Br,Random forest,recall,20,24,0.8179347826086957
4,Br,Random forest,hit_rate,21,24,0.9166666666666666
4,Br,Random forest,recall,21,24,0.8179347826086957
4,Br,Random forest,hit_rate,22,24,0.9166666666666666
4,Br,Random forest,recall,22,24,0.8248792270531401
4,Br,Random forest,hit_rate,23,24,0.9166666666666666
4,Br,Random forest,recall,23,24,0.8318236714975846
4,Br,Random forest,hit_rate,24,24,0.9583333333333334
4,Br,Random forest,recall,24,24,0.8614130434782609
4,Br,Random forest,hit_rate,25,24,0.9583333333333334
4,Br,Random forest,recall,25,24,0.8863727858293076
4,Br,Random forest,hit_rate,26,24,0.9583333333333334
4,Br,Random forest,recall,26,24,0.8933172302737521
4,Br,Random forest,hit_rate,27,24,0.9583333333333334
4,Br,Random forest,recall,27,24,0.8933172302737521
4,Br,Random forest,hit_rate,28,24,0.9583333333333334
4,Br,Random forest,recall,28,24,0.8951288244766505
4,Br,Random forest,hit_rate,29,24,0.9583333333333334
4,Br,Random forest,recall,29,24,0.8969404186795491
4,Br,Random forest,hit_rate,30,24,0.9583333333333334
4,Br,Random forest,recall,30,24,0.899255233494364
4,Br,Random forest,hit_rate,31,24,0.9583333333333334
4,Br,Random forest,recall,31,24,0.899255233494364
4,Br,Random forest,hit_rate,32,24,0.9583333333333334
4,Br,Random forest,recall,32,24,0.899255233494364
4,Br,Random forest,hit_rate,33,24,0.9583333333333334
4,Br,Random forest,recall,33,24,0.899255233494364
4,Br,Random forest,hit_rate,34,24,0.9583333333333334
4,Br,Random forest,recall,34,24,0.899255233494364
4,Br,Random forest,hit_rate,35,24,0.9583333333333334
4,Br,Random forest,recall,35,24,0.899255233494364
4,Br,Random forest,hit_rate,36,24,0.9583333333333334
4,Br,Random forest,recall,36,24,0.899255233494364
4,Br,Random forest,hit_rate,37,24,0.9583333333333334
4,Br,Random forest,recall,37,24,0.899255233494364
4,Br,Random forest,hit_rate,38,24,0.9583333333333334
4,Br,Random forest,recall,38,24,0.9015700483091788
4,Br,Random forest,hit_rate,39,24,0.9583333333333334
4,Br,Random forest,recall,39,24,0.9033816425120773
4,Br,Random forest,hit_rate,40,24,0.9583333333333334
4,Br,Random forest,recall,40,24,0.9056964573268921
4,Br,Random forest,hit_rate,41,24,0.9583333333333334
4,Br,Random forest,recall,41,24,0.9056964573268921
4,Br,Random forest,hit_rate,42,24,0.9583333333333334
4,Br,Random forest,recall,42,24,0.908011272141707
4,Br,Random forest,hit_rate,43,24,0.9583333333333334
4,Br,Random forest,recall,43,24,0.908011272141707
4,Br,Random forest,hit_rate,44,24,0.9583333333333334
4,Br,Random forest,recall,44,24,0.908011272141707
4,Br,Random forest,hit_rate,45,24,0.9583333333333334
4,Br,Random forest,recall,45,24,0.908011272141707
4,Br,Random forest,hit_rate,46,24,0.9583333333333334
4,Br,Random forest,recall,46,24,0.908011272141707
4,Br,Random forest,hit_rate,47,24,0.9583333333333334
4,Br,Random forest,recall,47,24,0.9098228663446055
4,Br,Random forest,hit_rate,48,24,0.9583333333333334
4,Br,Random forest,recall,48,24,0.9098228663446055
4,Br,Random forest,hit_rate,49,24,0.9583333333333334
4,Br,Random forest,recall,49,24,0.9116344605475041
4,Br,Random forest,hit_rate,50,24,0.9583333333333334
4,Br,Random forest,recall,50,24,0.9116344605475041
4,Br,Random forest,hit_rate,51,24,0.9583333333333334
4,Br,Random forest,recall,51,24,0.9116344605475041
4,Br,Random forest,hit_rate,52,24,0.9583333333333334
4,Br,Random forest,recall,52,24,0.9116344605475041
4,Br,Random forest,hit_rate,53,24,0.9583333333333334
4,Br,Random forest,recall,53,24,0.9116344605475041
4,Br,Random forest,hit_rate,54,24,0.9583333333333334
4,Br,Random forest,recall,54,24,0.9116344605475041
4,Br,Random forest,hit_rate,55,24,0.9583333333333334
4,Br,Random forest,recall,55,24,0.9116344605475041
4,Br,Random forest,hit_rate,56,24,0.9583333333333334
4,Br,Random forest,recall,56,24,0.9116344605475041
4,Br,Random forest,hit_rate,57,24,0.9583333333333334
4,Br,Random forest,recall,57,24,0.9116344605475041
4,Br,Random forest,hit_rate,58,24,0.9583333333333334
4,Br,Random forest,recall,58,24,0.9116344605475041
4,Br,Random forest,hit_rate,59,24,0.9583333333333334
4,Br,Random forest,recall,59,24,0.9116344605475041
4,Br,Random forest,hit_rate,60,24,0.9583333333333334
4,Br,Random forest,recall,60,24,0.9116344605475041
4,Br,Random forest,hit_rate,61,24,0.9583333333333334
4,Br,Random forest,recall,61,24,0.9116344605475041
4,Br,Random forest,hit_rate,62,24,0.9583333333333334
4,Br,Random forest,recall,62,24,0.9116344605475041
4,Br,Random forest,hit_rate,63,24,0.9583333333333334
4,Br,Random forest,recall,63,24,0.9139492753623188
4,Br,Random forest,hit_rate,64,24,0.9583333333333334
4,Br,Random forest,recall,64,24,0.9139492753623188
4,Br,Random forest,hit_rate,65,24,0.9583333333333334
4,Br,Random forest,recall,65,24,0.9162640901771336
4,Br,Random forest,hit_rate,66,24,0.9583333333333334
4,Br,Random forest,recall,66,24,0.9162640901771336
4,Br,Random forest,hit_rate,67,24,0.9583333333333334
4,Br,Random forest,recall,67,24,0.9162640901771336
4,Br,Random forest,hit_rate,68,24,0.9583333333333334
4,Br,Random forest,recall,68,24,0.9162640901771336
4,Br,Random forest,hit_rate,69,24,0.9583333333333334
4,Br,Random forest,recall,69,24,0.9162640901771336
4,Br,Random forest,hit_rate,70,24,0.9583333333333334
4,Br,Random forest,recall,70,24,0.9162640901771336
4,Br,Random forest,hit_rate,71,24,0.9583333333333334
4,Br,Random forest,recall,71,24,0.9185789049919485
4,Br,Random forest,hit_rate,72,24,0.9583333333333334
4,Br,Random forest,recall,72,24,0.9185789049919485
4,Br,Random forest,hit_rate,73,24,0.9583333333333334
4,Br,Random forest,recall,73,24,0.9185789049919485
4,Br,Random forest,hit_rate,74,24,0.9583333333333334
4,Br,Random forest,recall,74,24,0.9208937198067634
4,Br,Random forest,hit_rate,75,24,0.9583333333333334
4,Br,Random forest,recall,75,24,0.9208937198067634
4,Br,Random forest,hit_rate,76,24,0.9583333333333334
4,Br,Random forest,recall,76,24,0.9208937198067634
4,Br,Random forest,hit_rate,77,24,0.9583333333333334
4,Br,Random forest,recall,77,24,0.9227053140096618
4,Br,Random forest,hit_rate,78,24,0.9583333333333334
4,Br,Random forest,recall,78,24,0.9227053140096618
4,Br,Random forest,hit_rate,79,24,0.9583333333333334
4,Br,Random forest,recall,79,24,0.9245169082125604
4,Br,Random forest,hit_rate,80,24,0.9583333333333334
4,Br,Random forest,recall,80,24,0.9245169082125604
4,Br,Random forest,hit_rate,81,24,0.9583333333333334
4,Br,Random forest,recall,81,24,0.9286433172302737
4,Br,Random forest,hit_rate,82,24,0.9583333333333334
4,Br,Random forest,recall,82,24,0.9309581320450886
4,Br,Random forest,hit_rate,83,24,0.9583333333333334
4,Br,Random forest,recall,83,24,0.9309581320450886
4,Br,Random forest,hit_rate,84,24,0.9583333333333334
4,Br,Random forest,recall,84,24,0.9309581320450886
4,Br,Random forest,hit_rate,85,24,0.9583333333333334
4,Br,Random forest,recall,85,24,0.9309581320450886
4,Br,Random forest,hit_rate,86,24,0.9583333333333334
4,Br,Random forest,recall,86,24,0.9309581320450886
4,Br,Random forest,hit_rate,87,24,0.9583333333333334
4,Br,Random forest,recall,87,24,0.9309581320450886
4,Br,Random forest,hit_rate,88,24,0.9583333333333334
4,Br,Random forest,recall,88,24,0.9309581320450886
4,Br,Random forest,hit_rate,89,24,0.9583333333333334
4,Br,Random forest,recall,89,24,0.9332729468599034
4,Br,Random forest,hit_rate,90,24,0.9583333333333334
4,Br,Random forest,recall,90,24,0.9355877616747182
4,Br,Random forest,hit_rate,91,24,0.9583333333333334
4,Br,Random forest,recall,91,24,0.9373993558776168
4,Br,Random forest,hit_rate,92,24,0.9583333333333334
4,Br,Random forest,recall,92,24,0.9373993558776168
4,Br,Random forest,hit_rate,93,24,0.9583333333333334
4,Br,Random forest,recall,93,24,0.9397141706924316
4,Br,Random forest,hit_rate,94,24,0.9583333333333334
4,Br,Random forest,recall,94,24,0.9397141706924316
4,Br,Random forest,hit_rate,95,24,0.9583333333333334
4,Br,Random forest,recall,95,24,0.9420289855072465
4,Br,Random forest,hit_rate,96,24,0.9583333333333334
4,Br,Random forest,recall,96,24,0.9438405797101449
4,Br,Random forest,hit_rate,97,24,0.9583333333333334
4,Br,Random forest,recall,97,24,0.9438405797101449
4,Br,Random forest,hit_rate,98,24,0.9583333333333334
4,Br,Random forest,recall,98,24,0.9438405797101449
4,Br,Random forest,hit_rate,99,24,0.9583333333333334
4,Br,Random forest,recall,99,24,0.9438405797101449
4,Br,Random forest,hit_rate,100,24,0.9583333333333334
4,Br,Random forest,recall,100,24,0.9438405797101449
4,Br,Random forest,hit_rate,101,24,0.9583333333333334
4,Br,Random forest,recall,101,24,0.9438405797101449
4,Br,Random forest,hit_rate,102,24,0.9583333333333334
4,Br,Random forest,recall,102,24,0.9438405797101449
4,Br,Random forest,hit_rate,103,24,0.9583333333333334
4,Br,Random forest,recall,103,24,0.9456521739130435
4,Br,Random forest,hit_rate,104,24,0.9583333333333334
4,Br,Random forest,recall,104,24,0.9456521739130435
4,Br,Random forest,hit_rate,105,24,0.9583333333333334
4,Br,Random forest,recall,105,24,0.947463768115942
4,Br,Random forest,hit_rate,106,24,0.9583333333333334
4,Br,Random forest,recall,106,24,0.947463768115942
4,Br,Random forest,hit_rate,107,24,0.9583333333333334
4,Br,Random forest,recall,107,24,0.947463768115942
4,Br,Random forest,hit_rate,108,24,0.9583333333333334
4,Br,Random forest,recall,108,24,0.947463768115942
4,Br,Random forest,hit_rate,109,24,0.9583333333333334
4,Br,Random forest,recall,109,24,0.947463768115942
4,Br,Random forest,hit_rate,110,24,0.9583333333333334
4,Br,Random forest,recall,110,24,0.947463768115942
4,Br,Random forest,hit_rate,111,24,0.9583333333333334
4,Br,Random forest,recall,111,24,0.947463768115942
4,Br,Random forest,hit_rate,112,24,0.9583333333333334
4,Br,Random forest,recall,112,24,0.947463768115942
4,Br,Random forest,hit_rate,113,24,0.9583333333333334
4,Br,Random forest,recall,113,24,0.947463768115942
4,Br,Random forest,hit_rate,114,24,0.9583333333333334
4,Br,Random forest,recall,114,24,0.947463768115942
4,Br,Random forest,hit_rate,115,24,0.9583333333333334
4,Br,Random forest,recall,115,24,0.947463768115942
4,Br,Random forest,hit_rate,116,24,0.9583333333333334
4,Br,Random forest,recall,116,24,0.947463768115942
4,Br,Random forest,hit_rate,117,24,0.9583333333333334
4,Br,Random forest,recall,117,24,0.947463768115942
4,Br,Random forest,hit_rate,118,24,0.9583333333333334
4,Br,Random forest,recall,118,24,0.9492753623188405
4,Br,Random forest,hit_rate,119,24,0.9583333333333334
4,Br,Random forest,recall,119,24,0.9492753623188405
4,Br,Random forest,hit_rate,120,24,0.9583333333333334
4,Br,Random forest,recall,120,24,0.9492753623188405
4,Br,Random forest,hit_rate,121,24,0.9583333333333334
4,Br,Random forest,recall,121,24,0.9492753623188405
4,Br,Random forest,hit_rate,122,24,0.9583333333333334
4,Br,Random forest,recall,122,24,0.9492753623188405
4,Br,Random forest,hit_rate,123,24,1.0
4,Br,Random forest,recall,123,24,0.9927536231884058
4,Br,Random forest,hit_rate,124,24,1.0
4,Br,Random forest,recall,124,24,0.9927536231884058
4,Br,Random forest,hit_rate,125,24,1.0
4,Br,Random forest,recall,125,24,0.9927536231884058
4,Br,Random forest,hit_rate,126,24,1.0
4,Br,Random forest,recall,126,24,0.9945652173913043
4,Br,Random forest,hit_rate,127,24,1.0
4,Br,Random forest,recall,127,24,0.9945652173913043
4,Br,Random forest,hit_rate,128,24,1.0
4,Br,Random forest,recall,128,24,0.9945652173913043
4,Br,Random forest,hit_rate,129,24,1.0
4,Br,Random forest,recall,129,24,0.9945652173913043
4,Br,Random forest,hit_rate,130,24,1.0
4,Br,Random forest,recall,130,24,0.9945652173913043
4,Br,Random forest,hit_rate,131,24,1.0
4,Br,Random forest,recall,131,24,0.9963768115942028
4,Br,Random forest,hit_rate,132,24,1.0
4,Br,Random forest,recall,132,24,0.9963768115942028
4,Br,Random forest,hit_rate,133,24,1.0
4,Br,Random forest,recall,133,24,0.9963768115942028
4,Br,Random forest,hit_rate,134,24,1.0
4,Br,Random forest,recall,134,24,0.9963768115942028
4,Br,Random forest,hit_rate,135,24,1.0
4,Br,Random forest,recall,135,24,0.9981884057971014
4,Br,Random forest,hit_rate,136,24,1.0
4,Br,Random forest,recall,136,24,0.9981884057971014
4,Br,Random forest,hit_rate,137,24,1.0
4,Br,Random forest,recall,137,24,0.9981884057971014
4,Br,Random forest,hit_rate,138,24,1.0
4,Br,Random forest,recall,138,24,0.9981884057971014
4,Br,Random forest,hit_rate,139,24,1.0
4,Br,Random forest,recall,139,24,0.9981884057971014
4,Br,Random forest,hit_rate,140,24,1.0
4,Br,Random forest,recall,140,24,0.9981884057971014
4,Br,Random forest,hit_rate,141,24,1.0
4,Br,Random forest,recall,141,24,1.0
4,Br,Random forest,hit_rate,142,24,1.0
4,Br,Random forest,recall,142,24,1.0
4,Br,Random forest,hit_rate,143,24,1.0
4,Br,Random forest,recall,143,24,1.0
4,Br,Random forest,hit_rate,144,24,1.0
4,Br,Random forest,recall,144,24,1.0
4,Br,Random forest,hit_rate,145,24,1.0
4,Br,Random forest,recall,145,24,1.0
4,Br,Random forest,hit_rate,146,24,1.0
4,Br,Random forest,recall,146,24,1.0
4,Br,Random forest,hit_rate,147,24,1.0
4,Br,Random forest,recall,147,24,1.0
4,Br,Random forest,hit_rate,148,24,1.0
4,Br,Random forest,recall,148,24,1.0
4,Br,Random forest,hit_rate,149,24,1.0
4,Br,Random forest,recall,149,24,1.0
4,Br,Random forest,hit_rate,150,24,1.0
4,Br,Random forest,recall,150,24,1.0
5,S,UltraMS,hit_rate,5,49,0.8775510204081632
5,S,UltraMS,recall,5,49,0.4792953922247576
5,S,UltraMS,hit_rate,6,49,0.9591836734693877
5,S,UltraMS,recall,6,49,0.5370303819055902
5,S,UltraMS,hit_rate,7,49,0.9591836734693877
5,S,UltraMS,recall,7,49,0.5923456158053222
5,S,UltraMS,hit_rate,8,49,0.9795918367346939
5,S,UltraMS,recall,8,49,0.6282964372734152
5,S,UltraMS,hit_rate,9,49,0.9795918367346939
5,S,UltraMS,recall,9,49,0.6512270506582748
5,S,UltraMS,hit_rate,10,49,0.9795918367346939
5,S,UltraMS,recall,10,49,0.6848447743851065
5,S,UltraMS,hit_rate,11,49,0.9795918367346939
5,S,UltraMS,recall,11,49,0.7138035133058949
5,S,UltraMS,hit_rate,12,49,0.9795918367346939
5,S,UltraMS,recall,12,49,0.7426140544194216
5,S,UltraMS,hit_rate,13,49,0.9795918367346939
5,S,UltraMS,recall,13,49,0.755634262502655
5,S,UltraMS,hit_rate,14,49,0.9795918367346939
5,S,UltraMS,recall,14,49,0.7639442531655869
5,S,UltraMS,hit_rate,15,49,0.9795918367346939
5,S,UltraMS,recall,15,49,0.7767391022880317
5,S,UltraMS,hit_rate,16,49,0.9795918367346939
5,S,UltraMS,recall,16,49,0.8024227523714416
5,S,UltraMS,hit_rate,17,49,0.9795918367346939
5,S,UltraMS,recall,17,49,0.8131096370960059
5,S,UltraMS,hit_rate,18,49,0.9795918367346939
5,S,UltraMS,recall,18,49,0.8204006180044981
5,S,UltraMS,hit_rate,19,49,0.9795918367346939
5,S,UltraMS,recall,19,49,0.8323203859116612
5,S,UltraMS,hit_rate,20,49,1.0
5,S,UltraMS,recall,20,49,0.844383275583659
5,S,UltraMS,hit_rate,21,49,1.0
5,S,UltraMS,recall,21,49,0.8470073897454528
5,S,UltraMS,hit_rate,22,49,1.0
5,S,UltraMS,recall,22,49,0.8627267420024846
5,S,UltraMS,hit_rate,23,49,1.0
5,S,UltraMS,recall,23,49,0.8879598997817253
5,S,UltraMS,hit_rate,24,49,1.0
5,S,UltraMS,recall,24,49,0.8947585716314175
5,S,UltraMS,hit_rate,25,49,1.0
5,S,UltraMS,recall,25,49,0.9000987722277851
5,S,UltraMS,hit_rate,26,49,1.0
5,S,UltraMS,recall,26,49,0.9022126823079464
5,S,UltraMS,hit_rate,27,49,1.0
5,S,UltraMS,recall,27,49,0.910539077382105
5,S,UltraMS,hit_rate,28,49,1.0
5,S,UltraMS,recall,28,49,0.9161293780184884
5,S,UltraMS,hit_rate,29,49,1.0
5,S,UltraMS,recall,29,49,0.9262264813759605
5,S,UltraMS,hit_rate,30,49,1.0
5,S,UltraMS,recall,30,49,0.9295258656457975
5,S,UltraMS,hit_rate,31,49,1.0
5,S,UltraMS,recall,31,49,0.9314597036971471
5,S,UltraMS,hit_rate,32,49,1.0
5,S,UltraMS,recall,32,49,0.9325701478748182
5,S,UltraMS,hit_rate,33,49,1.0
5,S,UltraMS,recall,33,49,0.9369092337395788
5,S,UltraMS,hit_rate,34,49,1.0
5,S,UltraMS,recall,34,49,0.9426138658228269
5,S,UltraMS,hit_rate,35,49,1.0
5,S,UltraMS,recall,35,49,0.9495940081101565
5,S,UltraMS,hit_rate,36,49,1.0
5,S,UltraMS,recall,36,49,0.9504493502470112
5,S,UltraMS,hit_rate,37,49,1.0
5,S,UltraMS,recall,37,49,0.9517079181903175
5,S,UltraMS,hit_rate,38,49,1.0
5,S,UltraMS,recall,38,49,0.9529664861336239
5,S,UltraMS,hit_rate,39,49,1.0
5,S,UltraMS,recall,39,49,0.9532215881744402
5,S,UltraMS,hit_rate,40,49,1.0
5,S,UltraMS,recall,40,49,0.957560674039201
5,S,UltraMS,hit_rate,41,49,1.0
5,S,UltraMS,recall,41,49,0.9583259801616498
5,S,UltraMS,hit_rate,42,49,1.0
5,S,UltraMS,recall,42,49,0.9591813222985047
5,S,UltraMS,hit_rate,43,49,1.0
5,S,UltraMS,recall,43,49,0.9598396501457727
5,S,UltraMS,hit_rate,44,49,1.0
5,S,UltraMS,recall,44,49,0.9618804664723033
5,S,UltraMS,hit_rate,45,49,1.0
5,S,UltraMS,recall,45,49,0.9632460126907906
5,S,UltraMS,hit_rate,46,49,1.0
5,S,UltraMS,recall,46,49,0.9635011147316069
5,S,UltraMS,hit_rate,47,49,1.0
5,S,UltraMS,recall,47,49,0.9640113188132395
5,S,UltraMS,hit_rate,48,49,1.0
5,S,UltraMS,recall,48,49,0.9647766249356886
5,S,UltraMS,hit_rate,49,49,1.0
5,S,UltraMS,recall,49,49,0.9647766249356886
5,S,UltraMS,hit_rate,50,49,1.0
5,S,UltraMS,recall,50,49,0.9655419310581376
5,S,UltraMS,hit_rate,51,49,1.0
5,S,UltraMS,recall,51,49,0.9663072371805864
5,S,UltraMS,hit_rate,52,49,1.0
5,S,UltraMS,recall,52,49,0.9670725433030355
5,S,UltraMS,hit_rate,53,49,1.0
5,S,UltraMS,recall,53,49,0.9678378494254845
5,S,UltraMS,hit_rate,54,49,1.0
5,S,UltraMS,recall,54,49,0.9686931915623394
5,S,UltraMS,hit_rate,55,49,1.0
5,S,UltraMS,recall,55,49,0.9698036357400103
5,S,UltraMS,hit_rate,56,49,1.0
5,S,UltraMS,recall,56,49,0.9705689418624592
5,S,UltraMS,hit_rate,57,49,1.0
5,S,UltraMS,recall,57,49,0.9739945978391357
5,S,UltraMS,hit_rate,58,49,1.0
5,S,UltraMS,recall,58,49,0.9747599039615846
5,S,UltraMS,hit_rate,59,49,1.0
5,S,UltraMS,recall,59,49,0.9756152460984394
5,S,UltraMS,hit_rate,60,49,1.0
5,S,UltraMS,recall,60,49,0.9769807923169268
5,S,UltraMS,hit_rate,61,49,1.0
5,S,UltraMS,recall,61,49,0.9777460984393757
5,S,UltraMS,hit_rate,62,49,1.0
5,S,UltraMS,recall,62,49,0.9791116446578632
5,S,UltraMS,hit_rate,63,49,1.0
5,S,UltraMS,recall,63,49,0.9793667466986794
5,S,UltraMS,hit_rate,64,49,1.0
5,S,UltraMS,recall,64,49,0.9796218487394958
5,S,UltraMS,hit_rate,65,49,1.0
5,S,UltraMS,recall,65,49,0.9796218487394958
5,S,UltraMS,hit_rate,66,49,1.0
5,S,UltraMS,recall,66,49,0.9803871548619448
5,S,UltraMS,hit_rate,67,49,1.0
5,S,UltraMS,recall,67,49,0.9811524609843938
5,S,UltraMS,hit_rate,68,49,1.0
5,S,UltraMS,recall,68,49,0.9814075630252102
5,S,UltraMS,hit_rate,69,49,1.0
5,S,UltraMS,recall,69,49,0.982172869147659
5,S,UltraMS,hit_rate,70,49,1.0
5,S,UltraMS,recall,70,49,0.9824279711884755
5,S,UltraMS,hit_rate,71,49,1.0
5,S,UltraMS,recall,71,49,0.9830282112845139
5,S,UltraMS,hit_rate,72,49,1.0
5,S,UltraMS,recall,72,49,0.9832833133253301
5,S,UltraMS,hit_rate,73,49,1.0
5,S,UltraMS,recall,73,49,0.9841386554621848
5,S,UltraMS,hit_rate,74,49,1.0
5,S,UltraMS,recall,74,49,0.9843937575030012
5,S,UltraMS,hit_rate,75,49,1.0
5,S,UltraMS,recall,75,49,0.9851590636254501
5,S,UltraMS,hit_rate,76,49,1.0
5,S,UltraMS,recall,76,49,0.9865246098439376
5,S,UltraMS,hit_rate,77,49,1.0
5,S,UltraMS,recall,77,49,0.9867797118847539
5,S,UltraMS,hit_rate,78,49,1.0
5,S,UltraMS,recall,78,49,0.9870348139255701
5,S,UltraMS,hit_rate,79,49,1.0
5,S,UltraMS,recall,79,49,0.9878901560624249
5,S,UltraMS,hit_rate,80,49,1.0
5,S,UltraMS,recall,80,49,0.9878901560624249
5,S,UltraMS,hit_rate,81,49,1.0
5,S,UltraMS,recall,81,49,0.988655462184874
5,S,UltraMS,hit_rate,82,49,1.0
5,S,UltraMS,recall,82,49,0.9892557022809123
5,S,UltraMS,hit_rate,83,49,1.0
5,S,UltraMS,recall,83,49,0.989765906362545
5,S,UltraMS,hit_rate,84,49,1.0
5,S,UltraMS,recall,84,49,0.9900210084033614
5,S,UltraMS,hit_rate,85,49,1.0
5,S,UltraMS,recall,85,49,0.9906212484993997
5,S,UltraMS,hit_rate,86,49,1.0
5,S,UltraMS,recall,86,49,0.9908763505402162
5,S,UltraMS,hit_rate,87,49,1.0
5,S,UltraMS,recall,87,49,0.9911314525810324
5,S,UltraMS,hit_rate,88,49,1.0
5,S,UltraMS,recall,88,49,0.9917316926770708
5,S,UltraMS,hit_rate,89,49,1.0
5,S,UltraMS,recall,89,49,0.9917316926770708
5,S,UltraMS,hit_rate,90,49,1.0
5,S,UltraMS,recall,90,49,0.9925870348139256
5,S,UltraMS,hit_rate,91,49,1.0
5,S,UltraMS,recall,91,49,0.9925870348139256
5,S,UltraMS,hit_rate,92,49,1.0
5,S,UltraMS,recall,92,49,0.9925870348139256
5,S,UltraMS,hit_rate,93,49,1.0
5,S,UltraMS,recall,93,49,0.9925870348139256
5,S,UltraMS,hit_rate,94,49,1.0
5,S,UltraMS,recall,94,49,0.9928421368547419
5,S,UltraMS,hit_rate,95,49,1.0
5,S,UltraMS,recall,95,49,0.9928421368547419
5,S,UltraMS,hit_rate,96,49,1.0
5,S,UltraMS,recall,96,49,0.9930972388955582
5,S,UltraMS,hit_rate,97,49,1.0
5,S,UltraMS,recall,97,49,0.9933523409363745
5,S,UltraMS,hit_rate,98,49,1.0
5,S,UltraMS,recall,98,49,0.9938625450180073
5,S,UltraMS,hit_rate,99,49,1.0
5,S,UltraMS,recall,99,49,0.9952280912364946
5,S,UltraMS,hit_rate,100,49,1.0
5,S,UltraMS,recall,100,49,0.9954831932773109
5,S,UltraMS,hit_rate,101,49,1.0
5,S,UltraMS,recall,101,49,0.9954831932773109
5,S,UltraMS,hit_rate,102,49,1.0
5,S,UltraMS,recall,102,49,0.9957382953181274
5,S,UltraMS,hit_rate,103,49,1.0
5,S,UltraMS,recall,103,49,0.9957382953181274
5,S,UltraMS,hit_rate,104,49,1.0
5,S,UltraMS,recall,104,49,0.9963385354141656
5,S,UltraMS,hit_rate,105,49,1.0
5,S,UltraMS,recall,105,49,0.9963385354141656
5,S,UltraMS,hit_rate,106,49,1.0
5,S,UltraMS,recall,106,49,0.9965936374549819
5,S,UltraMS,hit_rate,107,49,1.0
5,S,UltraMS,recall,107,49,0.9965936374549819
5,S,UltraMS,hit_rate,108,49,1.0
5,S,UltraMS,recall,108,49,0.9968487394957983
5,S,UltraMS,hit_rate,109,49,1.0
5,S,UltraMS,recall,109,49,0.9982142857142857
5,S,UltraMS,hit_rate,110,49,1.0
5,S,UltraMS,recall,110,49,0.9982142857142857
5,S,UltraMS,hit_rate,111,49,1.0
5,S,UltraMS,recall,111,49,0.9982142857142857
5,S,UltraMS,hit_rate,112,49,1.0
5,S,UltraMS,recall,112,49,0.9987244897959183
5,S,UltraMS,hit_rate,113,49,1.0
5,S,UltraMS,recall,113,49,0.9989795918367348
5,S,UltraMS,hit_rate,114,49,1.0
5,S,UltraMS,recall,114,49,0.999234693877551
5,S,UltraMS,hit_rate,115,49,1.0
5,S,UltraMS,recall,115,49,0.999234693877551
5,S,UltraMS,hit_rate,116,49,1.0
5,S,UltraMS,recall,116,49,0.999234693877551
5,S,UltraMS,hit_rate,117,49,1.0
5,S,UltraMS,recall,117,49,0.999234693877551
5,S,UltraMS,hit_rate,118,49,1.0
5,S,UltraMS,recall,118,49,0.9994897959183674
5,S,UltraMS,hit_rate,119,49,1.0
5,S,UltraMS,recall,119,49,0.9997448979591836
5,S,UltraMS,hit_rate,120,49,1.0
5,S,UltraMS,recall,120,49,0.9997448979591836
5,S,UltraMS,hit_rate,121,49,1.0
5,S,UltraMS,recall,121,49,0.9997448979591836
5,S,UltraMS,hit_rate,122,49,1.0
5,S,UltraMS,recall,122,49,1.0
5,S,UltraMS,hit_rate,123,49,1.0
5,S,UltraMS,recall,123,49,1.0
5,S,UltraMS,hit_rate,124,49,1.0
5,S,UltraMS,recall,124,49,1.0
5,S,UltraMS,hit_rate,125,49,1.0
5,S,UltraMS,recall,125,49,1.0
5,S,UltraMS,hit_rate,126,49,1.0
5,S,UltraMS,recall,126,49,1.0
5,S,UltraMS,hit_rate,127,49,1.0
5,S,UltraMS,recall,127,49,1.0
5,S,UltraMS,hit_rate,128,49,1.0
5,S,UltraMS,recall,128,49,1.0
5,S,UltraMS,hit_rate,129,49,1.0
5,S,UltraMS,recall,129,49,1.0
5,S,UltraMS,hit_rate,130,49,1.0
5,S,UltraMS,recall,130,49,1.0
5,S,UltraMS,hit_rate,131,49,1.0
5,S,UltraMS,recall,131,49,1.0
5,S,UltraMS,hit_rate,132,49,1.0
5,S,UltraMS,recall,132,49,1.0
5,S,UltraMS,hit_rate,133,49,1.0
5,S,UltraMS,recall,133,49,1.0
5,S,UltraMS,hit_rate,134,49,1.0
5,S,UltraMS,recall,134,49,1.0
5,S,UltraMS,hit_rate,135,49,1.0
5,S,UltraMS,recall,135,49,1.0
5,S,UltraMS,hit_rate,136,49,1.0
5,S,UltraMS,recall,136,49,1.0
5,S,UltraMS,hit_rate,137,49,1.0
5,S,UltraMS,recall,137,49,1.0
5,S,UltraMS,hit_rate,138,49,1.0
5,S,UltraMS,recall,138,49,1.0
5,S,UltraMS,hit_rate,139,49,1.0
5,S,UltraMS,recall,139,49,1.0
5,S,UltraMS,hit_rate,140,49,1.0
5,S,UltraMS,recall,140,49,1.0
5,S,UltraMS,hit_rate,141,49,1.0
5,S,UltraMS,recall,141,49,1.0
5,S,UltraMS,hit_rate,142,49,1.0
5,S,UltraMS,recall,142,49,1.0
5,S,UltraMS,hit_rate,143,49,1.0
5,S,UltraMS,recall,143,49,1.0
5,S,UltraMS,hit_rate,144,49,1.0
5,S,UltraMS,recall,144,49,1.0
5,S,UltraMS,hit_rate,145,49,1.0
5,S,UltraMS,recall,145,49,1.0
5,S,UltraMS,hit_rate,146,49,1.0
5,S,UltraMS,recall,146,49,1.0
5,S,UltraMS,hit_rate,147,49,1.0
5,S,UltraMS,recall,147,49,1.0
5,S,UltraMS,hit_rate,148,49,1.0
5,S,UltraMS,recall,148,49,1.0
5,S,UltraMS,hit_rate,149,49,1.0
5,S,UltraMS,recall,149,49,1.0
5,S,UltraMS,hit_rate,150,49,1.0
5,S,UltraMS,recall,150,49,1.0
5,S,DreaMS,hit_rate,5,49,0.7551020408163265
5,S,DreaMS,recall,5,49,0.2493274778141951
5,S,DreaMS,hit_rate,6,49,0.7959183673469388
5,S,DreaMS,recall,6,49,0.3300435863494958
5,S,DreaMS,hit_rate,7,49,0.8163265306122449
5,S,DreaMS,recall,7,49,0.3724376994199439
5,S,DreaMS,hit_rate,8,49,0.8367346938775511
5,S,DreaMS,recall,8,49,0.4142520351249004
5,S,DreaMS,hit_rate,9,49,0.8775510204081632
5,S,DreaMS,recall,9,49,0.4923608886369798
5,S,DreaMS,hit_rate,10,49,0.8979591836734694
5,S,DreaMS,recall,10,49,0.5306978901042332
5,S,DreaMS,hit_rate,11,49,0.8979591836734694
5,S,DreaMS,recall,11,49,0.5672401169656522
5,S,DreaMS,hit_rate,12,49,0.9183673469387755
5,S,DreaMS,recall,12,49,0.5954733059261967
5,S,DreaMS,hit_rate,13,49,0.9183673469387755
5,S,DreaMS,recall,13,49,0.6282511482459203
5,S,DreaMS,hit_rate,14,49,0.9387755102040817
5,S,DreaMS,recall,14,49,0.6624062514266983
5,S,DreaMS,hit_rate,15,49,0.9591836734693877
5,S,DreaMS,recall,15,49,0.683722387851943
5,S,DreaMS,hit_rate,16,49,0.9591836734693877
5,S,DreaMS,recall,16,49,0.7062035357363166
5,S,DreaMS,hit_rate,17,49,0.9591836734693877
5,S,DreaMS,recall,17,49,0.7176223799113277
5,S,DreaMS,hit_rate,18,49,0.9795918367346939
5,S,DreaMS,recall,18,49,0.7577529776049506
5,S,DreaMS,hit_rate,19,49,0.9795918367346939
5,S,DreaMS,recall,19,49,0.7856913083624736
5,S,DreaMS,hit_rate,20,49,0.9795918367346939
5,S,DreaMS,recall,20,49,0.7989716204873236
5,S,DreaMS,hit_rate,21,49,0.9795918367346939
5,S,DreaMS,recall,21,49,0.80837659459818
5,S,DreaMS,hit_rate,22,49,0.9795918367346939
5,S,DreaMS,recall,22,49,0.815894332876287
5,S,DreaMS,hit_rate,23,49,0.9795918367346939
5,S,DreaMS,recall,23,49,0.8194603047195698
5,S,DreaMS,hit_rate,24,49,0.9795918367346939
5,S,DreaMS,recall,24,49,0.8344775237283855
5,S,DreaMS,hit_rate,25,49,0.9795918367346939
5,S,DreaMS,recall,25,49,0.8400170897852229
5,S,DreaMS,hit_rate,26,49,0.9795918367346939
5,S,DreaMS,recall,26,49,0.8420729121141544
5,S,DreaMS,hit_rate,27,49,1.0
5,S,DreaMS,recall,27,49,0.8533874379244787
5,S,DreaMS,hit_rate,28,49,1.0
5,S,DreaMS,recall,28,49,0.8559165140710662
5,S,DreaMS,hit_rate,29,49,1.0
5,S,DreaMS,recall,29,49,0.8612760080990922
5,S,DreaMS,hit_rate,30,49,1.0
5,S,DreaMS,recall,30,49,0.8621894379871763
5,S,DreaMS,hit_rate,31,49,1.0
5,S,DreaMS,recall,31,49,0.8641232760385259
5,S,DreaMS,hit_rate,32,49,1.0
5,S,DreaMS,recall,32,49,0.8641232760385259
5,S,DreaMS,hit_rate,33,49,1.0
5,S,DreaMS,recall,33,49,0.8653987862426075
5,S,DreaMS,hit_rate,34,49,1.0
5,S,DreaMS,recall,34,49,0.8660571140898754
5,S,DreaMS,hit_rate,35,49,1.0
5,S,DreaMS,recall,35,49,0.8663122161306918
5,S,DreaMS,hit_rate,36,49,1.0
5,S,DreaMS,recall,36,49,0.8696116004005289
5,S,DreaMS,hit_rate,37,49,1.0
5,S,DreaMS,recall,37,49,0.8745678686221032
5,S,DreaMS,hit_rate,38,49,1.0
5,S,DreaMS,recall,38,49,0.8766086849486339
5,S,DreaMS,hit_rate,39,49,1.0
5,S,DreaMS,recall,39,49,0.8817130769358434
5,S,DreaMS,hit_rate,40,49,1.0
5,S,DreaMS,recall,40,49,0.8862441750893907
5,S,DreaMS,hit_rate,41,49,1.0
5,S,DreaMS,recall,41,49,0.8884331151815564
5,S,DreaMS,hit_rate,42,49,1.0
5,S,DreaMS,recall,42,49,0.8959234615505189
5,S,DreaMS,hit_rate,43,49,1.0
5,S,DreaMS,recall,43,49,0.9030105821130295
5,S,DreaMS,hit_rate,44,49,1.0
5,S,DreaMS,recall,44,49,0.9046262283715328
5,S,DreaMS,hit_rate,45,49,1.0
5,S,DreaMS,recall,45,49,0.9081757126813859
5,S,DreaMS,hit_rate,46,49,1.0
5,S,DreaMS,recall,46,49,0.9118564706988787
5,S,DreaMS,hit_rate,47,49,1.0
5,S,DreaMS,recall,47,49,0.9149007529278993
5,S,DreaMS,hit_rate,48,49,1.0
5,S,DreaMS,recall,48,49,0.919725747441834
5,S,DreaMS,hit_rate,49,49,1.0
5,S,DreaMS,recall,49,49,0.9204910535642828
5,S,DreaMS,hit_rate,50,49,1.0
5,S,DreaMS,recall,50,49,0.9272087406391127
5,S,DreaMS,hit_rate,51,49,1.0
5,S,DreaMS,recall,51,49,0.9308652032241469
5,S,DreaMS,hit_rate,52,49,1.0
5,S,DreaMS,recall,52,49,0.9345459612416395
5,S,DreaMS,hit_rate,53,49,1.0
5,S,DreaMS,recall,53,49,0.9377165151774997
5,S,DreaMS,hit_rate,54,49,1.0
5,S,DreaMS,recall,54,49,0.9377165151774997
5,S,DreaMS,hit_rate,55,49,1.0
5,S,DreaMS,recall,55,49,0.9492861430286401
5,S,DreaMS,hit_rate,56,49,1.0
5,S,DreaMS,recall,56,49,0.9512469273423656
5,S,DreaMS,hit_rate,57,49,1.0
5,S,DreaMS,recall,57,49,0.9531176756416854
5,S,DreaMS,hit_rate,58,49,1.0
5,S,DreaMS,recall,58,49,0.9533727776825016
5,S,DreaMS,hit_rate,59,49,1.0
5,S,DreaMS,recall,59,49,0.9536278797233179
5,S,DreaMS,hit_rate,60,49,1.0
5,S,DreaMS,recall,60,49,0.955753730063454
5,S,DreaMS,hit_rate,61,49,1.0
5,S,DreaMS,recall,61,49,0.9595245240953525
5,S,DreaMS,hit_rate,62,49,1.0
5,S,DreaMS,recall,62,49,0.9597796261361689
5,S,DreaMS,hit_rate,63,49,1.0
5,S,DreaMS,recall,63,49,0.9648816669524953
5,S,DreaMS,hit_rate,64,49,1.0
5,S,DreaMS,recall,64,49,0.9651367689933116
5,S,DreaMS,hit_rate,65,49,1.0
5,S,DreaMS,recall,65,49,0.9659921111301663
5,S,DreaMS,hit_rate,66,49,1.0
5,S,DreaMS,recall,66,49,0.9659921111301663
5,S,DreaMS,hit_rate,67,49,1.0
5,S,DreaMS,recall,67,49,0.9659921111301663
5,S,DreaMS,hit_rate,68,49,1.0
5,S,DreaMS,recall,68,49,0.9665923512262048
5,S,DreaMS,hit_rate,69,49,1.0
5,S,DreaMS,recall,69,49,0.9668474532670212
5,S,DreaMS,hit_rate,70,49,1.0
5,S,DreaMS,recall,70,49,0.9677027954038758
5,S,DreaMS,hit_rate,71,49,1.0
5,S,DreaMS,recall,71,49,0.9690683416223633
5,S,DreaMS,hit_rate,72,49,1.0
5,S,DreaMS,recall,72,49,0.9693234436631795
5,S,DreaMS,hit_rate,73,49,1.0
5,S,DreaMS,recall,73,49,0.9693234436631795
5,S,DreaMS,hit_rate,74,49,1.0
5,S,DreaMS,recall,74,49,0.9736044417767106
5,S,DreaMS,hit_rate,75,49,1.0
5,S,DreaMS,recall,75,49,0.9743697478991596
5,S,DreaMS,hit_rate,76,49,1.0
5,S,DreaMS,recall,76,49,0.9752250900360143
5,S,DreaMS,hit_rate,77,49,1.0
5,S,DreaMS,recall,77,49,0.9763355342136856
5,S,DreaMS,hit_rate,78,49,1.0
5,S,DreaMS,recall,78,49,0.9763355342136856
5,S,DreaMS,hit_rate,79,49,1.0
5,S,DreaMS,recall,79,49,0.9768457382953182
5,S,DreaMS,hit_rate,80,49,1.0
5,S,DreaMS,recall,80,49,0.9822028811524609
5,S,DreaMS,hit_rate,81,49,1.0
5,S,DreaMS,recall,81,49,0.9822028811524609
5,S,DreaMS,hit_rate,82,49,1.0
5,S,DreaMS,recall,82,49,0.9824579831932773
5,S,DreaMS,hit_rate,83,49,1.0
5,S,DreaMS,recall,83,49,0.9824579831932773
5,S,DreaMS,hit_rate,84,49,1.0
5,S,DreaMS,recall,84,49,0.9838235294117647
5,S,DreaMS,hit_rate,85,49,1.0
5,S,DreaMS,recall,85,49,0.9846788715486194
5,S,DreaMS,hit_rate,86,49,1.0
5,S,DreaMS,recall,86,49,0.9849339735894358
5,S,DreaMS,hit_rate,87,49,1.0
5,S,DreaMS,recall,87,49,0.9862995198079232
5,S,DreaMS,hit_rate,88,49,1.0
5,S,DreaMS,recall,88,49,0.9870648259303721
5,S,DreaMS,hit_rate,89,49,1.0
5,S,DreaMS,recall,89,49,0.9870648259303721
5,S,DreaMS,hit_rate,90,49,1.0
5,S,DreaMS,recall,90,49,0.9873199279711884
5,S,DreaMS,hit_rate,91,49,1.0
5,S,DreaMS,recall,91,49,0.9873199279711884
5,S,DreaMS,hit_rate,92,49,1.0
5,S,DreaMS,recall,92,49,0.9880852340936376
5,S,DreaMS,hit_rate,93,49,1.0
5,S,DreaMS,recall,93,49,0.9886854741896759
5,S,DreaMS,hit_rate,94,49,1.0
5,S,DreaMS,recall,94,49,0.9895408163265306
5,S,DreaMS,hit_rate,95,49,1.0
5,S,DreaMS,recall,95,49,0.9903061224489795
5,S,DreaMS,hit_rate,96,49,1.0
5,S,DreaMS,recall,96,49,0.9910714285714286
5,S,DreaMS,hit_rate,97,49,1.0
5,S,DreaMS,recall,97,49,0.991326530612245
5,S,DreaMS,hit_rate,98,49,1.0
5,S,DreaMS,recall,98,49,0.991326530612245
5,S,DreaMS,hit_rate,99,49,1.0
5,S,DreaMS,recall,99,49,0.9915816326530612
5,S,DreaMS,hit_rate,100,49,1.0
5,S,DreaMS,recall,100,49,0.9918367346938776
5,S,DreaMS,hit_rate,101,49,1.0
5,S,DreaMS,recall,101,49,0.9923469387755102
5,S,DreaMS,hit_rate,102,49,1.0
5,S,DreaMS,recall,102,49,0.9931122448979592
5,S,DreaMS,hit_rate,103,49,1.0
5,S,DreaMS,recall,103,49,0.9938775510204082
5,S,DreaMS,hit_rate,104,49,1.0
5,S,DreaMS,recall,104,49,0.9941326530612244
5,S,DreaMS,hit_rate,105,49,1.0
5,S,DreaMS,recall,105,49,0.9943877551020408
5,S,DreaMS,hit_rate,106,49,1.0
5,S,DreaMS,recall,106,49,0.9943877551020408
5,S,DreaMS,hit_rate,107,49,1.0
5,S,DreaMS,recall,107,49,0.994642857142857
5,S,DreaMS,hit_rate,108,49,1.0
5,S,DreaMS,recall,108,49,0.9948979591836735
5,S,DreaMS,hit_rate,109,49,1.0
5,S,DreaMS,recall,109,49,0.9951530612244899
5,S,DreaMS,hit_rate,110,49,1.0
5,S,DreaMS,recall,110,49,0.9951530612244899
5,S,DreaMS,hit_rate,111,49,1.0
5,S,DreaMS,recall,111,49,0.9959183673469387
5,S,DreaMS,hit_rate,112,49,1.0
5,S,DreaMS,recall,112,49,0.9964285714285714
5,S,DreaMS,hit_rate,113,49,1.0
5,S,DreaMS,recall,113,49,0.9966836734693877
5,S,DreaMS,hit_rate,114,49,1.0
5,S,DreaMS,recall,114,49,0.9969387755102042
5,S,DreaMS,hit_rate,115,49,1.0
5,S,DreaMS,recall,115,49,0.9969387755102042
5,S,DreaMS,hit_rate,116,49,1.0
5,S,DreaMS,recall,116,49,0.9969387755102042
5,S,DreaMS,hit_rate,117,49,1.0
5,S,DreaMS,recall,117,49,0.9971938775510204
5,S,DreaMS,hit_rate,118,49,1.0
5,S,DreaMS,recall,118,49,0.9971938775510204
5,S,DreaMS,hit_rate,119,49,1.0
5,S,DreaMS,recall,119,49,0.9977040816326531
5,S,DreaMS,hit_rate,120,49,1.0
5,S,DreaMS,recall,120,49,0.9977040816326531
5,S,DreaMS,hit_rate,121,49,1.0
5,S,DreaMS,recall,121,49,0.9979591836734694
5,S,DreaMS,hit_rate,122,49,1.0
5,S,DreaMS,recall,122,49,0.9982142857142857
5,S,DreaMS,hit_rate,123,49,1.0
5,S,DreaMS,recall,123,49,0.998469387755102
5,S,DreaMS,hit_rate,124,49,1.0
5,S,DreaMS,recall,124,49,0.9987244897959183
5,S,DreaMS,hit_rate,125,49,1.0
5,S,DreaMS,recall,125,49,0.999234693877551
5,S,DreaMS,hit_rate,126,49,1.0
5,S,DreaMS,recall,126,49,0.9994897959183674
5,S,DreaMS,hit_rate,127,49,1.0
5,S,DreaMS,recall,127,49,0.9997448979591836
5,S,DreaMS,hit_rate,128,49,1.0
5,S,DreaMS,recall,128,49,0.9997448979591836
5,S,DreaMS,hit_rate,129,49,1.0
5,S,DreaMS,recall,129,49,1.0
5,S,DreaMS,hit_rate,130,49,1.0
5,S,DreaMS,recall,130,49,1.0
5,S,DreaMS,hit_rate,131,49,1.0
5,S,DreaMS,recall,131,49,1.0
5,S,DreaMS,hit_rate,132,49,1.0
5,S,DreaMS,recall,132,49,1.0
5,S,DreaMS,hit_rate,133,49,1.0
5,S,DreaMS,recall,133,49,1.0
5,S,DreaMS,hit_rate,134,49,1.0
5,S,DreaMS,recall,134,49,1.0
5,S,DreaMS,hit_rate,135,49,1.0
5,S,DreaMS,recall,135,49,1.0
5,S,DreaMS,hit_rate,136,49,1.0
5,S,DreaMS,recall,136,49,1.0
5,S,DreaMS,hit_rate,137,49,1.0
5,S,DreaMS,recall,137,49,1.0
5,S,DreaMS,hit_rate,138,49,1.0
5,S,DreaMS,recall,138,49,1.0
5,S,DreaMS,hit_rate,139,49,1.0
5,S,DreaMS,recall,139,49,1.0
5,S,DreaMS,hit_rate,140,49,1.0
5,S,DreaMS,recall,140,49,1.0
5,S,DreaMS,hit_rate,141,49,1.0
5,S,DreaMS,recall,141,49,1.0
5,S,DreaMS,hit_rate,142,49,1.0
5,S,DreaMS,recall,142,49,1.0
5,S,DreaMS,hit_rate,143,49,1.0
5,S,DreaMS,recall,143,49,1.0
5,S,DreaMS,hit_rate,144,49,1.0
5,S,DreaMS,recall,144,49,1.0
5,S,DreaMS,hit_rate,145,49,1.0
5,S,DreaMS,recall,145,49,1.0
5,S,DreaMS,hit_rate,146,49,1.0
5,S,DreaMS,recall,146,49,1.0
5,S,DreaMS,hit_rate,147,49,1.0
5,S,DreaMS,recall,147,49,1.0
5,S,DreaMS,hit_rate,148,49,1.0
5,S,DreaMS,recall,148,49,1.0
5,S,DreaMS,hit_rate,149,49,1.0
5,S,DreaMS,recall,149,49,1.0
5,S,DreaMS,hit_rate,150,49,1.0
5,S,DreaMS,recall,150,49,1.0
5,S,Linear SVM,hit_rate,5,49,0.7551020408163265
5,S,Linear SVM,recall,5,49,0.3230878226168278
5,S,Linear SVM,hit_rate,6,49,0.7755102040816326
5,S,Linear SVM,recall,6,49,0.36244311018640113
5,S,Linear SVM,hit_rate,7,49,0.7959183673469388
5,S,Linear SVM,recall,7,49,0.39123223580732397
5,S,Linear SVM,hit_rate,8,49,0.8163265306122449
5,S,Linear SVM,recall,8,49,0.42626579468542064
5,S,Linear SVM,hit_rate,9,49,0.8571428571428571
5,S,Linear SVM,recall,9,49,0.46078960420923015
5,S,Linear SVM,hit_rate,10,49,0.8979591836734694
5,S,Linear SVM,recall,10,49,0.5301554150496953
5,S,Linear SVM,hit_rate,11,49,0.8979591836734694
5,S,Linear SVM,recall,11,49,0.571176099961001
5,S,Linear SVM,hit_rate,12,49,0.9387755102040817
5,S,Linear SVM,recall,12,49,0.6209774616451803
5,S,Linear SVM,hit_rate,13,49,0.9387755102040817
5,S,Linear SVM,recall,13,49,0.6455711212008892
5,S,Linear SVM,hit_rate,14,49,0.9387755102040817
5,S,Linear SVM,recall,14,49,0.6732543499175959
5,S,Linear SVM,hit_rate,15,49,0.9795918367346939
5,S,Linear SVM,recall,15,49,0.7271528049845828
5,S,Linear SVM,hit_rate,16,49,0.9795918367346939
5,S,Linear SVM,recall,16,49,0.7375369586460474
5,S,Linear SVM,hit_rate,17,49,0.9795918367346939
5,S,Linear SVM,recall,17,49,0.7613398564285371
5,S,Linear SVM,hit_rate,18,49,0.9795918367346939
5,S,Linear SVM,recall,18,49,0.7734709209755681
5,S,Linear SVM,hit_rate,19,49,0.9795918367346939
5,S,Linear SVM,recall,19,49,0.792151002979044
5,S,Linear SVM,hit_rate,20,49,0.9795918367346939
5,S,Linear SVM,recall,20,49,0.8013539607995133
5,S,Linear SVM,hit_rate,21,49,0.9795918367346939
5,S,Linear SVM,recall,21,49,0.8079115838487327
5,S,Linear SVM,hit_rate,22,49,0.9795918367346939
5,S,Linear SVM,recall,22,49,0.8336778427332391
5,S,Linear SVM,hit_rate,23,49,0.9795918367346939
5,S,Linear SVM,recall,23,49,0.8496003931526527
5,S,Linear SVM,hit_rate,24,49,0.9795918367346939
5,S,Linear SVM,recall,24,49,0.8546297551278575
5,S,Linear SVM,hit_rate,25,49,0.9795918367346939
5,S,Linear SVM,recall,25,49,0.8684419159368817
5,S,Linear SVM,hit_rate,26,49,0.9795918367346939
5,S,Linear SVM,recall,26,49,0.8780000248947506
5,S,Linear SVM,hit_rate,27,49,0.9795918367346939
5,S,Linear SVM,recall,27,49,0.8801889649869166
5,S,Linear SVM,hit_rate,28,49,0.9795918367346939
5,S,Linear SVM,recall,28,49,0.8869847478161772
5,S,Linear SVM,hit_rate,29,49,0.9795918367346939
5,S,Linear SVM,recall,29,49,0.8901190660596036
5,S,Linear SVM,hit_rate,30,49,0.9795918367346939
5,S,Linear SVM,recall,30,49,0.8907773939068715
5,S,Linear SVM,hit_rate,31,49,0.9795918367346939
5,S,Linear SVM,recall,31,49,0.8947520482847516
5,S,Linear SVM,hit_rate,32,49,0.9795918367346939
5,S,Linear SVM,recall,32,49,0.8995820447994866
5,S,Linear SVM,hit_rate,33,49,0.9795918367346939
5,S,Linear SVM,recall,33,49,0.9002403726467545
5,S,Linear SVM,hit_rate,34,49,0.9795918367346939
5,S,Linear SVM,recall,34,49,0.9057749367027917
5,S,Linear SVM,hit_rate,35,49,0.9795918367346939
5,S,Linear SVM,recall,35,49,0.9128108155704677
5,S,Linear SVM,hit_rate,36,49,0.9795918367346939
5,S,Linear SVM,recall,36,49,0.9137242454585521
5,S,Linear SVM,hit_rate,37,49,0.9795918367346939
5,S,Linear SVM,recall,37,49,0.9152379154426749
5,S,Linear SVM,hit_rate,38,49,1.0
5,S,Linear SVM,recall,38,49,0.9257651908689744
5,S,Linear SVM,hit_rate,39,49,1.0
5,S,Linear SVM,recall,39,49,0.9262753949506068
5,S,Linear SVM,hit_rate,40,49,1.0
5,S,Linear SVM,recall,40,49,0.928401245290743
5,S,Linear SVM,hit_rate,41,49,1.0
5,S,Linear SVM,recall,41,49,0.9292565874275979
5,S,Linear SVM,hit_rate,42,49,1.0
5,S,Linear SVM,recall,42,49,0.9299149152748658
5,S,Linear SVM,hit_rate,43,49,1.0
5,S,Linear SVM,recall,43,49,0.9343440371540321
5,S,Linear SVM,hit_rate,44,49,1.0
5,S,Linear SVM,recall,44,49,0.9343440371540321
5,S,Linear SVM,hit_rate,45,49,1.0
5,S,Linear SVM,recall,45,49,0.9343440371540321
5,S,Linear SVM,hit_rate,46,49,1.0
5,S,Linear SVM,recall,46,49,0.9343440371540321
5,S,Linear SVM,hit_rate,47,49,1.0
5,S,Linear SVM,recall,47,49,0.9357095833725195
5,S,Linear SVM,hit_rate,48,49,1.0
5,S,Linear SVM,recall,48,49,0.9374783553974586
5,S,Linear SVM,hit_rate,49,49,1.0
5,S,Linear SVM,recall,49,49,0.9383917852855428
5,S,Linear SVM,hit_rate,50,49,1.0
5,S,Linear SVM,recall,50,49,0.9389019893671754
5,S,Linear SVM,hit_rate,51,49,1.0
5,S,Linear SVM,recall,51,49,0.940942805693706
5,S,Linear SVM,hit_rate,52,49,1.0
5,S,Linear SVM,recall,52,49,0.940942805693706
5,S,Linear SVM,hit_rate,53,49,1.0
5,S,Linear SVM,recall,53,49,0.9417981478305607
5,S,Linear SVM,hit_rate,54,49,1.0
5,S,Linear SVM,recall,54,49,0.9431636940490482
5,S,Linear SVM,hit_rate,55,49,1.0
5,S,Linear SVM,recall,55,49,0.9451244783627737
5,S,Linear SVM,hit_rate,56,49,1.0
5,S,Linear SVM,recall,56,49,0.9459798204996285
5,S,Linear SVM,hit_rate,57,49,1.0
5,S,Linear SVM,recall,57,49,0.9467451266220774
5,S,Linear SVM,hit_rate,58,49,1.0
5,S,Linear SVM,recall,58,49,0.9481106728405648
5,S,Linear SVM,hit_rate,59,49,1.0
5,S,Linear SVM,recall,59,49,0.950581661235923
5,S,Linear SVM,hit_rate,60,49,1.0
5,S,Linear SVM,recall,60,49,0.9578995884067913
5,S,Linear SVM,hit_rate,61,49,1.0
5,S,Linear SVM,recall,61,49,0.9590100325844623
5,S,Linear SVM,hit_rate,62,49,1.0
5,S,Linear SVM,recall,62,49,0.9603755788029498
5,S,Linear SVM,hit_rate,63,49,1.0
5,S,Linear SVM,recall,63,49,0.9611408849253987
5,S,Linear SVM,hit_rate,64,49,1.0
5,S,Linear SVM,recall,64,49,0.9625064311438861
5,S,Linear SVM,hit_rate,65,49,1.0
5,S,Linear SVM,recall,65,49,0.9632717372663351
5,S,Linear SVM,hit_rate,66,49,1.0
5,S,Linear SVM,recall,66,49,0.9640370433887842
5,S,Linear SVM,hit_rate,67,49,1.0
5,S,Linear SVM,recall,67,49,0.9646372834848226
5,S,Linear SVM,hit_rate,68,49,1.0
5,S,Linear SVM,recall,68,49,0.9654025896072714
5,S,Linear SVM,hit_rate,69,49,1.0
5,S,Linear SVM,recall,69,49,0.9661678957297204
5,S,Linear SVM,hit_rate,70,49,1.0
5,S,Linear SVM,recall,70,49,0.9672783399073915
5,S,Linear SVM,hit_rate,71,49,1.0
5,S,Linear SVM,recall,71,49,0.9675334419482079
5,S,Linear SVM,hit_rate,72,49,1.0
5,S,Linear SVM,recall,72,49,0.9734007888869832
5,S,Linear SVM,hit_rate,73,49,1.0
5,S,Linear SVM,recall,73,49,0.9768264448636597
5,S,Linear SVM,hit_rate,74,49,1.0
5,S,Linear SVM,recall,74,49,0.9768264448636597
5,S,Linear SVM,hit_rate,75,49,1.0
5,S,Linear SVM,recall,75,49,0.9773366489452925
5,S,Linear SVM,hit_rate,76,49,1.0
5,S,Linear SVM,recall,76,49,0.9775917509861087
5,S,Linear SVM,hit_rate,77,49,1.0
5,S,Linear SVM,recall,77,49,0.9781019550677413
5,S,Linear SVM,hit_rate,78,49,1.0
5,S,Linear SVM,recall,78,49,0.9783570571085577
5,S,Linear SVM,hit_rate,79,49,1.0
5,S,Linear SVM,recall,79,49,0.9817827130852341
5,S,Linear SVM,hit_rate,80,49,1.0
5,S,Linear SVM,recall,80,49,0.982548019207683
5,S,Linear SVM,hit_rate,81,49,1.0
5,S,Linear SVM,recall,81,49,0.9828031212484993
5,S,Linear SVM,hit_rate,82,49,1.0
5,S,Linear SVM,recall,82,49,0.9830582232893158
5,S,Linear SVM,hit_rate,83,49,1.0
5,S,Linear SVM,recall,83,49,0.9844237695078031
5,S,Linear SVM,hit_rate,84,49,1.0
5,S,Linear SVM,recall,84,49,0.9846788715486194
5,S,Linear SVM,hit_rate,85,49,1.0
5,S,Linear SVM,recall,85,49,0.985189075630252
5,S,Linear SVM,hit_rate,86,49,1.0
5,S,Linear SVM,recall,86,49,0.9854441776710685
5,S,Linear SVM,hit_rate,87,49,1.0
5,S,Linear SVM,recall,87,49,0.9908013205282112
5,S,Linear SVM,hit_rate,88,49,1.0
5,S,Linear SVM,recall,88,49,0.9908013205282112
5,S,Linear SVM,hit_rate,89,49,1.0
5,S,Linear SVM,recall,89,49,0.9910564225690276
5,S,Linear SVM,hit_rate,90,49,1.0
5,S,Linear SVM,recall,90,49,0.9910564225690276
5,S,Linear SVM,hit_rate,91,49,1.0
5,S,Linear SVM,recall,91,49,0.9910564225690276
5,S,Linear SVM,hit_rate,92,49,1.0
5,S,Linear SVM,recall,92,49,0.9910564225690276
5,S,Linear SVM,hit_rate,93,49,1.0
5,S,Linear SVM,recall,93,49,0.9910564225690276
5,S,Linear SVM,hit_rate,94,49,1.0
5,S,Linear SVM,recall,94,49,0.9919117647058823
5,S,Linear SVM,hit_rate,95,49,1.0
5,S,Linear SVM,recall,95,49,0.9921668667466987
5,S,Linear SVM,hit_rate,96,49,1.0
5,S,Linear SVM,recall,96,49,0.992421968787515
5,S,Linear SVM,hit_rate,97,49,1.0
5,S,Linear SVM,recall,97,49,0.9926770708283313
5,S,Linear SVM,hit_rate,98,49,1.0
5,S,Linear SVM,recall,98,49,0.9929321728691477
5,S,Linear SVM,hit_rate,99,49,1.0
5,S,Linear SVM,recall,99,49,0.993187274909964
5,S,Linear SVM,hit_rate,100,49,1.0
5,S,Linear SVM,recall,100,49,0.9934423769507803
5,S,Linear SVM,hit_rate,101,49,1.0
5,S,Linear SVM,recall,101,49,0.9934423769507803
5,S,Linear SVM,hit_rate,102,49,1.0
5,S,Linear SVM,recall,102,49,0.9934423769507803
5,S,Linear SVM,hit_rate,103,49,1.0
5,S,Linear SVM,recall,103,49,0.9934423769507803
5,S,Linear SVM,hit_rate,104,49,1.0
5,S,Linear SVM,recall,104,49,0.9940426170468186
5,S,Linear SVM,hit_rate,105,49,1.0
5,S,Linear SVM,recall,105,49,0.9940426170468186
5,S,Linear SVM,hit_rate,106,49,1.0
5,S,Linear SVM,recall,106,49,0.9940426170468186
5,S,Linear SVM,hit_rate,107,49,1.0
5,S,Linear SVM,recall,107,49,0.994297719087635
5,S,Linear SVM,hit_rate,108,49,1.0
5,S,Linear SVM,recall,108,49,0.994297719087635
5,S,Linear SVM,hit_rate,109,49,1.0
5,S,Linear SVM,recall,109,49,0.9951530612244899
5,S,Linear SVM,hit_rate,110,49,1.0
5,S,Linear SVM,recall,110,49,0.9954081632653061
5,S,Linear SVM,hit_rate,111,49,1.0
5,S,Linear SVM,recall,111,49,0.9961734693877551
5,S,Linear SVM,hit_rate,112,49,1.0
5,S,Linear SVM,recall,112,49,0.9961734693877551
5,S,Linear SVM,hit_rate,113,49,1.0
5,S,Linear SVM,recall,113,49,0.9966836734693877
5,S,Linear SVM,hit_rate,114,49,1.0
5,S,Linear SVM,recall,114,49,0.9969387755102042
5,S,Linear SVM,hit_rate,115,49,1.0
5,S,Linear SVM,recall,115,49,0.9969387755102042
5,S,Linear SVM,hit_rate,116,49,1.0
5,S,Linear SVM,recall,116,49,0.9971938775510204
5,S,Linear SVM,hit_rate,117,49,1.0
5,S,Linear SVM,recall,117,49,0.9971938775510204
5,S,Linear SVM,hit_rate,118,49,1.0
5,S,Linear SVM,recall,118,49,0.9971938775510204
5,S,Linear SVM,hit_rate,119,49,1.0
5,S,Linear SVM,recall,119,49,0.9979591836734694
5,S,Linear SVM,hit_rate,120,49,1.0
5,S,Linear SVM,recall,120,49,0.9982142857142857
5,S,Linear SVM,hit_rate,121,49,1.0
5,S,Linear SVM,recall,121,49,0.998469387755102
5,S,Linear SVM,hit_rate,122,49,1.0
5,S,Linear SVM,recall,122,49,0.9987244897959183
5,S,Linear SVM,hit_rate,123,49,1.0
5,S,Linear SVM,recall,123,49,0.9987244897959183
5,S,Linear SVM,hit_rate,124,49,1.0
5,S,Linear SVM,recall,124,49,0.9987244897959183
5,S,Linear SVM,hit_rate,125,49,1.0
5,S,Linear SVM,recall,125,49,0.9989795918367348
5,S,Linear SVM,hit_rate,126,49,1.0
5,S,Linear SVM,recall,126,49,0.999234693877551
5,S,Linear SVM,hit_rate,127,49,1.0
5,S,Linear SVM,recall,127,49,0.9994897959183674
5,S,Linear SVM,hit_rate,128,49,1.0
5,S,Linear SVM,recall,128,49,0.9994897959183674
5,S,Linear SVM,hit_rate,129,49,1.0
5,S,Linear SVM,recall,129,49,0.9997448979591836
5,S,Linear SVM,hit_rate,130,49,1.0
5,S,Linear SVM,recall,130,49,1.0
5,S,Linear SVM,hit_rate,131,49,1.0
5,S,Linear SVM,recall,131,49,1.0
5,S,Linear SVM,hit_rate,132,49,1.0
5,S,Linear SVM,recall,132,49,1.0
5,S,Linear SVM,hit_rate,133,49,1.0
5,S,Linear SVM,recall,133,49,1.0
5,S,Linear SVM,hit_rate,134,49,1.0
5,S,Linear SVM,recall,134,49,1.0
5,S,Linear SVM,hit_rate,135,49,1.0
5,S,Linear SVM,recall,135,49,1.0
5,S,Linear SVM,hit_rate,136,49,1.0
5,S,Linear SVM,recall,136,49,1.0
5,S,Linear SVM,hit_rate,137,49,1.0
5,S,Linear SVM,recall,137,49,1.0
5,S,Linear SVM,hit_rate,138,49,1.0
5,S,Linear SVM,recall,138,49,1.0
5,S,Linear SVM,hit_rate,139,49,1.0
5,S,Linear SVM,recall,139,49,1.0
5,S,Linear SVM,hit_rate,140,49,1.0
5,S,Linear SVM,recall,140,49,1.0
5,S,Linear SVM,hit_rate,141,49,1.0
5,S,Linear SVM,recall,141,49,1.0
5,S,Linear SVM,hit_rate,142,49,1.0
5,S,Linear SVM,recall,142,49,1.0
5,S,Linear SVM,hit_rate,143,49,1.0
5,S,Linear SVM,recall,143,49,1.0
5,S,Linear SVM,hit_rate,144,49,1.0
5,S,Linear SVM,recall,144,49,1.0
5,S,Linear SVM,hit_rate,145,49,1.0
5,S,Linear SVM,recall,145,49,1.0
5,S,Linear SVM,hit_rate,146,49,1.0
5,S,Linear SVM,recall,146,49,1.0
5,S,Linear SVM,hit_rate,147,49,1.0
5,S,Linear SVM,recall,147,49,1.0
5,S,Linear SVM,hit_rate,148,49,1.0
5,S,Linear SVM,recall,148,49,1.0
5,S,Linear SVM,hit_rate,149,49,1.0
5,S,Linear SVM,recall,149,49,1.0
5,S,Linear SVM,hit_rate,150,49,1.0
5,S,Linear SVM,recall,150,49,1.0
5,S,Random forest,hit_rate,5,49,0.7755102040816326
5,S,Random forest,recall,5,49,0.33994172868141814
5,S,Random forest,hit_rate,6,49,0.8367346938775511
5,S,Random forest,recall,6,49,0.41055470505476305
5,S,Random forest,hit_rate,7,49,0.8571428571428571
5,S,Random forest,recall,7,49,0.44948482255630917
5,S,Random forest,hit_rate,8,49,0.8775510204081632
5,S,Random forest,recall,8,49,0.4699818434565559
5,S,Random forest,hit_rate,9,49,0.8775510204081632
5,S,Random forest,recall,9,49,0.48399051143987826
5,S,Random forest,hit_rate,10,49,0.8775510204081632
5,S,Random forest,recall,10,49,0.5218599358469823
5,S,Random forest,hit_rate,11,49,0.8979591836734694
5,S,Random forest,recall,11,49,0.5403003765393883
5,S,Random forest,hit_rate,12,49,0.9183673469387755
5,S,Random forest,recall,12,49,0.5868780985372783
5,S,Random forest,hit_rate,13,49,0.9183673469387755
5,S,Random forest,recall,13,49,0.6196354781264553
5,S,Random forest,hit_rate,14,49,0.9387755102040817
5,S,Random forest,recall,14,49,0.6544139349637356
5,S,Random forest,hit_rate,15,49,0.9591836734693877
5,S,Random forest,recall,15,49,0.6808307137964807
5,S,Random forest,hit_rate,16,49,0.9591836734693877
5,S,Random forest,recall,16,49,0.6946538530228458
5,S,Random forest,hit_rate,17,49,0.9591836734693877
5,S,Random forest,recall,17,49,0.7031567996560445
5,S,Random forest,hit_rate,18,49,0.9591836734693877
5,S,Random forest,recall,18,49,0.7432459431196023
5,S,Random forest,hit_rate,19,49,0.9591836734693877
5,S,Random forest,recall,19,49,0.7514718434504091
5,S,Random forest,hit_rate,20,49,0.9591836734693877
5,S,Random forest,recall,20,49,0.7636555481011005
5,S,Random forest,hit_rate,21,49,0.9591836734693877
5,S,Random forest,recall,21,49,0.7706283372167467
5,S,Random forest,hit_rate,22,49,0.9591836734693877
5,S,Random forest,recall,22,49,0.7948256261029758
5,S,Random forest,hit_rate,23,49,0.9591836734693877
5,S,Random forest,recall,23,49,0.814116406931436
5,S,Random forest,hit_rate,24,49,0.9591836734693877
5,S,Random forest,recall,24,49,0.821614406131116
5,S,Random forest,hit_rate,25,49,0.9591836734693877
5,S,Random forest,recall,25,49,0.8224697482679709
5,S,Random forest,hit_rate,26,49,0.9591836734693877
5,S,Random forest,recall,26,49,0.8312163114093564
5,S,Random forest,hit_rate,27,49,0.9591836734693877
5,S,Random forest,recall,27,49,0.8444089386906836
5,S,Random forest,hit_rate,28,49,0.9591836734693877
5,S,Random forest,recall,28,49,0.8585976787028174
5,S,Random forest,hit_rate,29,49,0.9591836734693877
5,S,Random forest,recall,29,49,0.8600532609357108
5,S,Random forest,hit_rate,30,49,0.9591836734693877
5,S,Random forest,recall,30,49,0.8615669309198333
5,S,Random forest,hit_rate,31,49,0.9591836734693877
5,S,Random forest,recall,31,49,0.8622252587671013
5,S,Random forest,hit_rate,32,49,0.9591836734693877
5,S,Random forest,recall,32,49,0.8651214172304867
5,S,Random forest,hit_rate,33,49,0.9591836734693877
5,S,Random forest,recall,33,49,0.8732627382750335
5,S,Random forest,hit_rate,34,49,0.9591836734693877
5,S,Random forest,recall,34,49,0.8754516783671994
5,S,Random forest,hit_rate,35,49,0.9591836734693877
5,S,Random forest,recall,35,49,0.882917729303703
5,S,Random forest,hit_rate,36,49,0.9591836734693877
5,S,Random forest,recall,36,49,0.8840862612326036
5,S,Random forest,hit_rate,37,49,0.9591836734693877
5,S,Random forest,recall,37,49,0.8867273176551728
5,S,Random forest,hit_rate,38,49,0.9591836734693877
5,S,Random forest,recall,38,49,0.8876407475432568
5,S,Random forest,hit_rate,39,49,0.9591836734693877
5,S,Random forest,recall,39,49,0.8909401318130938
5,S,Random forest,hit_rate,40,49,0.9591836734693877
5,S,Random forest,recall,40,49,0.8938143460149036
5,S,Random forest,hit_rate,41,49,0.9591836734693877
5,S,Random forest,recall,41,49,0.8994289420837458
5,S,Random forest,hit_rate,42,49,0.9591836734693877
5,S,Random forest,recall,42,49,0.9025994960196059
5,S,Random forest,hit_rate,43,49,0.9591836734693877
5,S,Random forest,recall,43,49,0.906428377802734
5,S,Random forest,hit_rate,44,49,0.9591836734693877
5,S,Random forest,recall,44,49,0.906428377802734
5,S,Random forest,hit_rate,45,49,0.9591836734693877
5,S,Random forest,recall,45,49,0.9073418076908183
5,S,Random forest,hit_rate,46,49,0.9591836734693877
5,S,Random forest,recall,46,49,0.9091275219765326
5,S,Random forest,hit_rate,47,49,0.9591836734693877
5,S,Random forest,recall,47,49,0.911916702164737
5,S,Random forest,hit_rate,48,49,0.9591836734693877
5,S,Random forest,recall,48,49,0.9147058823529411
5,S,Random forest,hit_rate,49,49,0.9795918367346939
5,S,Random forest,recall,49,49,0.9181315383296176
5,S,Random forest,hit_rate,50,49,0.9795918367346939
5,S,Random forest,recall,50,49,0.9204274566969645
5,S,Random forest,hit_rate,51,49,0.9795918367346939
5,S,Random forest,recall,51,49,0.9229784771051279
5,S,Random forest,hit_rate,52,49,0.9795918367346939
5,S,Random forest,recall,52,49,0.9237437832275768
5,S,Random forest,hit_rate,53,49,0.9795918367346939
5,S,Random forest,recall,53,49,0.9245991253644316
5,S,Random forest,hit_rate,54,49,0.9795918367346939
5,S,Random forest,recall,54,49,0.925109329446064
5,S,Random forest,hit_rate,55,49,0.9795918367346939
5,S,Random forest,recall,55,49,0.9253644314868804
5,S,Random forest,hit_rate,56,49,0.9795918367346939
5,S,Random forest,recall,56,49,0.9282798833819241
5,S,Random forest,hit_rate,57,49,0.9795918367346939
5,S,Random forest,recall,57,49,0.9282798833819241
5,S,Random forest,hit_rate,58,49,0.9795918367346939
5,S,Random forest,recall,58,49,0.9282798833819241
5,S,Random forest,hit_rate,59,49,0.9795918367346939
5,S,Random forest,recall,59,49,0.9310059738180987
5,S,Random forest,hit_rate,60,49,0.9795918367346939
5,S,Random forest,recall,60,49,0.9323665180357857
5,S,Random forest,hit_rate,61,49,0.9795918367346939
5,S,Random forest,recall,61,49,0.9344923683759219
5,S,Random forest,hit_rate,62,49,0.9795918367346939
5,S,Random forest,recall,62,49,0.9352576744983707
5,S,Random forest,hit_rate,63,49,0.9795918367346939
5,S,Random forest,recall,63,49,0.9384282284342309
5,S,Random forest,hit_rate,64,49,0.9795918367346939
5,S,Random forest,recall,64,49,0.9386833304750472
5,S,Random forest,hit_rate,65,49,0.9795918367346939
5,S,Random forest,recall,65,49,0.9391935345566799
5,S,Random forest,hit_rate,66,49,0.9795918367346939
5,S,Random forest,recall,66,49,0.9391935345566799
5,S,Random forest,hit_rate,67,49,0.9795918367346939
5,S,Random forest,recall,67,49,0.9399588406791287
5,S,Random forest,hit_rate,68,49,0.9795918367346939
5,S,Random forest,recall,68,49,0.9428742925741725
5,S,Random forest,hit_rate,69,49,0.9795918367346939
5,S,Random forest,recall,69,49,0.9436395986966215
5,S,Random forest,hit_rate,70,49,0.9795918367346939
5,S,Random forest,recall,70,49,0.9438947007374378
5,S,Random forest,hit_rate,71,49,0.9795918367346939
5,S,Random forest,recall,71,49,0.9444949408334763
5,S,Random forest,hit_rate,72,49,0.9795918367346939
5,S,Random forest,recall,72,49,0.9452602469559253
5,S,Random forest,hit_rate,73,49,0.9795918367346939
5,S,Random forest,recall,73,49,0.9455153489967415
5,S,Random forest,hit_rate,74,49,0.9795918367346939
5,S,Random forest,recall,74,49,0.9462806551191905
5,S,Random forest,hit_rate,75,49,0.9795918367346939
5,S,Random forest,recall,75,49,0.946880895215229
5,S,Random forest,hit_rate,76,49,0.9795918367346939
5,S,Random forest,recall,76,49,0.950051449151089
5,S,Random forest,hit_rate,77,49,0.9795918367346939
5,S,Random forest,recall,77,49,0.9529669010461328
5,S,Random forest,hit_rate,78,49,0.9795918367346939
5,S,Random forest,recall,78,49,0.9537322071685818
5,S,Random forest,hit_rate,79,49,0.9795918367346939
5,S,Random forest,recall,79,49,0.9572478991596639
5,S,Random forest,hit_rate,80,49,0.9795918367346939
5,S,Random forest,recall,80,49,0.9575030012004803
5,S,Random forest,hit_rate,81,49,0.9795918367346939
5,S,Random forest,recall,81,49,0.9577581032412965
5,S,Random forest,hit_rate,82,49,1.0
5,S,Random forest,recall,82,49,0.9631152460984392
5,S,Random forest,hit_rate,83,49,1.0
5,S,Random forest,recall,83,49,0.9633703481392557
5,S,Random forest,hit_rate,84,49,1.0
5,S,Random forest,recall,84,49,0.9639705882352941
5,S,Random forest,hit_rate,85,49,1.0
5,S,Random forest,recall,85,49,0.9690726290516206
5,S,Random forest,hit_rate,86,49,1.0
5,S,Random forest,recall,86,49,0.9749399759903962
5,S,Random forest,hit_rate,87,49,1.0
5,S,Random forest,recall,87,49,0.9808973589435774
5,S,Random forest,hit_rate,88,49,1.0
5,S,Random forest,recall,88,49,0.9811524609843938
5,S,Random forest,hit_rate,89,49,1.0
5,S,Random forest,recall,89,49,0.9814075630252102
5,S,Random forest,hit_rate,90,49,1.0
5,S,Random forest,recall,90,49,0.9814075630252102
5,S,Random forest,hit_rate,91,49,1.0
5,S,Random forest,recall,91,49,0.9819177671068426
5,S,Random forest,hit_rate,92,49,1.0
5,S,Random forest,recall,92,49,0.9827731092436975
5,S,Random forest,hit_rate,93,49,1.0
5,S,Random forest,recall,93,49,0.9830282112845139
5,S,Random forest,hit_rate,94,49,1.0
5,S,Random forest,recall,94,49,0.9832833133253301
5,S,Random forest,hit_rate,95,49,1.0
5,S,Random forest,recall,95,49,0.9835384153661465
5,S,Random forest,hit_rate,96,49,1.0
5,S,Random forest,recall,96,49,0.9835384153661465
5,S,Random forest,hit_rate,97,49,1.0
5,S,Random forest,recall,97,49,0.9849039615846338
5,S,Random forest,hit_rate,98,49,1.0
5,S,Random forest,recall,98,49,0.9857593037214885
5,S,Random forest,hit_rate,99,49,1.0
5,S,Random forest,recall,99,49,0.9866146458583434
5,S,Random forest,hit_rate,100,49,1.0
5,S,Random forest,recall,100,49,0.9877250900360144
5,S,Random forest,hit_rate,101,49,1.0
5,S,Random forest,recall,101,49,0.9879801920768306
5,S,Random forest,hit_rate,102,49,1.0
5,S,Random forest,recall,102,49,0.9885804321728691
5,S,Random forest,hit_rate,103,49,1.0
5,S,Random forest,recall,103,49,0.9888355342136855
5,S,Random forest,hit_rate,104,49,1.0
5,S,Random forest,recall,104,49,0.989435774309724
5,S,Random forest,hit_rate,105,49,1.0
5,S,Random forest,recall,105,49,0.9902911164465786
5,S,Random forest,hit_rate,106,49,1.0
5,S,Random forest,recall,106,49,0.991656662665066
5,S,Random forest,hit_rate,107,49,1.0
5,S,Random forest,recall,107,49,0.9925120048019208
5,S,Random forest,hit_rate,108,49,1.0
5,S,Random forest,recall,108,49,0.9931122448979592
5,S,Random forest,hit_rate,109,49,1.0
5,S,Random forest,recall,109,49,0.9933673469387755
5,S,Random forest,hit_rate,110,49,1.0
5,S,Random forest,recall,110,49,0.9936224489795918
5,S,Random forest,hit_rate,111,49,1.0
5,S,Random forest,recall,111,49,0.9936224489795918
5,S,Random forest,hit_rate,112,49,1.0
5,S,Random forest,recall,112,49,0.9938775510204082
5,S,Random forest,hit_rate,113,49,1.0
5,S,Random forest,recall,113,49,0.9941326530612244
5,S,Random forest,hit_rate,114,49,1.0
5,S,Random forest,recall,114,49,0.994642857142857
5,S,Random forest,hit_rate,115,49,1.0
5,S,Random forest,recall,115,49,0.994642857142857
5,S,Random forest,hit_rate,116,49,1.0
5,S,Random forest,recall,116,49,0.9951530612244899
5,S,Random forest,hit_rate,117,49,1.0
5,S,Random forest,recall,117,49,0.9954081632653061
5,S,Random forest,hit_rate,118,49,1.0
5,S,Random forest,recall,118,49,0.9959183673469387
5,S,Random forest,hit_rate,119,49,1.0
5,S,Random forest,recall,119,49,0.9964285714285714
5,S,Random forest,hit_rate,120,49,1.0
5,S,Random forest,recall,120,49,0.9966836734693877
5,S,Random forest,hit_rate,121,49,1.0
5,S,Random forest,recall,121,49,0.9971938775510204
5,S,Random forest,hit_rate,122,49,1.0
5,S,Random forest,recall,122,49,0.9979591836734694
5,S,Random forest,hit_rate,123,49,1.0
5,S,Random forest,recall,123,49,0.998469387755102
5,S,Random forest,hit_rate,124,49,1.0
5,S,Random forest,recall,124,49,0.9989795918367348
5,S,Random forest,hit_rate,125,49,1.0
5,S,Random forest,recall,125,49,0.9997448979591836
5,S,Random forest,hit_rate,126,49,1.0
5,S,Random forest,recall,126,49,0.9997448979591836
5,S,Random forest,hit_rate,127,49,1.0
5,S,Random forest,recall,127,49,1.0
5,S,Random forest,hit_rate,128,49,1.0
5,S,Random forest,recall,128,49,1.0
5,S,Random forest,hit_rate,129,49,1.0
5,S,Random forest,recall,129,49,1.0
5,S,Random forest,hit_rate,130,49,1.0
5,S,Random forest,recall,130,49,1.0
5,S,Random forest,hit_rate,131,49,1.0
5,S,Random forest,recall,131,49,1.0
5,S,Random forest,hit_rate,132,49,1.0
5,S,Random forest,recall,132,49,1.0
5,S,Random forest,hit_rate,133,49,1.0
5,S,Random forest,recall,133,49,1.0
5,S,Random forest,hit_rate,134,49,1.0
5,S,Random forest,recall,134,49,1.0
5,S,Random forest,hit_rate,135,49,1.0
5,S,Random forest,recall,135,49,1.0
5,S,Random forest,hit_rate,136,49,1.0
5,S,Random forest,recall,136,49,1.0
5,S,Random forest,hit_rate,137,49,1.0
5,S,Random forest,recall,137,49,1.0
5,S,Random forest,hit_rate,138,49,1.0
5,S,Random forest,recall,138,49,1.0
5,S,Random forest,hit_rate,139,49,1.0
5,S,Random forest,recall,139,49,1.0
5,S,Random forest,hit_rate,140,49,1.0
5,S,Random forest,recall,140,49,1.0
5,S,Random forest,hit_rate,141,49,1.0
5,S,Random forest,recall,141,49,1.0
5,S,Random forest,hit_rate,142,49,1.0
5,S,Random forest,recall,142,49,1.0
5,S,Random forest,hit_rate,143,49,1.0
5,S,Random forest,recall,143,49,1.0
5,S,Random forest,hit_rate,144,49,1.0
5,S,Random forest,recall,144,49,1.0
5,S,Random forest,hit_rate,145,49,1.0
5,S,Random forest,recall,145,49,1.0
5,S,Random forest,hit_rate,146,49,1.0
5,S,Random forest,recall,146,49,1.0
5,S,Random forest,hit_rate,147,49,1.0
5,S,Random forest,recall,147,49,1.0
5,S,Random forest,hit_rate,148,49,1.0
5,S,Random forest,recall,148,49,1.0
5,S,Random forest,hit_rate,149,49,1.0
5,S,Random forest,recall,149,49,1.0
5,S,Random forest,hit_rate,150,49,1.0
5,S,Random forest,recall,150,49,1.0
5,F,UltraMS,hit_rate,5,38,0.868421052631579
5,F,UltraMS,recall,5,38,0.47717963051921014
5,F,UltraMS,hit_rate,6,38,0.8947368421052632
5,F,UltraMS,recall,6,38,0.5531904910037548
5,F,UltraMS,hit_rate,7,38,0.8947368421052632
5,F,UltraMS,recall,7,38,0.6036929726981869
5,F,UltraMS,hit_rate,8,38,0.9210526315789473
5,F,UltraMS,recall,8,38,0.6269466855406648
5,F,UltraMS,hit_rate,9,38,0.9210526315789473
5,F,UltraMS,recall,9,38,0.6377096125951429
5,F,UltraMS,hit_rate,10,38,0.9210526315789473
5,F,UltraMS,recall,10,38,0.6641796997066266
5,F,UltraMS,hit_rate,11,38,0.9736842105263158
5,F,UltraMS,recall,11,38,0.7412590402147596
5,F,UltraMS,hit_rate,12,38,0.9736842105263158
5,F,UltraMS,recall,12,38,0.7548489154328735
5,F,UltraMS,hit_rate,13,38,0.9736842105263158
5,F,UltraMS,recall,13,38,0.7693817731071275
5,F,UltraMS,hit_rate,14,38,0.9736842105263158
5,F,UltraMS,recall,14,38,0.7814000108983407
5,F,UltraMS,hit_rate,15,38,0.9736842105263158
5,F,UltraMS,recall,15,38,0.7911217934248324
5,F,UltraMS,hit_rate,16,38,0.9736842105263158
5,F,UltraMS,recall,16,38,0.8062398861164545
5,F,UltraMS,hit_rate,17,38,0.9736842105263158
5,F,UltraMS,recall,17,38,0.8212779897487409
5,F,UltraMS,hit_rate,18,38,0.9736842105263158
5,F,UltraMS,recall,18,38,0.8410374556101295
5,F,UltraMS,hit_rate,19,38,0.9736842105263158
5,F,UltraMS,recall,19,38,0.8548127025510112
5,F,UltraMS,hit_rate,20,38,0.9736842105263158
5,F,UltraMS,recall,20,38,0.8615374090541111
5,F,UltraMS,hit_rate,21,38,0.9736842105263158
5,F,UltraMS,recall,21,38,0.8710902029325118
5,F,UltraMS,hit_rate,22,38,0.9736842105263158
5,F,UltraMS,recall,22,38,0.8723763129443836
5,F,UltraMS,hit_rate,23,38,0.9736842105263158
5,F,UltraMS,recall,23,38,0.8802167473637654
5,F,UltraMS,hit_rate,24,38,0.9736842105263158
5,F,UltraMS,recall,24,38,0.8957010366473458
5,F,UltraMS,hit_rate,25,38,0.9736842105263158
5,F,UltraMS,recall,25,38,0.8994058773093725
5,F,UltraMS,hit_rate,26,38,0.9736842105263158
5,F,UltraMS,recall,26,38,0.9051501916556096
5,F,UltraMS,hit_rate,27,38,0.9736842105263158
5,F,UltraMS,recall,27,38,0.9064363016674813
5,F,UltraMS,hit_rate,28,38,0.9736842105263158
5,F,UltraMS,recall,28,38,0.9092012927054478
5,F,UltraMS,hit_rate,29,38,0.9736842105263158
5,F,UltraMS,recall,29,38,0.9118328716528163
5,F,UltraMS,hit_rate,30,38,0.9736842105263158
5,F,UltraMS,recall,30,38,0.9149456070516848
5,F,UltraMS,hit_rate,31,38,0.9736842105263158
5,F,UltraMS,recall,31,38,0.9178764539056621
5,F,UltraMS,hit_rate,32,38,0.9736842105263158
5,F,UltraMS,recall,32,38,0.9204048336786238
5,F,UltraMS,hit_rate,33,38,0.9736842105263158
5,F,UltraMS,recall,33,38,0.9251623059195978
5,F,UltraMS,hit_rate,34,38,0.9736842105263158
5,F,UltraMS,recall,34,38,0.9275010475104168
5,F,UltraMS,hit_rate,35,38,0.9736842105263158
5,F,UltraMS,recall,35,38,0.9302675225214739
5,F,UltraMS,hit_rate,36,38,0.9736842105263158
5,F,UltraMS,recall,36,38,0.9319813659535836
5,F,UltraMS,hit_rate,37,38,0.9736842105263158
5,F,UltraMS,recall,37,38,0.9338079913405806
5,F,UltraMS,hit_rate,38,38,0.9736842105263158
5,F,UltraMS,recall,38,38,0.9358680951605018
5,F,UltraMS,hit_rate,39,38,0.9736842105263158
5,F,UltraMS,recall,39,38,0.9380409809353104
5,F,UltraMS,hit_rate,40,38,1.0
5,F,UltraMS,recall,40,38,0.9657556623757536
5,F,UltraMS,hit_rate,41,38,1.0
5,F,UltraMS,recall,41,38,0.9679285481505621
5,F,UltraMS,hit_rate,42,38,1.0
5,F,UltraMS,recall,42,38,0.9689811797295096
5,F,UltraMS,hit_rate,43,38,1.0
5,F,UltraMS,recall,43,38,0.9720248085383738
5,F,UltraMS,hit_rate,44,38,1.0
5,F,UltraMS,recall,44,38,0.9750684373472381
5,F,UltraMS,hit_rate,45,38,1.0
5,F,UltraMS,recall,45,38,0.976467329313997
5,F,UltraMS,hit_rate,46,38,1.0
5,F,UltraMS,recall,46,38,0.9775875835098581
5,F,UltraMS,hit_rate,47,38,1.0
5,F,UltraMS,recall,47,38,0.9789864754766173
5,F,UltraMS,hit_rate,48,38,1.0
5,F,UltraMS,recall,48,38,0.9808131008636142
5,F,UltraMS,hit_rate,49,38,1.0
5,F,UltraMS,recall,49,38,0.9819333550594752
5,F,UltraMS,hit_rate,50,38,1.0
5,F,UltraMS,recall,50,38,0.9827073488675249
5,F,UltraMS,hit_rate,51,38,1.0
5,F,UltraMS,recall,51,38,0.9830536092553365
5,F,UltraMS,hit_rate,52,38,1.0
5,F,UltraMS,recall,52,38,0.983827603063386
5,F,UltraMS,hit_rate,53,38,1.0
5,F,UltraMS,recall,53,38,0.9849478572592473
5,F,UltraMS,hit_rate,54,38,1.0
5,F,UltraMS,recall,54,38,0.9857218510672967
5,F,UltraMS,hit_rate,55,38,1.0
5,F,UltraMS,recall,55,38,0.9868421052631579
5,F,UltraMS,hit_rate,56,38,1.0
5,F,UltraMS,recall,56,38,0.9868421052631579
5,F,UltraMS,hit_rate,57,38,1.0
5,F,UltraMS,recall,57,38,0.9868421052631579
5,F,UltraMS,hit_rate,58,38,1.0
5,F,UltraMS,recall,58,38,0.9868421052631579
5,F,UltraMS,hit_rate,59,38,1.0
5,F,UltraMS,recall,59,38,0.9868421052631579
5,F,UltraMS,hit_rate,60,38,1.0
5,F,UltraMS,recall,60,38,0.9868421052631579
5,F,UltraMS,hit_rate,61,38,1.0
5,F,UltraMS,recall,61,38,0.9871883656509696
5,F,UltraMS,hit_rate,62,38,1.0
5,F,UltraMS,recall,62,38,0.9875346260387812
5,F,UltraMS,hit_rate,63,38,1.0
5,F,UltraMS,recall,63,38,0.9878808864265928
5,F,UltraMS,hit_rate,64,38,1.0
5,F,UltraMS,recall,64,38,0.9882271468144045
5,F,UltraMS,hit_rate,65,38,1.0
5,F,UltraMS,recall,65,38,0.9882271468144045
5,F,UltraMS,hit_rate,66,38,1.0
5,F,UltraMS,recall,66,38,0.9885734072022161
5,F,UltraMS,hit_rate,67,38,1.0
5,F,UltraMS,recall,67,38,0.9889196675900278
5,F,UltraMS,hit_rate,68,38,1.0
5,F,UltraMS,recall,68,38,0.9889196675900278
5,F,UltraMS,hit_rate,69,38,1.0
5,F,UltraMS,recall,69,38,0.9889196675900278
5,F,UltraMS,hit_rate,70,38,1.0
5,F,UltraMS,recall,70,38,0.9892659279778392
5,F,UltraMS,hit_rate,71,38,1.0
5,F,UltraMS,recall,71,38,0.9892659279778392
5,F,UltraMS,hit_rate,72,38,1.0
5,F,UltraMS,recall,72,38,0.989612188365651
5,F,UltraMS,hit_rate,73,38,1.0
5,F,UltraMS,recall,73,38,0.9899584487534625
5,F,UltraMS,hit_rate,74,38,1.0
5,F,UltraMS,recall,74,38,0.9899584487534625
5,F,UltraMS,hit_rate,75,38,1.0
5,F,UltraMS,recall,75,38,0.9903047091412743
5,F,UltraMS,hit_rate,76,38,1.0
5,F,UltraMS,recall,76,38,0.9903047091412743
5,F,UltraMS,hit_rate,77,38,1.0
5,F,UltraMS,recall,77,38,0.9906509695290858
5,F,UltraMS,hit_rate,78,38,1.0
5,F,UltraMS,recall,78,38,0.9909972299168976
5,F,UltraMS,hit_rate,79,38,1.0
5,F,UltraMS,recall,79,38,0.9909972299168976
5,F,UltraMS,hit_rate,80,38,1.0
5,F,UltraMS,recall,80,38,0.991343490304709
5,F,UltraMS,hit_rate,81,38,1.0
5,F,UltraMS,recall,81,38,0.9916897506925207
5,F,UltraMS,hit_rate,82,38,1.0
5,F,UltraMS,recall,82,38,0.9916897506925207
5,F,UltraMS,hit_rate,83,38,1.0
5,F,UltraMS,recall,83,38,0.9916897506925207
5,F,UltraMS,hit_rate,84,38,1.0
5,F,UltraMS,recall,84,38,0.9916897506925207
5,F,UltraMS,hit_rate,85,38,1.0
5,F,UltraMS,recall,85,38,0.9916897506925207
5,F,UltraMS,hit_rate,86,38,1.0
5,F,UltraMS,recall,86,38,0.9920360110803323
5,F,UltraMS,hit_rate,87,38,1.0
5,F,UltraMS,recall,87,38,0.9920360110803323
5,F,UltraMS,hit_rate,88,38,1.0
5,F,UltraMS,recall,88,38,0.9923822714681441
5,F,UltraMS,hit_rate,89,38,1.0
5,F,UltraMS,recall,89,38,0.9927285318559557
5,F,UltraMS,hit_rate,90,38,1.0
5,F,UltraMS,recall,90,38,0.9930747922437673
5,F,UltraMS,hit_rate,91,38,1.0
5,F,UltraMS,recall,91,38,0.9930747922437673
5,F,UltraMS,hit_rate,92,38,1.0
5,F,UltraMS,recall,92,38,0.993421052631579
5,F,UltraMS,hit_rate,93,38,1.0
5,F,UltraMS,recall,93,38,0.993421052631579
5,F,UltraMS,hit_rate,94,38,1.0
5,F,UltraMS,recall,94,38,0.993421052631579
5,F,UltraMS,hit_rate,95,38,1.0
5,F,UltraMS,recall,95,38,0.9937673130193906
5,F,UltraMS,hit_rate,96,38,1.0
5,F,UltraMS,recall,96,38,0.9941135734072022
5,F,UltraMS,hit_rate,97,38,1.0
5,F,UltraMS,recall,97,38,0.9941135734072022
5,F,UltraMS,hit_rate,98,38,1.0
5,F,UltraMS,recall,98,38,0.9941135734072022
5,F,UltraMS,hit_rate,99,38,1.0
5,F,UltraMS,recall,99,38,0.9941135734072022
5,F,UltraMS,hit_rate,100,38,1.0
5,F,UltraMS,recall,100,38,0.9944598337950139
5,F,UltraMS,hit_rate,101,38,1.0
5,F,UltraMS,recall,101,38,0.9944598337950139
5,F,UltraMS,hit_rate,102,38,1.0
5,F,UltraMS,recall,102,38,0.9944598337950139
5,F,UltraMS,hit_rate,103,38,1.0
5,F,UltraMS,recall,103,38,0.9948060941828255
5,F,UltraMS,hit_rate,104,38,1.0
5,F,UltraMS,recall,104,38,0.9948060941828255
5,F,UltraMS,hit_rate,105,38,1.0
5,F,UltraMS,recall,105,38,0.9951523545706372
5,F,UltraMS,hit_rate,106,38,1.0
5,F,UltraMS,recall,106,38,0.9954986149584488
5,F,UltraMS,hit_rate,107,38,1.0
5,F,UltraMS,recall,107,38,0.9958448753462603
5,F,UltraMS,hit_rate,108,38,1.0
5,F,UltraMS,recall,108,38,0.9958448753462603
5,F,UltraMS,hit_rate,109,38,1.0
5,F,UltraMS,recall,109,38,0.9961911357340721
5,F,UltraMS,hit_rate,110,38,1.0
5,F,UltraMS,recall,110,38,0.9965373961218835
5,F,UltraMS,hit_rate,111,38,1.0
5,F,UltraMS,recall,111,38,0.9968836565096953
5,F,UltraMS,hit_rate,112,38,1.0
5,F,UltraMS,recall,112,38,0.9968836565096953
5,F,UltraMS,hit_rate,113,38,1.0
5,F,UltraMS,recall,113,38,0.9972299168975068
5,F,UltraMS,hit_rate,114,38,1.0
5,F,UltraMS,recall,114,38,0.9975761772853187
5,F,UltraMS,hit_rate,115,38,1.0
5,F,UltraMS,recall,115,38,0.9979224376731302
5,F,UltraMS,hit_rate,116,38,1.0
5,F,UltraMS,recall,116,38,0.9979224376731302
5,F,UltraMS,hit_rate,117,38,1.0
5,F,UltraMS,recall,117,38,0.9982686980609418
5,F,UltraMS,hit_rate,118,38,1.0
5,F,UltraMS,recall,118,38,0.9982686980609418
5,F,UltraMS,hit_rate,119,38,1.0
5,F,UltraMS,recall,119,38,0.9982686980609418
5,F,UltraMS,hit_rate,120,38,1.0
5,F,UltraMS,recall,120,38,0.9986149584487535
5,F,UltraMS,hit_rate,121,38,1.0
5,F,UltraMS,recall,121,38,0.9986149584487535
5,F,UltraMS,hit_rate,122,38,1.0
5,F,UltraMS,recall,122,38,0.9989612188365651
5,F,UltraMS,hit_rate,123,38,1.0
5,F,UltraMS,recall,123,38,0.9989612188365651
5,F,UltraMS,hit_rate,124,38,1.0
5,F,UltraMS,recall,124,38,0.9993074792243767
5,F,UltraMS,hit_rate,125,38,1.0
5,F,UltraMS,recall,125,38,0.9993074792243767
5,F,UltraMS,hit_rate,126,38,1.0
5,F,UltraMS,recall,126,38,0.9993074792243767
5,F,UltraMS,hit_rate,127,38,1.0
5,F,UltraMS,recall,127,38,0.9993074792243767
5,F,UltraMS,hit_rate,128,38,1.0
5,F,UltraMS,recall,128,38,0.9996537396121884
5,F,UltraMS,hit_rate,129,38,1.0
5,F,UltraMS,recall,129,38,0.9996537396121884
5,F,UltraMS,hit_rate,130,38,1.0
5,F,UltraMS,recall,130,38,1.0
5,F,UltraMS,hit_rate,131,38,1.0
5,F,UltraMS,recall,131,38,1.0
5,F,UltraMS,hit_rate,132,38,1.0
5,F,UltraMS,recall,132,38,1.0
5,F,UltraMS,hit_rate,133,38,1.0
5,F,UltraMS,recall,133,38,1.0
5,F,UltraMS,hit_rate,134,38,1.0
5,F,UltraMS,recall,134,38,1.0
5,F,UltraMS,hit_rate,135,38,1.0
5,F,UltraMS,recall,135,38,1.0
5,F,UltraMS,hit_rate,136,38,1.0
5,F,UltraMS,recall,136,38,1.0
5,F,UltraMS,hit_rate,137,38,1.0
5,F,UltraMS,recall,137,38,1.0
5,F,UltraMS,hit_rate,138,38,1.0
5,F,UltraMS,recall,138,38,1.0
5,F,UltraMS,hit_rate,139,38,1.0
5,F,UltraMS,recall,139,38,1.0
5,F,UltraMS,hit_rate,140,38,1.0
5,F,UltraMS,recall,140,38,1.0
5,F,UltraMS,hit_rate,141,38,1.0
5,F,UltraMS,recall,141,38,1.0
5,F,UltraMS,hit_rate,142,38,1.0
5,F,UltraMS,recall,142,38,1.0
5,F,UltraMS,hit_rate,143,38,1.0
5,F,UltraMS,recall,143,38,1.0
5,F,UltraMS,hit_rate,144,38,1.0
5,F,UltraMS,recall,144,38,1.0
5,F,UltraMS,hit_rate,145,38,1.0
5,F,UltraMS,recall,145,38,1.0
5,F,UltraMS,hit_rate,146,38,1.0
5,F,UltraMS,recall,146,38,1.0
5,F,UltraMS,hit_rate,147,38,1.0
5,F,UltraMS,recall,147,38,1.0
5,F,UltraMS,hit_rate,148,38,1.0
5,F,UltraMS,recall,148,38,1.0
5,F,UltraMS,hit_rate,149,38,1.0
5,F,UltraMS,recall,149,38,1.0
5,F,UltraMS,hit_rate,150,38,1.0
5,F,UltraMS,recall,150,38,1.0
5,F,DreaMS,hit_rate,5,38,0.7105263157894737
5,F,DreaMS,recall,5,38,0.2676733238834021
5,F,DreaMS,hit_rate,6,38,0.7631578947368421
5,F,DreaMS,recall,6,38,0.35421781009894093
5,F,DreaMS,hit_rate,7,38,0.8157894736842105
5,F,DreaMS,recall,7,38,0.38655699138549066
5,F,DreaMS,hit_rate,8,38,0.8157894736842105
5,F,DreaMS,recall,8,38,0.41996202951087264
5,F,DreaMS,hit_rate,9,38,0.8947368421052632
5,F,DreaMS,recall,9,38,0.4956190642545947
5,F,DreaMS,hit_rate,10,38,0.8947368421052632
5,F,DreaMS,recall,10,38,0.5322492705635935
5,F,DreaMS,hit_rate,11,38,0.8947368421052632
5,F,DreaMS,recall,11,38,0.5714853691833486
5,F,DreaMS,hit_rate,12,38,0.8947368421052632
5,F,DreaMS,recall,12,38,0.6077640743193945
5,F,DreaMS,hit_rate,13,38,0.9210526315789473
5,F,DreaMS,recall,13,38,0.6553483104397639
5,F,DreaMS,hit_rate,14,38,0.9736842105263158
5,F,DreaMS,recall,14,38,0.7312609139181568
5,F,DreaMS,hit_rate,15,38,0.9736842105263158
5,F,DreaMS,recall,15,38,0.7446711734303392
5,F,DreaMS,hit_rate,16,38,0.9736842105263158
5,F,DreaMS,recall,16,38,0.7644603187535403
5,F,DreaMS,hit_rate,17,38,0.9736842105263158
5,F,DreaMS,recall,17,38,0.772317645894923
5,F,DreaMS,hit_rate,18,38,1.0
5,F,DreaMS,recall,18,38,0.8050356444516865
5,F,DreaMS,hit_rate,19,38,1.0
5,F,DreaMS,recall,19,38,0.8166950011768327
5,F,DreaMS,hit_rate,20,38,1.0
5,F,DreaMS,recall,20,38,0.8251740936448448
5,F,DreaMS,hit_rate,21,38,1.0
5,F,DreaMS,recall,21,38,0.8379925982396652
5,F,DreaMS,hit_rate,22,38,1.0
5,F,DreaMS,recall,22,38,0.8542166755899036
5,F,DreaMS,hit_rate,23,38,1.0
5,F,DreaMS,recall,23,38,0.862878956291658
5,F,DreaMS,hit_rate,24,38,1.0
5,F,DreaMS,recall,24,38,0.8713283886961987
5,F,DreaMS,hit_rate,25,38,1.0
5,F,DreaMS,recall,25,38,0.8730422321283084
5,F,DreaMS,hit_rate,26,38,1.0
5,F,DreaMS,recall,26,38,0.8886297205862954
5,F,DreaMS,hit_rate,27,38,1.0
5,F,DreaMS,recall,27,38,0.8940262905716302
5,F,DreaMS,hit_rate,28,38,1.0
5,F,DreaMS,recall,28,38,0.8971390259704991
5,F,DreaMS,hit_rate,29,38,1.0
5,F,DreaMS,recall,29,38,0.9015249908827797
5,F,DreaMS,hit_rate,30,38,1.0
5,F,DreaMS,recall,30,38,0.905983195217145
5,F,DreaMS,hit_rate,31,38,1.0
5,F,DreaMS,recall,31,38,0.9087481862551114
5,F,DreaMS,hit_rate,32,38,1.0
5,F,DreaMS,recall,32,38,0.9130936086345895
5,F,DreaMS,hit_rate,33,38,1.0
5,F,DreaMS,recall,33,38,0.9157878442235621
5,F,DreaMS,hit_rate,34,38,1.0
5,F,DreaMS,recall,34,38,0.9191934169789799
5,F,DreaMS,hit_rate,35,38,1.0
5,F,DreaMS,recall,35,38,0.9218907854000326
5,F,DreaMS,hit_rate,36,38,1.0
5,F,DreaMS,recall,36,38,0.9252493656742475
5,F,DreaMS,hit_rate,37,38,1.0
5,F,DreaMS,recall,37,38,0.9308213742560737
5,F,DreaMS,hit_rate,38,38,1.0
5,F,DreaMS,recall,38,38,0.9362129782660986
5,F,DreaMS,hit_rate,39,38,1.0
5,F,DreaMS,recall,39,38,0.9387413580390603
5,F,DreaMS,hit_rate,40,38,1.0
5,F,DreaMS,recall,40,38,0.9398616122349216
5,F,DreaMS,hit_rate,41,38,1.0
5,F,DreaMS,recall,41,38,0.9426686297787813
5,F,DreaMS,hit_rate,42,38,1.0
5,F,DreaMS,recall,42,38,0.9462496411306904
5,F,DreaMS,hit_rate,43,38,1.0
5,F,DreaMS,recall,43,38,0.9527614993365767
5,F,DreaMS,hit_rate,44,38,1.0
5,F,DreaMS,recall,44,38,0.9548216031564981
5,F,DreaMS,hit_rate,45,38,1.0
5,F,DreaMS,recall,45,38,0.9575880781675551
5,F,DreaMS,hit_rate,46,38,1.0
5,F,DreaMS,recall,46,38,0.9603545531786122
5,F,DreaMS,hit_rate,47,38,1.0
5,F,DreaMS,recall,47,38,0.9631210281896693
5,F,DreaMS,hit_rate,48,38,1.0
5,F,DreaMS,recall,48,38,0.9658183966107219
5,F,DreaMS,hit_rate,49,38,1.0
5,F,DreaMS,recall,49,38,0.9696360192276356
5,F,DreaMS,hit_rate,50,38,1.0
5,F,DreaMS,recall,50,38,0.9722206056938011
5,F,DreaMS,hit_rate,51,38,1.0
5,F,DreaMS,recall,51,38,0.9739344491259108
5,F,DreaMS,hit_rate,52,38,1.0
5,F,DreaMS,recall,52,38,0.9756482925580204
5,F,DreaMS,hit_rate,53,38,1.0
5,F,DreaMS,recall,53,38,0.97736213599013
5,F,DreaMS,hit_rate,54,38,1.0
5,F,DreaMS,recall,54,38,0.9781361297981795
5,F,DreaMS,hit_rate,55,38,1.0
5,F,DreaMS,recall,55,38,0.9784823901859914
5,F,DreaMS,hit_rate,56,38,1.0
5,F,DreaMS,recall,56,38,0.9784823901859914
5,F,DreaMS,hit_rate,57,38,1.0
5,F,DreaMS,recall,57,38,0.9794222398100515
5,F,DreaMS,hit_rate,58,38,1.0
5,F,DreaMS,recall,58,38,0.9807083498219233
5,F,DreaMS,hit_rate,59,38,1.0
5,F,DreaMS,recall,59,38,0.981054610209735
5,F,DreaMS,hit_rate,60,38,1.0
5,F,DreaMS,recall,60,38,0.9823407202216067
5,F,DreaMS,hit_rate,61,38,1.0
5,F,DreaMS,recall,61,38,0.9823407202216067
5,F,DreaMS,hit_rate,62,38,1.0
5,F,DreaMS,recall,62,38,0.9826869806094182
5,F,DreaMS,hit_rate,63,38,1.0
5,F,DreaMS,recall,63,38,0.9826869806094182
5,F,DreaMS,hit_rate,64,38,1.0
5,F,DreaMS,recall,64,38,0.98303324099723
5,F,DreaMS,hit_rate,65,38,1.0
5,F,DreaMS,recall,65,38,0.9833795013850415
5,F,DreaMS,hit_rate,66,38,1.0
5,F,DreaMS,recall,66,38,0.9837257617728533
5,F,DreaMS,hit_rate,67,38,1.0
5,F,DreaMS,recall,67,38,0.9840720221606647
5,F,DreaMS,hit_rate,68,38,1.0
5,F,DreaMS,recall,68,38,0.9840720221606647
5,F,DreaMS,hit_rate,69,38,1.0
5,F,DreaMS,recall,69,38,0.9844182825484765
5,F,DreaMS,hit_rate,70,38,1.0
5,F,DreaMS,recall,70,38,0.984764542936288
5,F,DreaMS,hit_rate,71,38,1.0
5,F,DreaMS,recall,71,38,0.9851108033240997
5,F,DreaMS,hit_rate,72,38,1.0
5,F,DreaMS,recall,72,38,0.9851108033240997
5,F,DreaMS,hit_rate,73,38,1.0
5,F,DreaMS,recall,73,38,0.9854570637119113
5,F,DreaMS,hit_rate,74,38,1.0
5,F,DreaMS,recall,74,38,0.9858033240997229
5,F,DreaMS,hit_rate,75,38,1.0
5,F,DreaMS,recall,75,38,0.9858033240997229
5,F,DreaMS,hit_rate,76,38,1.0
5,F,DreaMS,recall,76,38,0.9861495844875346
5,F,DreaMS,hit_rate,77,38,1.0
5,F,DreaMS,recall,77,38,0.9864958448753463
5,F,DreaMS,hit_rate,78,38,1.0
5,F,DreaMS,recall,78,38,0.9868421052631579
5,F,DreaMS,hit_rate,79,38,1.0
5,F,DreaMS,recall,79,38,0.9868421052631579
5,F,DreaMS,hit_rate,80,38,1.0
5,F,DreaMS,recall,80,38,0.9871883656509696
5,F,DreaMS,hit_rate,81,38,1.0
5,F,DreaMS,recall,81,38,0.9871883656509696
5,F,DreaMS,hit_rate,82,38,1.0
5,F,DreaMS,recall,82,38,0.9875346260387812
5,F,DreaMS,hit_rate,83,38,1.0
5,F,DreaMS,recall,83,38,0.9878808864265928
5,F,DreaMS,hit_rate,84,38,1.0
5,F,DreaMS,recall,84,38,0.9882271468144045
5,F,DreaMS,hit_rate,85,38,1.0
5,F,DreaMS,recall,85,38,0.9885734072022161
5,F,DreaMS,hit_rate,86,38,1.0
5,F,DreaMS,recall,86,38,0.9889196675900278
5,F,DreaMS,hit_rate,87,38,1.0
5,F,DreaMS,recall,87,38,0.9892659279778392
5,F,DreaMS,hit_rate,88,38,1.0
5,F,DreaMS,recall,88,38,0.989612188365651
5,F,DreaMS,hit_rate,89,38,1.0
5,F,DreaMS,recall,89,38,0.9899584487534625
5,F,DreaMS,hit_rate,90,38,1.0
5,F,DreaMS,recall,90,38,0.9899584487534625
5,F,DreaMS,hit_rate,91,38,1.0
5,F,DreaMS,recall,91,38,0.9903047091412743
5,F,DreaMS,hit_rate,92,38,1.0
5,F,DreaMS,recall,92,38,0.9903047091412743
5,F,DreaMS,hit_rate,93,38,1.0
5,F,DreaMS,recall,93,38,0.9906509695290858
5,F,DreaMS,hit_rate,94,38,1.0
5,F,DreaMS,recall,94,38,0.9909972299168976
5,F,DreaMS,hit_rate,95,38,1.0
5,F,DreaMS,recall,95,38,0.991343490304709
5,F,DreaMS,hit_rate,96,38,1.0
5,F,DreaMS,recall,96,38,0.991343490304709
5,F,DreaMS,hit_rate,97,38,1.0
5,F,DreaMS,recall,97,38,0.9916897506925207
5,F,DreaMS,hit_rate,98,38,1.0
5,F,DreaMS,recall,98,38,0.9920360110803323
5,F,DreaMS,hit_rate,99,38,1.0
5,F,DreaMS,recall,99,38,0.9923822714681441
5,F,DreaMS,hit_rate,100,38,1.0
5,F,DreaMS,recall,100,38,0.9927285318559557
5,F,DreaMS,hit_rate,101,38,1.0
5,F,DreaMS,recall,101,38,0.9927285318559557
5,F,DreaMS,hit_rate,102,38,1.0
5,F,DreaMS,recall,102,38,0.9927285318559557
5,F,DreaMS,hit_rate,103,38,1.0
5,F,DreaMS,recall,103,38,0.9927285318559557
5,F,DreaMS,hit_rate,104,38,1.0
5,F,DreaMS,recall,104,38,0.9930747922437673
5,F,DreaMS,hit_rate,105,38,1.0
5,F,DreaMS,recall,105,38,0.9930747922437673
5,F,DreaMS,hit_rate,106,38,1.0
5,F,DreaMS,recall,106,38,0.9930747922437673
5,F,DreaMS,hit_rate,107,38,1.0
5,F,DreaMS,recall,107,38,0.993421052631579
5,F,DreaMS,hit_rate,108,38,1.0
5,F,DreaMS,recall,108,38,0.9937673130193906
5,F,DreaMS,hit_rate,109,38,1.0
5,F,DreaMS,recall,109,38,0.9941135734072022
5,F,DreaMS,hit_rate,110,38,1.0
5,F,DreaMS,recall,110,38,0.9944598337950139
5,F,DreaMS,hit_rate,111,38,1.0
5,F,DreaMS,recall,111,38,0.9948060941828255
5,F,DreaMS,hit_rate,112,38,1.0
5,F,DreaMS,recall,112,38,0.9951523545706372
5,F,DreaMS,hit_rate,113,38,1.0
5,F,DreaMS,recall,113,38,0.9954986149584488
5,F,DreaMS,hit_rate,114,38,1.0
5,F,DreaMS,recall,114,38,0.9958448753462603
5,F,DreaMS,hit_rate,115,38,1.0
5,F,DreaMS,recall,115,38,0.9961911357340721
5,F,DreaMS,hit_rate,116,38,1.0
5,F,DreaMS,recall,116,38,0.9961911357340721
5,F,DreaMS,hit_rate,117,38,1.0
5,F,DreaMS,recall,117,38,0.9965373961218835
5,F,DreaMS,hit_rate,118,38,1.0
5,F,DreaMS,recall,118,38,0.9968836565096953
5,F,DreaMS,hit_rate,119,38,1.0
5,F,DreaMS,recall,119,38,0.9968836565096953
5,F,DreaMS,hit_rate,120,38,1.0
5,F,DreaMS,recall,120,38,0.9972299168975068
5,F,DreaMS,hit_rate,121,38,1.0
5,F,DreaMS,recall,121,38,0.9975761772853187
5,F,DreaMS,hit_rate,122,38,1.0
5,F,DreaMS,recall,122,38,0.9979224376731302
5,F,DreaMS,hit_rate,123,38,1.0
5,F,DreaMS,recall,123,38,0.9979224376731302
5,F,DreaMS,hit_rate,124,38,1.0
5,F,DreaMS,recall,124,38,0.9982686980609418
5,F,DreaMS,hit_rate,125,38,1.0
5,F,DreaMS,recall,125,38,0.9982686980609418
5,F,DreaMS,hit_rate,126,38,1.0
5,F,DreaMS,recall,126,38,0.9986149584487535
5,F,DreaMS,hit_rate,127,38,1.0
5,F,DreaMS,recall,127,38,0.9989612188365651
5,F,DreaMS,hit_rate,128,38,1.0
5,F,DreaMS,recall,128,38,0.9993074792243767
5,F,DreaMS,hit_rate,129,38,1.0
5,F,DreaMS,recall,129,38,0.9996537396121884
5,F,DreaMS,hit_rate,130,38,1.0
5,F,DreaMS,recall,130,38,1.0
5,F,DreaMS,hit_rate,131,38,1.0
5,F,DreaMS,recall,131,38,1.0
5,F,DreaMS,hit_rate,132,38,1.0
5,F,DreaMS,recall,132,38,1.0
5,F,DreaMS,hit_rate,133,38,1.0
5,F,DreaMS,recall,133,38,1.0
5,F,DreaMS,hit_rate,134,38,1.0
5,F,DreaMS,recall,134,38,1.0
5,F,DreaMS,hit_rate,135,38,1.0
5,F,DreaMS,recall,135,38,1.0
5,F,DreaMS,hit_rate,136,38,1.0
5,F,DreaMS,recall,136,38,1.0
5,F,DreaMS,hit_rate,137,38,1.0
5,F,DreaMS,recall,137,38,1.0
5,F,DreaMS,hit_rate,138,38,1.0
5,F,DreaMS,recall,138,38,1.0
5,F,DreaMS,hit_rate,139,38,1.0
5,F,DreaMS,recall,139,38,1.0
5,F,DreaMS,hit_rate,140,38,1.0
5,F,DreaMS,recall,140,38,1.0
5,F,DreaMS,hit_rate,141,38,1.0
5,F,DreaMS,recall,141,38,1.0
5,F,DreaMS,hit_rate,142,38,1.0
5,F,DreaMS,recall,142,38,1.0
5,F,DreaMS,hit_rate,143,38,1.0
5,F,DreaMS,recall,143,38,1.0
5,F,DreaMS,hit_rate,144,38,1.0
5,F,DreaMS,recall,144,38,1.0
5,F,DreaMS,hit_rate,145,38,1.0
5,F,DreaMS,recall,145,38,1.0
5,F,DreaMS,hit_rate,146,38,1.0
5,F,DreaMS,recall,146,38,1.0
5,F,DreaMS,hit_rate,147,38,1.0
5,F,DreaMS,recall,147,38,1.0
5,F,DreaMS,hit_rate,148,38,1.0
5,F,DreaMS,recall,148,38,1.0
5,F,DreaMS,hit_rate,149,38,1.0
5,F,DreaMS,recall,149,38,1.0
5,F,DreaMS,hit_rate,150,38,1.0
5,F,DreaMS,recall,150,38,1.0
5,F,Linear SVM,hit_rate,5,38,0.868421052631579
5,F,Linear SVM,recall,5,38,0.4467084310010414
5,F,Linear SVM,hit_rate,6,38,0.8947368421052632
5,F,Linear SVM,recall,6,38,0.5264395170894682
5,F,Linear SVM,hit_rate,7,38,0.8947368421052632
5,F,Linear SVM,recall,7,38,0.5377498297648615
5,F,Linear SVM,hit_rate,8,38,0.9210526315789473
5,F,Linear SVM,recall,8,38,0.5713297968394107
5,F,Linear SVM,hit_rate,9,38,0.9473684210526315
5,F,Linear SVM,recall,9,38,0.6176295718068978
5,F,Linear SVM,hit_rate,10,38,0.9473684210526315
5,F,Linear SVM,recall,10,38,0.6467637709410969
5,F,Linear SVM,hit_rate,11,38,0.9736842105263158
5,F,Linear SVM,recall,11,38,0.6885583490930158
5,F,Linear SVM,hit_rate,12,38,0.9736842105263158
5,F,Linear SVM,recall,12,38,0.7005374389745825
5,F,Linear SVM,hit_rate,13,38,0.9736842105263158
5,F,Linear SVM,recall,13,38,0.7258372359268562
5,F,Linear SVM,hit_rate,14,38,0.9736842105263158
5,F,Linear SVM,recall,14,38,0.7570627778518442
5,F,Linear SVM,hit_rate,15,38,0.9736842105263158
5,F,Linear SVM,recall,15,38,0.7661371084150944
5,F,Linear SVM,hit_rate,16,38,0.9736842105263158
5,F,Linear SVM,recall,16,38,0.7761578990279903
5,F,Linear SVM,hit_rate,17,38,0.9736842105263158
5,F,Linear SVM,recall,17,38,0.8072550841876245
5,F,Linear SVM,hit_rate,18,38,0.9736842105263158
5,F,Linear SVM,recall,18,38,0.8197969446319617
5,F,Linear SVM,hit_rate,19,38,0.9736842105263158
5,F,Linear SVM,recall,19,38,0.8296452690032615
5,F,Linear SVM,hit_rate,20,38,1.0
5,F,Linear SVM,recall,20,38,0.8629950553628652
5,F,Linear SVM,hit_rate,21,38,1.0
5,F,Linear SVM,recall,21,38,0.8805641619528697
5,F,Linear SVM,hit_rate,22,38,1.0
5,F,Linear SVM,recall,22,38,0.8902458416422895
5,F,Linear SVM,hit_rate,23,38,1.0
5,F,Linear SVM,recall,23,38,0.8982666806334721
5,F,Linear SVM,hit_rate,24,38,1.0
5,F,Linear SVM,recall,24,38,0.9089199585651436
5,F,Linear SVM,hit_rate,25,38,1.0
5,F,Linear SVM,recall,25,38,0.916943141522537
5,F,Linear SVM,hit_rate,26,38,1.0
5,F,Linear SVM,recall,26,38,0.9172894019103486
5,F,Linear SVM,hit_rate,27,38,1.0
5,F,Linear SVM,recall,27,38,0.921747606244714
5,F,Linear SVM,hit_rate,28,38,1.0
5,F,Linear SVM,recall,28,38,0.9254994393879435
5,F,Linear SVM,hit_rate,29,38,1.0
5,F,Linear SVM,recall,29,38,0.9286121747868122
5,F,Linear SVM,hit_rate,30,38,1.0
5,F,Linear SVM,recall,30,38,0.933828340200346
5,F,Linear SVM,hit_rate,31,38,1.0
5,F,Linear SVM,recall,31,38,0.9358208214033535
5,F,Linear SVM,hit_rate,32,38,1.0
5,F,Linear SVM,recall,32,38,0.9415651357495907
5,F,Linear SVM,hit_rate,33,38,1.0
5,F,Linear SVM,recall,33,38,0.9432789791817003
5,F,Linear SVM,hit_rate,34,38,1.0
5,F,Linear SVM,recall,34,38,0.94499282261381
5,F,Linear SVM,hit_rate,35,38,1.0
5,F,Linear SVM,recall,35,38,0.9479236694677871
5,F,Linear SVM,hit_rate,36,38,1.0
5,F,Linear SVM,recall,36,38,0.9515608875128998
5,F,Linear SVM,hit_rate,37,38,1.0
5,F,Linear SVM,recall,37,38,0.9525007371369602
5,F,Linear SVM,hit_rate,38,38,1.0
5,F,Linear SVM,recall,38,38,0.9552672121480171
5,F,Linear SVM,hit_rate,39,38,1.0
5,F,Linear SVM,recall,39,38,0.9570938375350139
5,F,Linear SVM,hit_rate,40,38,1.0
5,F,Linear SVM,recall,40,38,0.959194483887738
5,F,Linear SVM,hit_rate,41,38,1.0
5,F,Linear SVM,recall,41,38,0.9603147380835991
5,F,Linear SVM,hit_rate,42,38,1.0
5,F,Linear SVM,recall,42,38,0.9610887318916486
5,F,Linear SVM,hit_rate,43,38,1.0
5,F,Linear SVM,recall,43,38,0.9638957494355083
5,F,Linear SVM,hit_rate,44,38,1.0
5,F,Linear SVM,recall,44,38,0.9650160036313695
5,F,Linear SVM,hit_rate,45,38,1.0
5,F,Linear SVM,recall,45,38,0.9657899974394188
5,F,Linear SVM,hit_rate,46,38,1.0
5,F,Linear SVM,recall,46,38,0.9669102516352801
5,F,Linear SVM,hit_rate,47,38,1.0
5,F,Linear SVM,recall,47,38,0.9690831374100887
5,F,Linear SVM,hit_rate,48,38,1.0
5,F,Linear SVM,recall,48,38,0.9712560231848972
5,F,Linear SVM,hit_rate,49,38,1.0
5,F,Linear SVM,recall,49,38,0.9740210142228637
5,F,Linear SVM,hit_rate,50,38,1.0
5,F,Linear SVM,recall,50,38,0.9760120114527805
5,F,Linear SVM,hit_rate,51,38,1.0
5,F,Linear SVM,recall,51,38,0.9763582718405923
5,F,Linear SVM,hit_rate,52,38,1.0
5,F,Linear SVM,recall,52,38,0.9774785260364534
5,F,Linear SVM,hit_rate,53,38,1.0
5,F,Linear SVM,recall,53,38,0.9785987802323145
5,F,Linear SVM,hit_rate,54,38,1.0
5,F,Linear SVM,recall,54,38,0.9803126236644243
5,F,Linear SVM,hit_rate,55,38,1.0
5,F,Linear SVM,recall,55,38,0.9806588840522359
5,F,Linear SVM,hit_rate,56,38,1.0
5,F,Linear SVM,recall,56,38,0.9819449940641076
5,F,Linear SVM,hit_rate,57,38,1.0
5,F,Linear SVM,recall,57,38,0.9828848436881678
5,F,Linear SVM,hit_rate,58,38,1.0
5,F,Linear SVM,recall,58,38,0.9832311040759795
5,F,Linear SVM,hit_rate,59,38,1.0
5,F,Linear SVM,recall,59,38,0.9845172140878512
5,F,Linear SVM,hit_rate,60,38,1.0
5,F,Linear SVM,recall,60,38,0.9858033240997229
5,F,Linear SVM,hit_rate,61,38,1.0
5,F,Linear SVM,recall,61,38,0.9858033240997229
5,F,Linear SVM,hit_rate,62,38,1.0
5,F,Linear SVM,recall,62,38,0.9858033240997229
5,F,Linear SVM,hit_rate,63,38,1.0
5,F,Linear SVM,recall,63,38,0.9858033240997229
5,F,Linear SVM,hit_rate,64,38,1.0
5,F,Linear SVM,recall,64,38,0.9861495844875346
5,F,Linear SVM,hit_rate,65,38,1.0
5,F,Linear SVM,recall,65,38,0.9864958448753463
5,F,Linear SVM,hit_rate,66,38,1.0
5,F,Linear SVM,recall,66,38,0.9868421052631579
5,F,Linear SVM,hit_rate,67,38,1.0
5,F,Linear SVM,recall,67,38,0.9871883656509696
5,F,Linear SVM,hit_rate,68,38,1.0
5,F,Linear SVM,recall,68,38,0.9871883656509696
5,F,Linear SVM,hit_rate,69,38,1.0
5,F,Linear SVM,recall,69,38,0.9871883656509696
5,F,Linear SVM,hit_rate,70,38,1.0
5,F,Linear SVM,recall,70,38,0.9875346260387812
5,F,Linear SVM,hit_rate,71,38,1.0
5,F,Linear SVM,recall,71,38,0.9878808864265928
5,F,Linear SVM,hit_rate,72,38,1.0
5,F,Linear SVM,recall,72,38,0.9882271468144045
5,F,Linear SVM,hit_rate,73,38,1.0
5,F,Linear SVM,recall,73,38,0.9885734072022161
5,F,Linear SVM,hit_rate,74,38,1.0
5,F,Linear SVM,recall,74,38,0.9889196675900278
5,F,Linear SVM,hit_rate,75,38,1.0
5,F,Linear SVM,recall,75,38,0.9892659279778392
5,F,Linear SVM,hit_rate,76,38,1.0
5,F,Linear SVM,recall,76,38,0.9892659279778392
5,F,Linear SVM,hit_rate,77,38,1.0
5,F,Linear SVM,recall,77,38,0.9892659279778392
5,F,Linear SVM,hit_rate,78,38,1.0
5,F,Linear SVM,recall,78,38,0.989612188365651
5,F,Linear SVM,hit_rate,79,38,1.0
5,F,Linear SVM,recall,79,38,0.9899584487534625
5,F,Linear SVM,hit_rate,80,38,1.0
5,F,Linear SVM,recall,80,38,0.9903047091412743
5,F,Linear SVM,hit_rate,81,38,1.0
5,F,Linear SVM,recall,81,38,0.9906509695290858
5,F,Linear SVM,hit_rate,82,38,1.0
5,F,Linear SVM,recall,82,38,0.9906509695290858
5,F,Linear SVM,hit_rate,83,38,1.0
5,F,Linear SVM,recall,83,38,0.9909972299168976
5,F,Linear SVM,hit_rate,84,38,1.0
5,F,Linear SVM,recall,84,38,0.991343490304709
5,F,Linear SVM,hit_rate,85,38,1.0
5,F,Linear SVM,recall,85,38,0.9916897506925207
5,F,Linear SVM,hit_rate,86,38,1.0
5,F,Linear SVM,recall,86,38,0.9916897506925207
5,F,Linear SVM,hit_rate,87,38,1.0
5,F,Linear SVM,recall,87,38,0.9920360110803323
5,F,Linear SVM,hit_rate,88,38,1.0
5,F,Linear SVM,recall,88,38,0.9923822714681441
5,F,Linear SVM,hit_rate,89,38,1.0
5,F,Linear SVM,recall,89,38,0.9927285318559557
5,F,Linear SVM,hit_rate,90,38,1.0
5,F,Linear SVM,recall,90,38,0.9927285318559557
5,F,Linear SVM,hit_rate,91,38,1.0
5,F,Linear SVM,recall,91,38,0.9930747922437673
5,F,Linear SVM,hit_rate,92,38,1.0
5,F,Linear SVM,recall,92,38,0.9930747922437673
5,F,Linear SVM,hit_rate,93,38,1.0
5,F,Linear SVM,recall,93,38,0.993421052631579
5,F,Linear SVM,hit_rate,94,38,1.0
5,F,Linear SVM,recall,94,38,0.993421052631579
5,F,Linear SVM,hit_rate,95,38,1.0
5,F,Linear SVM,recall,95,38,0.993421052631579
5,F,Linear SVM,hit_rate,96,38,1.0
5,F,Linear SVM,recall,96,38,0.9937673130193906
5,F,Linear SVM,hit_rate,97,38,1.0
5,F,Linear SVM,recall,97,38,0.9937673130193906
5,F,Linear SVM,hit_rate,98,38,1.0
5,F,Linear SVM,recall,98,38,0.9937673130193906
5,F,Linear SVM,hit_rate,99,38,1.0
5,F,Linear SVM,recall,99,38,0.9937673130193906
5,F,Linear SVM,hit_rate,100,38,1.0
5,F,Linear SVM,recall,100,38,0.9937673130193906
5,F,Linear SVM,hit_rate,101,38,1.0
5,F,Linear SVM,recall,101,38,0.9937673130193906
5,F,Linear SVM,hit_rate,102,38,1.0
5,F,Linear SVM,recall,102,38,0.9937673130193906
5,F,Linear SVM,hit_rate,103,38,1.0
5,F,Linear SVM,recall,103,38,0.9937673130193906
5,F,Linear SVM,hit_rate,104,38,1.0
5,F,Linear SVM,recall,104,38,0.9937673130193906
5,F,Linear SVM,hit_rate,105,38,1.0
5,F,Linear SVM,recall,105,38,0.9937673130193906
5,F,Linear SVM,hit_rate,106,38,1.0
5,F,Linear SVM,recall,106,38,0.9937673130193906
5,F,Linear SVM,hit_rate,107,38,1.0
5,F,Linear SVM,recall,107,38,0.9941135734072022
5,F,Linear SVM,hit_rate,108,38,1.0
5,F,Linear SVM,recall,108,38,0.9941135734072022
5,F,Linear SVM,hit_rate,109,38,1.0
5,F,Linear SVM,recall,109,38,0.9944598337950139
5,F,Linear SVM,hit_rate,110,38,1.0
5,F,Linear SVM,recall,110,38,0.9948060941828255
5,F,Linear SVM,hit_rate,111,38,1.0
5,F,Linear SVM,recall,111,38,0.9951523545706372
5,F,Linear SVM,hit_rate,112,38,1.0
5,F,Linear SVM,recall,112,38,0.9954986149584488
5,F,Linear SVM,hit_rate,113,38,1.0
5,F,Linear SVM,recall,113,38,0.9958448753462603
5,F,Linear SVM,hit_rate,114,38,1.0
5,F,Linear SVM,recall,114,38,0.9961911357340721
5,F,Linear SVM,hit_rate,115,38,1.0
5,F,Linear SVM,recall,115,38,0.9965373961218835
5,F,Linear SVM,hit_rate,116,38,1.0
5,F,Linear SVM,recall,116,38,0.9968836565096953
5,F,Linear SVM,hit_rate,117,38,1.0
5,F,Linear SVM,recall,117,38,0.9968836565096953
5,F,Linear SVM,hit_rate,118,38,1.0
5,F,Linear SVM,recall,118,38,0.9972299168975068
5,F,Linear SVM,hit_rate,119,38,1.0
5,F,Linear SVM,recall,119,38,0.9975761772853187
5,F,Linear SVM,hit_rate,120,38,1.0
5,F,Linear SVM,recall,120,38,0.9979224376731302
5,F,Linear SVM,hit_rate,121,38,1.0
5,F,Linear SVM,recall,121,38,0.9982686980609418
5,F,Linear SVM,hit_rate,122,38,1.0
5,F,Linear SVM,recall,122,38,0.9986149584487535
5,F,Linear SVM,hit_rate,123,38,1.0
5,F,Linear SVM,recall,123,38,0.9986149584487535
5,F,Linear SVM,hit_rate,124,38,1.0
5,F,Linear SVM,recall,124,38,0.9986149584487535
5,F,Linear SVM,hit_rate,125,38,1.0
5,F,Linear SVM,recall,125,38,0.9989612188365651
5,F,Linear SVM,hit_rate,126,38,1.0
5,F,Linear SVM,recall,126,38,0.9993074792243767
5,F,Linear SVM,hit_rate,127,38,1.0
5,F,Linear SVM,recall,127,38,0.9993074792243767
5,F,Linear SVM,hit_rate,128,38,1.0
5,F,Linear SVM,recall,128,38,0.9993074792243767
5,F,Linear SVM,hit_rate,129,38,1.0
5,F,Linear SVM,recall,129,38,0.9996537396121884
5,F,Linear SVM,hit_rate,130,38,1.0
5,F,Linear SVM,recall,130,38,1.0
5,F,Linear SVM,hit_rate,131,38,1.0
5,F,Linear SVM,recall,131,38,1.0
5,F,Linear SVM,hit_rate,132,38,1.0
5,F,Linear SVM,recall,132,38,1.0
5,F,Linear SVM,hit_rate,133,38,1.0
5,F,Linear SVM,recall,133,38,1.0
5,F,Linear SVM,hit_rate,134,38,1.0
5,F,Linear SVM,recall,134,38,1.0
5,F,Linear SVM,hit_rate,135,38,1.0
5,F,Linear SVM,recall,135,38,1.0
5,F,Linear SVM,hit_rate,136,38,1.0
5,F,Linear SVM,recall,136,38,1.0
5,F,Linear SVM,hit_rate,137,38,1.0
5,F,Linear SVM,recall,137,38,1.0
5,F,Linear SVM,hit_rate,138,38,1.0
5,F,Linear SVM,recall,138,38,1.0
5,F,Linear SVM,hit_rate,139,38,1.0
5,F,Linear SVM,recall,139,38,1.0
5,F,Linear SVM,hit_rate,140,38,1.0
5,F,Linear SVM,recall,140,38,1.0
5,F,Linear SVM,hit_rate,141,38,1.0
5,F,Linear SVM,recall,141,38,1.0
5,F,Linear SVM,hit_rate,142,38,1.0
5,F,Linear SVM,recall,142,38,1.0
5,F,Linear SVM,hit_rate,143,38,1.0
5,F,Linear SVM,recall,143,38,1.0
5,F,Linear SVM,hit_rate,144,38,1.0
5,F,Linear SVM,recall,144,38,1.0
5,F,Linear SVM,hit_rate,145,38,1.0
5,F,Linear SVM,recall,145,38,1.0
5,F,Linear SVM,hit_rate,146,38,1.0
5,F,Linear SVM,recall,146,38,1.0
5,F,Linear SVM,hit_rate,147,38,1.0
5,F,Linear SVM,recall,147,38,1.0
5,F,Linear SVM,hit_rate,148,38,1.0
5,F,Linear SVM,recall,148,38,1.0
5,F,Linear SVM,hit_rate,149,38,1.0
5,F,Linear SVM,recall,149,38,1.0
5,F,Linear SVM,hit_rate,150,38,1.0
5,F,Linear SVM,recall,150,38,1.0
5,F,Random forest,hit_rate,5,38,0.8157894736842105
5,F,Random forest,recall,5,38,0.4304329342330402
5,F,Random forest,hit_rate,6,38,0.8421052631578947
5,F,Random forest,recall,6,38,0.46187777440364214
5,F,Random forest,hit_rate,7,38,0.868421052631579
5,F,Random forest,recall,7,38,0.4994860289032931
5,F,Random forest,hit_rate,8,38,0.8947368421052632
5,F,Random forest,recall,8,38,0.528656522333604
5,F,Random forest,hit_rate,9,38,0.8947368421052632
5,F,Random forest,recall,9,38,0.5586963891575265
5,F,Random forest,hit_rate,10,38,0.8947368421052632
5,F,Random forest,recall,10,38,0.5976131231893412
5,F,Random forest,hit_rate,11,38,0.8947368421052632
5,F,Random forest,recall,11,38,0.6223024381833654
5,F,Random forest,hit_rate,12,38,0.8947368421052632
5,F,Random forest,recall,12,38,0.6343258973613789
5,F,Random forest,hit_rate,13,38,0.8947368421052632
5,F,Random forest,recall,13,38,0.661336220629442
5,F,Random forest,hit_rate,14,38,0.9210526315789473
5,F,Random forest,recall,14,38,0.7182149649501369
5,F,Random forest,hit_rate,15,38,0.9210526315789473
5,F,Random forest,recall,15,38,0.7291732612208822
5,F,Random forest,hit_rate,16,38,0.9210526315789473
5,F,Random forest,recall,16,38,0.7460384299358962
5,F,Random forest,hit_rate,17,38,0.9210526315789473
5,F,Random forest,recall,17,38,0.7610299807827101
5,F,Random forest,hit_rate,18,38,0.9210526315789473
5,F,Random forest,recall,18,38,0.7704031589551795
5,F,Random forest,hit_rate,19,38,0.9210526315789473
5,F,Random forest,recall,19,38,0.779144989020539
5,F,Random forest,hit_rate,20,38,0.9473684210526315
5,F,Random forest,recall,20,38,0.7925839786514791
5,F,Random forest,hit_rate,21,38,0.9473684210526315
5,F,Random forest,recall,21,38,0.7979097931878198
5,F,Random forest,hit_rate,22,38,0.9473684210526315
5,F,Random forest,recall,22,38,0.8109540459766548
5,F,Random forest,hit_rate,23,38,0.9473684210526315
5,F,Random forest,recall,23,38,0.8222904655860498
5,F,Random forest,hit_rate,24,38,0.9473684210526315
5,F,Random forest,recall,24,38,0.8237524538901433
5,F,Random forest,hit_rate,25,38,0.9473684210526315
5,F,Random forest,recall,25,38,0.8335364727608494
5,F,Random forest,hit_rate,26,38,0.9473684210526315
5,F,Random forest,recall,26,38,0.8379946770952147
5,F,Random forest,hit_rate,27,38,0.9473684210526315
5,F,Random forest,recall,27,38,0.8450844603769486
5,F,Random forest,hit_rate,28,38,0.9473684210526315
5,F,Random forest,recall,28,38,0.8497085205273245
5,F,Random forest,hit_rate,29,38,0.9473684210526315
5,F,Random forest,recall,29,38,0.8508287747231855
5,F,Random forest,hit_rate,30,38,0.9736842105263158
5,F,Random forest,recall,30,38,0.8633055452097737
5,F,Random forest,hit_rate,31,38,0.9736842105263158
5,F,Random forest,recall,31,38,0.8804830477897528
5,F,Random forest,hit_rate,32,38,0.9736842105263158
5,F,Random forest,recall,32,38,0.8966845713354594
5,F,Random forest,hit_rate,33,38,0.9736842105263158
5,F,Random forest,recall,33,38,0.902469428214499
5,F,Random forest,hit_rate,34,38,0.9736842105263158
5,F,Random forest,recall,34,38,0.9048081698053183
5,F,Random forest,hit_rate,35,38,0.9736842105263158
5,F,Random forest,recall,35,38,0.9089012973610496
5,F,Random forest,hit_rate,36,38,0.9736842105263158
5,F,Random forest,recall,36,38,0.9110741831358582
5,F,Random forest,hit_rate,37,38,0.9736842105263158
5,F,Random forest,recall,37,38,0.9155935601387369
5,F,Random forest,hit_rate,38,38,0.9736842105263158
5,F,Random forest,recall,38,38,0.916533409762797
5,F,Random forest,hit_rate,39,38,0.9736842105263158
5,F,Random forest,recall,39,38,0.9196461451616657
5,F,Random forest,hit_rate,40,38,0.9736842105263158
5,F,Random forest,recall,40,38,0.9232833632067784
5,F,Random forest,hit_rate,41,38,0.9736842105263158
5,F,Random forest,recall,41,38,0.9268643745586878
5,F,Random forest,hit_rate,42,38,1.0
5,F,Random forest,recall,42,38,0.9576995410352506
5,F,Random forest,hit_rate,43,38,1.0
5,F,Random forest,recall,43,38,0.9598001873879746
5,F,Random forest,hit_rate,44,38,1.0
5,F,Random forest,recall,44,38,0.9645576596289486
5,F,Random forest,hit_rate,45,38,1.0
5,F,Random forest,recall,45,38,0.9676703950278173
5,F,Random forest,hit_rate,46,38,1.0
5,F,Random forest,recall,46,38,0.9687906492236785
5,F,Random forest,hit_rate,47,38,1.0
5,F,Random forest,recall,47,38,0.971903384622547
5,F,Random forest,hit_rate,48,38,1.0
5,F,Random forest,recall,48,38,0.9743221152727018
5,F,Random forest,hit_rate,49,38,1.0
5,F,Random forest,recall,49,38,0.9757210072394609
5,F,Random forest,hit_rate,50,38,1.0
5,F,Random forest,recall,50,38,0.9787646360483251
5,F,Random forest,hit_rate,51,38,1.0
5,F,Random forest,recall,51,38,0.9808247398682465
5,F,Random forest,hit_rate,52,38,1.0
5,F,Random forest,recall,52,38,0.9825385833003561
5,F,Random forest,hit_rate,53,38,1.0
5,F,Random forest,recall,53,38,0.9825385833003561
5,F,Random forest,hit_rate,54,38,1.0
5,F,Random forest,recall,54,38,0.9828848436881678
5,F,Random forest,hit_rate,55,38,1.0
5,F,Random forest,recall,55,38,0.9838246933122279
5,F,Random forest,hit_rate,56,38,1.0
5,F,Random forest,recall,56,38,0.9841709537000396
5,F,Random forest,hit_rate,57,38,1.0
5,F,Random forest,recall,57,38,0.9854570637119113
5,F,Random forest,hit_rate,58,38,1.0
5,F,Random forest,recall,58,38,0.9854570637119113
5,F,Random forest,hit_rate,59,38,1.0
5,F,Random forest,recall,59,38,0.9854570637119113
5,F,Random forest,hit_rate,60,38,1.0
5,F,Random forest,recall,60,38,0.9858033240997229
5,F,Random forest,hit_rate,61,38,1.0
5,F,Random forest,recall,61,38,0.9858033240997229
5,F,Random forest,hit_rate,62,38,1.0
5,F,Random forest,recall,62,38,0.9858033240997229
5,F,Random forest,hit_rate,63,38,1.0
5,F,Random forest,recall,63,38,0.9858033240997229
5,F,Random forest,hit_rate,64,38,1.0
5,F,Random forest,recall,64,38,0.9861495844875346
5,F,Random forest,hit_rate,65,38,1.0
5,F,Random forest,recall,65,38,0.9861495844875346
5,F,Random forest,hit_rate,66,38,1.0
5,F,Random forest,recall,66,38,0.9861495844875346
5,F,Random forest,hit_rate,67,38,1.0
5,F,Random forest,recall,67,38,0.9864958448753463
5,F,Random forest,hit_rate,68,38,1.0
5,F,Random forest,recall,68,38,0.9868421052631579
5,F,Random forest,hit_rate,69,38,1.0
5,F,Random forest,recall,69,38,0.9871883656509696
5,F,Random forest,hit_rate,70,38,1.0
5,F,Random forest,recall,70,38,0.9875346260387812
5,F,Random forest,hit_rate,71,38,1.0
5,F,Random forest,recall,71,38,0.9875346260387812
5,F,Random forest,hit_rate,72,38,1.0
5,F,Random forest,recall,72,38,0.9878808864265928
5,F,Random forest,hit_rate,73,38,1.0
5,F,Random forest,recall,73,38,0.9882271468144045
5,F,Random forest,hit_rate,74,38,1.0
5,F,Random forest,recall,74,38,0.9885734072022161
5,F,Random forest,hit_rate,75,38,1.0
5,F,Random forest,recall,75,38,0.9889196675900278
5,F,Random forest,hit_rate,76,38,1.0
5,F,Random forest,recall,76,38,0.9889196675900278
5,F,Random forest,hit_rate,77,38,1.0
5,F,Random forest,recall,77,38,0.9889196675900278
5,F,Random forest,hit_rate,78,38,1.0
5,F,Random forest,recall,78,38,0.9892659279778392
5,F,Random forest,hit_rate,79,38,1.0
5,F,Random forest,recall,79,38,0.989612188365651
5,F,Random forest,hit_rate,80,38,1.0
5,F,Random forest,recall,80,38,0.989612188365651
5,F,Random forest,hit_rate,81,38,1.0
5,F,Random forest,recall,81,38,0.9899584487534625
5,F,Random forest,hit_rate,82,38,1.0
5,F,Random forest,recall,82,38,0.9903047091412743
5,F,Random forest,hit_rate,83,38,1.0
5,F,Random forest,recall,83,38,0.9906509695290858
5,F,Random forest,hit_rate,84,38,1.0
5,F,Random forest,recall,84,38,0.9906509695290858
5,F,Random forest,hit_rate,85,38,1.0
5,F,Random forest,recall,85,38,0.9909972299168976
5,F,Random forest,hit_rate,86,38,1.0
5,F,Random forest,recall,86,38,0.9909972299168976
5,F,Random forest,hit_rate,87,38,1.0
5,F,Random forest,recall,87,38,0.991343490304709
5,F,Random forest,hit_rate,88,38,1.0
5,F,Random forest,recall,88,38,0.991343490304709
5,F,Random forest,hit_rate,89,38,1.0
5,F,Random forest,recall,89,38,0.9916897506925207
5,F,Random forest,hit_rate,90,38,1.0
5,F,Random forest,recall,90,38,0.9916897506925207
5,F,Random forest,hit_rate,91,38,1.0
5,F,Random forest,recall,91,38,0.9916897506925207
5,F,Random forest,hit_rate,92,38,1.0
5,F,Random forest,recall,92,38,0.9920360110803323
5,F,Random forest,hit_rate,93,38,1.0
5,F,Random forest,recall,93,38,0.9923822714681441
5,F,Random forest,hit_rate,94,38,1.0
5,F,Random forest,recall,94,38,0.9927285318559557
5,F,Random forest,hit_rate,95,38,1.0
5,F,Random forest,recall,95,38,0.9927285318559557
5,F,Random forest,hit_rate,96,38,1.0
5,F,Random forest,recall,96,38,0.9927285318559557
5,F,Random forest,hit_rate,97,38,1.0
5,F,Random forest,recall,97,38,0.9930747922437673
5,F,Random forest,hit_rate,98,38,1.0
5,F,Random forest,recall,98,38,0.993421052631579
5,F,Random forest,hit_rate,99,38,1.0
5,F,Random forest,recall,99,38,0.993421052631579
5,F,Random forest,hit_rate,100,38,1.0
5,F,Random forest,recall,100,38,0.993421052631579
5,F,Random forest,hit_rate,101,38,1.0
5,F,Random forest,recall,101,38,0.993421052631579
5,F,Random forest,hit_rate,102,38,1.0
5,F,Random forest,recall,102,38,0.993421052631579
5,F,Random forest,hit_rate,103,38,1.0
5,F,Random forest,recall,103,38,0.993421052631579
5,F,Random forest,hit_rate,104,38,1.0
5,F,Random forest,recall,104,38,0.993421052631579
5,F,Random forest,hit_rate,105,38,1.0
5,F,Random forest,recall,105,38,0.993421052631579
5,F,Random forest,hit_rate,106,38,1.0
5,F,Random forest,recall,106,38,0.9937673130193906
5,F,Random forest,hit_rate,107,38,1.0
5,F,Random forest,recall,107,38,0.9937673130193906
5,F,Random forest,hit_rate,108,38,1.0
5,F,Random forest,recall,108,38,0.9937673130193906
5,F,Random forest,hit_rate,109,38,1.0
5,F,Random forest,recall,109,38,0.9941135734072022
5,F,Random forest,hit_rate,110,38,1.0
5,F,Random forest,recall,110,38,0.9944598337950139
5,F,Random forest,hit_rate,111,38,1.0
5,F,Random forest,recall,111,38,0.9948060941828255
5,F,Random forest,hit_rate,112,38,1.0
5,F,Random forest,recall,112,38,0.9951523545706372
5,F,Random forest,hit_rate,113,38,1.0
5,F,Random forest,recall,113,38,0.9954986149584488
5,F,Random forest,hit_rate,114,38,1.0
5,F,Random forest,recall,114,38,0.9958448753462603
5,F,Random forest,hit_rate,115,38,1.0
5,F,Random forest,recall,115,38,0.9961911357340721
5,F,Random forest,hit_rate,116,38,1.0
5,F,Random forest,recall,116,38,0.9961911357340721
5,F,Random forest,hit_rate,117,38,1.0
5,F,Random forest,recall,117,38,0.9961911357340721
5,F,Random forest,hit_rate,118,38,1.0
5,F,Random forest,recall,118,38,0.9965373961218835
5,F,Random forest,hit_rate,119,38,1.0
5,F,Random forest,recall,119,38,0.9965373961218835
5,F,Random forest,hit_rate,120,38,1.0
5,F,Random forest,recall,120,38,0.9968836565096953
5,F,Random forest,hit_rate,121,38,1.0
5,F,Random forest,recall,121,38,0.9972299168975068
5,F,Random forest,hit_rate,122,38,1.0
5,F,Random forest,recall,122,38,0.9975761772853187
5,F,Random forest,hit_rate,123,38,1.0
5,F,Random forest,recall,123,38,0.9979224376731302
5,F,Random forest,hit_rate,124,38,1.0
5,F,Random forest,recall,124,38,0.9982686980609418
5,F,Random forest,hit_rate,125,38,1.0
5,F,Random forest,recall,125,38,0.9982686980609418
5,F,Random forest,hit_rate,126,38,1.0
5,F,Random forest,recall,126,38,0.9986149584487535
5,F,Random forest,hit_rate,127,38,1.0
5,F,Random forest,recall,127,38,0.9989612188365651
5,F,Random forest,hit_rate,128,38,1.0
5,F,Random forest,recall,128,38,0.9993074792243767
5,F,Random forest,hit_rate,129,38,1.0
5,F,Random forest,recall,129,38,0.9996537396121884
5,F,Random forest,hit_rate,130,38,1.0
5,F,Random forest,recall,130,38,1.0
5,F,Random forest,hit_rate,131,38,1.0
5,F,Random forest,recall,131,38,1.0
5,F,Random forest,hit_rate,132,38,1.0
5,F,Random forest,recall,132,38,1.0
5,F,Random forest,hit_rate,133,38,1.0
5,F,Random forest,recall,133,38,1.0
5,F,Random forest,hit_rate,134,38,1.0
5,F,Random forest,recall,134,38,1.0
5,F,Random forest,hit_rate,135,38,1.0
5,F,Random forest,recall,135,38,1.0
5,F,Random forest,hit_rate,136,38,1.0
5,F,Random forest,recall,136,38,1.0
5,F,Random forest,hit_rate,137,38,1.0
5,F,Random forest,recall,137,38,1.0
5,F,Random forest,hit_rate,138,38,1.0
5,F,Random forest,recall,138,38,1.0
5,F,Random forest,hit_rate,139,38,1.0
5,F,Random forest,recall,139,38,1.0
5,F,Random forest,hit_rate,140,38,1.0
5,F,Random forest,recall,140,38,1.0
5,F,Random forest,hit_rate,141,38,1.0
5,F,Random forest,recall,141,38,1.0
5,F,Random forest,hit_rate,142,38,1.0
5,F,Random forest,recall,142,38,1.0
5,F,Random forest,hit_rate,143,38,1.0
5,F,Random forest,recall,143,38,1.0
5,F,Random forest,hit_rate,144,38,1.0
5,F,Random forest,recall,144,38,1.0
5,F,Random forest,hit_rate,145,38,1.0
5,F,Random forest,recall,145,38,1.0
5,F,Random forest,hit_rate,146,38,1.0
5,F,Random forest,recall,146,38,1.0
5,F,Random forest,hit_rate,147,38,1.0
5,F,Random forest,recall,147,38,1.0
5,F,Random forest,hit_rate,148,38,1.0
5,F,Random forest,recall,148,38,1.0
5,F,Random forest,hit_rate,149,38,1.0
5,F,Random forest,recall,149,38,1.0
5,F,Random forest,hit_rate,150,38,1.0
5,F,Random forest,recall,150,38,1.0
5,Cl,UltraMS,hit_rate,5,33,0.9696969696969697
5,Cl,UltraMS,recall,5,33,0.560205881562272
5,Cl,UltraMS,hit_rate,6,33,0.9696969696969697
5,Cl,UltraMS,recall,6,33,0.596363316812323
5,Cl,UltraMS,hit_rate,7,33,0.9696969696969697
5,Cl,UltraMS,recall,7,33,0.6539254485230616
5,Cl,UltraMS,hit_rate,8,33,0.9696969696969697
5,Cl,UltraMS,recall,8,33,0.6941759931853708
5,Cl,UltraMS,hit_rate,9,33,0.9696969696969697
5,Cl,UltraMS,recall,9,33,0.7305677621766513
5,Cl,UltraMS,hit_rate,10,33,0.9696969696969697
5,Cl,UltraMS,recall,10,33,0.7457426446259677
5,Cl,UltraMS,hit_rate,11,33,0.9696969696969697
5,Cl,UltraMS,recall,11,33,0.7754426484185872
5,Cl,UltraMS,hit_rate,12,33,0.9696969696969697
5,Cl,UltraMS,recall,12,33,0.7852580476516796
5,Cl,UltraMS,hit_rate,13,33,0.9696969696969697
5,Cl,UltraMS,recall,13,33,0.7948253518998349
5,Cl,UltraMS,hit_rate,14,33,1.0
5,Cl,UltraMS,recall,14,33,0.8254755066985966
5,Cl,UltraMS,hit_rate,15,33,1.0
5,Cl,UltraMS,recall,15,33,0.8332707039114869
5,Cl,UltraMS,hit_rate,16,33,1.0
5,Cl,UltraMS,recall,16,33,0.8442884443409922
5,Cl,UltraMS,hit_rate,17,33,1.0
5,Cl,UltraMS,recall,17,33,0.8517513714847703
5,Cl,UltraMS,hit_rate,18,33,1.0
5,Cl,UltraMS,recall,18,33,0.8607862381191483
5,Cl,UltraMS,hit_rate,19,33,1.0
5,Cl,UltraMS,recall,19,33,0.8663131383268997
5,Cl,UltraMS,hit_rate,20,33,1.0
5,Cl,UltraMS,recall,20,33,0.8693434413572027
5,Cl,UltraMS,hit_rate,21,33,1.0
5,Cl,UltraMS,recall,21,33,0.8891720034601986
5,Cl,UltraMS,hit_rate,22,33,1.0
5,Cl,UltraMS,recall,22,33,0.9015126552185436
5,Cl,UltraMS,hit_rate,23,33,1.0
5,Cl,UltraMS,recall,23,33,0.9125814851168312
5,Cl,UltraMS,hit_rate,24,33,1.0
5,Cl,UltraMS,recall,24,33,0.9147413819575791
5,Cl,UltraMS,hit_rate,25,33,1.0
5,Cl,UltraMS,recall,25,33,0.9187635548092099
5,Cl,UltraMS,hit_rate,26,33,1.0
5,Cl,UltraMS,recall,26,33,0.9261101544302435
5,Cl,UltraMS,hit_rate,27,33,1.0
5,Cl,UltraMS,recall,27,33,0.9289194019203421
5,Cl,UltraMS,hit_rate,28,33,1.0
5,Cl,UltraMS,recall,28,33,0.9362334386461434
5,Cl,UltraMS,hit_rate,29,33,1.0
5,Cl,UltraMS,recall,29,33,0.9377485901612951
5,Cl,UltraMS,hit_rate,30,33,1.0
5,Cl,UltraMS,recall,30,33,0.9420983074296725
5,Cl,UltraMS,hit_rate,31,33,1.0
5,Cl,UltraMS,recall,31,33,0.9558789712103364
5,Cl,UltraMS,hit_rate,32,33,1.0
5,Cl,UltraMS,recall,32,33,0.9565237165359327
5,Cl,UltraMS,hit_rate,33,33,1.0
5,Cl,UltraMS,recall,33,33,0.9593329640260313
5,Cl,UltraMS,hit_rate,34,33,1.0
5,Cl,UltraMS,recall,34,33,0.9614928608667792
5,Cl,UltraMS,hit_rate,35,33,1.0
5,Cl,UltraMS,recall,35,33,0.9621376061923756
5,Cl,UltraMS,hit_rate,36,33,1.0
5,Cl,UltraMS,recall,36,33,0.962782351517972
5,Cl,UltraMS,hit_rate,37,33,1.0
5,Cl,UltraMS,recall,37,33,0.9643772478497104
5,Cl,UltraMS,hit_rate,38,33,1.0
5,Cl,UltraMS,recall,38,33,0.9643772478497104
5,Cl,UltraMS,hit_rate,39,33,1.0
5,Cl,UltraMS,recall,39,33,0.9643772478497104
5,Cl,UltraMS,hit_rate,40,33,1.0
5,Cl,UltraMS,recall,40,33,0.9665371446904583
5,Cl,UltraMS,hit_rate,41,33,1.0
5,Cl,UltraMS,recall,41,33,0.9671818900160548
5,Cl,UltraMS,hit_rate,42,33,1.0
5,Cl,UltraMS,recall,42,33,0.9694215316733896
5,Cl,UltraMS,hit_rate,43,33,1.0
5,Cl,UltraMS,recall,43,33,0.9700662769989861
5,Cl,UltraMS,hit_rate,44,33,1.0
5,Cl,UltraMS,recall,44,33,0.9707110223245824
5,Cl,UltraMS,hit_rate,45,33,1.0
5,Cl,UltraMS,recall,45,33,0.9707110223245824
5,Cl,UltraMS,hit_rate,46,33,1.0
5,Cl,UltraMS,recall,46,33,0.9734658432612214
5,Cl,UltraMS,hit_rate,47,33,1.0
5,Cl,UltraMS,recall,47,33,0.9734658432612214
5,Cl,UltraMS,hit_rate,48,33,1.0
5,Cl,UltraMS,recall,48,33,0.9741105885868178
5,Cl,UltraMS,hit_rate,49,33,1.0
5,Cl,UltraMS,recall,49,33,0.9747553339124142
5,Cl,UltraMS,hit_rate,50,33,1.0
5,Cl,UltraMS,recall,50,33,0.9747553339124142
5,Cl,UltraMS,hit_rate,51,33,1.0
5,Cl,UltraMS,recall,51,33,0.9747553339124142
5,Cl,UltraMS,hit_rate,52,33,1.0
5,Cl,UltraMS,recall,52,33,0.9775645814025129
5,Cl,UltraMS,hit_rate,53,33,1.0
5,Cl,UltraMS,recall,53,33,0.9775645814025129
5,Cl,UltraMS,hit_rate,54,33,1.0
5,Cl,UltraMS,recall,54,33,0.9782093267281092
5,Cl,UltraMS,hit_rate,55,33,1.0
5,Cl,UltraMS,recall,55,33,0.9788540720537056
5,Cl,UltraMS,hit_rate,56,33,1.0
5,Cl,UltraMS,recall,56,33,0.9788540720537056
5,Cl,UltraMS,hit_rate,57,33,1.0
5,Cl,UltraMS,recall,57,33,0.9822536383159409
5,Cl,UltraMS,hit_rate,58,33,1.0
5,Cl,UltraMS,recall,58,33,0.9828983836415376
5,Cl,UltraMS,hit_rate,59,33,1.0
5,Cl,UltraMS,recall,59,33,0.9851380252988722
5,Cl,UltraMS,hit_rate,60,33,1.0
5,Cl,UltraMS,recall,60,33,0.9851380252988722
5,Cl,UltraMS,hit_rate,61,33,1.0
5,Cl,UltraMS,recall,61,33,0.9867329216306107
5,Cl,UltraMS,hit_rate,62,33,1.0
5,Cl,UltraMS,recall,62,33,0.9883278179623491
5,Cl,UltraMS,hit_rate,63,33,1.0
5,Cl,UltraMS,recall,63,33,0.9883278179623491
5,Cl,UltraMS,hit_rate,64,33,1.0
5,Cl,UltraMS,recall,64,33,0.9889725632879456
5,Cl,UltraMS,hit_rate,65,33,1.0
5,Cl,UltraMS,recall,65,33,0.9896173086135419
5,Cl,UltraMS,hit_rate,66,33,1.0
5,Cl,UltraMS,recall,66,33,0.9902620539391384
5,Cl,UltraMS,hit_rate,67,33,1.0
5,Cl,UltraMS,recall,67,33,0.9918569502708768
5,Cl,UltraMS,hit_rate,68,33,1.0
5,Cl,UltraMS,recall,68,33,0.9925016955964732
5,Cl,UltraMS,hit_rate,69,33,1.0
5,Cl,UltraMS,recall,69,33,0.9931464409220696
5,Cl,UltraMS,hit_rate,70,33,1.0
5,Cl,UltraMS,recall,70,33,0.9931464409220696
5,Cl,UltraMS,hit_rate,71,33,1.0
5,Cl,UltraMS,recall,71,33,0.9937911862476659
5,Cl,UltraMS,hit_rate,72,33,1.0
5,Cl,UltraMS,recall,72,33,0.9944359315732623
5,Cl,UltraMS,hit_rate,73,33,1.0
5,Cl,UltraMS,recall,73,33,0.9950806768988587
5,Cl,UltraMS,hit_rate,74,33,1.0
5,Cl,UltraMS,recall,74,33,0.9950806768988587
5,Cl,UltraMS,hit_rate,75,33,1.0
5,Cl,UltraMS,recall,75,33,0.9950806768988587
5,Cl,UltraMS,hit_rate,76,33,1.0
5,Cl,UltraMS,recall,76,33,0.9950806768988587
5,Cl,UltraMS,hit_rate,77,33,1.0
5,Cl,UltraMS,recall,77,33,0.9950806768988587
5,Cl,UltraMS,hit_rate,78,33,1.0
5,Cl,UltraMS,recall,78,33,0.9950806768988587
5,Cl,UltraMS,hit_rate,79,33,1.0
5,Cl,UltraMS,recall,79,33,0.9950806768988587
5,Cl,UltraMS,hit_rate,80,33,1.0
5,Cl,UltraMS,recall,80,33,0.9950806768988587
5,Cl,UltraMS,hit_rate,81,33,1.0
5,Cl,UltraMS,recall,81,33,0.9950806768988587
5,Cl,UltraMS,hit_rate,82,33,1.0
5,Cl,UltraMS,recall,82,33,0.9950806768988587
5,Cl,UltraMS,hit_rate,83,33,1.0
5,Cl,UltraMS,recall,83,33,0.9950806768988587
5,Cl,UltraMS,hit_rate,84,33,1.0
5,Cl,UltraMS,recall,84,33,0.9950806768988587
5,Cl,UltraMS,hit_rate,85,33,1.0
5,Cl,UltraMS,recall,85,33,0.9950806768988587
5,Cl,UltraMS,hit_rate,86,33,1.0
5,Cl,UltraMS,recall,86,33,0.9950806768988587
5,Cl,UltraMS,hit_rate,87,33,1.0
5,Cl,UltraMS,recall,87,33,0.9950806768988587
5,Cl,UltraMS,hit_rate,88,33,1.0
5,Cl,UltraMS,recall,88,33,0.9950806768988587
5,Cl,UltraMS,hit_rate,89,33,1.0
5,Cl,UltraMS,recall,89,33,0.9950806768988587
5,Cl,UltraMS,hit_rate,90,33,1.0
5,Cl,UltraMS,recall,90,33,0.9950806768988587
5,Cl,UltraMS,hit_rate,91,33,1.0
5,Cl,UltraMS,recall,91,33,0.9950806768988587
5,Cl,UltraMS,hit_rate,92,33,1.0
5,Cl,UltraMS,recall,92,33,0.9972451790633609
5,Cl,UltraMS,hit_rate,93,33,1.0
5,Cl,UltraMS,recall,93,33,0.9972451790633609
5,Cl,UltraMS,hit_rate,94,33,1.0
5,Cl,UltraMS,recall,94,33,0.9972451790633609
5,Cl,UltraMS,hit_rate,95,33,1.0
5,Cl,UltraMS,recall,95,33,0.9972451790633609
5,Cl,UltraMS,hit_rate,96,33,1.0
5,Cl,UltraMS,recall,96,33,0.9972451790633609
5,Cl,UltraMS,hit_rate,97,33,1.0
5,Cl,UltraMS,recall,97,33,0.9972451790633609
5,Cl,UltraMS,hit_rate,98,33,1.0
5,Cl,UltraMS,recall,98,33,0.9972451790633609
5,Cl,UltraMS,hit_rate,99,33,1.0
5,Cl,UltraMS,recall,99,33,0.9972451790633609
5,Cl,UltraMS,hit_rate,100,33,1.0
5,Cl,UltraMS,recall,100,33,0.9972451790633609
5,Cl,UltraMS,hit_rate,101,33,1.0
5,Cl,UltraMS,recall,101,33,0.9972451790633609
5,Cl,UltraMS,hit_rate,102,33,1.0
5,Cl,UltraMS,recall,102,33,0.9972451790633609
5,Cl,UltraMS,hit_rate,103,33,1.0
5,Cl,UltraMS,recall,103,33,0.9972451790633609
5,Cl,UltraMS,hit_rate,104,33,1.0
5,Cl,UltraMS,recall,104,33,0.9972451790633609
5,Cl,UltraMS,hit_rate,105,33,1.0
5,Cl,UltraMS,recall,105,33,0.9972451790633609
5,Cl,UltraMS,hit_rate,106,33,1.0
5,Cl,UltraMS,recall,106,33,0.9972451790633609
5,Cl,UltraMS,hit_rate,107,33,1.0
5,Cl,UltraMS,recall,107,33,0.9972451790633609
5,Cl,UltraMS,hit_rate,108,33,1.0
5,Cl,UltraMS,recall,108,33,0.9972451790633609
5,Cl,UltraMS,hit_rate,109,33,1.0
5,Cl,UltraMS,recall,109,33,0.9972451790633609
5,Cl,UltraMS,hit_rate,110,33,1.0
5,Cl,UltraMS,recall,110,33,0.9972451790633609
5,Cl,UltraMS,hit_rate,111,33,1.0
5,Cl,UltraMS,recall,111,33,0.9972451790633609
5,Cl,UltraMS,hit_rate,112,33,1.0
5,Cl,UltraMS,recall,112,33,0.9972451790633609
5,Cl,UltraMS,hit_rate,113,33,1.0
5,Cl,UltraMS,recall,113,33,0.9972451790633609
5,Cl,UltraMS,hit_rate,114,33,1.0
5,Cl,UltraMS,recall,114,33,0.9972451790633609
5,Cl,UltraMS,hit_rate,115,33,1.0
5,Cl,UltraMS,recall,115,33,0.9972451790633609
5,Cl,UltraMS,hit_rate,116,33,1.0
5,Cl,UltraMS,recall,116,33,0.9972451790633609
5,Cl,UltraMS,hit_rate,117,33,1.0
5,Cl,UltraMS,recall,117,33,0.9972451790633609
5,Cl,UltraMS,hit_rate,118,33,1.0
5,Cl,UltraMS,recall,118,33,0.9972451790633609
5,Cl,UltraMS,hit_rate,119,33,1.0
5,Cl,UltraMS,recall,119,33,0.9972451790633609
5,Cl,UltraMS,hit_rate,120,33,1.0
5,Cl,UltraMS,recall,120,33,0.9972451790633609
5,Cl,UltraMS,hit_rate,121,33,1.0
5,Cl,UltraMS,recall,121,33,0.9972451790633609
5,Cl,UltraMS,hit_rate,122,33,1.0
5,Cl,UltraMS,recall,122,33,0.9972451790633609
5,Cl,UltraMS,hit_rate,123,33,1.0
5,Cl,UltraMS,recall,123,33,0.9972451790633609
5,Cl,UltraMS,hit_rate,124,33,1.0
5,Cl,UltraMS,recall,124,33,0.9972451790633609
5,Cl,UltraMS,hit_rate,125,33,1.0
5,Cl,UltraMS,recall,125,33,0.9972451790633609
5,Cl,UltraMS,hit_rate,126,33,1.0
5,Cl,UltraMS,recall,126,33,0.9972451790633609
5,Cl,UltraMS,hit_rate,127,33,1.0
5,Cl,UltraMS,recall,127,33,0.9972451790633609
5,Cl,UltraMS,hit_rate,128,33,1.0
5,Cl,UltraMS,recall,128,33,0.9972451790633609
5,Cl,UltraMS,hit_rate,129,33,1.0
5,Cl,UltraMS,recall,129,33,0.9972451790633609
5,Cl,UltraMS,hit_rate,130,33,1.0
5,Cl,UltraMS,recall,130,33,0.9972451790633609
5,Cl,UltraMS,hit_rate,131,33,1.0
5,Cl,UltraMS,recall,131,33,0.9972451790633609
5,Cl,UltraMS,hit_rate,132,33,1.0
5,Cl,UltraMS,recall,132,33,0.9972451790633609
5,Cl,UltraMS,hit_rate,133,33,1.0
5,Cl,UltraMS,recall,133,33,0.9972451790633609
5,Cl,UltraMS,hit_rate,134,33,1.0
5,Cl,UltraMS,recall,134,33,1.0
5,Cl,UltraMS,hit_rate,135,33,1.0
5,Cl,UltraMS,recall,135,33,1.0
5,Cl,UltraMS,hit_rate,136,33,1.0
5,Cl,UltraMS,recall,136,33,1.0
5,Cl,UltraMS,hit_rate,137,33,1.0
5,Cl,UltraMS,recall,137,33,1.0
5,Cl,UltraMS,hit_rate,138,33,1.0
5,Cl,UltraMS,recall,138,33,1.0
5,Cl,UltraMS,hit_rate,139,33,1.0
5,Cl,UltraMS,recall,139,33,1.0
5,Cl,UltraMS,hit_rate,140,33,1.0
5,Cl,UltraMS,recall,140,33,1.0
5,Cl,UltraMS,hit_rate,141,33,1.0
5,Cl,UltraMS,recall,141,33,1.0
5,Cl,UltraMS,hit_rate,142,33,1.0
5,Cl,UltraMS,recall,142,33,1.0
5,Cl,UltraMS,hit_rate,143,33,1.0
5,Cl,UltraMS,recall,143,33,1.0
5,Cl,UltraMS,hit_rate,144,33,1.0
5,Cl,UltraMS,recall,144,33,1.0
5,Cl,UltraMS,hit_rate,145,33,1.0
5,Cl,UltraMS,recall,145,33,1.0
5,Cl,UltraMS,hit_rate,146,33,1.0
5,Cl,UltraMS,recall,146,33,1.0
5,Cl,UltraMS,hit_rate,147,33,1.0
5,Cl,UltraMS,recall,147,33,1.0
5,Cl,UltraMS,hit_rate,148,33,1.0
5,Cl,UltraMS,recall,148,33,1.0
5,Cl,UltraMS,hit_rate,149,33,1.0
5,Cl,UltraMS,recall,149,33,1.0
5,Cl,UltraMS,hit_rate,150,33,1.0
5,Cl,UltraMS,recall,150,33,1.0
5,Cl,DreaMS,hit_rate,5,33,0.696969696969697
5,Cl,DreaMS,recall,5,33,0.278288647118105
5,Cl,DreaMS,hit_rate,6,33,0.7878787878787878
5,Cl,DreaMS,recall,6,33,0.3470069855172944
5,Cl,DreaMS,hit_rate,7,33,0.7878787878787878
5,Cl,DreaMS,recall,7,33,0.3643981423261444
5,Cl,DreaMS,hit_rate,8,33,0.7878787878787878
5,Cl,DreaMS,recall,8,33,0.39320087554064237
5,Cl,DreaMS,hit_rate,9,33,0.8484848484848485
5,Cl,DreaMS,recall,9,33,0.45584199259352415
5,Cl,DreaMS,hit_rate,10,33,0.8484848484848485
5,Cl,DreaMS,recall,10,33,0.4832544146867973
5,Cl,DreaMS,hit_rate,11,33,0.8787878787878788
5,Cl,DreaMS,recall,11,33,0.5144741753183225
5,Cl,DreaMS,hit_rate,12,33,0.8787878787878788
5,Cl,DreaMS,recall,12,33,0.5337606937534478
5,Cl,DreaMS,hit_rate,13,33,0.8787878787878788
5,Cl,DreaMS,recall,13,33,0.5594054390790443
5,Cl,DreaMS,hit_rate,14,33,0.8787878787878788
5,Cl,DreaMS,recall,14,33,0.5736865480410043
5,Cl,DreaMS,hit_rate,15,33,0.8787878787878788
5,Cl,DreaMS,recall,15,33,0.5858392298745372
5,Cl,DreaMS,hit_rate,16,33,0.8787878787878788
5,Cl,DreaMS,recall,16,33,0.6056758943920527
5,Cl,DreaMS,hit_rate,17,33,0.9090909090909091
5,Cl,DreaMS,recall,17,33,0.6313206397176491
5,Cl,DreaMS,hit_rate,18,33,0.9393939393939394
5,Cl,DreaMS,recall,18,33,0.6699387721652396
5,Cl,DreaMS,hit_rate,19,33,0.9393939393939394
5,Cl,DreaMS,recall,19,33,0.6983612952686136
5,Cl,DreaMS,hit_rate,20,33,0.9393939393939394
5,Cl,DreaMS,recall,20,33,0.7135128104201288
5,Cl,DreaMS,hit_rate,21,33,0.9393939393939394
5,Cl,DreaMS,recall,21,33,0.7289270999270341
5,Cl,DreaMS,hit_rate,22,33,0.9393939393939394
5,Cl,DreaMS,recall,22,33,0.7357601361718351
5,Cl,DreaMS,hit_rate,23,33,0.9393939393939394
5,Cl,DreaMS,recall,23,33,0.7486206928618495
5,Cl,DreaMS,hit_rate,24,33,0.9393939393939394
5,Cl,DreaMS,recall,24,33,0.7486206928618495
5,Cl,DreaMS,hit_rate,25,33,0.9393939393939394
5,Cl,DreaMS,recall,25,33,0.7705857845077924
5,Cl,DreaMS,hit_rate,26,33,0.9393939393939394
5,Cl,DreaMS,recall,26,33,0.7878038258184493
5,Cl,DreaMS,hit_rate,27,33,0.9393939393939394
5,Cl,DreaMS,recall,27,33,0.796876503720585
5,Cl,DreaMS,hit_rate,28,33,0.9393939393939394
5,Cl,DreaMS,recall,28,33,0.8042656799392192
5,Cl,DreaMS,hit_rate,29,33,0.9393939393939394
5,Cl,DreaMS,recall,29,33,0.808208107974263
5,Cl,DreaMS,hit_rate,30,33,0.9393939393939394
5,Cl,DreaMS,recall,30,33,0.8115011853599562
5,Cl,DreaMS,hit_rate,31,33,0.9393939393939394
5,Cl,DreaMS,recall,31,33,0.8163937644011421
5,Cl,DreaMS,hit_rate,32,33,0.9393939393939394
5,Cl,DreaMS,recall,32,33,0.8221880442880377
5,Cl,DreaMS,hit_rate,33,33,0.9393939393939394
5,Cl,DreaMS,recall,33,33,0.826351527863286
5,Cl,DreaMS,hit_rate,34,33,0.9393939393939394
5,Cl,DreaMS,recall,34,33,0.8291607753533846
5,Cl,DreaMS,hit_rate,35,33,0.9696969696969697
5,Cl,DreaMS,recall,35,33,0.8407769369695461
5,Cl,DreaMS,hit_rate,36,33,0.9696969696969697
5,Cl,DreaMS,recall,36,33,0.8451013359747963
5,Cl,DreaMS,hit_rate,37,33,0.9696969696969697
5,Cl,DreaMS,recall,37,33,0.8518864321775856
5,Cl,DreaMS,hit_rate,38,33,0.9696969696969697
5,Cl,DreaMS,recall,38,33,0.858283738574892
5,Cl,DreaMS,hit_rate,39,33,0.9696969696969697
5,Cl,DreaMS,recall,39,33,0.8616507419418954
5,Cl,DreaMS,hit_rate,40,33,0.9696969696969697
5,Cl,DreaMS,recall,40,33,0.8622954872674917
5,Cl,DreaMS,hit_rate,41,33,0.9696969696969697
5,Cl,DreaMS,recall,41,33,0.8772786522506567
5,Cl,DreaMS,hit_rate,42,33,0.9696969696969697
5,Cl,DreaMS,recall,42,33,0.8821608071328115
5,Cl,DreaMS,hit_rate,43,33,0.9696969696969697
5,Cl,DreaMS,recall,43,33,0.8876877073405628
5,Cl,DreaMS,hit_rate,44,33,0.9696969696969697
5,Cl,DreaMS,recall,44,33,0.8907977551874527
5,Cl,DreaMS,hit_rate,45,33,0.9696969696969697
5,Cl,DreaMS,recall,45,33,0.8923926515191912
5,Cl,DreaMS,hit_rate,46,33,0.9696969696969697
5,Cl,DreaMS,recall,46,33,0.8955026993660812
5,Cl,DreaMS,hit_rate,47,33,0.9696969696969697
5,Cl,DreaMS,recall,47,33,0.89852839707263
5,Cl,DreaMS,hit_rate,48,33,0.9696969696969697
5,Cl,DreaMS,recall,48,33,0.8991731423982264
5,Cl,DreaMS,hit_rate,49,33,1.0
5,Cl,DreaMS,recall,49,33,0.9099188978248328
5,Cl,DreaMS,hit_rate,50,33,1.0
5,Cl,DreaMS,recall,50,33,0.9222595495831778
5,Cl,DreaMS,hit_rate,51,33,1.0
5,Cl,DreaMS,recall,51,33,0.9244991912405125
5,Cl,DreaMS,hit_rate,52,33,1.0
5,Cl,DreaMS,recall,52,33,0.9244991912405125
5,Cl,DreaMS,hit_rate,53,33,1.0
5,Cl,DreaMS,recall,53,33,0.925143936566109
5,Cl,DreaMS,hit_rate,54,33,1.0
5,Cl,DreaMS,recall,54,33,0.9257886818917054
5,Cl,DreaMS,hit_rate,55,33,1.0
5,Cl,DreaMS,recall,55,33,0.9264334272173018
5,Cl,DreaMS,hit_rate,56,33,1.0
5,Cl,DreaMS,recall,56,33,0.9288941244148411
5,Cl,DreaMS,hit_rate,57,33,1.0
5,Cl,DreaMS,recall,57,33,0.9411596366803534
5,Cl,DreaMS,hit_rate,58,33,1.0
5,Cl,DreaMS,recall,58,33,0.944919035176594
5,Cl,DreaMS,hit_rate,59,33,1.0
5,Cl,DreaMS,recall,59,33,0.9455637805021904
5,Cl,DreaMS,hit_rate,60,33,1.0
5,Cl,DreaMS,recall,60,33,0.9470743266935875
5,Cl,DreaMS,hit_rate,61,33,1.0
5,Cl,DreaMS,recall,61,33,0.9477190720191839
5,Cl,DreaMS,hit_rate,62,33,1.0
5,Cl,DreaMS,recall,62,33,0.9505283195092826
5,Cl,DreaMS,hit_rate,63,33,1.0
5,Cl,DreaMS,recall,63,33,0.951173064834879
5,Cl,DreaMS,hit_rate,64,33,1.0
5,Cl,DreaMS,recall,64,33,0.9534127064922138
5,Cl,DreaMS,hit_rate,65,33,1.0
5,Cl,DreaMS,recall,65,33,0.9540574518178101
5,Cl,DreaMS,hit_rate,66,33,1.0
5,Cl,DreaMS,recall,66,33,0.9540574518178101
5,Cl,DreaMS,hit_rate,67,33,1.0
5,Cl,DreaMS,recall,67,33,0.9568666993079087
5,Cl,DreaMS,hit_rate,68,33,1.0
5,Cl,DreaMS,recall,68,33,0.9583772454993059
5,Cl,DreaMS,hit_rate,69,33,1.0
5,Cl,DreaMS,recall,69,33,0.9590219908249024
5,Cl,DreaMS,hit_rate,70,33,1.0
5,Cl,DreaMS,recall,70,33,0.9590219908249024
5,Cl,DreaMS,hit_rate,71,33,1.0
5,Cl,DreaMS,recall,71,33,0.9596667361504988
5,Cl,DreaMS,hit_rate,72,33,1.0
5,Cl,DreaMS,recall,72,33,0.9603114814760952
5,Cl,DreaMS,hit_rate,73,33,1.0
5,Cl,DreaMS,recall,73,33,0.9619063778078337
5,Cl,DreaMS,hit_rate,74,33,1.0
5,Cl,DreaMS,recall,74,33,0.9643670750053729
5,Cl,DreaMS,hit_rate,75,33,1.0
5,Cl,DreaMS,recall,75,33,0.9650118203309693
5,Cl,DreaMS,hit_rate,76,33,1.0
5,Cl,DreaMS,recall,76,33,0.9678210678210678
5,Cl,DreaMS,hit_rate,77,33,1.0
5,Cl,DreaMS,recall,77,33,0.9678210678210678
5,Cl,DreaMS,hit_rate,78,33,1.0
5,Cl,DreaMS,recall,78,33,0.9678210678210678
5,Cl,DreaMS,hit_rate,79,33,1.0
5,Cl,DreaMS,recall,79,33,0.9678210678210678
5,Cl,DreaMS,hit_rate,80,33,1.0
5,Cl,DreaMS,recall,80,33,0.9678210678210678
5,Cl,DreaMS,hit_rate,81,33,1.0
5,Cl,DreaMS,recall,81,33,0.977922077922078
5,Cl,DreaMS,hit_rate,82,33,1.0
5,Cl,DreaMS,recall,82,33,0.977922077922078
5,Cl,DreaMS,hit_rate,83,33,1.0
5,Cl,DreaMS,recall,83,33,0.977922077922078
5,Cl,DreaMS,hit_rate,84,33,1.0
5,Cl,DreaMS,recall,84,33,0.9787878787878787
5,Cl,DreaMS,hit_rate,85,33,1.0
5,Cl,DreaMS,recall,85,33,0.9787878787878787
5,Cl,DreaMS,hit_rate,86,33,1.0
5,Cl,DreaMS,recall,86,33,0.9796536796536797
5,Cl,DreaMS,hit_rate,87,33,1.0
5,Cl,DreaMS,recall,87,33,0.9796536796536797
5,Cl,DreaMS,hit_rate,88,33,1.0
5,Cl,DreaMS,recall,88,33,0.9796536796536797
5,Cl,DreaMS,hit_rate,89,33,1.0
5,Cl,DreaMS,recall,89,33,0.9805194805194807
5,Cl,DreaMS,hit_rate,90,33,1.0
5,Cl,DreaMS,recall,90,33,0.9805194805194807
5,Cl,DreaMS,hit_rate,91,33,1.0
5,Cl,DreaMS,recall,91,33,0.9813852813852814
5,Cl,DreaMS,hit_rate,92,33,1.0
5,Cl,DreaMS,recall,92,33,0.9822510822510822
5,Cl,DreaMS,hit_rate,93,33,1.0
5,Cl,DreaMS,recall,93,33,0.9822510822510822
5,Cl,DreaMS,hit_rate,94,33,1.0
5,Cl,DreaMS,recall,94,33,0.9822510822510822
5,Cl,DreaMS,hit_rate,95,33,1.0
5,Cl,DreaMS,recall,95,33,0.9822510822510822
5,Cl,DreaMS,hit_rate,96,33,1.0
5,Cl,DreaMS,recall,96,33,0.9822510822510822
5,Cl,DreaMS,hit_rate,97,33,1.0
5,Cl,DreaMS,recall,97,33,0.9844155844155845
5,Cl,DreaMS,hit_rate,98,33,1.0
5,Cl,DreaMS,recall,98,33,0.9844155844155845
5,Cl,DreaMS,hit_rate,99,33,1.0
5,Cl,DreaMS,recall,99,33,0.9844155844155845
5,Cl,DreaMS,hit_rate,100,33,1.0
5,Cl,DreaMS,recall,100,33,0.9844155844155845
5,Cl,DreaMS,hit_rate,101,33,1.0
5,Cl,DreaMS,recall,101,33,0.9852813852813852
5,Cl,DreaMS,hit_rate,102,33,1.0
5,Cl,DreaMS,recall,102,33,0.9852813852813852
5,Cl,DreaMS,hit_rate,103,33,1.0
5,Cl,DreaMS,recall,103,33,0.9852813852813852
5,Cl,DreaMS,hit_rate,104,33,1.0
5,Cl,DreaMS,recall,104,33,0.9852813852813852
5,Cl,DreaMS,hit_rate,105,33,1.0
5,Cl,DreaMS,recall,105,33,0.9852813852813852
5,Cl,DreaMS,hit_rate,106,33,1.0
5,Cl,DreaMS,recall,106,33,0.9852813852813852
5,Cl,DreaMS,hit_rate,107,33,1.0
5,Cl,DreaMS,recall,107,33,0.9852813852813852
5,Cl,DreaMS,hit_rate,108,33,1.0
5,Cl,DreaMS,recall,108,33,0.9852813852813852
5,Cl,DreaMS,hit_rate,109,33,1.0
5,Cl,DreaMS,recall,109,33,0.9852813852813852
5,Cl,DreaMS,hit_rate,110,33,1.0
5,Cl,DreaMS,recall,110,33,0.9852813852813852
5,Cl,DreaMS,hit_rate,111,33,1.0
5,Cl,DreaMS,recall,111,33,0.9861471861471862
5,Cl,DreaMS,hit_rate,112,33,1.0
5,Cl,DreaMS,recall,112,33,0.9861471861471862
5,Cl,DreaMS,hit_rate,113,33,1.0
5,Cl,DreaMS,recall,113,33,0.9870129870129869
5,Cl,DreaMS,hit_rate,114,33,1.0
5,Cl,DreaMS,recall,114,33,0.9870129870129869
5,Cl,DreaMS,hit_rate,115,33,1.0
5,Cl,DreaMS,recall,115,33,0.9870129870129869
5,Cl,DreaMS,hit_rate,116,33,1.0
5,Cl,DreaMS,recall,116,33,0.9870129870129869
5,Cl,DreaMS,hit_rate,117,33,1.0
5,Cl,DreaMS,recall,117,33,0.9878787878787879
5,Cl,DreaMS,hit_rate,118,33,1.0
5,Cl,DreaMS,recall,118,33,0.9878787878787879
5,Cl,DreaMS,hit_rate,119,33,1.0
5,Cl,DreaMS,recall,119,33,0.9878787878787879
5,Cl,DreaMS,hit_rate,120,33,1.0
5,Cl,DreaMS,recall,120,33,0.9878787878787879
5,Cl,DreaMS,hit_rate,121,33,1.0
5,Cl,DreaMS,recall,121,33,0.9887445887445887
5,Cl,DreaMS,hit_rate,122,33,1.0
5,Cl,DreaMS,recall,122,33,0.9887445887445887
5,Cl,DreaMS,hit_rate,123,33,1.0
5,Cl,DreaMS,recall,123,33,0.9896103896103896
5,Cl,DreaMS,hit_rate,124,33,1.0
5,Cl,DreaMS,recall,124,33,0.9896103896103896
5,Cl,DreaMS,hit_rate,125,33,1.0
5,Cl,DreaMS,recall,125,33,0.9904761904761904
5,Cl,DreaMS,hit_rate,126,33,1.0
5,Cl,DreaMS,recall,126,33,0.9904761904761904
5,Cl,DreaMS,hit_rate,127,33,1.0
5,Cl,DreaMS,recall,127,33,0.9913419913419914
5,Cl,DreaMS,hit_rate,128,33,1.0
5,Cl,DreaMS,recall,128,33,0.9913419913419914
5,Cl,DreaMS,hit_rate,129,33,1.0
5,Cl,DreaMS,recall,129,33,0.9913419913419914
5,Cl,DreaMS,hit_rate,130,33,1.0
5,Cl,DreaMS,recall,130,33,0.9913419913419914
5,Cl,DreaMS,hit_rate,131,33,1.0
5,Cl,DreaMS,recall,131,33,0.9913419913419914
5,Cl,DreaMS,hit_rate,132,33,1.0
5,Cl,DreaMS,recall,132,33,0.9913419913419914
5,Cl,DreaMS,hit_rate,133,33,1.0
5,Cl,DreaMS,recall,133,33,0.9913419913419914
5,Cl,DreaMS,hit_rate,134,33,1.0
5,Cl,DreaMS,recall,134,33,0.9913419913419914
5,Cl,DreaMS,hit_rate,135,33,1.0
5,Cl,DreaMS,recall,135,33,0.9922077922077923
5,Cl,DreaMS,hit_rate,136,33,1.0
5,Cl,DreaMS,recall,136,33,0.9922077922077923
5,Cl,DreaMS,hit_rate,137,33,1.0
5,Cl,DreaMS,recall,137,33,0.9922077922077923
5,Cl,DreaMS,hit_rate,138,33,1.0
5,Cl,DreaMS,recall,138,33,0.9930735930735931
5,Cl,DreaMS,hit_rate,139,33,1.0
5,Cl,DreaMS,recall,139,33,0.9939393939393939
5,Cl,DreaMS,hit_rate,140,33,1.0
5,Cl,DreaMS,recall,140,33,0.9939393939393939
5,Cl,DreaMS,hit_rate,141,33,1.0
5,Cl,DreaMS,recall,141,33,0.9948051948051948
5,Cl,DreaMS,hit_rate,142,33,1.0
5,Cl,DreaMS,recall,142,33,0.9956709956709958
5,Cl,DreaMS,hit_rate,143,33,1.0
5,Cl,DreaMS,recall,143,33,0.9965367965367965
5,Cl,DreaMS,hit_rate,144,33,1.0
5,Cl,DreaMS,recall,144,33,0.9965367965367965
5,Cl,DreaMS,hit_rate,145,33,1.0
5,Cl,DreaMS,recall,145,33,0.9965367965367965
5,Cl,DreaMS,hit_rate,146,33,1.0
5,Cl,DreaMS,recall,146,33,0.9974025974025973
5,Cl,DreaMS,hit_rate,147,33,1.0
5,Cl,DreaMS,recall,147,33,0.9974025974025973
5,Cl,DreaMS,hit_rate,148,33,1.0
5,Cl,DreaMS,recall,148,33,0.9982683982683983
5,Cl,DreaMS,hit_rate,149,33,1.0
5,Cl,DreaMS,recall,149,33,0.9991341991341992
5,Cl,DreaMS,hit_rate,150,33,1.0
5,Cl,DreaMS,recall,150,33,1.0
5,Cl,Linear SVM,hit_rate,5,33,0.8484848484848485
5,Cl,Linear SVM,recall,5,33,0.3259834264330399
5,Cl,Linear SVM,hit_rate,6,33,0.9393939393939394
5,Cl,Linear SVM,recall,6,33,0.3678092476706258
5,Cl,Linear SVM,hit_rate,7,33,0.9393939393939394
5,Cl,Linear SVM,recall,7,33,0.39827619787441804
5,Cl,Linear SVM,hit_rate,8,33,0.9393939393939394
5,Cl,Linear SVM,recall,8,33,0.4479108421899135
5,Cl,Linear SVM,hit_rate,9,33,0.9696969696969697
5,Cl,Linear SVM,recall,9,33,0.5370522563313276
5,Cl,Linear SVM,hit_rate,10,33,0.9696969696969697
5,Cl,Linear SVM,recall,10,33,0.5854242743841968
5,Cl,Linear SVM,hit_rate,11,33,0.9696969696969697
5,Cl,Linear SVM,recall,11,33,0.6263795406814604
5,Cl,Linear SVM,hit_rate,12,33,0.9696969696969697
5,Cl,Linear SVM,recall,12,33,0.6500189384134738
5,Cl,Linear SVM,hit_rate,13,33,1.0
5,Cl,Linear SVM,recall,13,33,0.6716381341252853
5,Cl,Linear SVM,hit_rate,14,33,1.0
5,Cl,Linear SVM,recall,14,33,0.6811361177158847
5,Cl,Linear SVM,hit_rate,15,33,1.0
5,Cl,Linear SVM,recall,15,33,0.6953643725552231
5,Cl,Linear SVM,hit_rate,16,33,1.0
5,Cl,Linear SVM,recall,16,33,0.7311898727984166
5,Cl,Linear SVM,hit_rate,17,33,1.0
5,Cl,Linear SVM,recall,17,33,0.7464810827704776
5,Cl,Linear SVM,hit_rate,18,33,1.0
5,Cl,Linear SVM,recall,18,33,0.7494254460627665
5,Cl,Linear SVM,hit_rate,19,33,1.0
5,Cl,Linear SVM,recall,19,33,0.7726291139472855
5,Cl,Linear SVM,hit_rate,20,33,1.0
5,Cl,Linear SVM,recall,20,33,0.7863717780319469
5,Cl,Linear SVM,hit_rate,21,33,1.0
5,Cl,Linear SVM,recall,21,33,0.8028320948342609
5,Cl,Linear SVM,hit_rate,22,33,1.0
5,Cl,Linear SVM,recall,22,33,0.8083636003657664
5,Cl,Linear SVM,hit_rate,23,33,1.0
5,Cl,Linear SVM,recall,23,33,0.8290855254994564
5,Cl,Linear SVM,hit_rate,24,33,1.0
5,Cl,Linear SVM,recall,24,33,0.8318947729895548
5,Cl,Linear SVM,hit_rate,25,33,1.0
5,Cl,Linear SVM,recall,25,33,0.8390600793034679
5,Cl,Linear SVM,hit_rate,26,33,1.0
5,Cl,Linear SVM,recall,26,33,0.8406549756352063
5,Cl,Linear SVM,hit_rate,27,33,1.0
5,Cl,Linear SVM,recall,27,33,0.8584578122675008
5,Cl,Linear SVM,hit_rate,28,33,1.0
5,Cl,Linear SVM,recall,28,33,0.8624002403025447
5,Cl,Linear SVM,hit_rate,29,33,1.0
5,Cl,Linear SVM,recall,29,33,0.865269464102001
5,Cl,Linear SVM,hit_rate,30,33,1.0
5,Cl,Linear SVM,recall,30,33,0.8699166137719991
5,Cl,Linear SVM,hit_rate,31,33,1.0
5,Cl,Linear SVM,recall,31,33,0.8705613590975955
5,Cl,Linear SVM,hit_rate,32,33,1.0
5,Cl,Linear SVM,recall,32,33,0.8805643931932452
5,Cl,Linear SVM,hit_rate,33,33,1.0
5,Cl,Linear SVM,recall,33,33,0.8854569722344312
5,Cl,Linear SVM,hit_rate,34,33,1.0
5,Cl,Linear SVM,recall,34,33,0.8996401314964299
5,Cl,Linear SVM,hit_rate,35,33,1.0
5,Cl,Linear SVM,recall,35,33,0.9002848768220262
5,Cl,Linear SVM,hit_rate,36,33,1.0
5,Cl,Linear SVM,recall,36,33,0.9046092758272763
5,Cl,Linear SVM,hit_rate,37,33,1.0
5,Cl,Linear SVM,recall,37,33,0.9067691726680241
5,Cl,Linear SVM,hit_rate,38,33,1.0
5,Cl,Linear SVM,recall,38,33,0.9098792205149141
5,Cl,Linear SVM,hit_rate,39,33,1.0
5,Cl,Linear SVM,recall,39,33,0.9098792205149141
5,Cl,Linear SVM,hit_rate,40,33,1.0
5,Cl,Linear SVM,recall,40,33,0.9138909692075139
5,Cl,Linear SVM,hit_rate,41,33,1.0
5,Cl,Linear SVM,recall,41,33,0.9176457623800002
5,Cl,Linear SVM,hit_rate,42,33,1.0
5,Cl,Linear SVM,recall,42,33,0.9214605318618444
5,Cl,Linear SVM,hit_rate,43,33,1.0
5,Cl,Linear SVM,recall,43,33,0.9255322568638019
5,Cl,Linear SVM,hit_rate,44,33,1.0
5,Cl,Linear SVM,recall,44,33,0.9277718985211367
5,Cl,Linear SVM,hit_rate,45,33,1.0
5,Cl,Linear SVM,recall,45,33,0.9315266916936231
5,Cl,Linear SVM,hit_rate,46,33,1.0
5,Cl,Linear SVM,recall,46,33,0.9366355571504144
5,Cl,Linear SVM,hit_rate,47,33,1.0
5,Cl,Linear SVM,recall,47,33,0.9387954539911623
5,Cl,Linear SVM,hit_rate,48,33,1.0
5,Cl,Linear SVM,recall,48,33,0.9387954539911623
5,Cl,Linear SVM,hit_rate,49,33,1.0
5,Cl,Linear SVM,recall,49,33,0.9394401993167586
5,Cl,Linear SVM,hit_rate,50,33,1.0
5,Cl,Linear SVM,recall,50,33,0.940084944642355
5,Cl,Linear SVM,hit_rate,51,33,1.0
5,Cl,Linear SVM,recall,51,33,0.940084944642355
5,Cl,Linear SVM,hit_rate,52,33,1.0
5,Cl,Linear SVM,recall,52,33,0.940084944642355
5,Cl,Linear SVM,hit_rate,53,33,1.0
5,Cl,Linear SVM,recall,53,33,0.9407296899679514
5,Cl,Linear SVM,hit_rate,54,33,1.0
5,Cl,Linear SVM,recall,54,33,0.9413744352935478
5,Cl,Linear SVM,hit_rate,55,33,1.0
5,Cl,Linear SVM,recall,55,33,0.9521201907201542
5,Cl,Linear SVM,hit_rate,56,33,1.0
5,Cl,Linear SVM,recall,56,33,0.9527649360457506
5,Cl,Linear SVM,hit_rate,57,33,1.0
5,Cl,Linear SVM,recall,57,33,0.9527649360457506
5,Cl,Linear SVM,hit_rate,58,33,1.0
5,Cl,Linear SVM,recall,58,33,0.9534096813713471
5,Cl,Linear SVM,hit_rate,59,33,1.0
5,Cl,Linear SVM,recall,59,33,0.9547591483318976
5,Cl,Linear SVM,hit_rate,60,33,1.0
5,Cl,Linear SVM,recall,60,33,0.955403893657494
5,Cl,Linear SVM,hit_rate,61,33,1.0
5,Cl,Linear SVM,recall,61,33,0.9560486389830903
5,Cl,Linear SVM,hit_rate,62,33,1.0
5,Cl,Linear SVM,recall,62,33,0.9566933843086869
5,Cl,Linear SVM,hit_rate,63,33,1.0
5,Cl,Linear SVM,recall,63,33,0.9573381296342832
5,Cl,Linear SVM,hit_rate,64,33,1.0
5,Cl,Linear SVM,recall,64,33,0.9579828749598797
5,Cl,Linear SVM,hit_rate,65,33,1.0
5,Cl,Linear SVM,recall,65,33,0.9607921224499781
5,Cl,Linear SVM,hit_rate,66,33,1.0
5,Cl,Linear SVM,recall,66,33,0.9614368677755745
5,Cl,Linear SVM,hit_rate,67,33,1.0
5,Cl,Linear SVM,recall,67,33,0.9620816131011709
5,Cl,Linear SVM,hit_rate,68,33,1.0
5,Cl,Linear SVM,recall,68,33,0.9620816131011709
5,Cl,Linear SVM,hit_rate,69,33,1.0
5,Cl,Linear SVM,recall,69,33,0.9643212547585057
5,Cl,Linear SVM,hit_rate,70,33,1.0
5,Cl,Linear SVM,recall,70,33,0.9643212547585057
5,Cl,Linear SVM,hit_rate,71,33,1.0
5,Cl,Linear SVM,recall,71,33,0.9656707217190563
5,Cl,Linear SVM,hit_rate,72,33,1.0
5,Cl,Linear SVM,recall,72,33,0.9656707217190563
5,Cl,Linear SVM,hit_rate,73,33,1.0
5,Cl,Linear SVM,recall,73,33,0.9672656180507947
5,Cl,Linear SVM,hit_rate,74,33,1.0
5,Cl,Linear SVM,recall,74,33,0.9672656180507947
5,Cl,Linear SVM,hit_rate,75,33,1.0
5,Cl,Linear SVM,recall,75,33,0.9695052597081296
5,Cl,Linear SVM,hit_rate,76,33,1.0
5,Cl,Linear SVM,recall,76,33,0.9701500050337258
5,Cl,Linear SVM,hit_rate,77,33,1.0
5,Cl,Linear SVM,recall,77,33,0.9701500050337258
5,Cl,Linear SVM,hit_rate,78,33,1.0
5,Cl,Linear SVM,recall,78,33,0.9701500050337258
5,Cl,Linear SVM,hit_rate,79,33,1.0
5,Cl,Linear SVM,recall,79,33,0.9701500050337258
5,Cl,Linear SVM,hit_rate,80,33,1.0
5,Cl,Linear SVM,recall,80,33,0.9701500050337258
5,Cl,Linear SVM,hit_rate,81,33,1.0
5,Cl,Linear SVM,recall,81,33,0.9701500050337258
5,Cl,Linear SVM,hit_rate,82,33,1.0
5,Cl,Linear SVM,recall,82,33,0.9701500050337258
5,Cl,Linear SVM,hit_rate,83,33,1.0
5,Cl,Linear SVM,recall,83,33,0.9701500050337258
5,Cl,Linear SVM,hit_rate,84,33,1.0
5,Cl,Linear SVM,recall,84,33,0.9708547266686801
5,Cl,Linear SVM,hit_rate,85,33,1.0
5,Cl,Linear SVM,recall,85,33,0.9715594483036344
5,Cl,Linear SVM,hit_rate,86,33,1.0
5,Cl,Linear SVM,recall,86,33,0.9715594483036344
5,Cl,Linear SVM,hit_rate,87,33,1.0
5,Cl,Linear SVM,recall,87,33,0.9715594483036344
5,Cl,Linear SVM,hit_rate,88,33,1.0
5,Cl,Linear SVM,recall,88,33,0.9737239504681364
5,Cl,Linear SVM,hit_rate,89,33,1.0
5,Cl,Linear SVM,recall,89,33,0.9758884526326386
5,Cl,Linear SVM,hit_rate,90,33,1.0
5,Cl,Linear SVM,recall,90,33,0.9780529547971408
5,Cl,Linear SVM,hit_rate,91,33,1.0
5,Cl,Linear SVM,recall,91,33,0.9780529547971408
5,Cl,Linear SVM,hit_rate,92,33,1.0
5,Cl,Linear SVM,recall,92,33,0.9780529547971408
5,Cl,Linear SVM,hit_rate,93,33,1.0
5,Cl,Linear SVM,recall,93,33,0.9780529547971408
5,Cl,Linear SVM,hit_rate,94,33,1.0
5,Cl,Linear SVM,recall,94,33,0.9780529547971408
5,Cl,Linear SVM,hit_rate,95,33,1.0
5,Cl,Linear SVM,recall,95,33,0.9780529547971408
5,Cl,Linear SVM,hit_rate,96,33,1.0
5,Cl,Linear SVM,recall,96,33,0.9787576764320951
5,Cl,Linear SVM,hit_rate,97,33,1.0
5,Cl,Linear SVM,recall,97,33,0.9809221785965972
5,Cl,Linear SVM,hit_rate,98,33,1.0
5,Cl,Linear SVM,recall,98,33,0.9830866807610993
5,Cl,Linear SVM,hit_rate,99,33,1.0
5,Cl,Linear SVM,recall,99,33,0.9830866807610993
5,Cl,Linear SVM,hit_rate,100,33,1.0
5,Cl,Linear SVM,recall,100,33,0.9830866807610993
5,Cl,Linear SVM,hit_rate,101,33,1.0
5,Cl,Linear SVM,recall,101,33,0.9830866807610993
5,Cl,Linear SVM,hit_rate,102,33,1.0
5,Cl,Linear SVM,recall,102,33,0.9830866807610993
5,Cl,Linear SVM,hit_rate,103,33,1.0
5,Cl,Linear SVM,recall,103,33,0.9830866807610993
5,Cl,Linear SVM,hit_rate,104,33,1.0
5,Cl,Linear SVM,recall,104,33,0.9830866807610993
5,Cl,Linear SVM,hit_rate,105,33,1.0
5,Cl,Linear SVM,recall,105,33,0.9830866807610993
5,Cl,Linear SVM,hit_rate,106,33,1.0
5,Cl,Linear SVM,recall,106,33,0.9837914023960536
5,Cl,Linear SVM,hit_rate,107,33,1.0
5,Cl,Linear SVM,recall,107,33,0.9837914023960536
5,Cl,Linear SVM,hit_rate,108,33,1.0
5,Cl,Linear SVM,recall,108,33,0.9837914023960536
5,Cl,Linear SVM,hit_rate,109,33,1.0
5,Cl,Linear SVM,recall,109,33,0.9837914023960536
5,Cl,Linear SVM,hit_rate,110,33,1.0
5,Cl,Linear SVM,recall,110,33,0.9837914023960536
5,Cl,Linear SVM,hit_rate,111,33,1.0
5,Cl,Linear SVM,recall,111,33,0.9837914023960536
5,Cl,Linear SVM,hit_rate,112,33,1.0
5,Cl,Linear SVM,recall,112,33,0.9837914023960536
5,Cl,Linear SVM,hit_rate,113,33,1.0
5,Cl,Linear SVM,recall,113,33,0.9837914023960536
5,Cl,Linear SVM,hit_rate,114,33,1.0
5,Cl,Linear SVM,recall,114,33,0.9837914023960536
5,Cl,Linear SVM,hit_rate,115,33,1.0
5,Cl,Linear SVM,recall,115,33,0.9844961240310078
5,Cl,Linear SVM,hit_rate,116,33,1.0
5,Cl,Linear SVM,recall,116,33,0.9844961240310078
5,Cl,Linear SVM,hit_rate,117,33,1.0
5,Cl,Linear SVM,recall,117,33,0.9844961240310078
5,Cl,Linear SVM,hit_rate,118,33,1.0
5,Cl,Linear SVM,recall,118,33,0.9844961240310078
5,Cl,Linear SVM,hit_rate,119,33,1.0
5,Cl,Linear SVM,recall,119,33,0.9844961240310078
5,Cl,Linear SVM,hit_rate,120,33,1.0
5,Cl,Linear SVM,recall,120,33,0.9844961240310078
5,Cl,Linear SVM,hit_rate,121,33,1.0
5,Cl,Linear SVM,recall,121,33,0.9844961240310078
5,Cl,Linear SVM,hit_rate,122,33,1.0
5,Cl,Linear SVM,recall,122,33,0.9844961240310078
5,Cl,Linear SVM,hit_rate,123,33,1.0
5,Cl,Linear SVM,recall,123,33,0.9844961240310078
5,Cl,Linear SVM,hit_rate,124,33,1.0
5,Cl,Linear SVM,recall,124,33,0.9844961240310078
5,Cl,Linear SVM,hit_rate,125,33,1.0
5,Cl,Linear SVM,recall,125,33,0.9844961240310078
5,Cl,Linear SVM,hit_rate,126,33,1.0
5,Cl,Linear SVM,recall,126,33,0.9844961240310078
5,Cl,Linear SVM,hit_rate,127,33,1.0
5,Cl,Linear SVM,recall,127,33,0.9844961240310078
5,Cl,Linear SVM,hit_rate,128,33,1.0
5,Cl,Linear SVM,recall,128,33,0.9844961240310078
5,Cl,Linear SVM,hit_rate,129,33,1.0
5,Cl,Linear SVM,recall,129,33,0.9844961240310078
5,Cl,Linear SVM,hit_rate,130,33,1.0
5,Cl,Linear SVM,recall,130,33,0.9844961240310078
5,Cl,Linear SVM,hit_rate,131,33,1.0
5,Cl,Linear SVM,recall,131,33,0.9844961240310078
5,Cl,Linear SVM,hit_rate,132,33,1.0
5,Cl,Linear SVM,recall,132,33,0.9844961240310078
5,Cl,Linear SVM,hit_rate,133,33,1.0
5,Cl,Linear SVM,recall,133,33,0.9852008456659619
5,Cl,Linear SVM,hit_rate,134,33,1.0
5,Cl,Linear SVM,recall,134,33,0.9852008456659619
5,Cl,Linear SVM,hit_rate,135,33,1.0
5,Cl,Linear SVM,recall,135,33,0.9852008456659619
5,Cl,Linear SVM,hit_rate,136,33,1.0
5,Cl,Linear SVM,recall,136,33,0.9859055673009162
5,Cl,Linear SVM,hit_rate,137,33,1.0
5,Cl,Linear SVM,recall,137,33,0.9866102889358703
5,Cl,Linear SVM,hit_rate,138,33,1.0
5,Cl,Linear SVM,recall,138,33,0.9873150105708244
5,Cl,Linear SVM,hit_rate,139,33,1.0
5,Cl,Linear SVM,recall,139,33,0.9873150105708244
5,Cl,Linear SVM,hit_rate,140,33,1.0
5,Cl,Linear SVM,recall,140,33,0.9880197322057789
5,Cl,Linear SVM,hit_rate,141,33,1.0
5,Cl,Linear SVM,recall,141,33,0.9880197322057789
5,Cl,Linear SVM,hit_rate,142,33,1.0
5,Cl,Linear SVM,recall,142,33,0.9880197322057789
5,Cl,Linear SVM,hit_rate,143,33,1.0
5,Cl,Linear SVM,recall,143,33,0.9887244538407329
5,Cl,Linear SVM,hit_rate,144,33,1.0
5,Cl,Linear SVM,recall,144,33,0.9887244538407329
5,Cl,Linear SVM,hit_rate,145,33,1.0
5,Cl,Linear SVM,recall,145,33,0.9894291754756871
5,Cl,Linear SVM,hit_rate,146,33,1.0
5,Cl,Linear SVM,recall,146,33,0.9894291754756871
5,Cl,Linear SVM,hit_rate,147,33,1.0
5,Cl,Linear SVM,recall,147,33,0.9901338971106414
5,Cl,Linear SVM,hit_rate,148,33,1.0
5,Cl,Linear SVM,recall,148,33,0.9901338971106414
5,Cl,Linear SVM,hit_rate,149,33,1.0
5,Cl,Linear SVM,recall,149,33,0.9908386187455954
5,Cl,Linear SVM,hit_rate,150,33,1.0
5,Cl,Linear SVM,recall,150,33,0.9908386187455954
5,Cl,Random forest,hit_rate,5,33,0.7272727272727273
5,Cl,Random forest,recall,5,33,0.2803909245063886
5,Cl,Random forest,hit_rate,6,33,0.7878787878787878
5,Cl,Random forest,recall,6,33,0.35149021528653046
5,Cl,Random forest,hit_rate,7,33,0.8181818181818182
5,Cl,Random forest,recall,7,33,0.37790739079632163
5,Cl,Random forest,hit_rate,8,33,0.8484848484848485
5,Cl,Random forest,recall,8,33,0.43385516642494837
5,Cl,Random forest,hit_rate,9,33,0.9090909090909091
5,Cl,Random forest,recall,9,33,0.49897359596107105
5,Cl,Random forest,hit_rate,10,33,0.9090909090909091
5,Cl,Random forest,recall,10,33,0.5231631660808739
5,Cl,Random forest,hit_rate,11,33,0.9090909090909091
5,Cl,Random forest,recall,11,33,0.5625571054748133
5,Cl,Random forest,hit_rate,12,33,0.9090909090909091
5,Cl,Random forest,recall,12,33,0.594375287292995
5,Cl,Random forest,hit_rate,13,33,0.9090909090909091
5,Cl,Random forest,recall,13,33,0.6029082917562321
5,Cl,Random forest,hit_rate,14,33,0.9393939393939394
5,Cl,Random forest,recall,14,33,0.6428072816552219
5,Cl,Random forest,hit_rate,15,33,0.9393939393939394
5,Cl,Random forest,recall,15,33,0.6490075825363738
5,Cl,Random forest,hit_rate,16,33,0.9393939393939394
5,Cl,Random forest,recall,16,33,0.6794123079639477
5,Cl,Random forest,hit_rate,17,33,0.9393939393939394
5,Cl,Random forest,recall,17,33,0.7010315036757592
5,Cl,Random forest,hit_rate,18,33,0.9696969696969697
5,Cl,Random forest,recall,18,33,0.7210124683375749
5,Cl,Random forest,hit_rate,19,33,0.9696969696969697
5,Cl,Random forest,recall,19,33,0.7264023393385294
5,Cl,Random forest,hit_rate,20,33,0.9696969696969697
5,Cl,Random forest,recall,20,33,0.7440504516674927
5,Cl,Random forest,hit_rate,21,33,0.9696969696969697
5,Cl,Random forest,recall,21,33,0.7510231827328396
5,Cl,Random forest,hit_rate,22,33,0.9696969696969697
5,Cl,Random forest,recall,22,33,0.7510231827328396
5,Cl,Random forest,hit_rate,23,33,0.9696969696969697
5,Cl,Random forest,recall,23,33,0.7535104355620897
5,Cl,Random forest,hit_rate,24,33,0.9696969696969697
5,Cl,Random forest,recall,24,33,0.7656180218182829
5,Cl,Random forest,hit_rate,25,33,0.9696969696969697
5,Cl,Random forest,recall,25,33,0.7777540883661141
5,Cl,Random forest,hit_rate,26,33,0.9696969696969697
5,Cl,Random forest,recall,26,33,0.7845871246109151
5,Cl,Random forest,hit_rate,27,33,0.9696969696969697
5,Cl,Random forest,recall,27,33,0.7877191227657615
5,Cl,Random forest,hit_rate,28,33,0.9696969696969697
5,Cl,Random forest,recall,28,33,0.7932564471325438
5,Cl,Random forest,hit_rate,29,33,0.9696969696969697
5,Cl,Random forest,recall,29,33,0.7956837236524361
5,Cl,Random forest,hit_rate,30,33,0.9696969696969697
5,Cl,Random forest,recall,30,33,0.8182426462113586
5,Cl,Random forest,hit_rate,31,33,0.9696969696969697
5,Cl,Random forest,recall,31,33,0.8304655534571143
5,Cl,Random forest,hit_rate,32,33,0.9696969696969697
5,Cl,Random forest,recall,32,33,0.8398238422271677
5,Cl,Random forest,hit_rate,33,33,0.9696969696969697
5,Cl,Random forest,recall,33,33,0.848083424635357
5,Cl,Random forest,hit_rate,34,33,0.9696969696969697
5,Cl,Random forest,recall,34,33,0.8526752033197514
5,Cl,Random forest,hit_rate,35,33,0.9696969696969697
5,Cl,Random forest,recall,35,33,0.8582620798368605
5,Cl,Random forest,hit_rate,36,33,0.9696969696969697
5,Cl,Random forest,recall,36,33,0.8647391310507537
5,Cl,Random forest,hit_rate,37,33,0.9696969696969697
5,Cl,Random forest,recall,37,33,0.8684187847304073
5,Cl,Random forest,hit_rate,38,33,0.9696969696969697
5,Cl,Random forest,recall,38,33,0.8712280322205059
5,Cl,Random forest,hit_rate,39,33,0.9696969696969697
5,Cl,Random forest,recall,39,33,0.8712280322205059
5,Cl,Random forest,hit_rate,40,33,0.9696969696969697
5,Cl,Random forest,recall,40,33,0.8734676738778409
5,Cl,Random forest,hit_rate,41,33,0.9696969696969697
5,Cl,Random forest,recall,41,33,0.8768346772448442
5,Cl,Random forest,hit_rate,42,33,0.9696969696969697
5,Cl,Random forest,recall,42,33,0.8823615774525955
5,Cl,Random forest,hit_rate,43,33,0.9696969696969697
5,Cl,Random forest,recall,43,33,0.8857285808195988
5,Cl,Random forest,hit_rate,44,33,0.9696969696969697
5,Cl,Random forest,recall,44,33,0.8863733261451952
5,Cl,Random forest,hit_rate,45,33,0.9696969696969697
5,Cl,Random forest,recall,45,33,0.8886129678025301
5,Cl,Random forest,hit_rate,46,33,0.9696969696969697
5,Cl,Random forest,recall,46,33,0.890772864643278
5,Cl,Random forest,hit_rate,47,33,0.9696969696969697
5,Cl,Random forest,recall,47,33,0.8936374831189801
5,Cl,Random forest,hit_rate,48,33,0.9696969696969697
5,Cl,Random forest,recall,48,33,0.8949869500795306
5,Cl,Random forest,hit_rate,49,33,0.9696969696969697
5,Cl,Random forest,recall,49,33,0.8963364170400812
5,Cl,Random forest,hit_rate,50,33,0.9696969696969697
5,Cl,Random forest,recall,50,33,0.8969811623656776
5,Cl,Random forest,hit_rate,51,33,0.9696969696969697
5,Cl,Random forest,recall,51,33,0.8969811623656776
5,Cl,Random forest,hit_rate,52,33,0.9696969696969697
5,Cl,Random forest,recall,52,33,0.8976259076912739
5,Cl,Random forest,hit_rate,53,33,0.9696969696969697
5,Cl,Random forest,recall,53,33,0.8998655493486089
5,Cl,Random forest,hit_rate,54,33,0.9696969696969697
5,Cl,Random forest,recall,54,33,0.9005102946742052
5,Cl,Random forest,hit_rate,55,33,0.9696969696969697
5,Cl,Random forest,recall,55,33,0.9005102946742052
5,Cl,Random forest,hit_rate,56,33,0.9696969696969697
5,Cl,Random forest,recall,56,33,0.9011550399998016
5,Cl,Random forest,hit_rate,57,33,0.9696969696969697
5,Cl,Random forest,recall,57,33,0.901799785325398
5,Cl,Random forest,hit_rate,58,33,0.9696969696969697
5,Cl,Random forest,recall,58,33,0.9024445306509943
5,Cl,Random forest,hit_rate,59,33,0.9696969696969697
5,Cl,Random forest,recall,59,33,0.9030892759765907
5,Cl,Random forest,hit_rate,60,33,0.9696969696969697
5,Cl,Random forest,recall,60,33,0.9030892759765907
5,Cl,Random forest,hit_rate,61,33,0.9696969696969697
5,Cl,Random forest,recall,61,33,0.9066032451016435
5,Cl,Random forest,hit_rate,62,33,0.9696969696969697
5,Cl,Random forest,recall,62,33,0.9079527120621941
5,Cl,Random forest,hit_rate,63,33,0.9696969696969697
5,Cl,Random forest,recall,63,33,0.9079527120621941
5,Cl,Random forest,hit_rate,64,33,0.9696969696969697
5,Cl,Random forest,recall,64,33,0.9085974573877904
5,Cl,Random forest,hit_rate,65,33,0.9696969696969697
5,Cl,Random forest,recall,65,33,0.9092422027133868
5,Cl,Random forest,hit_rate,66,33,0.9696969696969697
5,Cl,Random forest,recall,66,33,0.9108370990451253
5,Cl,Random forest,hit_rate,67,33,0.9696969696969697
5,Cl,Random forest,recall,67,33,0.9114818443707217
5,Cl,Random forest,hit_rate,68,33,0.9696969696969697
5,Cl,Random forest,recall,68,33,0.9142910918608201
5,Cl,Random forest,hit_rate,69,33,0.9696969696969697
5,Cl,Random forest,recall,69,33,0.9165307335181551
5,Cl,Random forest,hit_rate,70,33,0.9696969696969697
5,Cl,Random forest,recall,70,33,0.9187703751754899
5,Cl,Random forest,hit_rate,71,33,0.9696969696969697
5,Cl,Random forest,recall,71,33,0.9231745189973268
5,Cl,Random forest,hit_rate,72,33,0.9696969696969697
5,Cl,Random forest,recall,72,33,0.9254141606546618
5,Cl,Random forest,hit_rate,73,33,0.9696969696969697
5,Cl,Random forest,recall,73,33,0.9276538023119966
5,Cl,Random forest,hit_rate,74,33,0.9696969696969697
5,Cl,Random forest,recall,74,33,0.9298183044764987
5,Cl,Random forest,hit_rate,75,33,0.9696969696969697
5,Cl,Random forest,recall,75,33,0.9314132008082372
5,Cl,Random forest,hit_rate,76,33,0.9696969696969697
5,Cl,Random forest,recall,76,33,0.9336528424655719
5,Cl,Random forest,hit_rate,77,33,0.9696969696969697
5,Cl,Random forest,recall,77,33,0.9352477387973104
5,Cl,Random forest,hit_rate,78,33,1.0
5,Cl,Random forest,recall,78,33,0.9469436452300588
5,Cl,Random forest,hit_rate,79,33,1.0
5,Cl,Random forest,recall,79,33,0.9492432631967515
5,Cl,Random forest,hit_rate,80,33,1.0
5,Cl,Random forest,recall,80,33,0.9492432631967515
5,Cl,Random forest,hit_rate,81,33,1.0
5,Cl,Random forest,recall,81,33,0.9492432631967515
5,Cl,Random forest,hit_rate,82,33,1.0
5,Cl,Random forest,recall,82,33,0.9600489949327159
5,Cl,Random forest,hit_rate,83,33,1.0
5,Cl,Random forest,recall,83,33,0.9600489949327159
5,Cl,Random forest,hit_rate,84,33,1.0
5,Cl,Random forest,recall,84,33,0.9600489949327159
5,Cl,Random forest,hit_rate,85,33,1.0
5,Cl,Random forest,recall,85,33,0.9600489949327159
5,Cl,Random forest,hit_rate,86,33,1.0
5,Cl,Random forest,recall,86,33,0.9701500050337258
5,Cl,Random forest,hit_rate,87,33,1.0
5,Cl,Random forest,recall,87,33,0.9701500050337258
5,Cl,Random forest,hit_rate,88,33,1.0
5,Cl,Random forest,recall,88,33,0.9723145071982282
5,Cl,Random forest,hit_rate,89,33,1.0
5,Cl,Random forest,recall,89,33,0.9723145071982282
5,Cl,Random forest,hit_rate,90,33,1.0
5,Cl,Random forest,recall,90,33,0.9723145071982282
5,Cl,Random forest,hit_rate,91,33,1.0
5,Cl,Random forest,recall,91,33,0.9723145071982282
5,Cl,Random forest,hit_rate,92,33,1.0
5,Cl,Random forest,recall,92,33,0.9723145071982282
5,Cl,Random forest,hit_rate,93,33,1.0
5,Cl,Random forest,recall,93,33,0.9723145071982282
5,Cl,Random forest,hit_rate,94,33,1.0
5,Cl,Random forest,recall,94,33,0.9723145071982282
5,Cl,Random forest,hit_rate,95,33,1.0
5,Cl,Random forest,recall,95,33,0.9723145071982282
5,Cl,Random forest,hit_rate,96,33,1.0
5,Cl,Random forest,recall,96,33,0.9730192288331825
5,Cl,Random forest,hit_rate,97,33,1.0
5,Cl,Random forest,recall,97,33,0.9730192288331825
5,Cl,Random forest,hit_rate,98,33,1.0
5,Cl,Random forest,recall,98,33,0.9730192288331825
5,Cl,Random forest,hit_rate,99,33,1.0
5,Cl,Random forest,recall,99,33,0.9730192288331825
5,Cl,Random forest,hit_rate,100,33,1.0
5,Cl,Random forest,recall,100,33,0.9730192288331825
5,Cl,Random forest,hit_rate,101,33,1.0
5,Cl,Random forest,recall,101,33,0.9730192288331825
5,Cl,Random forest,hit_rate,102,33,1.0
5,Cl,Random forest,recall,102,33,0.9751837309976845
5,Cl,Random forest,hit_rate,103,33,1.0
5,Cl,Random forest,recall,103,33,0.9751837309976845
5,Cl,Random forest,hit_rate,104,33,1.0
5,Cl,Random forest,recall,104,33,0.9751837309976845
5,Cl,Random forest,hit_rate,105,33,1.0
5,Cl,Random forest,recall,105,33,0.9751837309976845
5,Cl,Random forest,hit_rate,106,33,1.0
5,Cl,Random forest,recall,106,33,0.9758884526326386
5,Cl,Random forest,hit_rate,107,33,1.0
5,Cl,Random forest,recall,107,33,0.9780529547971408
5,Cl,Random forest,hit_rate,108,33,1.0
5,Cl,Random forest,recall,108,33,0.980217456961643
5,Cl,Random forest,hit_rate,109,33,1.0
5,Cl,Random forest,recall,109,33,0.9823819591261453
5,Cl,Random forest,hit_rate,110,33,1.0
5,Cl,Random forest,recall,110,33,0.9830866807610993
5,Cl,Random forest,hit_rate,111,33,1.0
5,Cl,Random forest,recall,111,33,0.9837914023960536
5,Cl,Random forest,hit_rate,112,33,1.0
5,Cl,Random forest,recall,112,33,0.9837914023960536
5,Cl,Random forest,hit_rate,113,33,1.0
5,Cl,Random forest,recall,113,33,0.9837914023960536
5,Cl,Random forest,hit_rate,114,33,1.0
5,Cl,Random forest,recall,114,33,0.9837914023960536
5,Cl,Random forest,hit_rate,115,33,1.0
5,Cl,Random forest,recall,115,33,0.9837914023960536
5,Cl,Random forest,hit_rate,116,33,1.0
5,Cl,Random forest,recall,116,33,0.9837914023960536
5,Cl,Random forest,hit_rate,117,33,1.0
5,Cl,Random forest,recall,117,33,0.9837914023960536
5,Cl,Random forest,hit_rate,118,33,1.0
5,Cl,Random forest,recall,118,33,0.9837914023960536
5,Cl,Random forest,hit_rate,119,33,1.0
5,Cl,Random forest,recall,119,33,0.9837914023960536
5,Cl,Random forest,hit_rate,120,33,1.0
5,Cl,Random forest,recall,120,33,0.9844961240310078
5,Cl,Random forest,hit_rate,121,33,1.0
5,Cl,Random forest,recall,121,33,0.9844961240310078
5,Cl,Random forest,hit_rate,122,33,1.0
5,Cl,Random forest,recall,122,33,0.9844961240310078
5,Cl,Random forest,hit_rate,123,33,1.0
5,Cl,Random forest,recall,123,33,0.9844961240310078
5,Cl,Random forest,hit_rate,124,33,1.0
5,Cl,Random forest,recall,124,33,0.9844961240310078
5,Cl,Random forest,hit_rate,125,33,1.0
5,Cl,Random forest,recall,125,33,0.9844961240310078
5,Cl,Random forest,hit_rate,126,33,1.0
5,Cl,Random forest,recall,126,33,0.9844961240310078
5,Cl,Random forest,hit_rate,127,33,1.0
5,Cl,Random forest,recall,127,33,0.9844961240310078
5,Cl,Random forest,hit_rate,128,33,1.0
5,Cl,Random forest,recall,128,33,0.9844961240310078
5,Cl,Random forest,hit_rate,129,33,1.0
5,Cl,Random forest,recall,129,33,0.9844961240310078
5,Cl,Random forest,hit_rate,130,33,1.0
5,Cl,Random forest,recall,130,33,0.9844961240310078
5,Cl,Random forest,hit_rate,131,33,1.0
5,Cl,Random forest,recall,131,33,0.9844961240310078
5,Cl,Random forest,hit_rate,132,33,1.0
5,Cl,Random forest,recall,132,33,0.9844961240310078
5,Cl,Random forest,hit_rate,133,33,1.0
5,Cl,Random forest,recall,133,33,0.9844961240310078
5,Cl,Random forest,hit_rate,134,33,1.0
5,Cl,Random forest,recall,134,33,0.9844961240310078
5,Cl,Random forest,hit_rate,135,33,1.0
5,Cl,Random forest,recall,135,33,0.9844961240310078
5,Cl,Random forest,hit_rate,136,33,1.0
5,Cl,Random forest,recall,136,33,0.9844961240310078
5,Cl,Random forest,hit_rate,137,33,1.0
5,Cl,Random forest,recall,137,33,0.9852008456659619
5,Cl,Random forest,hit_rate,138,33,1.0
5,Cl,Random forest,recall,138,33,0.9859055673009162
5,Cl,Random forest,hit_rate,139,33,1.0
5,Cl,Random forest,recall,139,33,0.9859055673009162
5,Cl,Random forest,hit_rate,140,33,1.0
5,Cl,Random forest,recall,140,33,0.9859055673009162
5,Cl,Random forest,hit_rate,141,33,1.0
5,Cl,Random forest,recall,141,33,0.9859055673009162
5,Cl,Random forest,hit_rate,142,33,1.0
5,Cl,Random forest,recall,142,33,0.9859055673009162
5,Cl,Random forest,hit_rate,143,33,1.0
5,Cl,Random forest,recall,143,33,0.9859055673009162
5,Cl,Random forest,hit_rate,144,33,1.0
5,Cl,Random forest,recall,144,33,0.9859055673009162
5,Cl,Random forest,hit_rate,145,33,1.0
5,Cl,Random forest,recall,145,33,0.9859055673009162
5,Cl,Random forest,hit_rate,146,33,1.0
5,Cl,Random forest,recall,146,33,0.9859055673009162
5,Cl,Random forest,hit_rate,147,33,1.0
5,Cl,Random forest,recall,147,33,0.9859055673009162
5,Cl,Random forest,hit_rate,148,33,1.0
5,Cl,Random forest,recall,148,33,0.9859055673009162
5,Cl,Random forest,hit_rate,149,33,1.0
5,Cl,Random forest,recall,149,33,0.9859055673009162
5,Cl,Random forest,hit_rate,150,33,1.0
5,Cl,Random forest,recall,150,33,0.9859055673009162
5,Br,UltraMS,hit_rate,5,23,0.8695652173913043
5,Br,UltraMS,recall,5,23,0.6202954760499517
5,Br,UltraMS,hit_rate,6,23,0.8695652173913043
5,Br,UltraMS,recall,6,23,0.6374587049778867
5,Br,UltraMS,hit_rate,7,23,0.9565217391304348
5,Br,UltraMS,recall,7,23,0.7352543449730152
5,Br,UltraMS,hit_rate,8,23,1.0
5,Br,UltraMS,recall,8,23,0.8205841898936529
5,Br,UltraMS,hit_rate,9,23,1.0
5,Br,UltraMS,recall,9,23,0.8450444695968993
5,Br,UltraMS,hit_rate,10,23,1.0
5,Br,UltraMS,recall,10,23,0.8549931739190051
5,Br,UltraMS,hit_rate,11,23,1.0
5,Br,UltraMS,recall,11,23,0.8730352341605538
5,Br,UltraMS,hit_rate,12,23,1.0
5,Br,UltraMS,recall,12,23,0.8852613711948749
5,Br,UltraMS,hit_rate,13,23,1.0
5,Br,UltraMS,recall,13,23,0.8991626446869413
5,Br,UltraMS,hit_rate,14,23,1.0
5,Br,UltraMS,recall,14,23,0.9148541995089311
5,Br,UltraMS,hit_rate,15,23,1.0
5,Br,UltraMS,recall,15,23,0.924522791786219
5,Br,UltraMS,hit_rate,16,23,1.0
5,Br,UltraMS,recall,16,23,0.9367489288205401
5,Br,UltraMS,hit_rate,17,23,1.0
5,Br,UltraMS,recall,17,23,0.9433531515372948
5,Br,UltraMS,hit_rate,18,23,1.0
5,Br,UltraMS,recall,18,23,0.9478869808793083
5,Br,UltraMS,hit_rate,19,23,1.0
5,Br,UltraMS,recall,19,23,0.9568627450980393
5,Br,UltraMS,hit_rate,20,23,1.0
5,Br,UltraMS,recall,20,23,0.9658385093167702
5,Br,UltraMS,hit_rate,21,23,1.0
5,Br,UltraMS,recall,21,23,0.9717673630717109
5,Br,UltraMS,hit_rate,22,23,1.0
5,Br,UltraMS,recall,22,23,0.973837756446452
5,Br,UltraMS,hit_rate,23,23,1.0
5,Br,UltraMS,recall,23,23,0.973837756446452
5,Br,UltraMS,hit_rate,24,23,1.0
5,Br,UltraMS,recall,24,23,0.9797666102013929
5,Br,UltraMS,hit_rate,25,23,1.0
5,Br,UltraMS,recall,25,23,0.9837191793713533
5,Br,UltraMS,hit_rate,26,23,1.0
5,Br,UltraMS,recall,26,23,0.9856954639563336
5,Br,UltraMS,hit_rate,27,23,1.0
5,Br,UltraMS,recall,27,23,0.9876717485413138
5,Br,UltraMS,hit_rate,28,23,1.0
5,Br,UltraMS,recall,28,23,0.989648033126294
5,Br,UltraMS,hit_rate,29,23,1.0
5,Br,UltraMS,recall,29,23,0.989648033126294
5,Br,UltraMS,hit_rate,30,23,1.0
5,Br,UltraMS,recall,30,23,0.9917184265010353
5,Br,UltraMS,hit_rate,31,23,1.0
5,Br,UltraMS,recall,31,23,0.9917184265010353
5,Br,UltraMS,hit_rate,32,23,1.0
5,Br,UltraMS,recall,32,23,0.9937888198757764
5,Br,UltraMS,hit_rate,33,23,1.0
5,Br,UltraMS,recall,33,23,0.9937888198757764
5,Br,UltraMS,hit_rate,34,23,1.0
5,Br,UltraMS,recall,34,23,0.9958592132505176
5,Br,UltraMS,hit_rate,35,23,1.0
5,Br,UltraMS,recall,35,23,0.9958592132505176
5,Br,UltraMS,hit_rate,36,23,1.0
5,Br,UltraMS,recall,36,23,0.9979296066252588
5,Br,UltraMS,hit_rate,37,23,1.0
5,Br,UltraMS,recall,37,23,0.9979296066252588
5,Br,UltraMS,hit_rate,38,23,1.0
5,Br,UltraMS,recall,38,23,1.0
5,Br,UltraMS,hit_rate,39,23,1.0
5,Br,UltraMS,recall,39,23,1.0
5,Br,UltraMS,hit_rate,40,23,1.0
5,Br,UltraMS,recall,40,23,1.0
5,Br,UltraMS,hit_rate,41,23,1.0
5,Br,UltraMS,recall,41,23,1.0
5,Br,UltraMS,hit_rate,42,23,1.0
5,Br,UltraMS,recall,42,23,1.0
5,Br,UltraMS,hit_rate,43,23,1.0
5,Br,UltraMS,recall,43,23,1.0
5,Br,UltraMS,hit_rate,44,23,1.0
5,Br,UltraMS,recall,44,23,1.0
5,Br,UltraMS,hit_rate,45,23,1.0
5,Br,UltraMS,recall,45,23,1.0
5,Br,UltraMS,hit_rate,46,23,1.0
5,Br,UltraMS,recall,46,23,1.0
5,Br,UltraMS,hit_rate,47,23,1.0
5,Br,UltraMS,recall,47,23,1.0
5,Br,UltraMS,hit_rate,48,23,1.0
5,Br,UltraMS,recall,48,23,1.0
5,Br,UltraMS,hit_rate,49,23,1.0
5,Br,UltraMS,recall,49,23,1.0
5,Br,UltraMS,hit_rate,50,23,1.0
5,Br,UltraMS,recall,50,23,1.0
5,Br,UltraMS,hit_rate,51,23,1.0
5,Br,UltraMS,recall,51,23,1.0
5,Br,UltraMS,hit_rate,52,23,1.0
5,Br,UltraMS,recall,52,23,1.0
5,Br,UltraMS,hit_rate,53,23,1.0
5,Br,UltraMS,recall,53,23,1.0
5,Br,UltraMS,hit_rate,54,23,1.0
5,Br,UltraMS,recall,54,23,1.0
5,Br,UltraMS,hit_rate,55,23,1.0
5,Br,UltraMS,recall,55,23,1.0
5,Br,UltraMS,hit_rate,56,23,1.0
5,Br,UltraMS,recall,56,23,1.0
5,Br,UltraMS,hit_rate,57,23,1.0
5,Br,UltraMS,recall,57,23,1.0
5,Br,UltraMS,hit_rate,58,23,1.0
5,Br,UltraMS,recall,58,23,1.0
5,Br,UltraMS,hit_rate,59,23,1.0
5,Br,UltraMS,recall,59,23,1.0
5,Br,UltraMS,hit_rate,60,23,1.0
5,Br,UltraMS,recall,60,23,1.0
5,Br,UltraMS,hit_rate,61,23,1.0
5,Br,UltraMS,recall,61,23,1.0
5,Br,UltraMS,hit_rate,62,23,1.0
5,Br,UltraMS,recall,62,23,1.0
5,Br,UltraMS,hit_rate,63,23,1.0
5,Br,UltraMS,recall,63,23,1.0
5,Br,UltraMS,hit_rate,64,23,1.0
5,Br,UltraMS,recall,64,23,1.0
5,Br,UltraMS,hit_rate,65,23,1.0
5,Br,UltraMS,recall,65,23,1.0
5,Br,UltraMS,hit_rate,66,23,1.0
5,Br,UltraMS,recall,66,23,1.0
5,Br,UltraMS,hit_rate,67,23,1.0
5,Br,UltraMS,recall,67,23,1.0
5,Br,UltraMS,hit_rate,68,23,1.0
5,Br,UltraMS,recall,68,23,1.0
5,Br,UltraMS,hit_rate,69,23,1.0
5,Br,UltraMS,recall,69,23,1.0
5,Br,UltraMS,hit_rate,70,23,1.0
5,Br,UltraMS,recall,70,23,1.0
5,Br,UltraMS,hit_rate,71,23,1.0
5,Br,UltraMS,recall,71,23,1.0
5,Br,UltraMS,hit_rate,72,23,1.0
5,Br,UltraMS,recall,72,23,1.0
5,Br,UltraMS,hit_rate,73,23,1.0
5,Br,UltraMS,recall,73,23,1.0
5,Br,UltraMS,hit_rate,74,23,1.0
5,Br,UltraMS,recall,74,23,1.0
5,Br,UltraMS,hit_rate,75,23,1.0
5,Br,UltraMS,recall,75,23,1.0
5,Br,UltraMS,hit_rate,76,23,1.0
5,Br,UltraMS,recall,76,23,1.0
5,Br,UltraMS,hit_rate,77,23,1.0
5,Br,UltraMS,recall,77,23,1.0
5,Br,UltraMS,hit_rate,78,23,1.0
5,Br,UltraMS,recall,78,23,1.0
5,Br,UltraMS,hit_rate,79,23,1.0
5,Br,UltraMS,recall,79,23,1.0
5,Br,UltraMS,hit_rate,80,23,1.0
5,Br,UltraMS,recall,80,23,1.0
5,Br,UltraMS,hit_rate,81,23,1.0
5,Br,UltraMS,recall,81,23,1.0
5,Br,UltraMS,hit_rate,82,23,1.0
5,Br,UltraMS,recall,82,23,1.0
5,Br,UltraMS,hit_rate,83,23,1.0
5,Br,UltraMS,recall,83,23,1.0
5,Br,UltraMS,hit_rate,84,23,1.0
5,Br,UltraMS,recall,84,23,1.0
5,Br,UltraMS,hit_rate,85,23,1.0
5,Br,UltraMS,recall,85,23,1.0
5,Br,UltraMS,hit_rate,86,23,1.0
5,Br,UltraMS,recall,86,23,1.0
5,Br,UltraMS,hit_rate,87,23,1.0
5,Br,UltraMS,recall,87,23,1.0
5,Br,UltraMS,hit_rate,88,23,1.0
5,Br,UltraMS,recall,88,23,1.0
5,Br,UltraMS,hit_rate,89,23,1.0
5,Br,UltraMS,recall,89,23,1.0
5,Br,UltraMS,hit_rate,90,23,1.0
5,Br,UltraMS,recall,90,23,1.0
5,Br,UltraMS,hit_rate,91,23,1.0
5,Br,UltraMS,recall,91,23,1.0
5,Br,UltraMS,hit_rate,92,23,1.0
5,Br,UltraMS,recall,92,23,1.0
5,Br,UltraMS,hit_rate,93,23,1.0
5,Br,UltraMS,recall,93,23,1.0
5,Br,UltraMS,hit_rate,94,23,1.0
5,Br,UltraMS,recall,94,23,1.0
5,Br,UltraMS,hit_rate,95,23,1.0
5,Br,UltraMS,recall,95,23,1.0
5,Br,UltraMS,hit_rate,96,23,1.0
5,Br,UltraMS,recall,96,23,1.0
5,Br,UltraMS,hit_rate,97,23,1.0
5,Br,UltraMS,recall,97,23,1.0
5,Br,UltraMS,hit_rate,98,23,1.0
5,Br,UltraMS,recall,98,23,1.0
5,Br,UltraMS,hit_rate,99,23,1.0
5,Br,UltraMS,recall,99,23,1.0
5,Br,UltraMS,hit_rate,100,23,1.0
5,Br,UltraMS,recall,100,23,1.0
5,Br,UltraMS,hit_rate,101,23,1.0
5,Br,UltraMS,recall,101,23,1.0
5,Br,UltraMS,hit_rate,102,23,1.0
5,Br,UltraMS,recall,102,23,1.0
5,Br,UltraMS,hit_rate,103,23,1.0
5,Br,UltraMS,recall,103,23,1.0
5,Br,UltraMS,hit_rate,104,23,1.0
5,Br,UltraMS,recall,104,23,1.0
5,Br,UltraMS,hit_rate,105,23,1.0
5,Br,UltraMS,recall,105,23,1.0
5,Br,UltraMS,hit_rate,106,23,1.0
5,Br,UltraMS,recall,106,23,1.0
5,Br,UltraMS,hit_rate,107,23,1.0
5,Br,UltraMS,recall,107,23,1.0
5,Br,UltraMS,hit_rate,108,23,1.0
5,Br,UltraMS,recall,108,23,1.0
5,Br,UltraMS,hit_rate,109,23,1.0
5,Br,UltraMS,recall,109,23,1.0
5,Br,UltraMS,hit_rate,110,23,1.0
5,Br,UltraMS,recall,110,23,1.0
5,Br,UltraMS,hit_rate,111,23,1.0
5,Br,UltraMS,recall,111,23,1.0
5,Br,UltraMS,hit_rate,112,23,1.0
5,Br,UltraMS,recall,112,23,1.0
5,Br,UltraMS,hit_rate,113,23,1.0
5,Br,UltraMS,recall,113,23,1.0
5,Br,UltraMS,hit_rate,114,23,1.0
5,Br,UltraMS,recall,114,23,1.0
5,Br,UltraMS,hit_rate,115,23,1.0
5,Br,UltraMS,recall,115,23,1.0
5,Br,UltraMS,hit_rate,116,23,1.0
5,Br,UltraMS,recall,116,23,1.0
5,Br,UltraMS,hit_rate,117,23,1.0
5,Br,UltraMS,recall,117,23,1.0
5,Br,UltraMS,hit_rate,118,23,1.0
5,Br,UltraMS,recall,118,23,1.0
5,Br,UltraMS,hit_rate,119,23,1.0
5,Br,UltraMS,recall,119,23,1.0
5,Br,UltraMS,hit_rate,120,23,1.0
5,Br,UltraMS,recall,120,23,1.0
5,Br,UltraMS,hit_rate,121,23,1.0
5,Br,UltraMS,recall,121,23,1.0
5,Br,UltraMS,hit_rate,122,23,1.0
5,Br,UltraMS,recall,122,23,1.0
5,Br,UltraMS,hit_rate,123,23,1.0
5,Br,UltraMS,recall,123,23,1.0
5,Br,UltraMS,hit_rate,124,23,1.0
5,Br,UltraMS,recall,124,23,1.0
5,Br,UltraMS,hit_rate,125,23,1.0
5,Br,UltraMS,recall,125,23,1.0
5,Br,UltraMS,hit_rate,126,23,1.0
5,Br,UltraMS,recall,126,23,1.0
5,Br,UltraMS,hit_rate,127,23,1.0
5,Br,UltraMS,recall,127,23,1.0
5,Br,UltraMS,hit_rate,128,23,1.0
5,Br,UltraMS,recall,128,23,1.0
5,Br,UltraMS,hit_rate,129,23,1.0
5,Br,UltraMS,recall,129,23,1.0
5,Br,UltraMS,hit_rate,130,23,1.0
5,Br,UltraMS,recall,130,23,1.0
5,Br,UltraMS,hit_rate,131,23,1.0
5,Br,UltraMS,recall,131,23,1.0
5,Br,UltraMS,hit_rate,132,23,1.0
5,Br,UltraMS,recall,132,23,1.0
5,Br,UltraMS,hit_rate,133,23,1.0
5,Br,UltraMS,recall,133,23,1.0
5,Br,UltraMS,hit_rate,134,23,1.0
5,Br,UltraMS,recall,134,23,1.0
5,Br,UltraMS,hit_rate,135,23,1.0
5,Br,UltraMS,recall,135,23,1.0
5,Br,UltraMS,hit_rate,136,23,1.0
5,Br,UltraMS,recall,136,23,1.0
5,Br,UltraMS,hit_rate,137,23,1.0
5,Br,UltraMS,recall,137,23,1.0
5,Br,UltraMS,hit_rate,138,23,1.0
5,Br,UltraMS,recall,138,23,1.0
5,Br,UltraMS,hit_rate,139,23,1.0
5,Br,UltraMS,recall,139,23,1.0
5,Br,UltraMS,hit_rate,140,23,1.0
5,Br,UltraMS,recall,140,23,1.0
5,Br,UltraMS,hit_rate,141,23,1.0
5,Br,UltraMS,recall,141,23,1.0
5,Br,UltraMS,hit_rate,142,23,1.0
5,Br,UltraMS,recall,142,23,1.0
5,Br,UltraMS,hit_rate,143,23,1.0
5,Br,UltraMS,recall,143,23,1.0
5,Br,UltraMS,hit_rate,144,23,1.0
5,Br,UltraMS,recall,144,23,1.0
5,Br,UltraMS,hit_rate,145,23,1.0
5,Br,UltraMS,recall,145,23,1.0
5,Br,UltraMS,hit_rate,146,23,1.0
5,Br,UltraMS,recall,146,23,1.0
5,Br,UltraMS,hit_rate,147,23,1.0
5,Br,UltraMS,recall,147,23,1.0
5,Br,UltraMS,hit_rate,148,23,1.0
5,Br,UltraMS,recall,148,23,1.0
5,Br,UltraMS,hit_rate,149,23,1.0
5,Br,UltraMS,recall,149,23,1.0
5,Br,UltraMS,hit_rate,150,23,1.0
5,Br,UltraMS,recall,150,23,1.0
5,Br,DreaMS,hit_rate,5,23,0.8695652173913043
5,Br,DreaMS,recall,5,23,0.630486052736692
5,Br,DreaMS,hit_rate,6,23,0.8695652173913043
5,Br,DreaMS,recall,6,23,0.665827522860771
5,Br,DreaMS,hit_rate,7,23,0.8695652173913043
5,Br,DreaMS,recall,7,23,0.6757762271828769
5,Br,DreaMS,hit_rate,8,23,0.8695652173913043
5,Br,DreaMS,recall,8,23,0.6857249315049827
5,Br,DreaMS,hit_rate,9,23,0.9565217391304348
5,Br,DreaMS,recall,9,23,0.7377836996762829
5,Br,DreaMS,hit_rate,10,23,0.9565217391304348
5,Br,DreaMS,recall,10,23,0.7443879223930374
5,Br,DreaMS,hit_rate,11,23,0.9565217391304348
5,Br,DreaMS,recall,11,23,0.7646155208815056
5,Br,DreaMS,hit_rate,12,23,0.9565217391304348
5,Br,DreaMS,recall,12,23,0.7646155208815056
5,Br,DreaMS,hit_rate,13,23,0.9565217391304348
5,Br,DreaMS,recall,13,23,0.7754546391375036
5,Br,DreaMS,hit_rate,14,23,0.9565217391304348
5,Br,DreaMS,recall,14,23,0.7820588618542582
5,Br,DreaMS,hit_rate,15,23,0.9565217391304348
5,Br,DreaMS,recall,15,23,0.7840351464392386
5,Br,DreaMS,hit_rate,16,23,0.9565217391304348
5,Br,DreaMS,recall,16,23,0.7934025905892913
5,Br,DreaMS,hit_rate,17,23,0.9565217391304348
5,Br,DreaMS,recall,17,23,0.8021713154705481
5,Br,DreaMS,hit_rate,18,23,0.9565217391304348
5,Br,DreaMS,recall,18,23,0.809076686314538
5,Br,DreaMS,hit_rate,19,23,0.9565217391304348
5,Br,DreaMS,recall,19,23,0.8173770815714549
5,Br,DreaMS,hit_rate,20,23,0.9565217391304348
5,Br,DreaMS,recall,20,23,0.8193533661564353
5,Br,DreaMS,hit_rate,21,23,0.9565217391304348
5,Br,DreaMS,recall,21,23,0.8214237595311763
5,Br,DreaMS,hit_rate,22,23,0.9565217391304348
5,Br,DreaMS,recall,22,23,0.8234941529059177
5,Br,DreaMS,hit_rate,23,23,0.9565217391304348
5,Br,DreaMS,recall,23,23,0.8295171154506192
5,Br,DreaMS,hit_rate,24,23,0.9565217391304348
5,Br,DreaMS,recall,24,23,0.835841226122556
5,Br,DreaMS,hit_rate,25,23,0.9565217391304348
5,Br,DreaMS,recall,25,23,0.8485835562561905
5,Br,DreaMS,hit_rate,26,23,0.9565217391304348
5,Br,DreaMS,recall,26,23,0.8539043224465219
5,Br,DreaMS,hit_rate,27,23,0.9565217391304348
5,Br,DreaMS,recall,27,23,0.8657352025638473
5,Br,DreaMS,hit_rate,28,23,0.9565217391304348
5,Br,DreaMS,recall,28,23,0.8784775326974817
5,Br,DreaMS,hit_rate,29,23,0.9565217391304348
5,Br,DreaMS,recall,29,23,0.8805479260722228
5,Br,DreaMS,hit_rate,30,23,0.9565217391304348
5,Br,DreaMS,recall,30,23,0.8825242106572031
5,Br,DreaMS,hit_rate,31,23,0.9565217391304348
5,Br,DreaMS,recall,31,23,0.8845004952421833
5,Br,DreaMS,hit_rate,32,23,0.9565217391304348
5,Br,DreaMS,recall,32,23,0.8845004952421833
5,Br,DreaMS,hit_rate,33,23,0.9565217391304348
5,Br,DreaMS,recall,33,23,0.8864767798271637
5,Br,DreaMS,hit_rate,34,23,0.9565217391304348
5,Br,DreaMS,recall,34,23,0.8910106091691771
5,Br,DreaMS,hit_rate,35,23,0.9565217391304348
5,Br,DreaMS,recall,35,23,0.8997062613430901
5,Br,DreaMS,hit_rate,36,23,0.9565217391304348
5,Br,DreaMS,recall,36,23,0.8997062613430901
5,Br,DreaMS,hit_rate,37,23,0.9565217391304348
5,Br,DreaMS,recall,37,23,0.8997062613430901
5,Br,DreaMS,hit_rate,38,23,0.9565217391304348
5,Br,DreaMS,recall,38,23,0.8997062613430901
5,Br,DreaMS,hit_rate,39,23,0.9565217391304348
5,Br,DreaMS,recall,39,23,0.9036588305130505
5,Br,DreaMS,hit_rate,40,23,0.9565217391304348
5,Br,DreaMS,recall,40,23,0.9036588305130505
5,Br,DreaMS,hit_rate,41,23,1.0
5,Br,DreaMS,recall,41,23,0.9356478133971741
5,Br,DreaMS,hit_rate,42,23,1.0
5,Br,DreaMS,recall,42,23,0.945410514464223
5,Br,DreaMS,hit_rate,43,23,1.0
5,Br,DreaMS,recall,43,23,0.945410514464223
5,Br,DreaMS,hit_rate,44,23,1.0
5,Br,DreaMS,recall,44,23,0.945410514464223
5,Br,DreaMS,hit_rate,45,23,1.0
5,Br,DreaMS,recall,45,23,0.9508253894443154
5,Br,DreaMS,hit_rate,46,23,1.0
5,Br,DreaMS,recall,46,23,0.9533829342013486
5,Br,DreaMS,hit_rate,47,23,1.0
5,Br,DreaMS,recall,47,23,0.9533829342013486
5,Br,DreaMS,hit_rate,48,23,1.0
5,Br,DreaMS,recall,48,23,0.9559404789583819
5,Br,DreaMS,hit_rate,49,23,1.0
5,Br,DreaMS,recall,49,23,0.9776796093931645
5,Br,DreaMS,hit_rate,50,23,1.0
5,Br,DreaMS,recall,50,23,0.9776796093931645
5,Br,DreaMS,hit_rate,51,23,1.0
5,Br,DreaMS,recall,51,23,0.9816321785631249
5,Br,DreaMS,hit_rate,52,23,1.0
5,Br,DreaMS,recall,52,23,0.9881422924901185
5,Br,DreaMS,hit_rate,53,23,1.0
5,Br,DreaMS,recall,53,23,0.9881422924901185
5,Br,DreaMS,hit_rate,54,23,1.0
5,Br,DreaMS,recall,54,23,0.9881422924901185
5,Br,DreaMS,hit_rate,55,23,1.0
5,Br,DreaMS,recall,55,23,0.9881422924901185
5,Br,DreaMS,hit_rate,56,23,1.0
5,Br,DreaMS,recall,56,23,0.9881422924901185
5,Br,DreaMS,hit_rate,57,23,1.0
5,Br,DreaMS,recall,57,23,0.9881422924901185
5,Br,DreaMS,hit_rate,58,23,1.0
5,Br,DreaMS,recall,58,23,0.9881422924901185
5,Br,DreaMS,hit_rate,59,23,1.0
5,Br,DreaMS,recall,59,23,0.9881422924901185
5,Br,DreaMS,hit_rate,60,23,1.0
5,Br,DreaMS,recall,60,23,0.9881422924901185
5,Br,DreaMS,hit_rate,61,23,1.0
5,Br,DreaMS,recall,61,23,0.9881422924901185
5,Br,DreaMS,hit_rate,62,23,1.0
5,Br,DreaMS,recall,62,23,0.9881422924901185
5,Br,DreaMS,hit_rate,63,23,1.0
5,Br,DreaMS,recall,63,23,0.9881422924901185
5,Br,DreaMS,hit_rate,64,23,1.0
5,Br,DreaMS,recall,64,23,0.9881422924901185
5,Br,DreaMS,hit_rate,65,23,1.0
5,Br,DreaMS,recall,65,23,0.992094861660079
5,Br,DreaMS,hit_rate,66,23,1.0
5,Br,DreaMS,recall,66,23,0.992094861660079
5,Br,DreaMS,hit_rate,67,23,1.0
5,Br,DreaMS,recall,67,23,0.992094861660079
5,Br,DreaMS,hit_rate,68,23,1.0
5,Br,DreaMS,recall,68,23,0.9960474308300395
5,Br,DreaMS,hit_rate,69,23,1.0
5,Br,DreaMS,recall,69,23,1.0
5,Br,DreaMS,hit_rate,70,23,1.0
5,Br,DreaMS,recall,70,23,1.0
5,Br,DreaMS,hit_rate,71,23,1.0
5,Br,DreaMS,recall,71,23,1.0
5,Br,DreaMS,hit_rate,72,23,1.0
5,Br,DreaMS,recall,72,23,1.0
5,Br,DreaMS,hit_rate,73,23,1.0
5,Br,DreaMS,recall,73,23,1.0
5,Br,DreaMS,hit_rate,74,23,1.0
5,Br,DreaMS,recall,74,23,1.0
5,Br,DreaMS,hit_rate,75,23,1.0
5,Br,DreaMS,recall,75,23,1.0
5,Br,DreaMS,hit_rate,76,23,1.0
5,Br,DreaMS,recall,76,23,1.0
5,Br,DreaMS,hit_rate,77,23,1.0
5,Br,DreaMS,recall,77,23,1.0
5,Br,DreaMS,hit_rate,78,23,1.0
5,Br,DreaMS,recall,78,23,1.0
5,Br,DreaMS,hit_rate,79,23,1.0
5,Br,DreaMS,recall,79,23,1.0
5,Br,DreaMS,hit_rate,80,23,1.0
5,Br,DreaMS,recall,80,23,1.0
5,Br,DreaMS,hit_rate,81,23,1.0
5,Br,DreaMS,recall,81,23,1.0
5,Br,DreaMS,hit_rate,82,23,1.0
5,Br,DreaMS,recall,82,23,1.0
5,Br,DreaMS,hit_rate,83,23,1.0
5,Br,DreaMS,recall,83,23,1.0
5,Br,DreaMS,hit_rate,84,23,1.0
5,Br,DreaMS,recall,84,23,1.0
5,Br,DreaMS,hit_rate,85,23,1.0
5,Br,DreaMS,recall,85,23,1.0
5,Br,DreaMS,hit_rate,86,23,1.0
5,Br,DreaMS,recall,86,23,1.0
5,Br,DreaMS,hit_rate,87,23,1.0
5,Br,DreaMS,recall,87,23,1.0
5,Br,DreaMS,hit_rate,88,23,1.0
5,Br,DreaMS,recall,88,23,1.0
5,Br,DreaMS,hit_rate,89,23,1.0
5,Br,DreaMS,recall,89,23,1.0
5,Br,DreaMS,hit_rate,90,23,1.0
5,Br,DreaMS,recall,90,23,1.0
5,Br,DreaMS,hit_rate,91,23,1.0
5,Br,DreaMS,recall,91,23,1.0
5,Br,DreaMS,hit_rate,92,23,1.0
5,Br,DreaMS,recall,92,23,1.0
5,Br,DreaMS,hit_rate,93,23,1.0
5,Br,DreaMS,recall,93,23,1.0
5,Br,DreaMS,hit_rate,94,23,1.0
5,Br,DreaMS,recall,94,23,1.0
5,Br,DreaMS,hit_rate,95,23,1.0
5,Br,DreaMS,recall,95,23,1.0
5,Br,DreaMS,hit_rate,96,23,1.0
5,Br,DreaMS,recall,96,23,1.0
5,Br,DreaMS,hit_rate,97,23,1.0
5,Br,DreaMS,recall,97,23,1.0
5,Br,DreaMS,hit_rate,98,23,1.0
5,Br,DreaMS,recall,98,23,1.0
5,Br,DreaMS,hit_rate,99,23,1.0
5,Br,DreaMS,recall,99,23,1.0
5,Br,DreaMS,hit_rate,100,23,1.0
5,Br,DreaMS,recall,100,23,1.0
5,Br,DreaMS,hit_rate,101,23,1.0
5,Br,DreaMS,recall,101,23,1.0
5,Br,DreaMS,hit_rate,102,23,1.0
5,Br,DreaMS,recall,102,23,1.0
5,Br,DreaMS,hit_rate,103,23,1.0
5,Br,DreaMS,recall,103,23,1.0
5,Br,DreaMS,hit_rate,104,23,1.0
5,Br,DreaMS,recall,104,23,1.0
5,Br,DreaMS,hit_rate,105,23,1.0
5,Br,DreaMS,recall,105,23,1.0
5,Br,DreaMS,hit_rate,106,23,1.0
5,Br,DreaMS,recall,106,23,1.0
5,Br,DreaMS,hit_rate,107,23,1.0
5,Br,DreaMS,recall,107,23,1.0
5,Br,DreaMS,hit_rate,108,23,1.0
5,Br,DreaMS,recall,108,23,1.0
5,Br,DreaMS,hit_rate,109,23,1.0
5,Br,DreaMS,recall,109,23,1.0
5,Br,DreaMS,hit_rate,110,23,1.0
5,Br,DreaMS,recall,110,23,1.0
5,Br,DreaMS,hit_rate,111,23,1.0
5,Br,DreaMS,recall,111,23,1.0
5,Br,DreaMS,hit_rate,112,23,1.0
5,Br,DreaMS,recall,112,23,1.0
5,Br,DreaMS,hit_rate,113,23,1.0
5,Br,DreaMS,recall,113,23,1.0
5,Br,DreaMS,hit_rate,114,23,1.0
5,Br,DreaMS,recall,114,23,1.0
5,Br,DreaMS,hit_rate,115,23,1.0
5,Br,DreaMS,recall,115,23,1.0
5,Br,DreaMS,hit_rate,116,23,1.0
5,Br,DreaMS,recall,116,23,1.0
5,Br,DreaMS,hit_rate,117,23,1.0
5,Br,DreaMS,recall,117,23,1.0
5,Br,DreaMS,hit_rate,118,23,1.0
5,Br,DreaMS,recall,118,23,1.0
5,Br,DreaMS,hit_rate,119,23,1.0
5,Br,DreaMS,recall,119,23,1.0
5,Br,DreaMS,hit_rate,120,23,1.0
5,Br,DreaMS,recall,120,23,1.0
5,Br,DreaMS,hit_rate,121,23,1.0
5,Br,DreaMS,recall,121,23,1.0
5,Br,DreaMS,hit_rate,122,23,1.0
5,Br,DreaMS,recall,122,23,1.0
5,Br,DreaMS,hit_rate,123,23,1.0
5,Br,DreaMS,recall,123,23,1.0
5,Br,DreaMS,hit_rate,124,23,1.0
5,Br,DreaMS,recall,124,23,1.0
5,Br,DreaMS,hit_rate,125,23,1.0
5,Br,DreaMS,recall,125,23,1.0
5,Br,DreaMS,hit_rate,126,23,1.0
5,Br,DreaMS,recall,126,23,1.0
5,Br,DreaMS,hit_rate,127,23,1.0
5,Br,DreaMS,recall,127,23,1.0
5,Br,DreaMS,hit_rate,128,23,1.0
5,Br,DreaMS,recall,128,23,1.0
5,Br,DreaMS,hit_rate,129,23,1.0
5,Br,DreaMS,recall,129,23,1.0
5,Br,DreaMS,hit_rate,130,23,1.0
5,Br,DreaMS,recall,130,23,1.0
5,Br,DreaMS,hit_rate,131,23,1.0
5,Br,DreaMS,recall,131,23,1.0
5,Br,DreaMS,hit_rate,132,23,1.0
5,Br,DreaMS,recall,132,23,1.0
5,Br,DreaMS,hit_rate,133,23,1.0
5,Br,DreaMS,recall,133,23,1.0
5,Br,DreaMS,hit_rate,134,23,1.0
5,Br,DreaMS,recall,134,23,1.0
5,Br,DreaMS,hit_rate,135,23,1.0
5,Br,DreaMS,recall,135,23,1.0
5,Br,DreaMS,hit_rate,136,23,1.0
5,Br,DreaMS,recall,136,23,1.0
5,Br,DreaMS,hit_rate,137,23,1.0
5,Br,DreaMS,recall,137,23,1.0
5,Br,DreaMS,hit_rate,138,23,1.0
5,Br,DreaMS,recall,138,23,1.0
5,Br,DreaMS,hit_rate,139,23,1.0
5,Br,DreaMS,recall,139,23,1.0
5,Br,DreaMS,hit_rate,140,23,1.0
5,Br,DreaMS,recall,140,23,1.0
5,Br,DreaMS,hit_rate,141,23,1.0
5,Br,DreaMS,recall,141,23,1.0
5,Br,DreaMS,hit_rate,142,23,1.0
5,Br,DreaMS,recall,142,23,1.0
5,Br,DreaMS,hit_rate,143,23,1.0
5,Br,DreaMS,recall,143,23,1.0
5,Br,DreaMS,hit_rate,144,23,1.0
5,Br,DreaMS,recall,144,23,1.0
5,Br,DreaMS,hit_rate,145,23,1.0
5,Br,DreaMS,recall,145,23,1.0
5,Br,DreaMS,hit_rate,146,23,1.0
5,Br,DreaMS,recall,146,23,1.0
5,Br,DreaMS,hit_rate,147,23,1.0
5,Br,DreaMS,recall,147,23,1.0
5,Br,DreaMS,hit_rate,148,23,1.0
5,Br,DreaMS,recall,148,23,1.0
5,Br,DreaMS,hit_rate,149,23,1.0
5,Br,DreaMS,recall,149,23,1.0
5,Br,DreaMS,hit_rate,150,23,1.0
5,Br,DreaMS,recall,150,23,1.0
5,Br,Linear SVM,hit_rate,5,23,0.8695652173913043
5,Br,Linear SVM,recall,5,23,0.5204620613827775
5,Br,Linear SVM,hit_rate,6,23,0.8695652173913043
5,Br,Linear SVM,recall,6,23,0.5441774764025403
5,Br,Linear SVM,hit_rate,7,23,0.8695652173913043
5,Br,Linear SVM,recall,7,23,0.5441774764025403
5,Br,Linear SVM,hit_rate,8,23,0.8695652173913043
5,Br,Linear SVM,recall,8,23,0.5467350211595737
5,Br,Linear SVM,hit_rate,9,23,0.8695652173913043
5,Br,Linear SVM,recall,9,23,0.5662697915894848
5,Br,Linear SVM,hit_rate,10,23,0.8695652173913043
5,Br,Linear SVM,recall,10,23,0.5715905577798162
5,Br,Linear SVM,hit_rate,11,23,0.9130434782608695
5,Br,Linear SVM,recall,11,23,0.6441991086492366
5,Br,Linear SVM,hit_rate,12,23,0.9130434782608695
5,Br,Linear SVM,recall,12,23,0.6721494192082428
5,Br,Linear SVM,hit_rate,13,23,0.9130434782608695
5,Br,Linear SVM,recall,13,23,0.6721494192082428
5,Br,Linear SVM,hit_rate,14,23,0.9130434782608695
5,Br,Linear SVM,recall,14,23,0.6804498144651597
5,Br,Linear SVM,hit_rate,15,23,1.0
5,Br,Linear SVM,recall,15,23,0.7293429503148173
5,Br,Linear SVM,hit_rate,16,23,1.0
5,Br,Linear SVM,recall,16,23,0.7638244108832345
5,Br,Linear SVM,hit_rate,17,23,1.0
5,Br,Linear SVM,recall,17,23,0.7718236580129164
5,Br,Linear SVM,hit_rate,18,23,1.0
5,Br,Linear SVM,recall,18,23,0.7751681396182676
5,Br,Linear SVM,hit_rate,19,23,1.0
5,Br,Linear SVM,recall,19,23,0.7944227980033609
5,Br,Linear SVM,hit_rate,20,23,1.0
5,Br,Linear SVM,recall,20,23,0.796980342760394
5,Br,Linear SVM,hit_rate,21,23,1.0
5,Br,Linear SVM,recall,21,23,0.805466741272368
5,Br,Linear SVM,hit_rate,22,23,1.0
5,Br,Linear SVM,recall,22,23,0.8241110977683868
5,Br,Linear SVM,hit_rate,23,23,1.0
5,Br,Linear SVM,recall,23,23,0.8315022573334595
5,Br,Linear SVM,hit_rate,24,23,1.0
5,Br,Linear SVM,recall,24,23,0.8420590492201746
5,Br,Linear SVM,hit_rate,25,23,1.0
5,Br,Linear SVM,recall,25,23,0.8440353338051547
5,Br,Linear SVM,hit_rate,26,23,1.0
5,Br,Linear SVM,recall,26,23,0.8528040586864115
5,Br,Linear SVM,hit_rate,27,23,1.0
5,Br,Linear SVM,recall,27,23,0.8573378880284251
5,Br,Linear SVM,hit_rate,28,23,1.0
5,Br,Linear SVM,recall,28,23,0.8613845659881466
5,Br,Linear SVM,hit_rate,29,23,1.0
5,Br,Linear SVM,recall,29,23,0.8721295754543837
5,Br,Linear SVM,hit_rate,30,23,1.0
5,Br,Linear SVM,recall,30,23,0.88603084894645
5,Br,Linear SVM,hit_rate,31,23,1.0
5,Br,Linear SVM,recall,31,23,0.8953041843067417
5,Br,Linear SVM,hit_rate,32,23,1.0
5,Br,Linear SVM,recall,32,23,0.9050668853737907
5,Br,Linear SVM,hit_rate,33,23,1.0
5,Br,Linear SVM,recall,33,23,0.9071372787485319
5,Br,Linear SVM,hit_rate,34,23,1.0
5,Br,Linear SVM,recall,34,23,0.9137415014652867
5,Br,Linear SVM,hit_rate,35,23,1.0
5,Br,Linear SVM,recall,35,23,0.9217407485949687
5,Br,Linear SVM,hit_rate,36,23,1.0
5,Br,Linear SVM,recall,36,23,0.9297131683320943
5,Br,Linear SVM,hit_rate,37,23,1.0
5,Br,Linear SVM,recall,37,23,0.9336657375020547
5,Br,Linear SVM,hit_rate,38,23,1.0
5,Br,Linear SVM,recall,38,23,0.9434284385691035
5,Br,Linear SVM,hit_rate,39,23,1.0
5,Br,Linear SVM,recall,39,23,0.9434284385691035
5,Br,Linear SVM,hit_rate,40,23,1.0
5,Br,Linear SVM,recall,40,23,0.9459859833261367
5,Br,Linear SVM,hit_rate,41,23,1.0
5,Br,Linear SVM,recall,41,23,0.9741433332226171
5,Br,Linear SVM,hit_rate,42,23,1.0
5,Br,Linear SVM,recall,42,23,0.9767008779796503
5,Br,Linear SVM,hit_rate,43,23,1.0
5,Br,Linear SVM,recall,43,23,0.9767008779796503
5,Br,Linear SVM,hit_rate,44,23,1.0
5,Br,Linear SVM,recall,44,23,0.9767008779796503
5,Br,Linear SVM,hit_rate,45,23,1.0
5,Br,Linear SVM,recall,45,23,0.9792584227366836
5,Br,Linear SVM,hit_rate,46,23,1.0
5,Br,Linear SVM,recall,46,23,0.9832109919066442
5,Br,Linear SVM,hit_rate,47,23,1.0
5,Br,Linear SVM,recall,47,23,0.9832109919066442
5,Br,Linear SVM,hit_rate,48,23,1.0
5,Br,Linear SVM,recall,48,23,0.9832109919066442
5,Br,Linear SVM,hit_rate,49,23,1.0
5,Br,Linear SVM,recall,49,23,0.9852813852813853
5,Br,Linear SVM,hit_rate,50,23,1.0
5,Br,Linear SVM,recall,50,23,0.9873517786561266
5,Br,Linear SVM,hit_rate,51,23,1.0
5,Br,Linear SVM,recall,51,23,0.9873517786561266
5,Br,Linear SVM,hit_rate,52,23,1.0
5,Br,Linear SVM,recall,52,23,0.9873517786561266
5,Br,Linear SVM,hit_rate,53,23,1.0
5,Br,Linear SVM,recall,53,23,0.9873517786561266
5,Br,Linear SVM,hit_rate,54,23,1.0
5,Br,Linear SVM,recall,54,23,0.9873517786561266
5,Br,Linear SVM,hit_rate,55,23,1.0
5,Br,Linear SVM,recall,55,23,0.9873517786561266
5,Br,Linear SVM,hit_rate,56,23,1.0
5,Br,Linear SVM,recall,56,23,0.9873517786561266
5,Br,Linear SVM,hit_rate,57,23,1.0
5,Br,Linear SVM,recall,57,23,0.9873517786561266
5,Br,Linear SVM,hit_rate,58,23,1.0
5,Br,Linear SVM,recall,58,23,0.9873517786561266
5,Br,Linear SVM,hit_rate,59,23,1.0
5,Br,Linear SVM,recall,59,23,0.9916996047430829
5,Br,Linear SVM,hit_rate,60,23,1.0
5,Br,Linear SVM,recall,60,23,0.9916996047430829
5,Br,Linear SVM,hit_rate,61,23,1.0
5,Br,Linear SVM,recall,61,23,0.9916996047430829
5,Br,Linear SVM,hit_rate,62,23,1.0
5,Br,Linear SVM,recall,62,23,0.9916996047430829
5,Br,Linear SVM,hit_rate,63,23,1.0
5,Br,Linear SVM,recall,63,23,0.9916996047430829
5,Br,Linear SVM,hit_rate,64,23,1.0
5,Br,Linear SVM,recall,64,23,0.9916996047430829
5,Br,Linear SVM,hit_rate,65,23,1.0
5,Br,Linear SVM,recall,65,23,0.9960474308300395
5,Br,Linear SVM,hit_rate,66,23,1.0
5,Br,Linear SVM,recall,66,23,0.9960474308300395
5,Br,Linear SVM,hit_rate,67,23,1.0
5,Br,Linear SVM,recall,67,23,0.9960474308300395
5,Br,Linear SVM,hit_rate,68,23,1.0
5,Br,Linear SVM,recall,68,23,0.9960474308300395
5,Br,Linear SVM,hit_rate,69,23,1.0
5,Br,Linear SVM,recall,69,23,0.9960474308300395
5,Br,Linear SVM,hit_rate,70,23,1.0
5,Br,Linear SVM,recall,70,23,0.9960474308300395
5,Br,Linear SVM,hit_rate,71,23,1.0
5,Br,Linear SVM,recall,71,23,0.9960474308300395
5,Br,Linear SVM,hit_rate,72,23,1.0
5,Br,Linear SVM,recall,72,23,0.9960474308300395
5,Br,Linear SVM,hit_rate,73,23,1.0
5,Br,Linear SVM,recall,73,23,1.0
5,Br,Linear SVM,hit_rate,74,23,1.0
5,Br,Linear SVM,recall,74,23,1.0
5,Br,Linear SVM,hit_rate,75,23,1.0
5,Br,Linear SVM,recall,75,23,1.0
5,Br,Linear SVM,hit_rate,76,23,1.0
5,Br,Linear SVM,recall,76,23,1.0
5,Br,Linear SVM,hit_rate,77,23,1.0
5,Br,Linear SVM,recall,77,23,1.0
5,Br,Linear SVM,hit_rate,78,23,1.0
5,Br,Linear SVM,recall,78,23,1.0
5,Br,Linear SVM,hit_rate,79,23,1.0
5,Br,Linear SVM,recall,79,23,1.0
5,Br,Linear SVM,hit_rate,80,23,1.0
5,Br,Linear SVM,recall,80,23,1.0
5,Br,Linear SVM,hit_rate,81,23,1.0
5,Br,Linear SVM,recall,81,23,1.0
5,Br,Linear SVM,hit_rate,82,23,1.0
5,Br,Linear SVM,recall,82,23,1.0
5,Br,Linear SVM,hit_rate,83,23,1.0
5,Br,Linear SVM,recall,83,23,1.0
5,Br,Linear SVM,hit_rate,84,23,1.0
5,Br,Linear SVM,recall,84,23,1.0
5,Br,Linear SVM,hit_rate,85,23,1.0
5,Br,Linear SVM,recall,85,23,1.0
5,Br,Linear SVM,hit_rate,86,23,1.0
5,Br,Linear SVM,recall,86,23,1.0
5,Br,Linear SVM,hit_rate,87,23,1.0
5,Br,Linear SVM,recall,87,23,1.0
5,Br,Linear SVM,hit_rate,88,23,1.0
5,Br,Linear SVM,recall,88,23,1.0
5,Br,Linear SVM,hit_rate,89,23,1.0
5,Br,Linear SVM,recall,89,23,1.0
5,Br,Linear SVM,hit_rate,90,23,1.0
5,Br,Linear SVM,recall,90,23,1.0
5,Br,Linear SVM,hit_rate,91,23,1.0
5,Br,Linear SVM,recall,91,23,1.0
5,Br,Linear SVM,hit_rate,92,23,1.0
5,Br,Linear SVM,recall,92,23,1.0
5,Br,Linear SVM,hit_rate,93,23,1.0
5,Br,Linear SVM,recall,93,23,1.0
5,Br,Linear SVM,hit_rate,94,23,1.0
5,Br,Linear SVM,recall,94,23,1.0
5,Br,Linear SVM,hit_rate,95,23,1.0
5,Br,Linear SVM,recall,95,23,1.0
5,Br,Linear SVM,hit_rate,96,23,1.0
5,Br,Linear SVM,recall,96,23,1.0
5,Br,Linear SVM,hit_rate,97,23,1.0
5,Br,Linear SVM,recall,97,23,1.0
5,Br,Linear SVM,hit_rate,98,23,1.0
5,Br,Linear SVM,recall,98,23,1.0
5,Br,Linear SVM,hit_rate,99,23,1.0
5,Br,Linear SVM,recall,99,23,1.0
5,Br,Linear SVM,hit_rate,100,23,1.0
5,Br,Linear SVM,recall,100,23,1.0
5,Br,Linear SVM,hit_rate,101,23,1.0
5,Br,Linear SVM,recall,101,23,1.0
5,Br,Linear SVM,hit_rate,102,23,1.0
5,Br,Linear SVM,recall,102,23,1.0
5,Br,Linear SVM,hit_rate,103,23,1.0
5,Br,Linear SVM,recall,103,23,1.0
5,Br,Linear SVM,hit_rate,104,23,1.0
5,Br,Linear SVM,recall,104,23,1.0
5,Br,Linear SVM,hit_rate,105,23,1.0
5,Br,Linear SVM,recall,105,23,1.0
5,Br,Linear SVM,hit_rate,106,23,1.0
5,Br,Linear SVM,recall,106,23,1.0
5,Br,Linear SVM,hit_rate,107,23,1.0
5,Br,Linear SVM,recall,107,23,1.0
5,Br,Linear SVM,hit_rate,108,23,1.0
5,Br,Linear SVM,recall,108,23,1.0
5,Br,Linear SVM,hit_rate,109,23,1.0
5,Br,Linear SVM,recall,109,23,1.0
5,Br,Linear SVM,hit_rate,110,23,1.0
5,Br,Linear SVM,recall,110,23,1.0
5,Br,Linear SVM,hit_rate,111,23,1.0
5,Br,Linear SVM,recall,111,23,1.0
5,Br,Linear SVM,hit_rate,112,23,1.0
5,Br,Linear SVM,recall,112,23,1.0
5,Br,Linear SVM,hit_rate,113,23,1.0
5,Br,Linear SVM,recall,113,23,1.0
5,Br,Linear SVM,hit_rate,114,23,1.0
5,Br,Linear SVM,recall,114,23,1.0
5,Br,Linear SVM,hit_rate,115,23,1.0
5,Br,Linear SVM,recall,115,23,1.0
5,Br,Linear SVM,hit_rate,116,23,1.0
5,Br,Linear SVM,recall,116,23,1.0
5,Br,Linear SVM,hit_rate,117,23,1.0
5,Br,Linear SVM,recall,117,23,1.0
5,Br,Linear SVM,hit_rate,118,23,1.0
5,Br,Linear SVM,recall,118,23,1.0
5,Br,Linear SVM,hit_rate,119,23,1.0
5,Br,Linear SVM,recall,119,23,1.0
5,Br,Linear SVM,hit_rate,120,23,1.0
5,Br,Linear SVM,recall,120,23,1.0
5,Br,Linear SVM,hit_rate,121,23,1.0
5,Br,Linear SVM,recall,121,23,1.0
5,Br,Linear SVM,hit_rate,122,23,1.0
5,Br,Linear SVM,recall,122,23,1.0
5,Br,Linear SVM,hit_rate,123,23,1.0
5,Br,Linear SVM,recall,123,23,1.0
5,Br,Linear SVM,hit_rate,124,23,1.0
5,Br,Linear SVM,recall,124,23,1.0
5,Br,Linear SVM,hit_rate,125,23,1.0
5,Br,Linear SVM,recall,125,23,1.0
5,Br,Linear SVM,hit_rate,126,23,1.0
5,Br,Linear SVM,recall,126,23,1.0
5,Br,Linear SVM,hit_rate,127,23,1.0
5,Br,Linear SVM,recall,127,23,1.0
5,Br,Linear SVM,hit_rate,128,23,1.0
5,Br,Linear SVM,recall,128,23,1.0
5,Br,Linear SVM,hit_rate,129,23,1.0
5,Br,Linear SVM,recall,129,23,1.0
5,Br,Linear SVM,hit_rate,130,23,1.0
5,Br,Linear SVM,recall,130,23,1.0
5,Br,Linear SVM,hit_rate,131,23,1.0
5,Br,Linear SVM,recall,131,23,1.0
5,Br,Linear SVM,hit_rate,132,23,1.0
5,Br,Linear SVM,recall,132,23,1.0
5,Br,Linear SVM,hit_rate,133,23,1.0
5,Br,Linear SVM,recall,133,23,1.0
5,Br,Linear SVM,hit_rate,134,23,1.0
5,Br,Linear SVM,recall,134,23,1.0
5,Br,Linear SVM,hit_rate,135,23,1.0
5,Br,Linear SVM,recall,135,23,1.0
5,Br,Linear SVM,hit_rate,136,23,1.0
5,Br,Linear SVM,recall,136,23,1.0
5,Br,Linear SVM,hit_rate,137,23,1.0
5,Br,Linear SVM,recall,137,23,1.0
5,Br,Linear SVM,hit_rate,138,23,1.0
5,Br,Linear SVM,recall,138,23,1.0
5,Br,Linear SVM,hit_rate,139,23,1.0
5,Br,Linear SVM,recall,139,23,1.0
5,Br,Linear SVM,hit_rate,140,23,1.0
5,Br,Linear SVM,recall,140,23,1.0
5,Br,Linear SVM,hit_rate,141,23,1.0
5,Br,Linear SVM,recall,141,23,1.0
5,Br,Linear SVM,hit_rate,142,23,1.0
5,Br,Linear SVM,recall,142,23,1.0
5,Br,Linear SVM,hit_rate,143,23,1.0
5,Br,Linear SVM,recall,143,23,1.0
5,Br,Linear SVM,hit_rate,144,23,1.0
5,Br,Linear SVM,recall,144,23,1.0
5,Br,Linear SVM,hit_rate,145,23,1.0
5,Br,Linear SVM,recall,145,23,1.0
5,Br,Linear SVM,hit_rate,146,23,1.0
5,Br,Linear SVM,recall,146,23,1.0
5,Br,Linear SVM,hit_rate,147,23,1.0
5,Br,Linear SVM,recall,147,23,1.0
5,Br,Linear SVM,hit_rate,148,23,1.0
5,Br,Linear SVM,recall,148,23,1.0
5,Br,Linear SVM,hit_rate,149,23,1.0
5,Br,Linear SVM,recall,149,23,1.0
5,Br,Linear SVM,hit_rate,150,23,1.0
5,Br,Linear SVM,recall,150,23,1.0
5,Br,Random forest,hit_rate,5,23,0.7391304347826086
5,Br,Random forest,recall,5,23,0.46784443178305074
5,Br,Random forest,hit_rate,6,23,0.7391304347826086
5,Br,Random forest,recall,6,23,0.5445937694019536
5,Br,Random forest,hit_rate,7,23,0.7391304347826086
5,Br,Random forest,recall,7,23,0.5706807259236927
5,Br,Random forest,hit_rate,8,23,0.7391304347826086
5,Br,Random forest,recall,8,23,0.5726570105086729
5,Br,Random forest,hit_rate,9,23,0.7391304347826086
5,Br,Random forest,recall,9,23,0.5752145552657061
5,Br,Random forest,hit_rate,10,23,0.7391304347826086
5,Br,Random forest,recall,10,23,0.5771908398506864
5,Br,Random forest,hit_rate,11,23,0.7391304347826086
5,Br,Random forest,recall,11,23,0.5859595647319432
5,Br,Random forest,hit_rate,12,23,0.7391304347826086
5,Br,Random forest,recall,12,23,0.5859595647319432
5,Br,Random forest,hit_rate,13,23,0.7391304347826086
5,Br,Random forest,recall,13,23,0.5938378756793079
5,Br,Random forest,hit_rate,14,23,0.7391304347826086
5,Br,Random forest,recall,14,23,0.5971823572846591
5,Br,Random forest,hit_rate,15,23,0.782608695652174
5,Br,Random forest,recall,15,23,0.620897772304422
5,Br,Random forest,hit_rate,16,23,0.8695652173913043
5,Br,Random forest,recall,16,23,0.6915300385888622
5,Br,Random forest,hit_rate,17,23,0.8695652173913043
5,Br,Random forest,recall,17,23,0.6960638679308756
5,Br,Random forest,hit_rate,18,23,0.9130434782608695
5,Br,Random forest,recall,18,23,0.7019927216858164
5,Br,Random forest,hit_rate,19,23,0.9565217391304348
5,Br,Random forest,recall,19,23,0.7126646584447096
5,Br,Random forest,hit_rate,20,23,0.9565217391304348
5,Br,Random forest,recall,20,23,0.716711336404431
5,Br,Random forest,hit_rate,21,23,0.9565217391304348
5,Br,Random forest,recall,21,23,0.7207580143641524
5,Br,Random forest,hit_rate,22,23,0.9565217391304348
5,Br,Random forest,recall,22,23,0.7241024959695036
5,Br,Random forest,hit_rate,23,23,0.9565217391304348
5,Br,Random forest,recall,23,23,0.7260787805544839
5,Br,Random forest,hit_rate,24,23,0.9565217391304348
5,Br,Random forest,recall,24,23,0.7300313497244444
5,Br,Random forest,hit_rate,25,23,0.9565217391304348
5,Br,Random forest,recall,25,23,0.7470085753973221
5,Br,Random forest,hit_rate,26,23,0.9565217391304348
5,Br,Random forest,recall,26,23,0.7685196304122135
5,Br,Random forest,hit_rate,27,23,0.9565217391304348
5,Br,Random forest,recall,27,23,0.7767070951214173
5,Br,Random forest,hit_rate,28,23,0.9565217391304348
5,Br,Random forest,recall,28,23,0.7849886686203823
5,Br,Random forest,hit_rate,29,23,0.9565217391304348
5,Br,Random forest,recall,29,23,0.7915928913371368
5,Br,Random forest,hit_rate,30,23,0.9565217391304348
5,Br,Random forest,recall,30,23,0.7994712022845015
5,Br,Random forest,hit_rate,31,23,0.9565217391304348
5,Br,Random forest,recall,31,23,0.8178354467357025
5,Br,Random forest,hit_rate,32,23,0.9565217391304348
5,Br,Random forest,recall,32,23,0.8218821246954241
5,Br,Random forest,hit_rate,33,23,0.9565217391304348
5,Br,Random forest,recall,33,23,0.8259288026551453
5,Br,Random forest,hit_rate,34,23,0.9565217391304348
5,Br,Random forest,recall,34,23,0.829881371825106
5,Br,Random forest,hit_rate,35,23,0.9565217391304348
5,Br,Random forest,recall,35,23,0.829881371825106
5,Br,Random forest,hit_rate,36,23,0.9565217391304348
5,Br,Random forest,recall,36,23,0.8432049621307932
5,Br,Random forest,hit_rate,37,23,0.9565217391304348
5,Br,Random forest,recall,37,23,0.8432049621307932
5,Br,Random forest,hit_rate,38,23,0.9565217391304348
5,Br,Random forest,recall,38,23,0.8525724062808462
5,Br,Random forest,hit_rate,39,23,0.9565217391304348
5,Br,Random forest,recall,39,23,0.8579872812609386
5,Br,Random forest,hit_rate,40,23,0.9565217391304348
5,Br,Random forest,recall,40,23,0.8659597009980642
5,Br,Random forest,hit_rate,41,23,0.9565217391304348
5,Br,Random forest,recall,41,23,0.8745402082997991
5,Br,Random forest,hit_rate,42,23,0.9565217391304348
5,Br,Random forest,recall,42,23,0.8849109969314572
5,Br,Random forest,hit_rate,43,23,0.9565217391304348
5,Br,Random forest,recall,43,23,0.8874685416884907
5,Br,Random forest,hit_rate,44,23,0.9565217391304348
5,Br,Random forest,recall,44,23,0.889538935063232
5,Br,Random forest,hit_rate,45,23,0.9565217391304348
5,Br,Random forest,recall,45,23,0.8949538100433243
5,Br,Random forest,hit_rate,46,23,0.9565217391304348
5,Br,Random forest,recall,46,23,0.9039295742620552
5,Br,Random forest,hit_rate,47,23,1.0
5,Br,Random forest,recall,47,23,0.9346444689155688
5,Br,Random forest,hit_rate,48,23,1.0
5,Br,Random forest,recall,48,23,0.9406674314602704
5,Br,Random forest,hit_rate,49,23,1.0
5,Br,Random forest,recall,49,23,0.9697036126703646
5,Br,Random forest,hit_rate,50,23,1.0
5,Br,Random forest,recall,50,23,0.9761218321320623
5,Br,Random forest,hit_rate,51,23,1.0
5,Br,Random forest,recall,51,23,0.9786793768890955
5,Br,Random forest,hit_rate,52,23,1.0
5,Br,Random forest,recall,52,23,0.9786793768890955
5,Br,Random forest,hit_rate,53,23,1.0
5,Br,Random forest,recall,53,23,0.9786793768890955
5,Br,Random forest,hit_rate,54,23,1.0
5,Br,Random forest,recall,54,23,0.9812369216461287
5,Br,Random forest,hit_rate,55,23,1.0
5,Br,Random forest,recall,55,23,0.9837944664031619
5,Br,Random forest,hit_rate,56,23,1.0
5,Br,Random forest,recall,56,23,0.9881422924901185
5,Br,Random forest,hit_rate,57,23,1.0
5,Br,Random forest,recall,57,23,0.9881422924901185
5,Br,Random forest,hit_rate,58,23,1.0
5,Br,Random forest,recall,58,23,0.992094861660079
5,Br,Random forest,hit_rate,59,23,1.0
5,Br,Random forest,recall,59,23,0.992094861660079
5,Br,Random forest,hit_rate,60,23,1.0
5,Br,Random forest,recall,60,23,0.992094861660079
5,Br,Random forest,hit_rate,61,23,1.0
5,Br,Random forest,recall,61,23,0.992094861660079
5,Br,Random forest,hit_rate,62,23,1.0
5,Br,Random forest,recall,62,23,0.992094861660079
5,Br,Random forest,hit_rate,63,23,1.0
5,Br,Random forest,recall,63,23,0.992094861660079
5,Br,Random forest,hit_rate,64,23,1.0
5,Br,Random forest,recall,64,23,0.9960474308300395
5,Br,Random forest,hit_rate,65,23,1.0
5,Br,Random forest,recall,65,23,0.9960474308300395
5,Br,Random forest,hit_rate,66,23,1.0
5,Br,Random forest,recall,66,23,0.9960474308300395
5,Br,Random forest,hit_rate,67,23,1.0
5,Br,Random forest,recall,67,23,0.9960474308300395
5,Br,Random forest,hit_rate,68,23,1.0
5,Br,Random forest,recall,68,23,0.9960474308300395
5,Br,Random forest,hit_rate,69,23,1.0
5,Br,Random forest,recall,69,23,0.9960474308300395
5,Br,Random forest,hit_rate,70,23,1.0
5,Br,Random forest,recall,70,23,0.9960474308300395
5,Br,Random forest,hit_rate,71,23,1.0
5,Br,Random forest,recall,71,23,0.9960474308300395
5,Br,Random forest,hit_rate,72,23,1.0
5,Br,Random forest,recall,72,23,0.9960474308300395
5,Br,Random forest,hit_rate,73,23,1.0
5,Br,Random forest,recall,73,23,0.9960474308300395
5,Br,Random forest,hit_rate,74,23,1.0
5,Br,Random forest,recall,74,23,0.9960474308300395
5,Br,Random forest,hit_rate,75,23,1.0
5,Br,Random forest,recall,75,23,0.9960474308300395
5,Br,Random forest,hit_rate,76,23,1.0
5,Br,Random forest,recall,76,23,1.0
5,Br,Random forest,hit_rate,77,23,1.0
5,Br,Random forest,recall,77,23,1.0
5,Br,Random forest,hit_rate,78,23,1.0
5,Br,Random forest,recall,78,23,1.0
5,Br,Random forest,hit_rate,79,23,1.0
5,Br,Random forest,recall,79,23,1.0
5,Br,Random forest,hit_rate,80,23,1.0
5,Br,Random forest,recall,80,23,1.0
5,Br,Random forest,hit_rate,81,23,1.0
5,Br,Random forest,recall,81,23,1.0
5,Br,Random forest,hit_rate,82,23,1.0
5,Br,Random forest,recall,82,23,1.0
5,Br,Random forest,hit_rate,83,23,1.0
5,Br,Random forest,recall,83,23,1.0
5,Br,Random forest,hit_rate,84,23,1.0
5,Br,Random forest,recall,84,23,1.0
5,Br,Random forest,hit_rate,85,23,1.0
5,Br,Random forest,recall,85,23,1.0
5,Br,Random forest,hit_rate,86,23,1.0
5,Br,Random forest,recall,86,23,1.0
5,Br,Random forest,hit_rate,87,23,1.0
5,Br,Random forest,recall,87,23,1.0
5,Br,Random forest,hit_rate,88,23,1.0
5,Br,Random forest,recall,88,23,1.0
5,Br,Random forest,hit_rate,89,23,1.0
5,Br,Random forest,recall,89,23,1.0
5,Br,Random forest,hit_rate,90,23,1.0
5,Br,Random forest,recall,90,23,1.0
5,Br,Random forest,hit_rate,91,23,1.0
5,Br,Random forest,recall,91,23,1.0
5,Br,Random forest,hit_rate,92,23,1.0
5,Br,Random forest,recall,92,23,1.0
5,Br,Random forest,hit_rate,93,23,1.0
5,Br,Random forest,recall,93,23,1.0
5,Br,Random forest,hit_rate,94,23,1.0
5,Br,Random forest,recall,94,23,1.0
5,Br,Random forest,hit_rate,95,23,1.0
5,Br,Random forest,recall,95,23,1.0
5,Br,Random forest,hit_rate,96,23,1.0
5,Br,Random forest,recall,96,23,1.0
5,Br,Random forest,hit_rate,97,23,1.0
5,Br,Random forest,recall,97,23,1.0
5,Br,Random forest,hit_rate,98,23,1.0
5,Br,Random forest,recall,98,23,1.0
5,Br,Random forest,hit_rate,99,23,1.0
5,Br,Random forest,recall,99,23,1.0
5,Br,Random forest,hit_rate,100,23,1.0
5,Br,Random forest,recall,100,23,1.0
5,Br,Random forest,hit_rate,101,23,1.0
5,Br,Random forest,recall,101,23,1.0
5,Br,Random forest,hit_rate,102,23,1.0
5,Br,Random forest,recall,102,23,1.0
5,Br,Random forest,hit_rate,103,23,1.0
5,Br,Random forest,recall,103,23,1.0
5,Br,Random forest,hit_rate,104,23,1.0
5,Br,Random forest,recall,104,23,1.0
5,Br,Random forest,hit_rate,105,23,1.0
5,Br,Random forest,recall,105,23,1.0
5,Br,Random forest,hit_rate,106,23,1.0
5,Br,Random forest,recall,106,23,1.0
5,Br,Random forest,hit_rate,107,23,1.0
5,Br,Random forest,recall,107,23,1.0
5,Br,Random forest,hit_rate,108,23,1.0
5,Br,Random forest,recall,108,23,1.0
5,Br,Random forest,hit_rate,109,23,1.0
5,Br,Random forest,recall,109,23,1.0
5,Br,Random forest,hit_rate,110,23,1.0
5,Br,Random forest,recall,110,23,1.0
5,Br,Random forest,hit_rate,111,23,1.0
5,Br,Random forest,recall,111,23,1.0
5,Br,Random forest,hit_rate,112,23,1.0
5,Br,Random forest,recall,112,23,1.0
5,Br,Random forest,hit_rate,113,23,1.0
5,Br,Random forest,recall,113,23,1.0
5,Br,Random forest,hit_rate,114,23,1.0
5,Br,Random forest,recall,114,23,1.0
5,Br,Random forest,hit_rate,115,23,1.0
5,Br,Random forest,recall,115,23,1.0
5,Br,Random forest,hit_rate,116,23,1.0
5,Br,Random forest,recall,116,23,1.0
5,Br,Random forest,hit_rate,117,23,1.0
5,Br,Random forest,recall,117,23,1.0
5,Br,Random forest,hit_rate,118,23,1.0
5,Br,Random forest,recall,118,23,1.0
5,Br,Random forest,hit_rate,119,23,1.0
5,Br,Random forest,recall,119,23,1.0
5,Br,Random forest,hit_rate,120,23,1.0
5,Br,Random forest,recall,120,23,1.0
5,Br,Random forest,hit_rate,121,23,1.0
5,Br,Random forest,recall,121,23,1.0
5,Br,Random forest,hit_rate,122,23,1.0
5,Br,Random forest,recall,122,23,1.0
5,Br,Random forest,hit_rate,123,23,1.0
5,Br,Random forest,recall,123,23,1.0
5,Br,Random forest,hit_rate,124,23,1.0
5,Br,Random forest,recall,124,23,1.0
5,Br,Random forest,hit_rate,125,23,1.0
5,Br,Random forest,recall,125,23,1.0
5,Br,Random forest,hit_rate,126,23,1.0
5,Br,Random forest,recall,126,23,1.0
5,Br,Random forest,hit_rate,127,23,1.0
5,Br,Random forest,recall,127,23,1.0
5,Br,Random forest,hit_rate,128,23,1.0
5,Br,Random forest,recall,128,23,1.0
5,Br,Random forest,hit_rate,129,23,1.0
5,Br,Random forest,recall,129,23,1.0
5,Br,Random forest,hit_rate,130,23,1.0
5,Br,Random forest,recall,130,23,1.0
5,Br,Random forest,hit_rate,131,23,1.0
5,Br,Random forest,recall,131,23,1.0
5,Br,Random forest,hit_rate,132,23,1.0
5,Br,Random forest,recall,132,23,1.0
5,Br,Random forest,hit_rate,133,23,1.0
5,Br,Random forest,recall,133,23,1.0
5,Br,Random forest,hit_rate,134,23,1.0
5,Br,Random forest,recall,134,23,1.0
5,Br,Random forest,hit_rate,135,23,1.0
5,Br,Random forest,recall,135,23,1.0
5,Br,Random forest,hit_rate,136,23,1.0
5,Br,Random forest,recall,136,23,1.0
5,Br,Random forest,hit_rate,137,23,1.0
5,Br,Random forest,recall,137,23,1.0
5,Br,Random forest,hit_rate,138,23,1.0
5,Br,Random forest,recall,138,23,1.0
5,Br,Random forest,hit_rate,139,23,1.0
5,Br,Random forest,recall,139,23,1.0
5,Br,Random forest,hit_rate,140,23,1.0
5,Br,Random forest,recall,140,23,1.0
5,Br,Random forest,hit_rate,141,23,1.0
5,Br,Random forest,recall,141,23,1.0
5,Br,Random forest,hit_rate,142,23,1.0
5,Br,Random forest,recall,142,23,1.0
5,Br,Random forest,hit_rate,143,23,1.0
5,Br,Random forest,recall,143,23,1.0
5,Br,Random forest,hit_rate,144,23,1.0
5,Br,Random forest,recall,144,23,1.0
5,Br,Random forest,hit_rate,145,23,1.0
5,Br,Random forest,recall,145,23,1.0
5,Br,Random forest,hit_rate,146,23,1.0
5,Br,Random forest,recall,146,23,1.0
5,Br,Random forest,hit_rate,147,23,1.0
5,Br,Random forest,recall,147,23,1.0
5,Br,Random forest,hit_rate,148,23,1.0
5,Br,Random forest,recall,148,23,1.0
5,Br,Random forest,hit_rate,149,23,1.0
5,Br,Random forest,recall,149,23,1.0
5,Br,Random forest,hit_rate,150,23,1.0
5,Br,Random forest,recall,150,23,1.0
