atom,method,metric,k,n,repeat_n,mean,sem
S,UltraMS,hit_rate,5,227,5,0.8606867900993864,0.024344307647451362
S,UltraMS,hit_rate,6,227,5,0.9190858751295593,0.020235535326319245
S,UltraMS,hit_rate,7,227,5,0.9301969862406704,0.02279240296787727
S,UltraMS,hit_rate,8,227,5,0.9398341744492871,0.02704760540932597
S,UltraMS,hit_rate,9,227,5,0.9487406563889211,0.022274025712277996
S,UltraMS,hit_rate,10,227,5,0.961902457477491,0.014221633681996776
S,UltraMS,hit_rate,11,227,5,0.9742592496215172,0.008507320669050357
S,UltraMS,hit_rate,12,227,5,0.9789104124122149,0.006760432968848018
S,UltraMS,hit_rate,13,227,5,0.9831657315611511,0.004259571884803708
S,UltraMS,hit_rate,14,227,5,0.9831657315611511,0.004259571884803708
S,UltraMS,hit_rate,15,227,5,0.9831657315611511,0.004259571884803708
S,UltraMS,hit_rate,16,227,5,0.9831657315611511,0.004259571884803708
S,UltraMS,hit_rate,17,227,5,0.9831657315611511,0.004259571884803708
S,UltraMS,hit_rate,18,227,5,0.9831657315611511,0.004259571884803708
S,UltraMS,hit_rate,19,227,5,0.9870118854073049,0.005322423947884716
S,UltraMS,hit_rate,20,227,5,0.9910935180603662,0.005463054577874536
S,UltraMS,hit_rate,21,227,5,0.9910935180603662,0.005463054577874536
S,UltraMS,hit_rate,22,227,5,0.9910935180603662,0.005463054577874536
S,UltraMS,hit_rate,23,227,5,0.9910935180603662,0.005463054577874536
S,UltraMS,hit_rate,24,227,5,0.9910935180603662,0.005463054577874536
S,UltraMS,hit_rate,25,227,5,0.9910935180603662,0.005463054577874536
S,UltraMS,hit_rate,26,227,5,0.9910935180603662,0.005463054577874536
S,UltraMS,hit_rate,27,227,5,0.9910935180603662,0.005463054577874536
S,UltraMS,hit_rate,28,227,5,0.9910935180603662,0.005463054577874536
S,UltraMS,hit_rate,29,227,5,0.9910935180603662,0.005463054577874536
S,UltraMS,hit_rate,30,227,5,0.9910935180603662,0.005463054577874536
S,UltraMS,hit_rate,31,227,5,0.9910935180603662,0.005463054577874536
S,UltraMS,hit_rate,32,227,5,0.9910935180603662,0.005463054577874536
S,UltraMS,hit_rate,33,227,5,0.9910935180603662,0.005463054577874536
S,UltraMS,hit_rate,34,227,5,0.9910935180603662,0.005463054577874536
S,UltraMS,hit_rate,35,227,5,0.9910935180603662,0.005463054577874536
S,UltraMS,hit_rate,36,227,5,0.9910935180603662,0.005463054577874536
S,UltraMS,hit_rate,37,227,5,0.9910935180603662,0.005463054577874536
S,UltraMS,hit_rate,38,227,5,0.9910935180603662,0.005463054577874536
S,UltraMS,hit_rate,39,227,5,0.9910935180603662,0.005463054577874536
S,UltraMS,hit_rate,40,227,5,0.9910935180603662,0.005463054577874536
S,UltraMS,hit_rate,41,227,5,0.9910935180603662,0.005463054577874536
S,UltraMS,hit_rate,42,227,5,0.9910935180603662,0.005463054577874536
S,UltraMS,hit_rate,43,227,5,0.9910935180603662,0.005463054577874536
S,UltraMS,hit_rate,44,227,5,0.9910935180603662,0.005463054577874536
S,UltraMS,hit_rate,45,227,5,0.9910935180603662,0.005463054577874536
S,UltraMS,hit_rate,46,227,5,0.9910935180603662,0.005463054577874536
S,UltraMS,hit_rate,47,227,5,0.9910935180603662,0.005463054577874536
S,UltraMS,hit_rate,48,227,5,0.9910935180603662,0.005463054577874536
S,UltraMS,hit_rate,49,227,5,0.9910935180603662,0.005463054577874536
S,UltraMS,hit_rate,50,227,5,0.9910935180603662,0.005463054577874536
S,UltraMS,hit_rate,51,227,5,0.9910935180603662,0.005463054577874536
S,UltraMS,hit_rate,52,227,5,0.9910935180603662,0.005463054577874536
S,UltraMS,hit_rate,53,227,5,0.9957446808510639,0.004255319148936176
S,UltraMS,hit_rate,54,227,5,0.9957446808510639,0.004255319148936176
S,UltraMS,hit_rate,55,227,5,0.9957446808510639,0.004255319148936176
S,UltraMS,hit_rate,56,227,5,0.9957446808510639,0.004255319148936176
S,UltraMS,hit_rate,57,227,5,0.9957446808510639,0.004255319148936176
S,UltraMS,hit_rate,58,227,5,0.9957446808510639,0.004255319148936176
S,UltraMS,hit_rate,59,227,5,0.9957446808510639,0.004255319148936176
S,UltraMS,hit_rate,60,227,5,0.9957446808510639,0.004255319148936176
S,UltraMS,hit_rate,61,227,5,0.9957446808510639,0.004255319148936176
S,UltraMS,hit_rate,62,227,5,0.9957446808510639,0.004255319148936176
S,UltraMS,hit_rate,63,227,5,0.9957446808510639,0.004255319148936176
S,UltraMS,hit_rate,64,227,5,0.9957446808510639,0.004255319148936176
S,UltraMS,hit_rate,65,227,5,0.9957446808510639,0.004255319148936176
S,UltraMS,hit_rate,66,227,5,0.9957446808510639,0.004255319148936176
S,UltraMS,hit_rate,67,227,5,0.9957446808510639,0.004255319148936176
S,UltraMS,hit_rate,68,227,5,0.9957446808510639,0.004255319148936176
S,UltraMS,hit_rate,69,227,5,0.9957446808510639,0.004255319148936176
S,UltraMS,hit_rate,70,227,5,0.9957446808510639,0.004255319148936176
S,UltraMS,hit_rate,71,227,5,0.9957446808510639,0.004255319148936176
S,UltraMS,hit_rate,72,227,5,0.9957446808510639,0.004255319148936176
S,UltraMS,hit_rate,73,227,5,0.9957446808510639,0.004255319148936176
S,UltraMS,hit_rate,74,227,5,0.9957446808510639,0.004255319148936176
S,UltraMS,hit_rate,75,227,5,0.9957446808510639,0.004255319148936176
S,UltraMS,hit_rate,76,227,5,0.9957446808510639,0.004255319148936176
S,UltraMS,hit_rate,77,227,5,0.9957446808510639,0.004255319148936176
S,UltraMS,hit_rate,78,227,5,0.9957446808510639,0.004255319148936176
S,UltraMS,hit_rate,79,227,5,0.9957446808510639,0.004255319148936176
S,UltraMS,hit_rate,80,227,5,0.9957446808510639,0.004255319148936176
S,UltraMS,hit_rate,81,227,5,0.9957446808510639,0.004255319148936176
S,UltraMS,hit_rate,82,227,5,0.9957446808510639,0.004255319148936176
S,UltraMS,hit_rate,83,227,5,0.9957446808510639,0.004255319148936176
S,UltraMS,hit_rate,84,227,5,0.9957446808510639,0.004255319148936176
S,UltraMS,hit_rate,85,227,5,0.9957446808510639,0.004255319148936176
S,UltraMS,hit_rate,86,227,5,1.0,0.0
S,UltraMS,hit_rate,87,227,5,1.0,0.0
S,UltraMS,hit_rate,88,227,5,1.0,0.0
S,UltraMS,hit_rate,89,227,5,1.0,0.0
S,UltraMS,hit_rate,90,227,5,1.0,0.0
S,UltraMS,hit_rate,91,227,5,1.0,0.0
S,UltraMS,hit_rate,92,227,5,1.0,0.0
S,UltraMS,hit_rate,93,227,5,1.0,0.0
S,UltraMS,hit_rate,94,227,5,1.0,0.0
S,UltraMS,hit_rate,95,227,5,1.0,0.0
S,UltraMS,hit_rate,96,227,5,1.0,0.0
S,UltraMS,hit_rate,97,227,5,1.0,0.0
S,UltraMS,hit_rate,98,227,5,1.0,0.0
S,UltraMS,hit_rate,99,227,5,1.0,0.0
S,UltraMS,hit_rate,100,227,5,1.0,0.0
S,UltraMS,hit_rate,101,227,5,1.0,0.0
S,UltraMS,hit_rate,102,227,5,1.0,0.0
S,UltraMS,hit_rate,103,227,5,1.0,0.0
S,UltraMS,hit_rate,104,227,5,1.0,0.0
S,UltraMS,hit_rate,105,227,5,1.0,0.0
S,UltraMS,hit_rate,106,227,5,1.0,0.0
S,UltraMS,hit_rate,107,227,5,1.0,0.0
S,UltraMS,hit_rate,108,227,5,1.0,0.0
S,UltraMS,hit_rate,109,227,5,1.0,0.0
S,UltraMS,hit_rate,110,227,5,1.0,0.0
S,UltraMS,hit_rate,111,227,5,1.0,0.0
S,UltraMS,hit_rate,112,227,5,1.0,0.0
S,UltraMS,hit_rate,113,227,5,1.0,0.0
S,UltraMS,hit_rate,114,227,5,1.0,0.0
S,UltraMS,hit_rate,115,227,5,1.0,0.0
S,UltraMS,hit_rate,116,227,5,1.0,0.0
S,UltraMS,hit_rate,117,227,5,1.0,0.0
S,UltraMS,hit_rate,118,227,5,1.0,0.0
S,UltraMS,hit_rate,119,227,5,1.0,0.0
S,UltraMS,hit_rate,120,227,5,1.0,0.0
S,UltraMS,hit_rate,121,227,5,1.0,0.0
S,UltraMS,hit_rate,122,227,5,1.0,0.0
S,UltraMS,hit_rate,123,227,5,1.0,0.0
S,UltraMS,hit_rate,124,227,5,1.0,0.0
S,UltraMS,hit_rate,125,227,5,1.0,0.0
S,UltraMS,hit_rate,126,227,5,1.0,0.0
S,UltraMS,hit_rate,127,227,5,1.0,0.0
S,UltraMS,hit_rate,128,227,5,1.0,0.0
S,UltraMS,hit_rate,129,227,5,1.0,0.0
S,UltraMS,hit_rate,130,227,5,1.0,0.0
S,UltraMS,hit_rate,131,227,5,1.0,0.0
S,UltraMS,hit_rate,132,227,5,1.0,0.0
S,UltraMS,hit_rate,133,227,5,1.0,0.0
S,UltraMS,hit_rate,134,227,5,1.0,0.0
S,UltraMS,hit_rate,135,227,5,1.0,0.0
S,UltraMS,hit_rate,136,227,5,1.0,0.0
S,UltraMS,hit_rate,137,227,5,1.0,0.0
S,UltraMS,hit_rate,138,227,5,1.0,0.0
S,UltraMS,hit_rate,139,227,5,1.0,0.0
S,UltraMS,hit_rate,140,227,5,1.0,0.0
S,UltraMS,hit_rate,141,227,5,1.0,0.0
S,UltraMS,hit_rate,142,227,5,1.0,0.0
S,UltraMS,hit_rate,143,227,5,1.0,0.0
S,UltraMS,hit_rate,144,227,5,1.0,0.0
S,UltraMS,hit_rate,145,227,5,1.0,0.0
S,UltraMS,hit_rate,146,227,5,1.0,0.0
S,UltraMS,hit_rate,147,227,5,1.0,0.0
S,UltraMS,hit_rate,148,227,5,1.0,0.0
S,UltraMS,hit_rate,149,227,5,1.0,0.0
S,UltraMS,hit_rate,150,227,5,1.0,0.0
S,UltraMS,recall,5,227,5,0.47232893239501983,0.014933597338402878
S,UltraMS,recall,6,227,5,0.5346447496802738,0.01409358298151109
S,UltraMS,recall,7,227,5,0.583447098701345,0.01411545813951461
S,UltraMS,recall,8,227,5,0.6167461389899087,0.013485697972284851
S,UltraMS,recall,9,227,5,0.6431392983038111,0.011922717783402533
S,UltraMS,recall,10,227,5,0.6858661198088241,0.01821071510979464
S,UltraMS,recall,11,227,5,0.7180405157378686,0.01329512401603062
S,UltraMS,recall,12,227,5,0.7456603023348821,0.016026375022533415
S,UltraMS,recall,13,227,5,0.7650512317052499,0.01182237270055265
S,UltraMS,recall,14,227,5,0.7852649592704342,0.01344289491024659
S,UltraMS,recall,15,227,5,0.7969809141197466,0.014650914488984921
S,UltraMS,recall,16,227,5,0.8114629989931827,0.0109967400613912
S,UltraMS,recall,17,227,5,0.8304125521416325,0.01131767925486288
S,UltraMS,recall,18,227,5,0.8406816714959273,0.01256487168946088
S,UltraMS,recall,19,227,5,0.8536220249186659,0.009425792160531953
S,UltraMS,recall,20,227,5,0.865040803429013,0.00884311295007268
S,UltraMS,recall,21,227,5,0.8710980736363281,0.010010960346805053
S,UltraMS,recall,22,227,5,0.881000495273456,0.008377815562930858
S,UltraMS,recall,23,227,5,0.8940850821601728,0.0072785768591906354
S,UltraMS,recall,24,227,5,0.900074106656698,0.008727421871144538
S,UltraMS,recall,25,227,5,0.9044487311195066,0.009393224281958141
S,UltraMS,recall,26,227,5,0.9114235036523999,0.011927004857714182
S,UltraMS,recall,27,227,5,0.9161767941956812,0.011925454488617126
S,UltraMS,recall,28,227,5,0.9225278444664099,0.011026989972216553
S,UltraMS,recall,29,227,5,0.9287320486508147,0.010121922902641895
S,UltraMS,recall,30,227,5,0.9324170755969934,0.009937966412454499
S,UltraMS,recall,31,227,5,0.9346537728417845,0.009709476968884181
S,UltraMS,recall,32,227,5,0.9377657938210728,0.009740423204434571
S,UltraMS,recall,33,227,5,0.9413345196122702,0.009155213877724062
S,UltraMS,recall,34,227,5,0.9436585906798335,0.008962086919686762
S,UltraMS,recall,35,227,5,0.946971719729145,0.00846137702133982
S,UltraMS,recall,36,227,5,0.9483636264159495,0.008078968559397078
S,UltraMS,recall,37,227,5,0.9493187081688095,0.008084687030667398
S,UltraMS,recall,38,227,5,0.9506653873348501,0.007916129497755348
S,UltraMS,recall,39,227,5,0.9523461333082717,0.007264047307690216
S,UltraMS,recall,40,227,5,0.9539818827070201,0.007043725351200526
S,UltraMS,recall,41,227,5,0.9554650432783369,0.007060368144621295
S,UltraMS,recall,42,227,5,0.957419541187312,0.006940617551562932
S,UltraMS,recall,43,227,5,0.9586038680599062,0.00681612196221612
S,UltraMS,recall,44,227,5,0.9599338040593635,0.007028085947883268
S,UltraMS,recall,45,227,5,0.9605982764642539,0.006918605930113482
S,UltraMS,recall,46,227,5,0.9615351446170548,0.007116642725347178
S,UltraMS,recall,47,227,5,0.9621945788238258,0.006950342572643031
S,UltraMS,recall,48,227,5,0.9632637582004318,0.006940927629744241
S,UltraMS,recall,49,227,5,0.964720860314974,0.006954351052896396
S,UltraMS,recall,50,227,5,0.9660425932366508,0.007041128532352141
S,UltraMS,recall,51,227,5,0.966433715211318,0.00698411313647063
S,UltraMS,recall,52,227,5,0.9673996799494065,0.006803834403334435
S,UltraMS,recall,53,227,5,0.971038105912106,0.005908935296938282
S,UltraMS,recall,54,227,5,0.9719642635717698,0.005924255356750464
S,UltraMS,recall,55,227,5,0.9724499419634608,0.005787809798643351
S,UltraMS,recall,56,227,5,0.9729843899936732,0.005642576257542394
S,UltraMS,recall,57,227,5,0.9745323025626318,0.0055984129896304415
S,UltraMS,recall,58,227,5,0.9749908326936859,0.005510460020484314
S,UltraMS,recall,59,227,5,0.9761515882902001,0.005420244304089614
S,UltraMS,recall,60,227,5,0.976719514982096,0.005557057458310671
S,UltraMS,recall,61,227,5,0.9794362183521119,0.005264009672648079
S,UltraMS,recall,62,227,5,0.980651284969035,0.00501843354934422
S,UltraMS,recall,63,227,5,0.9812813720949801,0.004978434920816302
S,UltraMS,recall,64,227,5,0.9817109161670452,0.004825819415781251
S,UltraMS,recall,65,227,5,0.9820429933080735,0.004695930906954247
S,UltraMS,recall,66,227,5,0.9824394886996736,0.004615244600125114
S,UltraMS,recall,67,227,5,0.9827221294120132,0.004537828520806614
S,UltraMS,recall,68,227,5,0.9833744397081409,0.004567301320861515
S,UltraMS,recall,69,227,5,0.9837035269433538,0.004476553344357133
S,UltraMS,recall,70,227,5,0.9839305733622405,0.004396625492058478
S,UltraMS,recall,71,227,5,0.9842266473921715,0.00431236977175692
S,UltraMS,recall,72,227,5,0.9843945222134247,0.004251421584044324
S,UltraMS,recall,73,227,5,0.9847444797933399,0.00416704603868381
S,UltraMS,recall,74,227,5,0.9851009691080673,0.004082066855444201
S,UltraMS,recall,75,227,5,0.9855778709148317,0.003910372120141565
S,UltraMS,recall,76,227,5,0.9861738876344411,0.0039290880874335785
S,UltraMS,recall,77,227,5,0.9863954240443858,0.0038849004494811252
S,UltraMS,recall,78,227,5,0.987006878428043,0.003891615220397525
S,UltraMS,recall,79,227,5,0.987294801268504,0.0038329151724156014
S,UltraMS,recall,80,227,5,0.9874735538290395,0.0038224674870903945
S,UltraMS,recall,81,227,5,0.9877434694666192,0.003766494377894278
S,UltraMS,recall,82,227,5,0.987925552225281,0.0037631500362467884
S,UltraMS,recall,83,227,5,0.9882118556110846,0.003720829459717666
S,UltraMS,recall,84,227,5,0.9885985085699195,0.0037700965601366234
S,UltraMS,recall,85,227,5,0.9892300785585132,0.0038408976294229858
S,UltraMS,recall,86,227,5,0.9917142274477087,0.0022318249119451755
S,UltraMS,recall,87,227,5,0.9921877851833012,0.0022926817745743343
S,UltraMS,recall,88,227,5,0.9924246876155989,0.002225015677446236
S,UltraMS,recall,89,227,5,0.99474109827555,0.0022130891158247865
S,UltraMS,recall,90,227,5,0.9950206479652485,0.0020806665416802676
S,UltraMS,recall,91,227,5,0.9952893856378322,0.001893981265108361
S,UltraMS,recall,92,227,5,0.9955274463880096,0.0018238245372321485
S,UltraMS,recall,93,227,5,0.9957160608814839,0.0017415314207652247
S,UltraMS,recall,94,227,5,0.9958837991107282,0.0016798479820296524
S,UltraMS,recall,95,227,5,0.9960187520155109,0.0017097744296456765
S,UltraMS,recall,96,227,5,0.9961782536860015,0.0016237151213497026
S,UltraMS,recall,97,227,5,0.9964980117667487,0.001462395077797795
S,UltraMS,recall,98,227,5,0.9966493622477696,0.001387184306423022
S,UltraMS,recall,99,227,5,0.9969224714914671,0.0012721305695594382
S,UltraMS,recall,100,227,5,0.9970848363037786,0.0011968645262374741
S,UltraMS,recall,101,227,5,0.9971341459684728,0.0011730724386876668
S,UltraMS,recall,102,227,5,0.9971851663766362,0.0011561080781557983
S,UltraMS,recall,103,227,5,0.9975754820089348,0.0010297228258642462
S,UltraMS,recall,104,227,5,0.9977629381845293,0.0009714803933503788
S,UltraMS,recall,105,227,5,0.998036535995747,0.0009762637342893064
S,UltraMS,recall,106,227,5,0.9981368660686046,0.0009183829217789405
S,UltraMS,recall,107,227,5,0.9981368660686046,0.0009183829217789405
S,UltraMS,recall,108,227,5,0.998304604297849,0.0008716855495224026
S,UltraMS,recall,109,227,5,0.9985777135415465,0.000797257354141223
S,UltraMS,recall,110,227,5,0.9985777135415465,0.000797257354141223
S,UltraMS,recall,111,227,5,0.9985777135415465,0.000797257354141223
S,UltraMS,recall,112,227,5,0.9986797543578729,0.0007921422731076254
S,UltraMS,recall,113,227,5,0.9987800844307305,0.0007473834482863386
S,UltraMS,recall,114,227,5,0.9988985129952808,0.000759036245719349
S,UltraMS,recall,115,227,5,0.9989478226599751,0.0007109341866172142
S,UltraMS,recall,116,227,5,0.9990152308163619,0.0007229900738272486
S,UltraMS,recall,117,227,5,0.9992428953830054,0.0005848660939226303
S,UltraMS,recall,118,227,5,0.9992939157911686,0.000586909028548333
S,UltraMS,recall,119,227,5,0.9993449361993317,0.0005933483225400323
S,UltraMS,recall,120,227,5,0.999394245864026,0.000544225339553808
S,UltraMS,recall,121,227,5,0.999394245864026,0.000544225339553808
S,UltraMS,recall,122,227,5,0.9994452662721894,0.0005547337278106745
S,UltraMS,recall,123,227,5,0.9994452662721894,0.0005547337278106745
S,UltraMS,recall,124,227,5,0.9994945759368836,0.0005054240631163774
S,UltraMS,recall,125,227,5,0.9994945759368836,0.0005054240631163774
S,UltraMS,recall,126,227,5,0.9995438856015779,0.0004561143984221028
S,UltraMS,recall,127,227,5,0.9995438856015779,0.0004561143984221028
S,UltraMS,recall,128,227,5,0.9995931952662722,0.0004068047337277836
S,UltraMS,recall,129,227,5,0.9995931952662722,0.0004068047337277836
S,UltraMS,recall,130,227,5,0.9996425049309664,0.00035749506903353094
S,UltraMS,recall,131,227,5,0.9996918145956608,0.00030818540433925624
S,UltraMS,recall,132,227,5,0.9996918145956608,0.00030818540433925624
S,UltraMS,recall,133,227,5,0.9996918145956608,0.00030818540433925624
S,UltraMS,recall,134,227,5,0.9997411242603551,0.0002588757396449815
S,UltraMS,recall,135,227,5,0.9997904339250493,0.0002095660749507067
S,UltraMS,recall,136,227,5,0.9999506903353058,4.930966469427478e-05
S,UltraMS,recall,137,227,5,0.9999506903353058,4.930966469427478e-05
S,UltraMS,recall,138,227,5,0.9999506903353058,4.930966469427478e-05
S,UltraMS,recall,139,227,5,0.9999506903353058,4.930966469427478e-05
S,UltraMS,recall,140,227,5,0.9999506903353058,4.930966469427478e-05
S,UltraMS,recall,141,227,5,0.9999506903353058,4.930966469427478e-05
S,UltraMS,recall,142,227,5,0.9999506903353058,4.930966469427478e-05
S,UltraMS,recall,143,227,5,0.9999506903353058,4.930966469427478e-05
S,UltraMS,recall,144,227,5,0.9999506903353058,4.930966469427478e-05
S,UltraMS,recall,145,227,5,1.0,0.0
S,UltraMS,recall,146,227,5,1.0,0.0
S,UltraMS,recall,147,227,5,1.0,0.0
S,UltraMS,recall,148,227,5,1.0,0.0
S,UltraMS,recall,149,227,5,1.0,0.0
S,UltraMS,recall,150,227,5,1.0,0.0
S,DreaMS,hit_rate,5,227,5,0.6699473166497978,0.03446194863618677
S,DreaMS,hit_rate,6,227,5,0.7108808107924528,0.0355278963086326
S,DreaMS,hit_rate,7,227,5,0.7613897008326923,0.032080459339550935
S,DreaMS,hit_rate,8,227,5,0.7918809978221868,0.02792354299108509
S,DreaMS,hit_rate,9,227,5,0.8478165853687166,0.015272657541222878
S,DreaMS,hit_rate,10,227,5,0.869315338259284,0.012426132076524932
S,DreaMS,hit_rate,11,227,5,0.8927699198534004,0.014047042932486651
S,DreaMS,hit_rate,12,227,5,0.9160641366126627,0.021896933493559204
S,DreaMS,hit_rate,13,227,5,0.9199102904588166,0.020827631324855538
S,DreaMS,hit_rate,14,227,5,0.9367445588976656,0.016666982802503564
S,DreaMS,hit_rate,15,227,5,0.9408261915507268,0.017279839103359954
S,DreaMS,hit_rate,16,227,5,0.9531696620337321,0.014646590131464297
S,DreaMS,hit_rate,17,227,5,0.9608619697260398,0.01748947942378643
S,DreaMS,hit_rate,18,227,5,0.9649436023791009,0.017863832769824443
S,DreaMS,hit_rate,19,227,5,0.9649436023791009,0.017863832769824443
S,DreaMS,hit_rate,20,227,5,0.9649436023791009,0.017863832769824443
S,DreaMS,hit_rate,21,227,5,0.9691989215280372,0.015189961545013654
S,DreaMS,hit_rate,22,227,5,0.9691989215280372,0.015189961545013654
S,DreaMS,hit_rate,23,227,5,0.973850084318735,0.01271805005902481
S,DreaMS,hit_rate,24,227,5,0.973850084318735,0.01271805005902481
S,DreaMS,hit_rate,25,227,5,0.973850084318735,0.01271805005902481
S,DreaMS,hit_rate,26,227,5,0.973850084318735,0.01271805005902481
S,DreaMS,hit_rate,27,227,5,0.9821870361207324,0.010926109155749044
S,DreaMS,hit_rate,28,227,5,0.9868381989114301,0.008618126098793557
S,DreaMS,hit_rate,29,227,5,0.9868381989114301,0.008618126098793557
S,DreaMS,hit_rate,30,227,5,0.9868381989114301,0.008618126098793557
S,DreaMS,hit_rate,31,227,5,0.9868381989114301,0.008618126098793557
S,DreaMS,hit_rate,32,227,5,0.9868381989114301,0.008618126098793557
S,DreaMS,hit_rate,33,227,5,0.9910935180603662,0.005463054577874536
S,DreaMS,hit_rate,34,227,5,0.9910935180603662,0.005463054577874536
S,DreaMS,hit_rate,35,227,5,0.9910935180603662,0.005463054577874536
S,DreaMS,hit_rate,36,227,5,0.9910935180603662,0.005463054577874536
S,DreaMS,hit_rate,37,227,5,0.9910935180603662,0.005463054577874536
S,DreaMS,hit_rate,38,227,5,0.9910935180603662,0.005463054577874536
S,DreaMS,hit_rate,39,227,5,0.9910935180603662,0.005463054577874536
S,DreaMS,hit_rate,40,227,5,0.9910935180603662,0.005463054577874536
S,DreaMS,hit_rate,41,227,5,0.9910935180603662,0.005463054577874536
S,DreaMS,hit_rate,42,227,5,0.9910935180603662,0.005463054577874536
S,DreaMS,hit_rate,43,227,5,0.9910935180603662,0.005463054577874536
S,DreaMS,hit_rate,44,227,5,0.9910935180603662,0.005463054577874536
S,DreaMS,hit_rate,45,227,5,0.9910935180603662,0.005463054577874536
S,DreaMS,hit_rate,46,227,5,0.9910935180603662,0.005463054577874536
S,DreaMS,hit_rate,47,227,5,0.9910935180603662,0.005463054577874536
S,DreaMS,hit_rate,48,227,5,0.9910935180603662,0.005463054577874536
S,DreaMS,hit_rate,49,227,5,0.9910935180603662,0.005463054577874536
S,DreaMS,hit_rate,50,227,5,0.9910935180603662,0.005463054577874536
S,DreaMS,hit_rate,51,227,5,0.9910935180603662,0.005463054577874536
S,DreaMS,hit_rate,52,227,5,0.9910935180603662,0.005463054577874536
S,DreaMS,hit_rate,53,227,5,0.9910935180603662,0.005463054577874536
S,DreaMS,hit_rate,54,227,5,0.9910935180603662,0.005463054577874536
S,DreaMS,hit_rate,55,227,5,0.9910935180603662,0.005463054577874536
S,DreaMS,hit_rate,56,227,5,0.9910935180603662,0.005463054577874536
S,DreaMS,hit_rate,57,227,5,0.9910935180603662,0.005463054577874536
S,DreaMS,hit_rate,58,227,5,0.9910935180603662,0.005463054577874536
S,DreaMS,hit_rate,59,227,5,0.9910935180603662,0.005463054577874536
S,DreaMS,hit_rate,60,227,5,0.9910935180603662,0.005463054577874536
S,DreaMS,hit_rate,61,227,5,0.9910935180603662,0.005463054577874536
S,DreaMS,hit_rate,62,227,5,0.9910935180603662,0.005463054577874536
S,DreaMS,hit_rate,63,227,5,0.9910935180603662,0.005463054577874536
S,DreaMS,hit_rate,64,227,5,0.9953488372093023,0.004651162790697682
S,DreaMS,hit_rate,65,227,5,0.9953488372093023,0.004651162790697682
S,DreaMS,hit_rate,66,227,5,0.9953488372093023,0.004651162790697682
S,DreaMS,hit_rate,67,227,5,0.9953488372093023,0.004651162790697682
S,DreaMS,hit_rate,68,227,5,0.9953488372093023,0.004651162790697682
S,DreaMS,hit_rate,69,227,5,0.9953488372093023,0.004651162790697682
S,DreaMS,hit_rate,70,227,5,1.0,0.0
S,DreaMS,hit_rate,71,227,5,1.0,0.0
S,DreaMS,hit_rate,72,227,5,1.0,0.0
S,DreaMS,hit_rate,73,227,5,1.0,0.0
S,DreaMS,hit_rate,74,227,5,1.0,0.0
S,DreaMS,hit_rate,75,227,5,1.0,0.0
S,DreaMS,hit_rate,76,227,5,1.0,0.0
S,DreaMS,hit_rate,77,227,5,1.0,0.0
S,DreaMS,hit_rate,78,227,5,1.0,0.0
S,DreaMS,hit_rate,79,227,5,1.0,0.0
S,DreaMS,hit_rate,80,227,5,1.0,0.0
S,DreaMS,hit_rate,81,227,5,1.0,0.0
S,DreaMS,hit_rate,82,227,5,1.0,0.0
S,DreaMS,hit_rate,83,227,5,1.0,0.0
S,DreaMS,hit_rate,84,227,5,1.0,0.0
S,DreaMS,hit_rate,85,227,5,1.0,0.0
S,DreaMS,hit_rate,86,227,5,1.0,0.0
S,DreaMS,hit_rate,87,227,5,1.0,0.0
S,DreaMS,hit_rate,88,227,5,1.0,0.0
S,DreaMS,hit_rate,89,227,5,1.0,0.0
S,DreaMS,hit_rate,90,227,5,1.0,0.0
S,DreaMS,hit_rate,91,227,5,1.0,0.0
S,DreaMS,hit_rate,92,227,5,1.0,0.0
S,DreaMS,hit_rate,93,227,5,1.0,0.0
S,DreaMS,hit_rate,94,227,5,1.0,0.0
S,DreaMS,hit_rate,95,227,5,1.0,0.0
S,DreaMS,hit_rate,96,227,5,1.0,0.0
S,DreaMS,hit_rate,97,227,5,1.0,0.0
S,DreaMS,hit_rate,98,227,5,1.0,0.0
S,DreaMS,hit_rate,99,227,5,1.0,0.0
S,DreaMS,hit_rate,100,227,5,1.0,0.0
S,DreaMS,hit_rate,101,227,5,1.0,0.0
S,DreaMS,hit_rate,102,227,5,1.0,0.0
S,DreaMS,hit_rate,103,227,5,1.0,0.0
S,DreaMS,hit_rate,104,227,5,1.0,0.0
S,DreaMS,hit_rate,105,227,5,1.0,0.0
S,DreaMS,hit_rate,106,227,5,1.0,0.0
S,DreaMS,hit_rate,107,227,5,1.0,0.0
S,DreaMS,hit_rate,108,227,5,1.0,0.0
S,DreaMS,hit_rate,109,227,5,1.0,0.0
S,DreaMS,hit_rate,110,227,5,1.0,0.0
S,DreaMS,hit_rate,111,227,5,1.0,0.0
S,DreaMS,hit_rate,112,227,5,1.0,0.0
S,DreaMS,hit_rate,113,227,5,1.0,0.0
S,DreaMS,hit_rate,114,227,5,1.0,0.0
S,DreaMS,hit_rate,115,227,5,1.0,0.0
S,DreaMS,hit_rate,116,227,5,1.0,0.0
S,DreaMS,hit_rate,117,227,5,1.0,0.0
S,DreaMS,hit_rate,118,227,5,1.0,0.0
S,DreaMS,hit_rate,119,227,5,1.0,0.0
S,DreaMS,hit_rate,120,227,5,1.0,0.0
S,DreaMS,hit_rate,121,227,5,1.0,0.0
S,DreaMS,hit_rate,122,227,5,1.0,0.0
S,DreaMS,hit_rate,123,227,5,1.0,0.0
S,DreaMS,hit_rate,124,227,5,1.0,0.0
S,DreaMS,hit_rate,125,227,5,1.0,0.0
S,DreaMS,hit_rate,126,227,5,1.0,0.0
S,DreaMS,hit_rate,127,227,5,1.0,0.0
S,DreaMS,hit_rate,128,227,5,1.0,0.0
S,DreaMS,hit_rate,129,227,5,1.0,0.0
S,DreaMS,hit_rate,130,227,5,1.0,0.0
S,DreaMS,hit_rate,131,227,5,1.0,0.0
S,DreaMS,hit_rate,132,227,5,1.0,0.0
S,DreaMS,hit_rate,133,227,5,1.0,0.0
S,DreaMS,hit_rate,134,227,5,1.0,0.0
S,DreaMS,hit_rate,135,227,5,1.0,0.0
S,DreaMS,hit_rate,136,227,5,1.0,0.0
S,DreaMS,hit_rate,137,227,5,1.0,0.0
S,DreaMS,hit_rate,138,227,5,1.0,0.0
S,DreaMS,hit_rate,139,227,5,1.0,0.0
S,DreaMS,hit_rate,140,227,5,1.0,0.0
S,DreaMS,hit_rate,141,227,5,1.0,0.0
S,DreaMS,hit_rate,142,227,5,1.0,0.0
S,DreaMS,hit_rate,143,227,5,1.0,0.0
S,DreaMS,hit_rate,144,227,5,1.0,0.0
S,DreaMS,hit_rate,145,227,5,1.0,0.0
S,DreaMS,hit_rate,146,227,5,1.0,0.0
S,DreaMS,hit_rate,147,227,5,1.0,0.0
S,DreaMS,hit_rate,148,227,5,1.0,0.0
S,DreaMS,hit_rate,149,227,5,1.0,0.0
S,DreaMS,hit_rate,150,227,5,1.0,0.0
S,DreaMS,recall,5,227,5,0.26673997691321816,0.015538087984174371
S,DreaMS,recall,6,227,5,0.3229698937280497,0.016786374477331088
S,DreaMS,recall,7,227,5,0.36975942486312086,0.023267584150575917
S,DreaMS,recall,8,227,5,0.40880008649484234,0.02116203528993372
S,DreaMS,recall,9,227,5,0.4662426969273736,0.01778520478964084
S,DreaMS,recall,10,227,5,0.5048141369296084,0.01863069836125765
S,DreaMS,recall,11,227,5,0.5449522788006133,0.01880546517378889
S,DreaMS,recall,12,227,5,0.5872489374980792,0.01879138909057352
S,DreaMS,recall,13,227,5,0.6153998678556866,0.018489465340276127
S,DreaMS,recall,14,227,5,0.6529746948589609,0.019495678543584263
S,DreaMS,recall,15,227,5,0.6831060736228194,0.022758547948434692
S,DreaMS,recall,16,227,5,0.7092602188496973,0.01955294026746275
S,DreaMS,recall,17,227,5,0.7250226082952592,0.01867774134214025
S,DreaMS,recall,18,227,5,0.7413723506085022,0.018584593513811618
S,DreaMS,recall,19,227,5,0.7624696633145029,0.02143417913194963
S,DreaMS,recall,20,227,5,0.7810099191218973,0.01940389950137908
S,DreaMS,recall,21,227,5,0.7930064542365796,0.020310648971480515
S,DreaMS,recall,22,227,5,0.8018634973149542,0.019094290168033143
S,DreaMS,recall,23,227,5,0.8225931118699972,0.01593961602732333
S,DreaMS,recall,24,227,5,0.8365137060753906,0.018312365809827303
S,DreaMS,recall,25,227,5,0.8430217362453989,0.01670024821382327
S,DreaMS,recall,26,227,5,0.8499174169721251,0.018855634972943028
S,DreaMS,recall,27,227,5,0.8600626133475731,0.019138955926588964
S,DreaMS,recall,28,227,5,0.8682260506616559,0.018882362221633742
S,DreaMS,recall,29,227,5,0.8735762609382476,0.018887941279727958
S,DreaMS,recall,30,227,5,0.8785250574451782,0.01809319282730708
S,DreaMS,recall,31,227,5,0.8848753803004792,0.01718238743734457
S,DreaMS,recall,32,227,5,0.8897618010581182,0.01719722431165812
S,DreaMS,recall,33,227,5,0.8929597888451367,0.016316016820841724
S,DreaMS,recall,34,227,5,0.8961884751817049,0.015877351454667853
S,DreaMS,recall,35,227,5,0.9004903775099704,0.01649381664457983
S,DreaMS,recall,36,227,5,0.9032172417477062,0.016392840537650204
S,DreaMS,recall,37,227,5,0.907291078810959,0.015852853751681932
S,DreaMS,recall,38,227,5,0.90890022981282,0.01575061785114618
S,DreaMS,recall,39,227,5,0.9119954198342473,0.015442853112674392
S,DreaMS,recall,40,227,5,0.9167308293752386,0.014470821979284518
S,DreaMS,recall,41,227,5,0.9187578615312434,0.014267360713142791
S,DreaMS,recall,42,227,5,0.9241153853523528,0.0138031949770345
S,DreaMS,recall,43,227,5,0.9266761621274704,0.013341784708890749
S,DreaMS,recall,44,227,5,0.9282276009279824,0.013031057347790878
S,DreaMS,recall,45,227,5,0.9313391599154069,0.012292271355353499
S,DreaMS,recall,46,227,5,0.9339898456185406,0.011937038976058778
S,DreaMS,recall,47,227,5,0.9355640575617586,0.011700015914712557
S,DreaMS,recall,48,227,5,0.9383299388358421,0.011382714398331703
S,DreaMS,recall,49,227,5,0.9398963885248485,0.011427700623357098
S,DreaMS,recall,50,227,5,0.9432181709993991,0.010370793755178293
S,DreaMS,recall,51,227,5,0.9448101276285389,0.009999689861599569
S,DreaMS,recall,52,227,5,0.9468765377902152,0.009779566949498743
S,DreaMS,recall,53,227,5,0.948419201413184,0.00965464595217567
S,DreaMS,recall,54,227,5,0.9494070266465634,0.009652483283855996
S,DreaMS,recall,55,227,5,0.9526351702674057,0.009269658741227269
S,DreaMS,recall,56,227,5,0.9542054121793729,0.00926430078013383
S,DreaMS,recall,57,227,5,0.9555476096364259,0.009169216679744819
S,DreaMS,recall,58,227,5,0.9562796559283792,0.00908692381288187
S,DreaMS,recall,59,227,5,0.9564527014854013,0.009076192353080817
S,DreaMS,recall,60,227,5,0.9572762113332038,0.008896224916077722
S,DreaMS,recall,61,227,5,0.9588894548616735,0.00885036530809327
S,DreaMS,recall,62,227,5,0.9601756419654819,0.00890763915090186
S,DreaMS,recall,63,227,5,0.9617718151949021,0.00870701593855256
S,DreaMS,recall,64,227,5,0.9664531584482795,0.0063553470760331285
S,DreaMS,recall,65,227,5,0.9684776573158376,0.005868331145277335
S,DreaMS,recall,66,227,5,0.9694419970705963,0.00595855032727187
S,DreaMS,recall,67,227,5,0.9700816774313091,0.006132554925514457
S,DreaMS,recall,68,227,5,0.9710469893015743,0.00596756236465121
S,DreaMS,recall,69,227,5,0.9723464971826999,0.005725356177538771
S,DreaMS,recall,70,227,5,0.9780572965784909,0.004647967397270926
S,DreaMS,recall,71,227,5,0.9789275501141372,0.004601496807953131
S,DreaMS,recall,72,227,5,0.9794094810004921,0.004700946580364472
S,DreaMS,recall,73,227,5,0.9795832691532406,0.004652651046048408
S,DreaMS,recall,74,227,5,0.9808316729183886,0.004159890493120646
S,DreaMS,recall,75,227,5,0.9824174319890571,0.0039421994609107934
S,DreaMS,recall,76,227,5,0.9830545312667212,0.0038691036438845256
S,DreaMS,recall,77,227,5,0.9835095798526368,0.0036739374788015014
S,DreaMS,recall,78,227,5,0.9838317757445865,0.0035865226358902007
S,DreaMS,recall,79,227,5,0.9841854211976215,0.0034843190576903595
S,DreaMS,recall,80,227,5,0.9862618625572365,0.0031488654301466902
S,DreaMS,recall,81,227,5,0.9867556265866539,0.003338619899772335
S,DreaMS,recall,82,227,5,0.9871980323254878,0.0032706410206609225
S,DreaMS,recall,83,227,5,0.9873276118133376,0.0032407546573077705
S,DreaMS,recall,84,227,5,0.9878289896102462,0.003038955961963206
S,DreaMS,recall,85,227,5,0.988615028404122,0.0031074771244402454
S,DreaMS,recall,86,227,5,0.9891320796625782,0.0030708120837806994
S,DreaMS,recall,87,227,5,0.9895947588035302,0.0029586368441280575
S,DreaMS,recall,88,227,5,0.9898773995158698,0.002882720384341855
S,DreaMS,recall,89,227,5,0.9902429852609462,0.0026795669629203884
S,DreaMS,recall,90,227,5,0.9904677938218578,0.0026022316493288884
S,DreaMS,recall,91,227,5,0.9905973733097075,0.0025723148254075782
S,DreaMS,recall,92,227,5,0.9913420688172048,0.0026113454111563574
S,DreaMS,recall,93,227,5,0.9916367238009322,0.002555690374483059
S,DreaMS,recall,94,227,5,0.992044433932277,0.0024462156877922206
S,DreaMS,recall,95,227,5,0.9924341368607406,0.002344093252244058
S,DreaMS,recall,96,227,5,0.9926547428336263,0.0023279189977618198
S,DreaMS,recall,97,227,5,0.9928120066461419,0.002241882488486591
S,DreaMS,recall,98,227,5,0.9929811036017201,0.002158579300113677
S,DreaMS,recall,99,227,5,0.993157012300563,0.002098338694008753
S,DreaMS,recall,100,227,5,0.9933142761130787,0.0020140237761837277
S,DreaMS,recall,101,227,5,0.9935412052200849,0.0019458851395150896
S,DreaMS,recall,102,227,5,0.9936942664445748,0.0019283409378118605
S,DreaMS,recall,103,227,5,0.9938915363339629,0.0018895686974045793
S,DreaMS,recall,104,227,5,0.9940674450328059,0.0018334008293259781
S,DreaMS,recall,105,227,5,0.9942247088453217,0.0017552858305177623
S,DreaMS,recall,106,227,5,0.9943495971360014,0.0016994193638015524
S,DreaMS,recall,107,227,5,0.9947812775715061,0.0016436654353329326
S,DreaMS,recall,108,227,5,0.9948322979796693,0.0016433830995764328
S,DreaMS,recall,109,227,5,0.9949903806039565,0.0016111293967309896
S,DreaMS,recall,110,227,5,0.9950974428200805,0.0015797218171590423
S,DreaMS,recall,111,227,5,0.9963585424967027,0.0017931773742771372
S,DreaMS,recall,112,227,5,0.9965234368642548,0.0017833543168356994
S,DreaMS,recall,113,227,5,0.996814145483237,0.0016224667450745315
S,DreaMS,recall,114,227,5,0.9969722281075242,0.0015779867437807995
S,DreaMS,recall,115,227,5,0.9970164367724227,0.001538950569710598
S,DreaMS,recall,116,227,5,0.997060645437321,0.0015002014400010894
S,DreaMS,recall,117,227,5,0.9973071453914046,0.001377964996709787
S,DreaMS,recall,118,227,5,0.9974839800509979,0.0012262361050393899
S,DreaMS,recall,119,227,5,0.9976930830834485,0.0011779898582179706
S,DreaMS,recall,120,227,5,0.9977372917483468,0.0011396986144573131
S,DreaMS,recall,121,227,5,0.9978953743726342,0.0010944781099652585
S,DreaMS,recall,122,227,5,0.9979906034456956,0.001057137064693772
S,DreaMS,recall,123,227,5,0.998041623853859,0.0010610598644372907
S,DreaMS,recall,124,227,5,0.9981997064781462,0.0010197716392668689
S,DreaMS,recall,125,227,5,0.998345955959371,0.0009972281352336634
S,DreaMS,recall,126,227,5,0.9984411850324326,0.0009694651781477673
S,DreaMS,recall,127,227,5,0.9985992676567198,0.0009343084823946553
S,DreaMS,recall,128,227,5,0.9986434763216181,0.0008935080675907763
S,DreaMS,recall,129,227,5,0.9988015589459053,0.0008611579786476139
S,DreaMS,recall,130,227,5,0.9988015589459053,0.0008611579786476139
S,DreaMS,recall,131,227,5,0.9988457676108038,0.0008199499418357045
S,DreaMS,recall,132,227,5,0.998889976275702,0.0007790709609198133
S,DreaMS,recall,133,227,5,0.9989341849406003,0.0007385756760717122
S,DreaMS,recall,134,227,5,0.9989783936054988,0.000698530821456911
S,DreaMS,recall,135,227,5,0.9990854558216228,0.0006477579151452824
S,DreaMS,recall,136,227,5,0.9991296644865209,0.0006070172026312842
S,DreaMS,recall,137,227,5,0.9991738731514193,0.0005667964926245041
S,DreaMS,recall,138,227,5,0.9992180818163175,0.0005272148100316914
S,DreaMS,recall,139,227,5,0.9992180818163175,0.0005272148100316914
S,DreaMS,recall,140,227,5,0.9992809353675431,0.0005166947871885817
S,DreaMS,recall,141,227,5,0.9995206235783621,0.0003444631914590321
S,DreaMS,recall,142,227,5,0.999627685794486,0.0002999851911525966
S,DreaMS,recall,143,227,5,0.9996718944593844,0.00025685243239179426
S,DreaMS,recall,144,227,5,0.9997161031242827,0.00021415891586500105
S,DreaMS,recall,145,227,5,0.999760311789181,0.00017223159572952884
S,DreaMS,recall,146,227,5,0.9998045204540794,0.00013180370250793152
S,DreaMS,recall,147,227,5,0.9998045204540794,0.00013180370250793152
S,DreaMS,recall,148,227,5,0.9998487291189777,9.481308731519403e-05
S,DreaMS,recall,149,227,5,0.999892937783876,6.719850565203197e-05
S,DreaMS,recall,150,227,5,1.0,0.0
S,Linear SVM,hit_rate,5,227,5,0.7292399153040986,0.01695382975802586
S,Linear SVM,hit_rate,6,227,5,0.7759026514981842,0.022742083324255046
S,Linear SVM,hit_rate,7,227,5,0.7991968682574464,0.030284875442219084
S,Linear SVM,hit_rate,8,227,5,0.8484055218910665,0.03251686279934209
S,Linear SVM,hit_rate,9,227,5,0.87952814132923,0.032085837106465086
S,Linear SVM,hit_rate,10,227,5,0.8957928796304424,0.029034162427096416
S,Linear SVM,hit_rate,11,227,5,0.9166469884113202,0.023864273581595125
S,Linear SVM,hit_rate,12,227,5,0.933307570354294,0.01942963537815406
S,Linear SVM,hit_rate,13,227,5,0.9418048869911455,0.015815154239649153
S,Linear SVM,hit_rate,14,227,5,0.9460602061400817,0.016007441273325526
S,Linear SVM,hit_rate,15,227,5,0.9588746342369019,0.016092983484713486
S,Linear SVM,hit_rate,16,227,5,0.9627207880830557,0.012959668826636982
S,Linear SVM,hit_rate,17,227,5,0.9627207880830557,0.012959668826636982
S,Linear SVM,hit_rate,18,227,5,0.9665669419292096,0.010320257437172787
S,Linear SVM,hit_rate,19,227,5,0.9665669419292096,0.010320257437172787
S,Linear SVM,hit_rate,20,227,5,0.9704130957753634,0.008639919551679967
S,Linear SVM,hit_rate,21,227,5,0.9704130957753634,0.008639919551679967
S,Linear SVM,hit_rate,22,227,5,0.9704130957753634,0.008639919551679967
S,Linear SVM,hit_rate,23,227,5,0.978105403467671,0.009984317647649696
S,Linear SVM,hit_rate,24,227,5,0.9870118854073049,0.005322423947884716
S,Linear SVM,hit_rate,25,227,5,0.9870118854073049,0.005322423947884716
S,Linear SVM,hit_rate,26,227,5,0.9870118854073049,0.005322423947884716
S,Linear SVM,hit_rate,27,227,5,0.9870118854073049,0.005322423947884716
S,Linear SVM,hit_rate,28,227,5,0.9870118854073049,0.005322423947884716
S,Linear SVM,hit_rate,29,227,5,0.9870118854073049,0.005322423947884716
S,Linear SVM,hit_rate,30,227,5,0.9870118854073049,0.005322423947884716
S,Linear SVM,hit_rate,31,227,5,0.9870118854073049,0.005322423947884716
S,Linear SVM,hit_rate,32,227,5,0.9870118854073049,0.005322423947884716
S,Linear SVM,hit_rate,33,227,5,0.9870118854073049,0.005322423947884716
S,Linear SVM,hit_rate,34,227,5,0.9870118854073049,0.005322423947884716
S,Linear SVM,hit_rate,35,227,5,0.9870118854073049,0.005322423947884716
S,Linear SVM,hit_rate,36,227,5,0.9870118854073049,0.005322423947884716
S,Linear SVM,hit_rate,37,227,5,0.9870118854073049,0.005322423947884716
S,Linear SVM,hit_rate,38,227,5,0.9910935180603662,0.005463054577874536
S,Linear SVM,hit_rate,39,227,5,0.9910935180603662,0.005463054577874536
S,Linear SVM,hit_rate,40,227,5,0.9910935180603662,0.005463054577874536
S,Linear SVM,hit_rate,41,227,5,0.9910935180603662,0.005463054577874536
S,Linear SVM,hit_rate,42,227,5,0.9910935180603662,0.005463054577874536
S,Linear SVM,hit_rate,43,227,5,0.9910935180603662,0.005463054577874536
S,Linear SVM,hit_rate,44,227,5,0.9910935180603662,0.005463054577874536
S,Linear SVM,hit_rate,45,227,5,0.9910935180603662,0.005463054577874536
S,Linear SVM,hit_rate,46,227,5,0.9910935180603662,0.005463054577874536
S,Linear SVM,hit_rate,47,227,5,0.9957446808510639,0.004255319148936176
S,Linear SVM,hit_rate,48,227,5,0.9957446808510639,0.004255319148936176
S,Linear SVM,hit_rate,49,227,5,0.9957446808510639,0.004255319148936176
S,Linear SVM,hit_rate,50,227,5,0.9957446808510639,0.004255319148936176
S,Linear SVM,hit_rate,51,227,5,0.9957446808510639,0.004255319148936176
S,Linear SVM,hit_rate,52,227,5,0.9957446808510639,0.004255319148936176
S,Linear SVM,hit_rate,53,227,5,0.9957446808510639,0.004255319148936176
S,Linear SVM,hit_rate,54,227,5,0.9957446808510639,0.004255319148936176
S,Linear SVM,hit_rate,55,227,5,0.9957446808510639,0.004255319148936176
S,Linear SVM,hit_rate,56,227,5,0.9957446808510639,0.004255319148936176
S,Linear SVM,hit_rate,57,227,5,1.0,0.0
S,Linear SVM,hit_rate,58,227,5,1.0,0.0
S,Linear SVM,hit_rate,59,227,5,1.0,0.0
S,Linear SVM,hit_rate,60,227,5,1.0,0.0
S,Linear SVM,hit_rate,61,227,5,1.0,0.0
S,Linear SVM,hit_rate,62,227,5,1.0,0.0
S,Linear SVM,hit_rate,63,227,5,1.0,0.0
S,Linear SVM,hit_rate,64,227,5,1.0,0.0
S,Linear SVM,hit_rate,65,227,5,1.0,0.0
S,Linear SVM,hit_rate,66,227,5,1.0,0.0
S,Linear SVM,hit_rate,67,227,5,1.0,0.0
S,Linear SVM,hit_rate,68,227,5,1.0,0.0
S,Linear SVM,hit_rate,69,227,5,1.0,0.0
S,Linear SVM,hit_rate,70,227,5,1.0,0.0
S,Linear SVM,hit_rate,71,227,5,1.0,0.0
S,Linear SVM,hit_rate,72,227,5,1.0,0.0
S,Linear SVM,hit_rate,73,227,5,1.0,0.0
S,Linear SVM,hit_rate,74,227,5,1.0,0.0
S,Linear SVM,hit_rate,75,227,5,1.0,0.0
S,Linear SVM,hit_rate,76,227,5,1.0,0.0
S,Linear SVM,hit_rate,77,227,5,1.0,0.0
S,Linear SVM,hit_rate,78,227,5,1.0,0.0
S,Linear SVM,hit_rate,79,227,5,1.0,0.0
S,Linear SVM,hit_rate,80,227,5,1.0,0.0
S,Linear SVM,hit_rate,81,227,5,1.0,0.0
S,Linear SVM,hit_rate,82,227,5,1.0,0.0
S,Linear SVM,hit_rate,83,227,5,1.0,0.0
S,Linear SVM,hit_rate,84,227,5,1.0,0.0
S,Linear SVM,hit_rate,85,227,5,1.0,0.0
S,Linear SVM,hit_rate,86,227,5,1.0,0.0
S,Linear SVM,hit_rate,87,227,5,1.0,0.0
S,Linear SVM,hit_rate,88,227,5,1.0,0.0
S,Linear SVM,hit_rate,89,227,5,1.0,0.0
S,Linear SVM,hit_rate,90,227,5,1.0,0.0
S,Linear SVM,hit_rate,91,227,5,1.0,0.0
S,Linear SVM,hit_rate,92,227,5,1.0,0.0
S,Linear SVM,hit_rate,93,227,5,1.0,0.0
S,Linear SVM,hit_rate,94,227,5,1.0,0.0
S,Linear SVM,hit_rate,95,227,5,1.0,0.0
S,Linear SVM,hit_rate,96,227,5,1.0,0.0
S,Linear SVM,hit_rate,97,227,5,1.0,0.0
S,Linear SVM,hit_rate,98,227,5,1.0,0.0
S,Linear SVM,hit_rate,99,227,5,1.0,0.0
S,Linear SVM,hit_rate,100,227,5,1.0,0.0
S,Linear SVM,hit_rate,101,227,5,1.0,0.0
S,Linear SVM,hit_rate,102,227,5,1.0,0.0
S,Linear SVM,hit_rate,103,227,5,1.0,0.0
S,Linear SVM,hit_rate,104,227,5,1.0,0.0
S,Linear SVM,hit_rate,105,227,5,1.0,0.0
S,Linear SVM,hit_rate,106,227,5,1.0,0.0
S,Linear SVM,hit_rate,107,227,5,1.0,0.0
S,Linear SVM,hit_rate,108,227,5,1.0,0.0
S,Linear SVM,hit_rate,109,227,5,1.0,0.0
S,Linear SVM,hit_rate,110,227,5,1.0,0.0
S,Linear SVM,hit_rate,111,227,5,1.0,0.0
S,Linear SVM,hit_rate,112,227,5,1.0,0.0
S,Linear SVM,hit_rate,113,227,5,1.0,0.0
S,Linear SVM,hit_rate,114,227,5,1.0,0.0
S,Linear SVM,hit_rate,115,227,5,1.0,0.0
S,Linear SVM,hit_rate,116,227,5,1.0,0.0
S,Linear SVM,hit_rate,117,227,5,1.0,0.0
S,Linear SVM,hit_rate,118,227,5,1.0,0.0
S,Linear SVM,hit_rate,119,227,5,1.0,0.0
S,Linear SVM,hit_rate,120,227,5,1.0,0.0
S,Linear SVM,hit_rate,121,227,5,1.0,0.0
S,Linear SVM,hit_rate,122,227,5,1.0,0.0
S,Linear SVM,hit_rate,123,227,5,1.0,0.0
S,Linear SVM,hit_rate,124,227,5,1.0,0.0
S,Linear SVM,hit_rate,125,227,5,1.0,0.0
S,Linear SVM,hit_rate,126,227,5,1.0,0.0
S,Linear SVM,hit_rate,127,227,5,1.0,0.0
S,Linear SVM,hit_rate,128,227,5,1.0,0.0
S,Linear SVM,hit_rate,129,227,5,1.0,0.0
S,Linear SVM,hit_rate,130,227,5,1.0,0.0
S,Linear SVM,hit_rate,131,227,5,1.0,0.0
S,Linear SVM,hit_rate,132,227,5,1.0,0.0
S,Linear SVM,hit_rate,133,227,5,1.0,0.0
S,Linear SVM,hit_rate,134,227,5,1.0,0.0
S,Linear SVM,hit_rate,135,227,5,1.0,0.0
S,Linear SVM,hit_rate,136,227,5,1.0,0.0
S,Linear SVM,hit_rate,137,227,5,1.0,0.0
S,Linear SVM,hit_rate,138,227,5,1.0,0.0
S,Linear SVM,hit_rate,139,227,5,1.0,0.0
S,Linear SVM,hit_rate,140,227,5,1.0,0.0
S,Linear SVM,hit_rate,141,227,5,1.0,0.0
S,Linear SVM,hit_rate,142,227,5,1.0,0.0
S,Linear SVM,hit_rate,143,227,5,1.0,0.0
S,Linear SVM,hit_rate,144,227,5,1.0,0.0
S,Linear SVM,hit_rate,145,227,5,1.0,0.0
S,Linear SVM,hit_rate,146,227,5,1.0,0.0
S,Linear SVM,hit_rate,147,227,5,1.0,0.0
S,Linear SVM,hit_rate,148,227,5,1.0,0.0
S,Linear SVM,hit_rate,149,227,5,1.0,0.0
S,Linear SVM,hit_rate,150,227,5,1.0,0.0
S,Linear SVM,recall,5,227,5,0.31677415250181096,0.027968699008048655
S,Linear SVM,recall,6,227,5,0.35959326704920314,0.025809281964032826
S,Linear SVM,recall,7,227,5,0.3981926583097227,0.030829067668103137
S,Linear SVM,recall,8,227,5,0.44727526881591206,0.02948939020908044
S,Linear SVM,recall,9,227,5,0.48449116435676115,0.02523670032963265
S,Linear SVM,recall,10,227,5,0.5291281064681733,0.023626724352422
S,Linear SVM,recall,11,227,5,0.5649093465410486,0.02464435793111611
S,Linear SVM,recall,12,227,5,0.6233152876934561,0.034689549342907
S,Linear SVM,recall,13,227,5,0.6518257895973572,0.03202132882143548
S,Linear SVM,recall,14,227,5,0.6782508443121448,0.03278914546302166
S,Linear SVM,recall,15,227,5,0.7089658006255937,0.031313794432447424
S,Linear SVM,recall,16,227,5,0.7248880367348375,0.029832135079702022
S,Linear SVM,recall,17,227,5,0.7435081841961553,0.031215704152350483
S,Linear SVM,recall,18,227,5,0.7640123625842847,0.026797949683985887
S,Linear SVM,recall,19,227,5,0.7812966314902197,0.025964143420495696
S,Linear SVM,recall,20,227,5,0.7965449228528477,0.024098186592853454
S,Linear SVM,recall,21,227,5,0.8073991752638486,0.023135006011306518
S,Linear SVM,recall,22,227,5,0.8243469746486312,0.02304389587452884
S,Linear SVM,recall,23,227,5,0.8412916048339577,0.018016033259767295
S,Linear SVM,recall,24,227,5,0.854678498284693,0.0179562526191734
S,Linear SVM,recall,25,227,5,0.8645183645254676,0.017240819292748136
S,Linear SVM,recall,26,227,5,0.8710378820418472,0.01675385710516825
S,Linear SVM,recall,27,227,5,0.8738125345753783,0.01589094543356414
S,Linear SVM,recall,28,227,5,0.8789345513832512,0.01486330075365217
S,Linear SVM,recall,29,227,5,0.8840690956886312,0.013898597262611204
S,Linear SVM,recall,30,227,5,0.8879698593212566,0.013822977085527072
S,Linear SVM,recall,31,227,5,0.8925840111559442,0.013930263668948319
S,Linear SVM,recall,32,227,5,0.8980250512325361,0.015244937534836252
S,Linear SVM,recall,33,227,5,0.9015101956399608,0.015042311589692872
S,Linear SVM,recall,34,227,5,0.9052718276902493,0.014398191464817318
S,Linear SVM,recall,35,227,5,0.9086422698624006,0.014616268470784627
S,Linear SVM,recall,36,227,5,0.9103407916356445,0.014182082896386106
S,Linear SVM,recall,37,227,5,0.9132424251126736,0.013493620549894824
S,Linear SVM,recall,38,227,5,0.9170339511016723,0.013857052509385221
S,Linear SVM,recall,39,227,5,0.9182185386052772,0.013555187074793707
S,Linear SVM,recall,40,227,5,0.921639773704983,0.013435523358890223
S,Linear SVM,recall,41,227,5,0.9234501544284249,0.013183094522328504
S,Linear SVM,recall,42,227,5,0.9246010642256364,0.013318085700930384
S,Linear SVM,recall,43,227,5,0.9283730367614039,0.013127327784485884
S,Linear SVM,recall,44,227,5,0.9292909255202872,0.013278031595146957
S,Linear SVM,recall,45,227,5,0.9304150006872692,0.013208543714198589
S,Linear SVM,recall,46,227,5,0.9312442729561358,0.012843673389540835
S,Linear SVM,recall,47,227,5,0.9364590033206562,0.014007470846890566
S,Linear SVM,recall,48,227,5,0.9376863297525972,0.013873390575740737
S,Linear SVM,recall,49,227,5,0.9397906086621749,0.013919581908993627
S,Linear SVM,recall,50,227,5,0.9413502881485067,0.013620288483007595
S,Linear SVM,recall,51,227,5,0.9442444264950673,0.012144485440041208
S,Linear SVM,recall,52,227,5,0.9460918733993173,0.012045993668877687
S,Linear SVM,recall,53,227,5,0.9481577159287795,0.011860645490925937
S,Linear SVM,recall,54,227,5,0.9497314038614689,0.011800301667358785
S,Linear SVM,recall,55,227,5,0.951071351128267,0.011596315837213777
S,Linear SVM,recall,56,227,5,0.9536880785357237,0.01096274468761489
S,Linear SVM,recall,57,227,5,0.9598590334765899,0.007523349527086964
S,Linear SVM,recall,58,227,5,0.961025094726945,0.007538687573082884
S,Linear SVM,recall,59,227,5,0.9626677545358284,0.007438086960261954
S,Linear SVM,recall,60,227,5,0.9658793316846135,0.006745193530689283
S,Linear SVM,recall,61,227,5,0.9667406970588269,0.006854406704160659
S,Linear SVM,recall,62,227,5,0.9671990029840527,0.006688937391255695
S,Linear SVM,recall,63,227,5,0.9683178012960214,0.00655867761217619
S,Linear SVM,recall,64,227,5,0.9692463954505154,0.006296262651339345
S,Linear SVM,recall,65,227,5,0.9701402113939297,0.005891636007019844
S,Linear SVM,recall,66,227,5,0.97045845050291,0.00579245081113191
S,Linear SVM,recall,67,227,5,0.9707465395484292,0.0057034975226123085
S,Linear SVM,recall,68,227,5,0.9712911339576014,0.005608095683063045
S,Linear SVM,recall,69,227,5,0.9715949418712995,0.00553599550381586
S,Linear SVM,recall,70,227,5,0.972122598496399,0.005387033027387182
S,Linear SVM,recall,71,227,5,0.9728490439840375,0.005495213793615922
S,Linear SVM,recall,72,227,5,0.976023574081322,0.0047542218031423125
S,Linear SVM,recall,73,227,5,0.9772392768037147,0.004779546973120685
S,Linear SVM,recall,74,227,5,0.9777746804577525,0.004670994257035956
S,Linear SVM,recall,75,227,5,0.9780384170623988,0.00461970509488162
S,Linear SVM,recall,76,227,5,0.9789184723810663,0.004659032153608528
S,Linear SVM,recall,77,227,5,0.9799087197055302,0.004672482215652984
S,Linear SVM,recall,78,227,5,0.9799597401136934,0.004667826282436514
S,Linear SVM,recall,79,227,5,0.981767872693896,0.004217356027516806
S,Linear SVM,recall,80,227,5,0.9821481465423302,0.004104197411069603
S,Linear SVM,recall,81,227,5,0.9828598960456969,0.003937892568118905
S,Linear SVM,recall,82,227,5,0.9837268670247307,0.003978298732106989
S,Linear SVM,recall,83,227,5,0.9841059825552854,0.0039431357204497385
S,Linear SVM,recall,84,227,5,0.9843449188198816,0.0038901035911381274
S,Linear SVM,recall,85,227,5,0.9852081850093274,0.0037526100021046554
S,Linear SVM,recall,86,227,5,0.9857235822269619,0.0036662399701573273
S,Linear SVM,recall,87,227,5,0.987021388193285,0.0037101822669972193
S,Linear SVM,recall,88,227,5,0.9875213633993969,0.003589347214379233
S,Linear SVM,recall,89,227,5,0.9877404248338715,0.0035155625534770865
S,Linear SVM,recall,90,227,5,0.9879056027183621,0.003433225860616585
S,Linear SVM,recall,91,227,5,0.9883977127069578,0.0035726409872352326
S,Linear SVM,recall,92,227,5,0.9890494905711023,0.003595114783470605
S,Linear SVM,recall,93,227,5,0.9892374064275351,0.003542228890980549
S,Linear SVM,recall,94,227,5,0.990283630163694,0.0035807595400897704
S,Linear SVM,recall,95,227,5,0.9905170564193483,0.003476840812706101
S,Linear SVM,recall,96,227,5,0.9907361178538231,0.003406995220068839
S,Linear SVM,recall,97,227,5,0.9908847713980811,0.0033300805710034824
S,Linear SVM,recall,98,227,5,0.9910590260561024,0.0032771786452615546
S,Linear SVM,recall,99,227,5,0.9913633173441603,0.003114008198678519
S,Linear SVM,recall,100,227,5,0.9915375720021815,0.0030621833258639543
S,Linear SVM,recall,101,227,5,0.9919108308622645,0.003010656929119412
S,Linear SVM,recall,102,227,5,0.9920725266505841,0.0029225874581315352
S,Linear SVM,recall,103,227,5,0.9921721876994496,0.002890021749125188
S,Linear SVM,recall,104,227,5,0.9924834718590978,0.0027923132235057025
S,Linear SVM,recall,105,227,5,0.9926067061089556,0.0027400554281815917
S,Linear SVM,recall,106,227,5,0.9926687408484097,0.0026856111708937398
S,Linear SVM,recall,107,227,5,0.9930318206062522,0.00268231203127561
S,Linear SVM,recall,108,227,5,0.9931618572362888,0.0025669950796559796
S,Linear SVM,recall,109,227,5,0.9934629622936964,0.0024765390308625697
S,Linear SVM,recall,110,227,5,0.9936136437507251,0.0024585830117204977
S,Linear SVM,recall,111,227,5,0.9938051665136765,0.002457112557662118
S,Linear SVM,recall,112,227,5,0.993843628052138,0.002423297130115077
S,Linear SVM,recall,113,227,5,0.993984130406926,0.0024161154527905775
S,Linear SVM,recall,114,227,5,0.9946380006838964,0.0023020368409600515
S,Linear SVM,recall,115,227,5,0.9946380006838964,0.0023020368409600515
S,Linear SVM,recall,116,227,5,0.9947886821409252,0.0022813250602432065
S,Linear SVM,recall,117,227,5,0.9949414567429044,0.002199572305960799
S,Linear SVM,recall,118,227,5,0.9949414567429044,0.002199572305960799
S,Linear SVM,recall,119,227,5,0.9952857541078346,0.002126736569889731
S,Linear SVM,recall,120,227,5,0.9953752360544594,0.00210813451406503
S,Linear SVM,recall,121,227,5,0.9955178315541978,0.002042715793222143
S,Linear SVM,recall,122,227,5,0.9955688519623612,0.002061694859811169
S,Linear SVM,recall,123,227,5,0.9955688519623612,0.002061694859811169
S,Linear SVM,recall,124,227,5,0.9955688519623612,0.002061694859811169
S,Linear SVM,recall,125,227,5,0.9956198723705244,0.0020817516043377406
S,Linear SVM,recall,126,227,5,0.9956708927786877,0.002102855190794634
S,Linear SVM,recall,127,227,5,0.9957603747253124,0.002090701608043795
S,Linear SVM,recall,128,227,5,0.9958519498168876,0.0020097099078231974
S,Linear SVM,recall,129,227,5,0.9959029702250508,0.002033307451449034
S,Linear SVM,recall,130,227,5,0.996106765235193,0.0019770212262342187
S,Linear SVM,recall,131,227,5,0.996106765235193,0.0019770212262342187
S,Linear SVM,recall,132,227,5,0.996167964745597,0.001977312693381249
S,Linear SVM,recall,133,227,5,0.996259539837172,0.0018976126125743143
S,Linear SVM,recall,134,227,5,0.9968851276779219,0.0018071679251867828
S,Linear SVM,recall,135,227,5,0.9968851276779219,0.0018071679251867828
S,Linear SVM,recall,136,227,5,0.9970379022799009,0.0017202838397793897
S,Linear SVM,recall,137,227,5,0.9970991017903046,0.0017205019130350125
S,Linear SVM,recall,138,227,5,0.997137563328766,0.0016843052077222676
S,Linear SVM,recall,139,227,5,0.997137563328766,0.0016843052077222676
S,Linear SVM,recall,140,227,5,0.9971760248672277,0.0016482110946858001
S,Linear SVM,recall,141,227,5,0.9972144864056893,0.001612226464369061
S,Linear SVM,recall,142,227,5,0.9972144864056893,0.001612226464369061
S,Linear SVM,recall,143,227,5,0.9972144864056893,0.001612226464369061
S,Linear SVM,recall,144,227,5,0.9972144864056893,0.001612226464369061
S,Linear SVM,recall,145,227,5,0.9972144864056893,0.001612226464369061
S,Linear SVM,recall,146,227,5,0.9973141474545546,0.0015774791792325094
S,Linear SVM,recall,147,227,5,0.9973753469649587,0.0015809695664089646
S,Linear SVM,recall,148,227,5,0.9974750080138242,0.0015501743507112743
S,Linear SVM,recall,149,227,5,0.9975746690626895,0.0015214176868962336
S,Linear SVM,recall,150,227,5,0.9976743301115552,0.0014948172299996752
S,Random forest,hit_rate,5,227,5,0.7525208104023401,0.02808382221899707
S,Random forest,hit_rate,6,227,5,0.8035188431809622,0.02776011050180667
S,Random forest,hit_rate,7,227,5,0.8161111141318959,0.02187878836005213
S,Random forest,hit_rate,8,227,5,0.8282942197800474,0.02135593653598974
S,Random forest,hit_rate,9,227,5,0.8325495389289834,0.0184811345575479
S,Random forest,hit_rate,10,227,5,0.8507583464500126,0.011673300222207876
S,Random forest,hit_rate,11,227,5,0.883368210451691,0.011891864966086413
S,Random forest,hit_rate,12,227,5,0.8921010058954499,0.014170924414527948
S,Random forest,hit_rate,13,227,5,0.9015027152971594,0.014685586778346906
S,Random forest,hit_rate,14,227,5,0.9132766556425282,0.013088202372579894
S,Random forest,hit_rate,15,227,5,0.9284693994067006,0.02267012749307031
S,Random forest,hit_rate,16,227,5,0.9412220351924884,0.018019046376014754
S,Random forest,hit_rate,17,227,5,0.9412220351924884,0.018019046376014754
S,Random forest,hit_rate,18,227,5,0.9493235081875783,0.014602111377673732
S,Random forest,hit_rate,19,227,5,0.9531696620337321,0.014646590131464297
S,Random forest,hit_rate,20,227,5,0.9570158158798859,0.01566554649824876
S,Random forest,hit_rate,21,227,5,0.9570158158798859,0.01566554649824876
S,Random forest,hit_rate,22,227,5,0.9570158158798859,0.01566554649824876
S,Random forest,hit_rate,23,227,5,0.9655131325167374,0.01600887304230255
S,Random forest,hit_rate,24,227,5,0.9655131325167374,0.01600887304230255
S,Random forest,hit_rate,25,227,5,0.9655131325167374,0.01600887304230255
S,Random forest,hit_rate,26,227,5,0.9655131325167374,0.01600887304230255
S,Random forest,hit_rate,27,227,5,0.9655131325167374,0.01600887304230255
S,Random forest,hit_rate,28,227,5,0.9744196144563713,0.012266349313533636
S,Random forest,hit_rate,29,227,5,0.9744196144563713,0.012266349313533636
S,Random forest,hit_rate,30,227,5,0.9744196144563713,0.012266349313533636
S,Random forest,hit_rate,31,227,5,0.9744196144563713,0.012266349313533636
S,Random forest,hit_rate,32,227,5,0.9786749336053076,0.009337524340886348
S,Random forest,hit_rate,33,227,5,0.9786749336053076,0.009337524340886348
S,Random forest,hit_rate,34,227,5,0.9786749336053076,0.009337524340886348
S,Random forest,hit_rate,35,227,5,0.9786749336053076,0.009337524340886348
S,Random forest,hit_rate,36,227,5,0.9786749336053076,0.009337524340886348
S,Random forest,hit_rate,37,227,5,0.9786749336053076,0.009337524340886348
S,Random forest,hit_rate,38,227,5,0.9786749336053076,0.009337524340886348
S,Random forest,hit_rate,39,227,5,0.9786749336053076,0.009337524340886348
S,Random forest,hit_rate,40,227,5,0.9786749336053076,0.009337524340886348
S,Random forest,hit_rate,41,227,5,0.9786749336053076,0.009337524340886348
S,Random forest,hit_rate,42,227,5,0.9786749336053076,0.009337524340886348
S,Random forest,hit_rate,43,227,5,0.9829302527542436,0.007754410246451295
S,Random forest,hit_rate,44,227,5,0.9829302527542436,0.007754410246451295
S,Random forest,hit_rate,45,227,5,0.9829302527542436,0.007754410246451295
S,Random forest,hit_rate,46,227,5,0.9829302527542436,0.007754410246451295
S,Random forest,hit_rate,47,227,5,0.9829302527542436,0.007754410246451295
S,Random forest,hit_rate,48,227,5,0.9829302527542436,0.007754410246451295
S,Random forest,hit_rate,49,227,5,0.9916630481980026,0.005107165689508344
S,Random forest,hit_rate,50,227,5,0.9916630481980026,0.005107165689508344
S,Random forest,hit_rate,51,227,5,0.9916630481980026,0.005107165689508344
S,Random forest,hit_rate,52,227,5,0.9916630481980026,0.005107165689508344
S,Random forest,hit_rate,53,227,5,0.9916630481980026,0.005107165689508344
S,Random forest,hit_rate,54,227,5,0.9916630481980026,0.005107165689508344
S,Random forest,hit_rate,55,227,5,0.9916630481980026,0.005107165689508344
S,Random forest,hit_rate,56,227,5,0.9916630481980026,0.005107165689508344
S,Random forest,hit_rate,57,227,5,0.9916630481980026,0.005107165689508344
S,Random forest,hit_rate,58,227,5,0.9916630481980026,0.005107165689508344
S,Random forest,hit_rate,59,227,5,0.9916630481980026,0.005107165689508344
S,Random forest,hit_rate,60,227,5,0.9916630481980026,0.005107165689508344
S,Random forest,hit_rate,61,227,5,0.9916630481980026,0.005107165689508344
S,Random forest,hit_rate,62,227,5,0.9916630481980026,0.005107165689508344
S,Random forest,hit_rate,63,227,5,0.9916630481980026,0.005107165689508344
S,Random forest,hit_rate,64,227,5,0.9916630481980026,0.005107165689508344
S,Random forest,hit_rate,65,227,5,0.9916630481980026,0.005107165689508344
S,Random forest,hit_rate,66,227,5,0.9916630481980026,0.005107165689508344
S,Random forest,hit_rate,67,227,5,0.9916630481980026,0.005107165689508344
S,Random forest,hit_rate,68,227,5,0.9916630481980026,0.005107165689508344
S,Random forest,hit_rate,69,227,5,0.9916630481980026,0.005107165689508344
S,Random forest,hit_rate,70,227,5,0.9916630481980026,0.005107165689508344
S,Random forest,hit_rate,71,227,5,0.9916630481980026,0.005107165689508344
S,Random forest,hit_rate,72,227,5,0.9916630481980026,0.005107165689508344
S,Random forest,hit_rate,73,227,5,0.9916630481980026,0.005107165689508344
S,Random forest,hit_rate,74,227,5,0.9916630481980026,0.005107165689508344
S,Random forest,hit_rate,75,227,5,0.9916630481980026,0.005107165689508344
S,Random forest,hit_rate,76,227,5,0.9916630481980026,0.005107165689508344
S,Random forest,hit_rate,77,227,5,0.9916630481980026,0.005107165689508344
S,Random forest,hit_rate,78,227,5,0.9916630481980026,0.005107165689508344
S,Random forest,hit_rate,79,227,5,0.9916630481980026,0.005107165689508344
S,Random forest,hit_rate,80,227,5,0.9916630481980026,0.005107165689508344
S,Random forest,hit_rate,81,227,5,0.9916630481980026,0.005107165689508344
S,Random forest,hit_rate,82,227,5,0.9957446808510639,0.004255319148936176
S,Random forest,hit_rate,83,227,5,0.9957446808510639,0.004255319148936176
S,Random forest,hit_rate,84,227,5,0.9957446808510639,0.004255319148936176
S,Random forest,hit_rate,85,227,5,0.9957446808510639,0.004255319148936176
S,Random forest,hit_rate,86,227,5,0.9957446808510639,0.004255319148936176
S,Random forest,hit_rate,87,227,5,0.9957446808510639,0.004255319148936176
S,Random forest,hit_rate,88,227,5,0.9957446808510639,0.004255319148936176
S,Random forest,hit_rate,89,227,5,0.9957446808510639,0.004255319148936176
S,Random forest,hit_rate,90,227,5,0.9957446808510639,0.004255319148936176
S,Random forest,hit_rate,91,227,5,0.9957446808510639,0.004255319148936176
S,Random forest,hit_rate,92,227,5,0.9957446808510639,0.004255319148936176
S,Random forest,hit_rate,93,227,5,0.9957446808510639,0.004255319148936176
S,Random forest,hit_rate,94,227,5,0.9957446808510639,0.004255319148936176
S,Random forest,hit_rate,95,227,5,0.9957446808510639,0.004255319148936176
S,Random forest,hit_rate,96,227,5,0.9957446808510639,0.004255319148936176
S,Random forest,hit_rate,97,227,5,0.9957446808510639,0.004255319148936176
S,Random forest,hit_rate,98,227,5,0.9957446808510639,0.004255319148936176
S,Random forest,hit_rate,99,227,5,0.9957446808510639,0.004255319148936176
S,Random forest,hit_rate,100,227,5,0.9957446808510639,0.004255319148936176
S,Random forest,hit_rate,101,227,5,0.9957446808510639,0.004255319148936176
S,Random forest,hit_rate,102,227,5,0.9957446808510639,0.004255319148936176
S,Random forest,hit_rate,103,227,5,0.9957446808510639,0.004255319148936176
S,Random forest,hit_rate,104,227,5,0.9957446808510639,0.004255319148936176
S,Random forest,hit_rate,105,227,5,0.9957446808510639,0.004255319148936176
S,Random forest,hit_rate,106,227,5,0.9957446808510639,0.004255319148936176
S,Random forest,hit_rate,107,227,5,0.9957446808510639,0.004255319148936176
S,Random forest,hit_rate,108,227,5,0.9957446808510639,0.004255319148936176
S,Random forest,hit_rate,109,227,5,0.9957446808510639,0.004255319148936176
S,Random forest,hit_rate,110,227,5,0.9957446808510639,0.004255319148936176
S,Random forest,hit_rate,111,227,5,0.9957446808510639,0.004255319148936176
S,Random forest,hit_rate,112,227,5,0.9957446808510639,0.004255319148936176
S,Random forest,hit_rate,113,227,5,0.9957446808510639,0.004255319148936176
S,Random forest,hit_rate,114,227,5,0.9957446808510639,0.004255319148936176
S,Random forest,hit_rate,115,227,5,0.9957446808510639,0.004255319148936176
S,Random forest,hit_rate,116,227,5,0.9957446808510639,0.004255319148936176
S,Random forest,hit_rate,117,227,5,0.9957446808510639,0.004255319148936176
S,Random forest,hit_rate,118,227,5,0.9957446808510639,0.004255319148936176
S,Random forest,hit_rate,119,227,5,0.9957446808510639,0.004255319148936176
S,Random forest,hit_rate,120,227,5,0.9957446808510639,0.004255319148936176
S,Random forest,hit_rate,121,227,5,1.0,0.0
S,Random forest,hit_rate,122,227,5,1.0,0.0
S,Random forest,hit_rate,123,227,5,1.0,0.0
S,Random forest,hit_rate,124,227,5,1.0,0.0
S,Random forest,hit_rate,125,227,5,1.0,0.0
S,Random forest,hit_rate,126,227,5,1.0,0.0
S,Random forest,hit_rate,127,227,5,1.0,0.0
S,Random forest,hit_rate,128,227,5,1.0,0.0
S,Random forest,hit_rate,129,227,5,1.0,0.0
S,Random forest,hit_rate,130,227,5,1.0,0.0
S,Random forest,hit_rate,131,227,5,1.0,0.0
S,Random forest,hit_rate,132,227,5,1.0,0.0
S,Random forest,hit_rate,133,227,5,1.0,0.0
S,Random forest,hit_rate,134,227,5,1.0,0.0
S,Random forest,hit_rate,135,227,5,1.0,0.0
S,Random forest,hit_rate,136,227,5,1.0,0.0
S,Random forest,hit_rate,137,227,5,1.0,0.0
S,Random forest,hit_rate,138,227,5,1.0,0.0
S,Random forest,hit_rate,139,227,5,1.0,0.0
S,Random forest,hit_rate,140,227,5,1.0,0.0
S,Random forest,hit_rate,141,227,5,1.0,0.0
S,Random forest,hit_rate,142,227,5,1.0,0.0
S,Random forest,hit_rate,143,227,5,1.0,0.0
S,Random forest,hit_rate,144,227,5,1.0,0.0
S,Random forest,hit_rate,145,227,5,1.0,0.0
S,Random forest,hit_rate,146,227,5,1.0,0.0
S,Random forest,hit_rate,147,227,5,1.0,0.0
S,Random forest,hit_rate,148,227,5,1.0,0.0
S,Random forest,hit_rate,149,227,5,1.0,0.0
S,Random forest,hit_rate,150,227,5,1.0,0.0
S,Random forest,recall,5,227,5,0.33644575750117894,0.023277342962896436
S,Random forest,recall,6,227,5,0.3869501284133842,0.024175758131419048
S,Random forest,recall,7,227,5,0.4260961591558551,0.025117650125849517
S,Random forest,recall,8,227,5,0.45662077407923896,0.020738604641543968
S,Random forest,recall,9,227,5,0.4872030371208509,0.021020590002800193
S,Random forest,recall,10,227,5,0.5257208851001774,0.025857880065512547
S,Random forest,recall,11,227,5,0.5611184487208902,0.028055247254165985
S,Random forest,recall,12,227,5,0.596018983458743,0.02986407010379736
S,Random forest,recall,13,227,5,0.6242528255108606,0.02966212440560011
S,Random forest,recall,14,227,5,0.6499694278528715,0.022162895291660222
S,Random forest,recall,15,227,5,0.6752620990320893,0.023208421935618315
S,Random forest,recall,16,227,5,0.7000158025501217,0.021391289356338886
S,Random forest,recall,17,227,5,0.7167227428343035,0.02234958251317247
S,Random forest,recall,18,227,5,0.7450501704784458,0.019092924492907594
S,Random forest,recall,19,227,5,0.7599663160056269,0.019443411715735482
S,Random forest,recall,20,227,5,0.7795290826733625,0.01663870191516965
S,Random forest,recall,21,227,5,0.7900981443575849,0.015566825568061458
S,Random forest,recall,22,227,5,0.8010170950547563,0.014518587038766498
S,Random forest,recall,23,227,5,0.8210419035162844,0.013549500594106163
S,Random forest,recall,24,227,5,0.8270945519497312,0.013106116086016898
S,Random forest,recall,25,227,5,0.8363175633458375,0.015398974440225586
S,Random forest,recall,26,227,5,0.8434556660496186,0.015968084540785944
S,Random forest,recall,27,227,5,0.8507795945324281,0.01540016539775832
S,Random forest,recall,28,227,5,0.8598592249578105,0.014449364702668957
S,Random forest,recall,29,227,5,0.8647187141168666,0.015074941813179425
S,Random forest,recall,30,227,5,0.8703801992080983,0.014592150719686192
S,Random forest,recall,31,227,5,0.8758057454960833,0.01679021962917966
S,Random forest,recall,32,227,5,0.8788441653054951,0.01631714196766198
S,Random forest,recall,33,227,5,0.8825901757974034,0.01529136888169371
S,Random forest,recall,34,227,5,0.8877751973755391,0.01470114620605063
S,Random forest,recall,35,227,5,0.8963285867038918,0.014792950736429758
S,Random forest,recall,36,227,5,0.8985316193237438,0.015285904339026024
S,Random forest,recall,37,227,5,0.9014362342602592,0.015084446171632626
S,Random forest,recall,38,227,5,0.9044055099193372,0.01541353437267368
S,Random forest,recall,39,227,5,0.9070924406712374,0.01580749653625092
S,Random forest,recall,40,227,5,0.9103467465619168,0.01592399420650938
S,Random forest,recall,41,227,5,0.9126793669383128,0.015246618246687476
S,Random forest,recall,42,227,5,0.9154639375974879,0.01495579763744275
S,Random forest,recall,43,227,5,0.9188693246823428,0.01420150323856269
S,Random forest,recall,44,227,5,0.921122021138685,0.014579195505607906
S,Random forest,recall,45,227,5,0.9234165613897909,0.013942249798191473
S,Random forest,recall,46,227,5,0.9257933525395325,0.01352240879256983
S,Random forest,recall,47,227,5,0.9286414043257034,0.01307054343858942
S,Random forest,recall,48,227,5,0.931216240027047,0.01269628289872149
S,Random forest,recall,49,227,5,0.9351336378018328,0.01221915493077903
S,Random forest,recall,50,227,5,0.9365658404410728,0.012073208983565282
S,Random forest,recall,51,227,5,0.9402283549346979,0.012072084062479288
S,Random forest,recall,52,227,5,0.9423927710131258,0.011781525026326952
S,Random forest,recall,53,227,5,0.9457822594934637,0.011435619993137396
S,Random forest,recall,54,227,5,0.9476585554314563,0.01148346794171868
S,Random forest,recall,55,227,5,0.9480647157763199,0.011403207695674858
S,Random forest,recall,56,227,5,0.9502565400692348,0.011271175309946216
S,Random forest,recall,57,227,5,0.9512106315104383,0.011246579428445664
S,Random forest,recall,58,227,5,0.951754408315239,0.011200733891133054
S,Random forest,recall,59,227,5,0.953481765996114,0.010957486116887958
S,Random forest,recall,60,227,5,0.954998069622885,0.01074355839778389
S,Random forest,recall,61,227,5,0.9557501316467285,0.01049335769618915
S,Random forest,recall,62,227,5,0.9576342219448319,0.009959679242605685
S,Random forest,recall,63,227,5,0.9588593456368837,0.009463655493589856
S,Random forest,recall,64,227,5,0.9595903113640782,0.009401420315106688
S,Random forest,recall,65,227,5,0.9604026730806068,0.009292939122614296
S,Random forest,recall,66,227,5,0.9607145861081641,0.009195402420838118
S,Random forest,recall,67,227,5,0.9613011964597525,0.009133933977145743
S,Random forest,recall,68,227,5,0.9622202302094977,0.008722775880208318
S,Random forest,recall,69,227,5,0.9626265623138822,0.008639628892786117
S,Random forest,recall,70,227,5,0.9635554957245862,0.008522764010663576
S,Random forest,recall,71,227,5,0.9639019211386882,0.008432655530091662
S,Random forest,recall,72,227,5,0.9647717290273696,0.008358183937889004
S,Random forest,recall,73,227,5,0.9661074466087196,0.007965411297501643
S,Random forest,recall,74,227,5,0.9667442446710426,0.008001278767232648
S,Random forest,recall,75,227,5,0.9671527048245988,0.007899192726878394
S,Random forest,recall,76,227,5,0.9679519934962613,0.007474368109392302
S,Random forest,recall,77,227,5,0.9689264692059405,0.007032318966906135
S,Random forest,recall,78,227,5,0.9696761335948724,0.00692591233769978
S,Random forest,recall,79,227,5,0.9721358181013352,0.006334088282829019
S,Random forest,recall,80,227,5,0.9726705753473313,0.0064566628716316255
S,Random forest,recall,81,227,5,0.9731129810861651,0.006361988147660913
S,Random forest,recall,82,227,5,0.9746754560371297,0.005689680032289088
S,Random forest,recall,83,227,5,0.9749143923017257,0.005637788266674917
S,Random forest,recall,84,227,5,0.9752843909168204,0.005530381588571959
S,Random forest,recall,85,227,5,0.9767948811559105,0.005221310725041051
S,Random forest,recall,86,227,5,0.9781831598850989,0.004830555060030978
S,Random forest,recall,87,227,5,0.9798583733135681,0.00487977574843337
S,Random forest,recall,88,227,5,0.9804344552398471,0.004966966363306036
S,Random forest,recall,89,227,5,0.9807118530429045,0.0048886874915302775
S,Random forest,recall,90,227,5,0.9813940064882203,0.004898085460803601
S,Random forest,recall,91,227,5,0.9818371898641601,0.004828516600022169
S,Random forest,recall,92,227,5,0.9825386090788143,0.004669565515454415
S,Random forest,recall,93,227,5,0.982754807371468,0.004600418409644395
S,Random forest,recall,94,227,5,0.9830330404035758,0.004500654490954488
S,Random forest,recall,95,227,5,0.9833112734356837,0.0044035069381054255
S,Random forest,recall,96,227,5,0.9836912606616073,0.0042541614105028065
S,Random forest,recall,97,227,5,0.9841467757527959,0.00419150090722869
S,Random forest,recall,98,227,5,0.9845387115661193,0.004117668643486671
S,Random forest,recall,99,227,5,0.9850838740826235,0.004032115084101683
S,Random forest,recall,100,227,5,0.9854595727491869,0.003991680563436944
S,Random forest,recall,101,227,5,0.9858462257080218,0.003923572499826716
S,Random forest,recall,102,227,5,0.9860667700051451,0.003898313545001163
S,Random forest,recall,103,227,5,0.98645342296398,0.0038437656548919756
S,Random forest,recall,104,227,5,0.9866346704935915,0.0038580318661492643
S,Random forest,recall,105,227,5,0.9869062351988781,0.003848615846049854
S,Random forest,recall,106,227,5,0.9873714158120663,0.0038374583538192293
S,Random forest,recall,107,227,5,0.9878545435891164,0.00384089896513113
S,Random forest,recall,108,227,5,0.9880661666998991,0.0038414597332261163
S,Random forest,recall,109,227,5,0.9884292464577416,0.0038247527097882345
S,Random forest,recall,110,227,5,0.9886103034959414,0.0037895097215947158
S,Random forest,recall,111,227,5,0.9889223628456204,0.0037719192906890083
S,Random forest,recall,112,227,5,0.98939975566698,0.003773011720804303
S,Random forest,recall,113,227,5,0.9894507760751434,0.003788462749015422
S,Random forest,recall,114,227,5,0.989864876241149,0.0038406128696235557
S,Random forest,recall,115,227,5,0.9899033377796107,0.003825109552449166
S,Random forest,recall,116,227,5,0.9900665781063411,0.00386770988087452
S,Random forest,recall,117,227,5,0.9901560600529657,0.00386930666684858
S,Random forest,recall,118,227,5,0.9902581008692923,0.003905113424719521
S,Random forest,recall,119,227,5,0.990512916287598,0.003916266752641966
S,Random forest,recall,120,227,5,0.9906251362061651,0.0039456032723574445
S,Random forest,recall,121,227,5,0.9912384517997239,0.003625571668764709
S,Random forest,recall,122,227,5,0.9915215496542503,0.0036334684990824415
S,Random forest,recall,123,227,5,0.9916620520090383,0.0036634265814480447
S,Random forest,recall,124,227,5,0.9918637538742303,0.003702396952888555
S,Random forest,recall,125,227,5,0.9921164761475856,0.0037690240468003147
S,Random forest,recall,126,227,5,0.9921776756579895,0.003776672151744366
S,Random forest,recall,127,227,5,0.9922286960661527,0.003802485635613254
S,Random forest,recall,128,227,5,0.9922286960661527,0.003802485635613254
S,Random forest,recall,129,227,5,0.992739970843385,0.0034523460560115645
S,Random forest,recall,130,227,5,0.9928396318922506,0.0034407227881333817
S,Random forest,recall,131,227,5,0.992878093430712,0.0034224869550457376
S,Random forest,recall,132,227,5,0.9929777544795775,0.003412209570162086
S,Random forest,recall,133,227,5,0.9930774155284429,0.0034030907799615048
S,Random forest,recall,134,227,5,0.9931386150388469,0.0034127388449718883
S,Random forest,recall,135,227,5,0.9931386150388469,0.0034127388449718883
S,Random forest,recall,136,227,5,0.9932382760877122,0.003405737583714419
S,Random forest,recall,137,227,5,0.9932767376261739,0.0033883652115264864
S,Random forest,recall,138,227,5,0.9933763986750392,0.0033827737214826526
S,Random forest,recall,139,227,5,0.9934148602135007,0.0033659870193471376
S,Random forest,recall,140,227,5,0.9934533217519623,0.0033495578451423693
S,Random forest,recall,141,227,5,0.9939645965291944,0.0029936828610306223
S,Random forest,recall,142,227,5,0.99406425757806,0.002985658435959875
S,Random forest,recall,143,227,5,0.9941027191165215,0.002966889230062204
S,Random forest,recall,144,227,5,0.9941027191165215,0.002966889230062204
S,Random forest,recall,145,227,5,0.9942939552569621,0.002917956022589467
S,Random forest,recall,146,227,5,0.994355154767366,0.0029308391887174602
S,Random forest,recall,147,227,5,0.994355154767366,0.0029308391887174602
S,Random forest,recall,148,227,5,0.9943936163058276,0.002913537596739797
S,Random forest,recall,149,227,5,0.9945848524462679,0.0028716591339180424
S,Random forest,recall,150,227,5,0.9947376270482471,0.0028497311946935017
F,UltraMS,hit_rate,5,169,5,0.9563732861565679,0.02442020332865937
F,UltraMS,hit_rate,6,169,5,0.9616364440513048,0.01981398282828582
F,UltraMS,hit_rate,7,169,5,0.9616364440513048,0.01981398282828582
F,UltraMS,hit_rate,8,169,5,0.978328173374613,0.015410059275225783
F,UltraMS,hit_rate,9,169,5,0.978328173374613,0.015410059275225783
F,UltraMS,hit_rate,10,169,5,0.978328173374613,0.015410059275225783
F,UltraMS,hit_rate,11,169,5,0.9888544891640867,0.006842735636315893
F,UltraMS,hit_rate,12,169,5,0.9888544891640867,0.006842735636315893
F,UltraMS,hit_rate,13,169,5,0.9888544891640867,0.006842735636315893
F,UltraMS,hit_rate,14,169,5,0.9888544891640867,0.006842735636315893
F,UltraMS,hit_rate,15,169,5,0.9888544891640867,0.006842735636315893
F,UltraMS,hit_rate,16,169,5,0.9888544891640867,0.006842735636315893
F,UltraMS,hit_rate,17,169,5,0.9888544891640867,0.006842735636315893
F,UltraMS,hit_rate,18,169,5,0.9888544891640867,0.006842735636315893
F,UltraMS,hit_rate,19,169,5,0.9888544891640867,0.006842735636315893
F,UltraMS,hit_rate,20,169,5,0.9888544891640867,0.006842735636315893
F,UltraMS,hit_rate,21,169,5,0.9888544891640867,0.006842735636315893
F,UltraMS,hit_rate,22,169,5,0.9888544891640867,0.006842735636315893
F,UltraMS,hit_rate,23,169,5,0.9888544891640867,0.006842735636315893
F,UltraMS,hit_rate,24,169,5,0.9888544891640867,0.006842735636315893
F,UltraMS,hit_rate,25,169,5,0.9888544891640867,0.006842735636315893
F,UltraMS,hit_rate,26,169,5,0.9888544891640867,0.006842735636315893
F,UltraMS,hit_rate,27,169,5,0.9888544891640867,0.006842735636315893
F,UltraMS,hit_rate,28,169,5,0.9888544891640867,0.006842735636315893
F,UltraMS,hit_rate,29,169,5,0.9888544891640867,0.006842735636315893
F,UltraMS,hit_rate,30,169,5,0.9888544891640867,0.006842735636315893
F,UltraMS,hit_rate,31,169,5,0.9888544891640867,0.006842735636315893
F,UltraMS,hit_rate,32,169,5,0.9888544891640867,0.006842735636315893
F,UltraMS,hit_rate,33,169,5,0.9888544891640867,0.006842735636315893
F,UltraMS,hit_rate,34,169,5,0.9888544891640867,0.006842735636315893
F,UltraMS,hit_rate,35,169,5,0.9888544891640867,0.006842735636315893
F,UltraMS,hit_rate,36,169,5,0.9888544891640867,0.006842735636315893
F,UltraMS,hit_rate,37,169,5,0.9888544891640867,0.006842735636315893
F,UltraMS,hit_rate,38,169,5,0.9888544891640867,0.006842735636315893
F,UltraMS,hit_rate,39,169,5,0.9888544891640867,0.006842735636315893
F,UltraMS,hit_rate,40,169,5,0.9941176470588236,0.005882352941176471
F,UltraMS,hit_rate,41,169,5,0.9941176470588236,0.005882352941176471
F,UltraMS,hit_rate,42,169,5,0.9941176470588236,0.005882352941176471
F,UltraMS,hit_rate,43,169,5,0.9941176470588236,0.005882352941176471
F,UltraMS,hit_rate,44,169,5,0.9941176470588236,0.005882352941176471
F,UltraMS,hit_rate,45,169,5,0.9941176470588236,0.005882352941176471
F,UltraMS,hit_rate,46,169,5,0.9941176470588236,0.005882352941176471
F,UltraMS,hit_rate,47,169,5,0.9941176470588236,0.005882352941176471
F,UltraMS,hit_rate,48,169,5,0.9941176470588236,0.005882352941176471
F,UltraMS,hit_rate,49,169,5,0.9941176470588236,0.005882352941176471
F,UltraMS,hit_rate,50,169,5,0.9941176470588236,0.005882352941176471
F,UltraMS,hit_rate,51,169,5,0.9941176470588236,0.005882352941176471
F,UltraMS,hit_rate,52,169,5,0.9941176470588236,0.005882352941176471
F,UltraMS,hit_rate,53,169,5,0.9941176470588236,0.005882352941176471
F,UltraMS,hit_rate,54,169,5,0.9941176470588236,0.005882352941176471
F,UltraMS,hit_rate,55,169,5,0.9941176470588236,0.005882352941176471
F,UltraMS,hit_rate,56,169,5,0.9941176470588236,0.005882352941176471
F,UltraMS,hit_rate,57,169,5,0.9941176470588236,0.005882352941176471
F,UltraMS,hit_rate,58,169,5,0.9941176470588236,0.005882352941176471
F,UltraMS,hit_rate,59,169,5,0.9941176470588236,0.005882352941176471
F,UltraMS,hit_rate,60,169,5,0.9941176470588236,0.005882352941176471
F,UltraMS,hit_rate,61,169,5,0.9941176470588236,0.005882352941176471
F,UltraMS,hit_rate,62,169,5,0.9941176470588236,0.005882352941176471
F,UltraMS,hit_rate,63,169,5,0.9941176470588236,0.005882352941176471
F,UltraMS,hit_rate,64,169,5,0.9941176470588236,0.005882352941176471
F,UltraMS,hit_rate,65,169,5,0.9941176470588236,0.005882352941176471
F,UltraMS,hit_rate,66,169,5,0.9941176470588236,0.005882352941176471
F,UltraMS,hit_rate,67,169,5,0.9941176470588236,0.005882352941176471
F,UltraMS,hit_rate,68,169,5,0.9941176470588236,0.005882352941176471
F,UltraMS,hit_rate,69,169,5,0.9941176470588236,0.005882352941176471
F,UltraMS,hit_rate,70,169,5,0.9941176470588236,0.005882352941176471
F,UltraMS,hit_rate,71,169,5,0.9941176470588236,0.005882352941176471
F,UltraMS,hit_rate,72,169,5,0.9941176470588236,0.005882352941176471
F,UltraMS,hit_rate,73,169,5,0.9941176470588236,0.005882352941176471
F,UltraMS,hit_rate,74,169,5,0.9941176470588236,0.005882352941176471
F,UltraMS,hit_rate,75,169,5,0.9941176470588236,0.005882352941176471
F,UltraMS,hit_rate,76,169,5,0.9941176470588236,0.005882352941176471
F,UltraMS,hit_rate,77,169,5,1.0,0.0
F,UltraMS,hit_rate,78,169,5,1.0,0.0
F,UltraMS,hit_rate,79,169,5,1.0,0.0
F,UltraMS,hit_rate,80,169,5,1.0,0.0
F,UltraMS,hit_rate,81,169,5,1.0,0.0
F,UltraMS,hit_rate,82,169,5,1.0,0.0
F,UltraMS,hit_rate,83,169,5,1.0,0.0
F,UltraMS,hit_rate,84,169,5,1.0,0.0
F,UltraMS,hit_rate,85,169,5,1.0,0.0
F,UltraMS,hit_rate,86,169,5,1.0,0.0
F,UltraMS,hit_rate,87,169,5,1.0,0.0
F,UltraMS,hit_rate,88,169,5,1.0,0.0
F,UltraMS,hit_rate,89,169,5,1.0,0.0
F,UltraMS,hit_rate,90,169,5,1.0,0.0
F,UltraMS,hit_rate,91,169,5,1.0,0.0
F,UltraMS,hit_rate,92,169,5,1.0,0.0
F,UltraMS,hit_rate,93,169,5,1.0,0.0
F,UltraMS,hit_rate,94,169,5,1.0,0.0
F,UltraMS,hit_rate,95,169,5,1.0,0.0
F,UltraMS,hit_rate,96,169,5,1.0,0.0
F,UltraMS,hit_rate,97,169,5,1.0,0.0
F,UltraMS,hit_rate,98,169,5,1.0,0.0
F,UltraMS,hit_rate,99,169,5,1.0,0.0
F,UltraMS,hit_rate,100,169,5,1.0,0.0
F,UltraMS,hit_rate,101,169,5,1.0,0.0
F,UltraMS,hit_rate,102,169,5,1.0,0.0
F,UltraMS,hit_rate,103,169,5,1.0,0.0
F,UltraMS,hit_rate,104,169,5,1.0,0.0
F,UltraMS,hit_rate,105,169,5,1.0,0.0
F,UltraMS,hit_rate,106,169,5,1.0,0.0
F,UltraMS,hit_rate,107,169,5,1.0,0.0
F,UltraMS,hit_rate,108,169,5,1.0,0.0
F,UltraMS,hit_rate,109,169,5,1.0,0.0
F,UltraMS,hit_rate,110,169,5,1.0,0.0
F,UltraMS,hit_rate,111,169,5,1.0,0.0
F,UltraMS,hit_rate,112,169,5,1.0,0.0
F,UltraMS,hit_rate,113,169,5,1.0,0.0
F,UltraMS,hit_rate,114,169,5,1.0,0.0
F,UltraMS,hit_rate,115,169,5,1.0,0.0
F,UltraMS,hit_rate,116,169,5,1.0,0.0
F,UltraMS,hit_rate,117,169,5,1.0,0.0
F,UltraMS,hit_rate,118,169,5,1.0,0.0
F,UltraMS,hit_rate,119,169,5,1.0,0.0
F,UltraMS,hit_rate,120,169,5,1.0,0.0
F,UltraMS,hit_rate,121,169,5,1.0,0.0
F,UltraMS,hit_rate,122,169,5,1.0,0.0
F,UltraMS,hit_rate,123,169,5,1.0,0.0
F,UltraMS,hit_rate,124,169,5,1.0,0.0
F,UltraMS,hit_rate,125,169,5,1.0,0.0
F,UltraMS,hit_rate,126,169,5,1.0,0.0
F,UltraMS,hit_rate,127,169,5,1.0,0.0
F,UltraMS,hit_rate,128,169,5,1.0,0.0
F,UltraMS,hit_rate,129,169,5,1.0,0.0
F,UltraMS,hit_rate,130,169,5,1.0,0.0
F,UltraMS,hit_rate,131,169,5,1.0,0.0
F,UltraMS,hit_rate,132,169,5,1.0,0.0
F,UltraMS,hit_rate,133,169,5,1.0,0.0
F,UltraMS,hit_rate,134,169,5,1.0,0.0
F,UltraMS,hit_rate,135,169,5,1.0,0.0
F,UltraMS,hit_rate,136,169,5,1.0,0.0
F,UltraMS,hit_rate,137,169,5,1.0,0.0
F,UltraMS,hit_rate,138,169,5,1.0,0.0
F,UltraMS,hit_rate,139,169,5,1.0,0.0
F,UltraMS,hit_rate,140,169,5,1.0,0.0
F,UltraMS,hit_rate,141,169,5,1.0,0.0
F,UltraMS,hit_rate,142,169,5,1.0,0.0
F,UltraMS,hit_rate,143,169,5,1.0,0.0
F,UltraMS,hit_rate,144,169,5,1.0,0.0
F,UltraMS,hit_rate,145,169,5,1.0,0.0
F,UltraMS,hit_rate,146,169,5,1.0,0.0
F,UltraMS,hit_rate,147,169,5,1.0,0.0
F,UltraMS,hit_rate,148,169,5,1.0,0.0
F,UltraMS,hit_rate,149,169,5,1.0,0.0
F,UltraMS,hit_rate,150,169,5,1.0,0.0
F,UltraMS,recall,5,169,5,0.5040263846635616,0.018285323616292815
F,UltraMS,recall,6,169,5,0.5627989249507914,0.01794206789586231
F,UltraMS,recall,7,169,5,0.5910988291186744,0.018956258662445147
F,UltraMS,recall,8,169,5,0.6286195355942048,0.02441617608102702
F,UltraMS,recall,9,169,5,0.6636229032926625,0.02358929975722188
F,UltraMS,recall,10,169,5,0.698033777534919,0.023423721228453737
F,UltraMS,recall,11,169,5,0.7338112455647907,0.020371386449296622
F,UltraMS,recall,12,169,5,0.7555369346617503,0.016408775273442165
F,UltraMS,recall,13,169,5,0.7714229787955589,0.016412778429122695
F,UltraMS,recall,14,169,5,0.7914220975301834,0.015113003665251807
F,UltraMS,recall,15,169,5,0.8059148826566356,0.017568461975626417
F,UltraMS,recall,16,169,5,0.8215225997136905,0.01712476330312808
F,UltraMS,recall,17,169,5,0.8352122365244519,0.016341378132309473
F,UltraMS,recall,18,169,5,0.8481053865000108,0.016384175371969237
F,UltraMS,recall,19,169,5,0.8596512104786619,0.015759808310537925
F,UltraMS,recall,20,169,5,0.869339991151129,0.016087253091720592
F,UltraMS,recall,21,169,5,0.8776960766684738,0.014574848377143219
F,UltraMS,recall,22,169,5,0.8846369661586262,0.015626512827211624
F,UltraMS,recall,23,169,5,0.8926129166506506,0.015009015825701816
F,UltraMS,recall,24,169,5,0.9005274534944816,0.014842238945163589
F,UltraMS,recall,25,169,5,0.9064393691268166,0.014467354165160921
F,UltraMS,recall,26,169,5,0.9131478294649116,0.014351997347722075
F,UltraMS,recall,27,169,5,0.9156884424934983,0.01371177955433485
F,UltraMS,recall,28,169,5,0.9186962704270212,0.013746460192312602
F,UltraMS,recall,29,169,5,0.9210996621456806,0.013255810934448067
F,UltraMS,recall,30,169,5,0.9236950963983416,0.012597248668354346
F,UltraMS,recall,31,169,5,0.9247532149910862,0.012314417707652875
F,UltraMS,recall,32,169,5,0.9286966504698622,0.011840339058608181
F,UltraMS,recall,33,169,5,0.9334408261170075,0.010032672359698208
F,UltraMS,recall,34,169,5,0.9375911636707018,0.008284354427643406
F,UltraMS,recall,35,169,5,0.9402023436130232,0.008922220971540598
F,UltraMS,recall,36,169,5,0.9421425813712254,0.009014036105898557
F,UltraMS,recall,37,169,5,0.9453188521758893,0.009910089773643868
F,UltraMS,recall,38,169,5,0.9466536221236985,0.010107953407355812
F,UltraMS,recall,39,169,5,0.9483183304220267,0.010198571015264054
F,UltraMS,recall,40,169,5,0.9542684095672582,0.010467425324656854
F,UltraMS,recall,41,169,5,0.9561455241719825,0.010904683126706102
F,UltraMS,recall,42,169,5,0.9573874244728687,0.011277638643704107
F,UltraMS,recall,43,169,5,0.9603344082586205,0.010648352100644281
F,UltraMS,recall,44,169,5,0.9625307152914576,0.010598259073225794
F,UltraMS,recall,45,169,5,0.964827224832068,0.010043398668882432
F,UltraMS,recall,46,169,5,0.9660979943266546,0.009707517476789006
F,UltraMS,recall,47,169,5,0.9667752630674966,0.009964077002205403
F,UltraMS,recall,48,169,5,0.9685679705333541,0.010514977266149392
F,UltraMS,recall,49,169,5,0.9697498362846251,0.01036595221641138
F,UltraMS,recall,50,169,5,0.9710848838586242,0.010396234500198628
F,UltraMS,recall,51,169,5,0.9713230548551055,0.010465399466549386
F,UltraMS,recall,52,169,5,0.9718766575931056,0.010370752023072864
F,UltraMS,recall,53,169,5,0.9733823746444715,0.010111690744113982
F,UltraMS,recall,54,169,5,0.973907705228226,0.010273257156220619
F,UltraMS,recall,55,169,5,0.9757176622136129,0.009616233179882147
F,UltraMS,recall,56,169,5,0.977023109754142,0.009434713644389974
F,UltraMS,recall,57,169,5,0.977023109754142,0.009434713644389974
F,UltraMS,recall,58,169,5,0.9786372880546022,0.008512922323625369
F,UltraMS,recall,59,169,5,0.9796181217370487,0.008044671688698381
F,UltraMS,recall,60,169,5,0.9799122393841074,0.007898987809426123
F,UltraMS,recall,61,169,5,0.9807861459526063,0.0076664436964721
F,UltraMS,recall,62,169,5,0.981665115020413,0.007530311149174571
F,UltraMS,recall,63,169,5,0.9825301089329402,0.007358591603950066
F,UltraMS,recall,64,169,5,0.9842578174965452,0.006366159622104553
F,UltraMS,recall,65,169,5,0.9847594416844512,0.006377724928036883
F,UltraMS,recall,66,169,5,0.9850585788194849,0.006275862945402514
F,UltraMS,recall,67,169,5,0.9853577159545184,0.006180364238716796
F,UltraMS,recall,68,169,5,0.9855876010119896,0.006081656220315598
F,UltraMS,recall,69,169,5,0.9858174860694611,0.005990148322061368
F,UltraMS,recall,70,169,5,0.9858867381470233,0.005999507398793553
F,UltraMS,recall,71,169,5,0.9867383092102312,0.006065757622353514
F,UltraMS,recall,72,169,5,0.9868075612877935,0.006073362561946858
F,UltraMS,recall,73,169,5,0.987504264345748,0.005729127792107498
F,UltraMS,recall,74,169,5,0.987504264345748,0.005729127792107498
F,UltraMS,recall,75,169,5,0.9875735164233104,0.0057369573637096995
F,UltraMS,recall,76,169,5,0.9875735164233104,0.0057369573637096995
F,UltraMS,recall,77,169,5,0.9935251214420491,0.004177766193581778
F,UltraMS,recall,78,169,5,0.9938661126500463,0.004256591614801853
F,UltraMS,recall,79,169,5,0.9938661126500463,0.004256591614801853
F,UltraMS,recall,80,169,5,0.9939353647276086,0.004245471702964418
F,UltraMS,recall,81,169,5,0.9943379501385042,0.003929161490586344
F,UltraMS,recall,82,169,5,0.9943379501385042,0.003929161490586344
F,UltraMS,recall,83,169,5,0.9946712834718374,0.003627638732536689
F,UltraMS,recall,84,169,5,0.9946712834718374,0.003627638732536689
F,UltraMS,recall,85,169,5,0.9946712834718374,0.003627638732536689
F,UltraMS,recall,86,169,5,0.9947405355493999,0.003614044819091647
F,UltraMS,recall,87,169,5,0.9947405355493999,0.003614044819091647
F,UltraMS,recall,88,169,5,0.9964764542936289,0.00219035289691659
F,UltraMS,recall,89,169,5,0.9968790397045245,0.0019185505933467333
F,UltraMS,recall,90,169,5,0.9969482917820868,0.0018819980296885927
F,UltraMS,recall,91,169,5,0.9969482917820868,0.0018819980296885927
F,UltraMS,recall,92,169,5,0.9970175438596491,0.0018473192709344383
F,UltraMS,recall,93,169,5,0.9970175438596491,0.0018473192709344383
F,UltraMS,recall,94,169,5,0.9970175438596491,0.0018473192709344383
F,UltraMS,recall,95,169,5,0.9970867959372114,0.0018146217496418319
F,UltraMS,recall,96,169,5,0.9971560480147736,0.0017840144058482307
F,UltraMS,recall,97,169,5,0.9971560480147736,0.0017840144058482307
F,UltraMS,recall,98,169,5,0.9971560480147736,0.0017840144058482307
F,UltraMS,recall,99,169,5,0.9971560480147736,0.0017840144058482307
F,UltraMS,recall,100,169,5,0.9972253000923361,0.00175560656377453
F,UltraMS,recall,101,169,5,0.9972253000923361,0.00175560656377453
F,UltraMS,recall,102,169,5,0.9972253000923361,0.00175560656377453
F,UltraMS,recall,103,169,5,0.9972945521698984,0.0017295066099196732
F,UltraMS,recall,104,169,5,0.9972945521698984,0.0017295066099196732
F,UltraMS,recall,105,169,5,0.9973638042474609,0.0017058204832973599
F,UltraMS,recall,106,169,5,0.9974330563250231,0.001684650001991885
F,UltraMS,recall,107,169,5,0.9975023084025854,0.0016660910652419611
F,UltraMS,recall,108,169,5,0.9975023084025854,0.0016660910652419611
F,UltraMS,recall,109,169,5,0.9975715604801477,0.0016502317857320136
F,UltraMS,recall,110,169,5,0.99764081255771,0.0016371506210776407
F,UltraMS,recall,111,169,5,0.9977100646352725,0.0016269145847409706
F,UltraMS,recall,112,169,5,0.9977100646352725,0.0016269145847409706
F,UltraMS,recall,113,169,5,0.9977793167128347,0.0016195776228647674
F,UltraMS,recall,114,169,5,0.9978485687903971,0.0016151792431241426
F,UltraMS,recall,115,169,5,0.9979178208679593,0.0016137434736807682
F,UltraMS,recall,116,169,5,0.9979178208679593,0.0016137434736807682
F,UltraMS,recall,117,169,5,0.9979870729455216,0.0016152782146642288
F,UltraMS,recall,118,169,5,0.9996537396121884,0.0003462603878116477
F,UltraMS,recall,119,169,5,0.9996537396121884,0.0003462603878116477
F,UltraMS,recall,120,169,5,0.9997229916897507,0.0002770083102493048
F,UltraMS,recall,121,169,5,0.9997229916897507,0.0002770083102493048
F,UltraMS,recall,122,169,5,0.999792243767313,0.00020775623268698415
F,UltraMS,recall,123,169,5,0.999792243767313,0.00020775623268698415
F,UltraMS,recall,124,169,5,0.9998614958448753,0.0001385041551246635
F,UltraMS,recall,125,169,5,0.9998614958448753,0.0001385041551246635
F,UltraMS,recall,126,169,5,0.9998614958448753,0.0001385041551246635
F,UltraMS,recall,127,169,5,0.9998614958448753,0.0001385041551246635
F,UltraMS,recall,128,169,5,0.9999307479224377,6.925207756232065e-05
F,UltraMS,recall,129,169,5,0.9999307479224377,6.925207756232065e-05
F,UltraMS,recall,130,169,5,1.0,0.0
F,UltraMS,recall,131,169,5,1.0,0.0
F,UltraMS,recall,132,169,5,1.0,0.0
F,UltraMS,recall,133,169,5,1.0,0.0
F,UltraMS,recall,134,169,5,1.0,0.0
F,UltraMS,recall,135,169,5,1.0,0.0
F,UltraMS,recall,136,169,5,1.0,0.0
F,UltraMS,recall,137,169,5,1.0,0.0
F,UltraMS,recall,138,169,5,1.0,0.0
F,UltraMS,recall,139,169,5,1.0,0.0
F,UltraMS,recall,140,169,5,1.0,0.0
F,UltraMS,recall,141,169,5,1.0,0.0
F,UltraMS,recall,142,169,5,1.0,0.0
F,UltraMS,recall,143,169,5,1.0,0.0
F,UltraMS,recall,144,169,5,1.0,0.0
F,UltraMS,recall,145,169,5,1.0,0.0
F,UltraMS,recall,146,169,5,1.0,0.0
F,UltraMS,recall,147,169,5,1.0,0.0
F,UltraMS,recall,148,169,5,1.0,0.0
F,UltraMS,recall,149,169,5,1.0,0.0
F,UltraMS,recall,150,169,5,1.0,0.0
F,DreaMS,hit_rate,5,169,5,0.6507012015332447,0.057112551972179904
F,DreaMS,hit_rate,6,169,5,0.7156707946336429,0.05070667805824643
F,DreaMS,hit_rate,7,169,5,0.7752237210673744,0.0488166612495826
F,DreaMS,hit_rate,8,169,5,0.7881403877340409,0.0412145052040977
F,DreaMS,hit_rate,9,169,5,0.8160622143594279,0.04675442705382674
F,DreaMS,hit_rate,10,169,5,0.8654564720625091,0.0366761829118834
F,DreaMS,hit_rate,11,169,5,0.8654564720625091,0.0366761829118834
F,DreaMS,hit_rate,12,169,5,0.8713388250036858,0.04003061762110768
F,DreaMS,hit_rate,13,169,5,0.902435316231756,0.02796372879753913
F,DreaMS,hit_rate,14,169,5,0.9258782986878963,0.02561094122149925
F,DreaMS,hit_rate,15,169,5,0.9325449653545629,0.01979599800078266
F,DreaMS,hit_rate,16,169,5,0.9387949653545629,0.02112885515388806
F,DreaMS,hit_rate,17,169,5,0.9445092510688486,0.020225111859102043
F,DreaMS,hit_rate,18,169,5,0.9564390756302522,0.016761786697468566
F,DreaMS,hit_rate,19,169,5,0.9678676470588237,0.01827453675942638
F,DreaMS,hit_rate,20,169,5,0.9678676470588237,0.01827453675942638
F,DreaMS,hit_rate,21,169,5,0.9678676470588237,0.01827453675942638
F,DreaMS,hit_rate,22,169,5,0.9678676470588237,0.01827453675942638
F,DreaMS,hit_rate,23,169,5,0.9678676470588237,0.01827453675942638
F,DreaMS,hit_rate,24,169,5,0.9741176470588236,0.019385008297981267
F,DreaMS,hit_rate,25,169,5,0.9807843137254902,0.013159185674950991
F,DreaMS,hit_rate,26,169,5,0.9807843137254902,0.013159185674950991
F,DreaMS,hit_rate,27,169,5,0.9807843137254902,0.013159185674950991
F,DreaMS,hit_rate,28,169,5,0.9807843137254902,0.013159185674950991
F,DreaMS,hit_rate,29,169,5,0.9807843137254902,0.013159185674950991
F,DreaMS,hit_rate,30,169,5,0.9866666666666667,0.013333333333333329
F,DreaMS,hit_rate,31,169,5,0.9866666666666667,0.013333333333333329
F,DreaMS,hit_rate,32,169,5,0.9866666666666667,0.013333333333333329
F,DreaMS,hit_rate,33,169,5,0.9866666666666667,0.013333333333333329
F,DreaMS,hit_rate,34,169,5,0.9866666666666667,0.013333333333333329
F,DreaMS,hit_rate,35,169,5,0.9866666666666667,0.013333333333333329
F,DreaMS,hit_rate,36,169,5,0.9866666666666667,0.013333333333333329
F,DreaMS,hit_rate,37,169,5,0.9866666666666667,0.013333333333333329
F,DreaMS,hit_rate,38,169,5,0.9866666666666667,0.013333333333333329
F,DreaMS,hit_rate,39,169,5,0.9866666666666667,0.013333333333333329
F,DreaMS,hit_rate,40,169,5,0.9866666666666667,0.013333333333333329
F,DreaMS,hit_rate,41,169,5,0.9866666666666667,0.013333333333333329
F,DreaMS,hit_rate,42,169,5,0.9866666666666667,0.013333333333333329
F,DreaMS,hit_rate,43,169,5,0.9866666666666667,0.013333333333333329
F,DreaMS,hit_rate,44,169,5,0.9933333333333334,0.0066666666666666645
F,DreaMS,hit_rate,45,169,5,0.9933333333333334,0.0066666666666666645
F,DreaMS,hit_rate,46,169,5,0.9933333333333334,0.0066666666666666645
F,DreaMS,hit_rate,47,169,5,0.9933333333333334,0.0066666666666666645
F,DreaMS,hit_rate,48,169,5,0.9933333333333334,0.0066666666666666645
F,DreaMS,hit_rate,49,169,5,0.9933333333333334,0.0066666666666666645
F,DreaMS,hit_rate,50,169,5,0.9933333333333334,0.0066666666666666645
F,DreaMS,hit_rate,51,169,5,0.9933333333333334,0.0066666666666666645
F,DreaMS,hit_rate,52,169,5,0.9933333333333334,0.0066666666666666645
F,DreaMS,hit_rate,53,169,5,0.9933333333333334,0.0066666666666666645
F,DreaMS,hit_rate,54,169,5,0.9933333333333334,0.0066666666666666645
F,DreaMS,hit_rate,55,169,5,0.9933333333333334,0.0066666666666666645
F,DreaMS,hit_rate,56,169,5,0.9933333333333334,0.0066666666666666645
F,DreaMS,hit_rate,57,169,5,0.9933333333333334,0.0066666666666666645
F,DreaMS,hit_rate,58,169,5,0.9933333333333334,0.0066666666666666645
F,DreaMS,hit_rate,59,169,5,0.9933333333333334,0.0066666666666666645
F,DreaMS,hit_rate,60,169,5,0.9933333333333334,0.0066666666666666645
F,DreaMS,hit_rate,61,169,5,0.9933333333333334,0.0066666666666666645
F,DreaMS,hit_rate,62,169,5,0.9933333333333334,0.0066666666666666645
F,DreaMS,hit_rate,63,169,5,0.9933333333333334,0.0066666666666666645
F,DreaMS,hit_rate,64,169,5,0.9933333333333334,0.0066666666666666645
F,DreaMS,hit_rate,65,169,5,0.9933333333333334,0.0066666666666666645
F,DreaMS,hit_rate,66,169,5,0.9933333333333334,0.0066666666666666645
F,DreaMS,hit_rate,67,169,5,0.9933333333333334,0.0066666666666666645
F,DreaMS,hit_rate,68,169,5,0.9933333333333334,0.0066666666666666645
F,DreaMS,hit_rate,69,169,5,0.9933333333333334,0.0066666666666666645
F,DreaMS,hit_rate,70,169,5,0.9933333333333334,0.0066666666666666645
F,DreaMS,hit_rate,71,169,5,0.9933333333333334,0.0066666666666666645
F,DreaMS,hit_rate,72,169,5,0.9933333333333334,0.0066666666666666645
F,DreaMS,hit_rate,73,169,5,0.9933333333333334,0.0066666666666666645
F,DreaMS,hit_rate,74,169,5,0.9933333333333334,0.0066666666666666645
F,DreaMS,hit_rate,75,169,5,0.9933333333333334,0.0066666666666666645
F,DreaMS,hit_rate,76,169,5,0.9933333333333334,0.0066666666666666645
F,DreaMS,hit_rate,77,169,5,0.9933333333333334,0.0066666666666666645
F,DreaMS,hit_rate,78,169,5,0.9933333333333334,0.0066666666666666645
F,DreaMS,hit_rate,79,169,5,0.9933333333333334,0.0066666666666666645
F,DreaMS,hit_rate,80,169,5,0.9933333333333334,0.0066666666666666645
F,DreaMS,hit_rate,81,169,5,0.9933333333333334,0.0066666666666666645
F,DreaMS,hit_rate,82,169,5,0.9933333333333334,0.0066666666666666645
F,DreaMS,hit_rate,83,169,5,0.9933333333333334,0.0066666666666666645
F,DreaMS,hit_rate,84,169,5,0.9933333333333334,0.0066666666666666645
F,DreaMS,hit_rate,85,169,5,0.9933333333333334,0.0066666666666666645
F,DreaMS,hit_rate,86,169,5,0.9933333333333334,0.0066666666666666645
F,DreaMS,hit_rate,87,169,5,0.9933333333333334,0.0066666666666666645
F,DreaMS,hit_rate,88,169,5,0.9933333333333334,0.0066666666666666645
F,DreaMS,hit_rate,89,169,5,0.9933333333333334,0.0066666666666666645
F,DreaMS,hit_rate,90,169,5,0.9933333333333334,0.0066666666666666645
F,DreaMS,hit_rate,91,169,5,0.9933333333333334,0.0066666666666666645
F,DreaMS,hit_rate,92,169,5,0.9933333333333334,0.0066666666666666645
F,DreaMS,hit_rate,93,169,5,0.9933333333333334,0.0066666666666666645
F,DreaMS,hit_rate,94,169,5,0.9933333333333334,0.0066666666666666645
F,DreaMS,hit_rate,95,169,5,0.9933333333333334,0.0066666666666666645
F,DreaMS,hit_rate,96,169,5,0.9933333333333334,0.0066666666666666645
F,DreaMS,hit_rate,97,169,5,0.9933333333333334,0.0066666666666666645
F,DreaMS,hit_rate,98,169,5,0.9933333333333334,0.0066666666666666645
F,DreaMS,hit_rate,99,169,5,0.9933333333333334,0.0066666666666666645
F,DreaMS,hit_rate,100,169,5,0.9933333333333334,0.0066666666666666645
F,DreaMS,hit_rate,101,169,5,0.9933333333333334,0.0066666666666666645
F,DreaMS,hit_rate,102,169,5,0.9933333333333334,0.0066666666666666645
F,DreaMS,hit_rate,103,169,5,1.0,0.0
F,DreaMS,hit_rate,104,169,5,1.0,0.0
F,DreaMS,hit_rate,105,169,5,1.0,0.0
F,DreaMS,hit_rate,106,169,5,1.0,0.0
F,DreaMS,hit_rate,107,169,5,1.0,0.0
F,DreaMS,hit_rate,108,169,5,1.0,0.0
F,DreaMS,hit_rate,109,169,5,1.0,0.0
F,DreaMS,hit_rate,110,169,5,1.0,0.0
F,DreaMS,hit_rate,111,169,5,1.0,0.0
F,DreaMS,hit_rate,112,169,5,1.0,0.0
F,DreaMS,hit_rate,113,169,5,1.0,0.0
F,DreaMS,hit_rate,114,169,5,1.0,0.0
F,DreaMS,hit_rate,115,169,5,1.0,0.0
F,DreaMS,hit_rate,116,169,5,1.0,0.0
F,DreaMS,hit_rate,117,169,5,1.0,0.0
F,DreaMS,hit_rate,118,169,5,1.0,0.0
F,DreaMS,hit_rate,119,169,5,1.0,0.0
F,DreaMS,hit_rate,120,169,5,1.0,0.0
F,DreaMS,hit_rate,121,169,5,1.0,0.0
F,DreaMS,hit_rate,122,169,5,1.0,0.0
F,DreaMS,hit_rate,123,169,5,1.0,0.0
F,DreaMS,hit_rate,124,169,5,1.0,0.0
F,DreaMS,hit_rate,125,169,5,1.0,0.0
F,DreaMS,hit_rate,126,169,5,1.0,0.0
F,DreaMS,hit_rate,127,169,5,1.0,0.0
F,DreaMS,hit_rate,128,169,5,1.0,0.0
F,DreaMS,hit_rate,129,169,5,1.0,0.0
F,DreaMS,hit_rate,130,169,5,1.0,0.0
F,DreaMS,hit_rate,131,169,5,1.0,0.0
F,DreaMS,hit_rate,132,169,5,1.0,0.0
F,DreaMS,hit_rate,133,169,5,1.0,0.0
F,DreaMS,hit_rate,134,169,5,1.0,0.0
F,DreaMS,hit_rate,135,169,5,1.0,0.0
F,DreaMS,hit_rate,136,169,5,1.0,0.0
F,DreaMS,hit_rate,137,169,5,1.0,0.0
F,DreaMS,hit_rate,138,169,5,1.0,0.0
F,DreaMS,hit_rate,139,169,5,1.0,0.0
F,DreaMS,hit_rate,140,169,5,1.0,0.0
F,DreaMS,hit_rate,141,169,5,1.0,0.0
F,DreaMS,hit_rate,142,169,5,1.0,0.0
F,DreaMS,hit_rate,143,169,5,1.0,0.0
F,DreaMS,hit_rate,144,169,5,1.0,0.0
F,DreaMS,hit_rate,145,169,5,1.0,0.0
F,DreaMS,hit_rate,146,169,5,1.0,0.0
F,DreaMS,hit_rate,147,169,5,1.0,0.0
F,DreaMS,hit_rate,148,169,5,1.0,0.0
F,DreaMS,hit_rate,149,169,5,1.0,0.0
F,DreaMS,hit_rate,150,169,5,1.0,0.0
F,DreaMS,recall,5,169,5,0.2522636572606485,0.03329162796384972
F,DreaMS,recall,6,169,5,0.3226820549902304,0.037232146896410905
F,DreaMS,recall,7,169,5,0.357509244994963,0.03731645608178534
F,DreaMS,recall,8,169,5,0.39192176406483836,0.033982781131799596
F,DreaMS,recall,9,169,5,0.4432920492040891,0.035683416225845505
F,DreaMS,recall,10,169,5,0.48143934665062005,0.0390256691131655
F,DreaMS,recall,11,169,5,0.516302259444408,0.040732063187869066
F,DreaMS,recall,12,169,5,0.5460464225044847,0.041258742612525746
F,DreaMS,recall,13,169,5,0.5826938318653706,0.040151577819846275
F,DreaMS,recall,14,169,5,0.6220654899292771,0.03940565851324224
F,DreaMS,recall,15,169,5,0.6434986864342626,0.0368771815764592
F,DreaMS,recall,16,169,5,0.6639912407599705,0.036174711687173323
F,DreaMS,recall,17,169,5,0.6793422269386954,0.03428311662275316
F,DreaMS,recall,18,169,5,0.696268913627714,0.03741884900073322
F,DreaMS,recall,19,169,5,0.7181591322423917,0.03668565465959516
F,DreaMS,recall,20,169,5,0.7329678626237025,0.03641051891591087
F,DreaMS,recall,21,169,5,0.7485872695652037,0.036534919022820994
F,DreaMS,recall,22,169,5,0.7609189395414833,0.03800491305384239
F,DreaMS,recall,23,169,5,0.7725262822924697,0.03933228593319134
F,DreaMS,recall,24,169,5,0.7916950007045509,0.040305812145554606
F,DreaMS,recall,25,169,5,0.8021309589064185,0.03998024668139663
F,DreaMS,recall,26,169,5,0.8156924636836557,0.04065210409019315
F,DreaMS,recall,27,169,5,0.826103049968874,0.04042410082377223
F,DreaMS,recall,28,169,5,0.839374635758352,0.03890263000988943
F,DreaMS,recall,29,169,5,0.8462647596071194,0.039278973232883346
F,DreaMS,recall,30,169,5,0.8576215261097587,0.03929021880278339
F,DreaMS,recall,31,169,5,0.8614669006348705,0.039877583200513586
F,DreaMS,recall,32,169,5,0.868474068938815,0.040304908699358065
F,DreaMS,recall,33,169,5,0.8718580877551491,0.04039976056955914
F,DreaMS,recall,34,169,5,0.8759889030414868,0.03877175186985336
F,DreaMS,recall,35,169,5,0.8824134011760989,0.036023056139503476
F,DreaMS,recall,36,169,5,0.8870506198369641,0.03583391387240519
F,DreaMS,recall,37,169,5,0.8934370352313998,0.033310772274528486
F,DreaMS,recall,38,169,5,0.8981188201193641,0.03321417354218708
F,DreaMS,recall,39,169,5,0.9035778060558934,0.03303540829872674
F,DreaMS,recall,40,169,5,0.9065363561651182,0.03216925278332926
F,DreaMS,recall,41,169,5,0.9095316340786118,0.03219708126304006
F,DreaMS,recall,42,169,5,0.9149966808879457,0.02999917838658454
F,DreaMS,recall,43,169,5,0.9190172802829292,0.02998263211638477
F,DreaMS,recall,44,169,5,0.9220176871945102,0.028509246749602132
F,DreaMS,recall,45,169,5,0.9240736059465464,0.028660777293821105
F,DreaMS,recall,46,169,5,0.9269718174891667,0.02789446138597189
F,DreaMS,recall,47,169,5,0.9289140998775667,0.027675893868845444
F,DreaMS,recall,48,169,5,0.9317772826627385,0.027522662390991624
F,DreaMS,recall,49,169,5,0.9353204672319579,0.026463834125695695
F,DreaMS,recall,50,169,5,0.9372923092158365,0.026051552008666143
F,DreaMS,recall,51,169,5,0.9398099909709341,0.02510779358492955
F,DreaMS,recall,52,169,5,0.9418255060286318,0.024467689461405154
F,DreaMS,recall,53,169,5,0.9436268904194,0.02465418027100447
F,DreaMS,recall,54,169,5,0.9458068336912359,0.0244343933882933
F,DreaMS,recall,55,169,5,0.9465793228599301,0.0243549792344784
F,DreaMS,recall,56,169,5,0.9476811140162754,0.023814921972253336
F,DreaMS,recall,57,169,5,0.9502551619105061,0.023465465132761567
F,DreaMS,recall,58,169,5,0.9513778928092862,0.023664364473410675
F,DreaMS,recall,59,169,5,0.9517412625339071,0.023680856160242004
F,DreaMS,recall,60,169,5,0.9540024527902498,0.02235573885708588
F,DreaMS,recall,61,169,5,0.9553475303469643,0.021679496867938183
F,DreaMS,recall,62,169,5,0.957861683923357,0.021677113767023377
F,DreaMS,recall,63,169,5,0.9586714009136014,0.021563582396466698
F,DreaMS,recall,64,169,5,0.9621927327477975,0.019316940025122672
F,DreaMS,recall,65,169,5,0.9647569748495488,0.017194113410355594
F,DreaMS,recall,66,169,5,0.9681176993123609,0.016892631506293748
F,DreaMS,recall,67,169,5,0.9691980881026726,0.016183602522309506
F,DreaMS,recall,68,169,5,0.9709746636200842,0.015391417356024985
F,DreaMS,recall,69,169,5,0.9738866285403593,0.012638435556081596
F,DreaMS,recall,70,169,5,0.9764738566693663,0.011175649083614868
F,DreaMS,recall,71,169,5,0.977378066268168,0.010758188608828283
F,DreaMS,recall,72,169,5,0.977975214218257,0.010476508459922979
F,DreaMS,recall,73,169,5,0.9789968472482004,0.00957154098820744
F,DreaMS,recall,74,169,5,0.9793378384561974,0.00970603886352924
F,DreaMS,recall,75,169,5,0.9796319561032563,0.009714764782358392
F,DreaMS,recall,76,169,5,0.9802810401135919,0.009830685872070003
F,DreaMS,recall,77,169,5,0.9806836255244875,0.009519203501449965
F,DreaMS,recall,78,169,5,0.9816357398378532,0.009349339638935356
F,DreaMS,recall,79,169,5,0.9816357398378532,0.009349339638935356
F,DreaMS,recall,80,169,5,0.9825565629786233,0.009592383040045747
F,DreaMS,recall,81,169,5,0.983192926614987,0.0089785067617404
F,DreaMS,recall,82,169,5,0.9838420106253224,0.00911222373665866
F,DreaMS,recall,83,169,5,0.984214293005915,0.008826801437071718
F,DreaMS,recall,84,169,5,0.9842835450834775,0.00883426165934184
F,DreaMS,recall,85,169,5,0.9843527971610397,0.008842257982124048
F,DreaMS,recall,86,169,5,0.9850584128749658,0.00823633188448864
F,DreaMS,recall,87,169,5,0.9857327374162962,0.008040669074618407
F,DreaMS,recall,88,169,5,0.9858019894938584,0.008048571016719479
F,DreaMS,recall,89,169,5,0.9864510735041939,0.008176555182772006
F,DreaMS,recall,90,169,5,0.9864510735041939,0.008176555182772006
F,DreaMS,recall,91,169,5,0.9871001575145295,0.008315906030641897
F,DreaMS,recall,92,169,5,0.9871001575145295,0.008315906030641897
F,DreaMS,recall,93,169,5,0.9871694095920918,0.008322863082474494
F,DreaMS,recall,94,169,5,0.9872386616696541,0.008330390049046978
F,DreaMS,recall,95,169,5,0.9876412470805496,0.00801603376797444
F,DreaMS,recall,96,169,5,0.9876412470805496,0.00801603376797444
F,DreaMS,recall,97,169,5,0.987710499158112,0.00802432472155821
F,DreaMS,recall,98,169,5,0.9877797512356743,0.008033204143130397
F,DreaMS,recall,99,169,5,0.9878490033132366,0.008042670083616383
F,DreaMS,recall,100,169,5,0.987918255390799,0.008052720474664564
F,DreaMS,recall,101,169,5,0.987918255390799,0.008052720474664564
F,DreaMS,recall,102,169,5,0.9882515887241323,0.007729736090805697
F,DreaMS,recall,103,169,5,0.9895849220574655,0.006448340423505582
F,DreaMS,recall,104,169,5,0.9899875074683614,0.006139773848527694
F,DreaMS,recall,105,169,5,0.991654174135028,0.004586999747921315
F,DreaMS,recall,106,169,5,0.991654174135028,0.004586999747921315
F,DreaMS,recall,107,169,5,0.9917234262125904,0.004592880677244223
F,DreaMS,recall,108,169,5,0.9917926782901526,0.004599796826368516
F,DreaMS,recall,109,169,5,0.9938227146814406,0.00484177523485932
F,DreaMS,recall,110,169,5,0.9942253000923362,0.004518860978750349
F,DreaMS,recall,111,169,5,0.9942945521698985,0.004520289965102202
F,DreaMS,recall,112,169,5,0.994697137580794,0.004197275077166955
F,DreaMS,recall,113,169,5,0.9950997229916897,0.0038742669855175932
F,DreaMS,recall,114,169,5,0.995168975069252,0.003876667715194167
F,DreaMS,recall,115,169,5,0.9952382271468144,0.0038803031032999683
F,DreaMS,recall,116,169,5,0.9952382271468144,0.0038803031032999683
F,DreaMS,recall,117,169,5,0.99664081255771,0.002582118336098596
F,DreaMS,recall,118,169,5,0.9967100646352725,0.002582353587397695
F,DreaMS,recall,119,169,5,0.9967100646352725,0.002582353587397695
F,DreaMS,recall,120,169,5,0.9967793167128347,0.0025844451434627706
F,DreaMS,recall,121,169,5,0.9968485687903972,0.002588388504317748
F,DreaMS,recall,122,169,5,0.9969178208679594,0.002594175225287146
F,DreaMS,recall,123,169,5,0.9969178208679594,0.002594175225287146
F,DreaMS,recall,124,169,5,0.9969870729455217,0.0026017930067928846
F,DreaMS,recall,125,169,5,0.9969870729455217,0.0026017930067928846
F,DreaMS,recall,126,169,5,0.9970563250230841,0.0026112258235151784
F,DreaMS,recall,127,169,5,0.9971255771006463,0.0026224540897949117
F,DreaMS,recall,128,169,5,0.9971948291782088,0.0026354548573756667
F,DreaMS,recall,129,169,5,0.997264081255771,0.0026502020409661887
F,DreaMS,recall,130,169,5,0.9973333333333333,0.002666666666666662
F,DreaMS,recall,131,169,5,0.9973333333333333,0.002666666666666662
F,DreaMS,recall,132,169,5,0.9973333333333333,0.002666666666666662
F,DreaMS,recall,133,169,5,0.9973333333333333,0.002666666666666662
F,DreaMS,recall,134,169,5,0.9973333333333333,0.002666666666666662
F,DreaMS,recall,135,169,5,0.9973333333333333,0.002666666666666662
F,DreaMS,recall,136,169,5,0.9973333333333333,0.002666666666666662
F,DreaMS,recall,137,169,5,0.9973333333333333,0.002666666666666662
F,DreaMS,recall,138,169,5,0.9973333333333333,0.002666666666666662
F,DreaMS,recall,139,169,5,0.9973333333333333,0.002666666666666662
F,DreaMS,recall,140,169,5,0.9973333333333333,0.002666666666666662
F,DreaMS,recall,141,169,5,0.9973333333333333,0.002666666666666662
F,DreaMS,recall,142,169,5,0.9973333333333333,0.002666666666666662
F,DreaMS,recall,143,169,5,0.9973333333333333,0.002666666666666662
F,DreaMS,recall,144,169,5,0.9986666666666666,0.0013333333333333198
F,DreaMS,recall,145,169,5,0.9986666666666666,0.0013333333333333198
F,DreaMS,recall,146,169,5,0.9986666666666666,0.0013333333333333198
F,DreaMS,recall,147,169,5,0.9986666666666666,0.0013333333333333198
F,DreaMS,recall,148,169,5,1.0,0.0
F,DreaMS,recall,149,169,5,1.0,0.0
F,DreaMS,recall,150,169,5,1.0,0.0
F,Linear SVM,hit_rate,5,169,5,0.912157599882058,0.016623088277346175
F,Linear SVM,hit_rate,6,169,5,0.9360517101577474,0.01550825795408467
F,Linear SVM,hit_rate,7,169,5,0.9360517101577474,0.01550825795408467
F,Linear SVM,hit_rate,8,169,5,0.9475648680524842,0.009432303332226272
F,Linear SVM,hit_rate,9,169,5,0.9528280259472212,0.006848367237863707
F,Linear SVM,hit_rate,10,169,5,0.9594946926138878,0.011724904292455512
F,Linear SVM,hit_rate,11,169,5,0.9647578505086246,0.011543958192123642
F,Linear SVM,hit_rate,12,169,5,0.976890203449801,0.005831587375628296
F,Linear SVM,hit_rate,13,169,5,0.9826044891640867,0.007145334815547721
F,Linear SVM,hit_rate,14,169,5,0.9826044891640867,0.007145334815547721
F,Linear SVM,hit_rate,15,169,5,0.9884868421052632,0.007093374556857834
F,Linear SVM,hit_rate,16,169,5,0.9884868421052632,0.007093374556857834
F,Linear SVM,hit_rate,17,169,5,0.9884868421052632,0.007093374556857834
F,Linear SVM,hit_rate,18,169,5,0.9884868421052632,0.007093374556857834
F,Linear SVM,hit_rate,19,169,5,0.9884868421052632,0.007093374556857834
F,Linear SVM,hit_rate,20,169,5,0.99375,0.0062499999999999995
F,Linear SVM,hit_rate,21,169,5,0.99375,0.0062499999999999995
F,Linear SVM,hit_rate,22,169,5,0.99375,0.0062499999999999995
F,Linear SVM,hit_rate,23,169,5,1.0,0.0
F,Linear SVM,hit_rate,24,169,5,1.0,0.0
F,Linear SVM,hit_rate,25,169,5,1.0,0.0
F,Linear SVM,hit_rate,26,169,5,1.0,0.0
F,Linear SVM,hit_rate,27,169,5,1.0,0.0
F,Linear SVM,hit_rate,28,169,5,1.0,0.0
F,Linear SVM,hit_rate,29,169,5,1.0,0.0
F,Linear SVM,hit_rate,30,169,5,1.0,0.0
F,Linear SVM,hit_rate,31,169,5,1.0,0.0
F,Linear SVM,hit_rate,32,169,5,1.0,0.0
F,Linear SVM,hit_rate,33,169,5,1.0,0.0
F,Linear SVM,hit_rate,34,169,5,1.0,0.0
F,Linear SVM,hit_rate,35,169,5,1.0,0.0
F,Linear SVM,hit_rate,36,169,5,1.0,0.0
F,Linear SVM,hit_rate,37,169,5,1.0,0.0
F,Linear SVM,hit_rate,38,169,5,1.0,0.0
F,Linear SVM,hit_rate,39,169,5,1.0,0.0
F,Linear SVM,hit_rate,40,169,5,1.0,0.0
F,Linear SVM,hit_rate,41,169,5,1.0,0.0
F,Linear SVM,hit_rate,42,169,5,1.0,0.0
F,Linear SVM,hit_rate,43,169,5,1.0,0.0
F,Linear SVM,hit_rate,44,169,5,1.0,0.0
F,Linear SVM,hit_rate,45,169,5,1.0,0.0
F,Linear SVM,hit_rate,46,169,5,1.0,0.0
F,Linear SVM,hit_rate,47,169,5,1.0,0.0
F,Linear SVM,hit_rate,48,169,5,1.0,0.0
F,Linear SVM,hit_rate,49,169,5,1.0,0.0
F,Linear SVM,hit_rate,50,169,5,1.0,0.0
F,Linear SVM,hit_rate,51,169,5,1.0,0.0
F,Linear SVM,hit_rate,52,169,5,1.0,0.0
F,Linear SVM,hit_rate,53,169,5,1.0,0.0
F,Linear SVM,hit_rate,54,169,5,1.0,0.0
F,Linear SVM,hit_rate,55,169,5,1.0,0.0
F,Linear SVM,hit_rate,56,169,5,1.0,0.0
F,Linear SVM,hit_rate,57,169,5,1.0,0.0
F,Linear SVM,hit_rate,58,169,5,1.0,0.0
F,Linear SVM,hit_rate,59,169,5,1.0,0.0
F,Linear SVM,hit_rate,60,169,5,1.0,0.0
F,Linear SVM,hit_rate,61,169,5,1.0,0.0
F,Linear SVM,hit_rate,62,169,5,1.0,0.0
F,Linear SVM,hit_rate,63,169,5,1.0,0.0
F,Linear SVM,hit_rate,64,169,5,1.0,0.0
F,Linear SVM,hit_rate,65,169,5,1.0,0.0
F,Linear SVM,hit_rate,66,169,5,1.0,0.0
F,Linear SVM,hit_rate,67,169,5,1.0,0.0
F,Linear SVM,hit_rate,68,169,5,1.0,0.0
F,Linear SVM,hit_rate,69,169,5,1.0,0.0
F,Linear SVM,hit_rate,70,169,5,1.0,0.0
F,Linear SVM,hit_rate,71,169,5,1.0,0.0
F,Linear SVM,hit_rate,72,169,5,1.0,0.0
F,Linear SVM,hit_rate,73,169,5,1.0,0.0
F,Linear SVM,hit_rate,74,169,5,1.0,0.0
F,Linear SVM,hit_rate,75,169,5,1.0,0.0
F,Linear SVM,hit_rate,76,169,5,1.0,0.0
F,Linear SVM,hit_rate,77,169,5,1.0,0.0
F,Linear SVM,hit_rate,78,169,5,1.0,0.0
F,Linear SVM,hit_rate,79,169,5,1.0,0.0
F,Linear SVM,hit_rate,80,169,5,1.0,0.0
F,Linear SVM,hit_rate,81,169,5,1.0,0.0
F,Linear SVM,hit_rate,82,169,5,1.0,0.0
F,Linear SVM,hit_rate,83,169,5,1.0,0.0
F,Linear SVM,hit_rate,84,169,5,1.0,0.0
F,Linear SVM,hit_rate,85,169,5,1.0,0.0
F,Linear SVM,hit_rate,86,169,5,1.0,0.0
F,Linear SVM,hit_rate,87,169,5,1.0,0.0
F,Linear SVM,hit_rate,88,169,5,1.0,0.0
F,Linear SVM,hit_rate,89,169,5,1.0,0.0
F,Linear SVM,hit_rate,90,169,5,1.0,0.0
F,Linear SVM,hit_rate,91,169,5,1.0,0.0
F,Linear SVM,hit_rate,92,169,5,1.0,0.0
F,Linear SVM,hit_rate,93,169,5,1.0,0.0
F,Linear SVM,hit_rate,94,169,5,1.0,0.0
F,Linear SVM,hit_rate,95,169,5,1.0,0.0
F,Linear SVM,hit_rate,96,169,5,1.0,0.0
F,Linear SVM,hit_rate,97,169,5,1.0,0.0
F,Linear SVM,hit_rate,98,169,5,1.0,0.0
F,Linear SVM,hit_rate,99,169,5,1.0,0.0
F,Linear SVM,hit_rate,100,169,5,1.0,0.0
F,Linear SVM,hit_rate,101,169,5,1.0,0.0
F,Linear SVM,hit_rate,102,169,5,1.0,0.0
F,Linear SVM,hit_rate,103,169,5,1.0,0.0
F,Linear SVM,hit_rate,104,169,5,1.0,0.0
F,Linear SVM,hit_rate,105,169,5,1.0,0.0
F,Linear SVM,hit_rate,106,169,5,1.0,0.0
F,Linear SVM,hit_rate,107,169,5,1.0,0.0
F,Linear SVM,hit_rate,108,169,5,1.0,0.0
F,Linear SVM,hit_rate,109,169,5,1.0,0.0
F,Linear SVM,hit_rate,110,169,5,1.0,0.0
F,Linear SVM,hit_rate,111,169,5,1.0,0.0
F,Linear SVM,hit_rate,112,169,5,1.0,0.0
F,Linear SVM,hit_rate,113,169,5,1.0,0.0
F,Linear SVM,hit_rate,114,169,5,1.0,0.0
F,Linear SVM,hit_rate,115,169,5,1.0,0.0
F,Linear SVM,hit_rate,116,169,5,1.0,0.0
F,Linear SVM,hit_rate,117,169,5,1.0,0.0
F,Linear SVM,hit_rate,118,169,5,1.0,0.0
F,Linear SVM,hit_rate,119,169,5,1.0,0.0
F,Linear SVM,hit_rate,120,169,5,1.0,0.0
F,Linear SVM,hit_rate,121,169,5,1.0,0.0
F,Linear SVM,hit_rate,122,169,5,1.0,0.0
F,Linear SVM,hit_rate,123,169,5,1.0,0.0
F,Linear SVM,hit_rate,124,169,5,1.0,0.0
F,Linear SVM,hit_rate,125,169,5,1.0,0.0
F,Linear SVM,hit_rate,126,169,5,1.0,0.0
F,Linear SVM,hit_rate,127,169,5,1.0,0.0
F,Linear SVM,hit_rate,128,169,5,1.0,0.0
F,Linear SVM,hit_rate,129,169,5,1.0,0.0
F,Linear SVM,hit_rate,130,169,5,1.0,0.0
F,Linear SVM,hit_rate,131,169,5,1.0,0.0
F,Linear SVM,hit_rate,132,169,5,1.0,0.0
F,Linear SVM,hit_rate,133,169,5,1.0,0.0
F,Linear SVM,hit_rate,134,169,5,1.0,0.0
F,Linear SVM,hit_rate,135,169,5,1.0,0.0
F,Linear SVM,hit_rate,136,169,5,1.0,0.0
F,Linear SVM,hit_rate,137,169,5,1.0,0.0
F,Linear SVM,hit_rate,138,169,5,1.0,0.0
F,Linear SVM,hit_rate,139,169,5,1.0,0.0
F,Linear SVM,hit_rate,140,169,5,1.0,0.0
F,Linear SVM,hit_rate,141,169,5,1.0,0.0
F,Linear SVM,hit_rate,142,169,5,1.0,0.0
F,Linear SVM,hit_rate,143,169,5,1.0,0.0
F,Linear SVM,hit_rate,144,169,5,1.0,0.0
F,Linear SVM,hit_rate,145,169,5,1.0,0.0
F,Linear SVM,hit_rate,146,169,5,1.0,0.0
F,Linear SVM,hit_rate,147,169,5,1.0,0.0
F,Linear SVM,hit_rate,148,169,5,1.0,0.0
F,Linear SVM,hit_rate,149,169,5,1.0,0.0
F,Linear SVM,hit_rate,150,169,5,1.0,0.0
F,Linear SVM,recall,5,169,5,0.4047016883348073,0.025652864748176723
F,Linear SVM,recall,6,169,5,0.4661874802395003,0.03218655598151875
F,Linear SVM,recall,7,169,5,0.4963123470662737,0.0315354218805755
F,Linear SVM,recall,8,169,5,0.5263195800837727,0.030553822984961496
F,Linear SVM,recall,9,169,5,0.5584764209686836,0.029823899928862235
F,Linear SVM,recall,10,169,5,0.6009149073020099,0.028750354615056026
F,Linear SVM,recall,11,169,5,0.6371257224917053,0.02328522420138327
F,Linear SVM,recall,12,169,5,0.6613584739912746,0.022834241165569712
F,Linear SVM,recall,13,169,5,0.6867833714477294,0.024309203478423153
F,Linear SVM,recall,14,169,5,0.7101266142993115,0.021970266358556964
F,Linear SVM,recall,15,169,5,0.7359108957071265,0.017513490800207636
F,Linear SVM,recall,16,169,5,0.7515702824487318,0.015017274379288863
F,Linear SVM,recall,17,169,5,0.7686703695167557,0.017691118411836983
F,Linear SVM,recall,18,169,5,0.7846199498654047,0.017747501087222194
F,Linear SVM,recall,19,169,5,0.7979804943391782,0.016912061620018622
F,Linear SVM,recall,20,169,5,0.8174547751536151,0.020535095621907022
F,Linear SVM,recall,21,169,5,0.8317410828886362,0.0193644201341628
F,Linear SVM,recall,22,169,5,0.8413350315784054,0.018908542938466128
F,Linear SVM,recall,23,169,5,0.8565993732919306,0.020626703822492605
F,Linear SVM,recall,24,169,5,0.8640745878159246,0.022515879052215814
F,Linear SVM,recall,25,169,5,0.8707880045862376,0.023685231374967322
F,Linear SVM,recall,26,169,5,0.8757284633696439,0.023805932835030425
F,Linear SVM,recall,27,169,5,0.8847037033944763,0.022972022253852836
F,Linear SVM,recall,28,169,5,0.889189980352351,0.023440643605181864
F,Linear SVM,recall,29,169,5,0.8954364887712313,0.02374331901696602
F,Linear SVM,recall,30,169,5,0.9023367094924744,0.024016780247086606
F,Linear SVM,recall,31,169,5,0.9091091737911663,0.024581141597894565
F,Linear SVM,recall,32,169,5,0.9125970309588853,0.024674713459827535
F,Linear SVM,recall,33,169,5,0.9142582361108026,0.024571285087178936
F,Linear SVM,recall,34,169,5,0.9188480645032501,0.022480701536902428
F,Linear SVM,recall,35,169,5,0.9221739793895727,0.022580119530132146
F,Linear SVM,recall,36,169,5,0.9277755530905146,0.021025816875436126
F,Linear SVM,recall,37,169,5,0.929940381940715,0.020140272111178595
F,Linear SVM,recall,38,169,5,0.9329874254035053,0.02022507554978885
F,Linear SVM,recall,39,169,5,0.9383295728459944,0.018341023550404636
F,Linear SVM,recall,40,169,5,0.9412460660467264,0.017823515742915304
F,Linear SVM,recall,41,169,5,0.9431987750851452,0.017046603120919285
F,Linear SVM,recall,42,169,5,0.9461595636019137,0.016644166082617106
F,Linear SVM,recall,43,169,5,0.9508874387348971,0.014433613615079968
F,Linear SVM,recall,44,169,5,0.954706180996347,0.011932309816776359
F,Linear SVM,recall,45,169,5,0.9567885866044687,0.011310626440120737
F,Linear SVM,recall,46,169,5,0.9593111855208161,0.010927417361640455
F,Linear SVM,recall,47,169,5,0.9625938177015614,0.010109284364467116
F,Linear SVM,recall,48,169,5,0.9654538286394521,0.009687662624569897
F,Linear SVM,recall,49,169,5,0.9671738732778387,0.009910278293305888
F,Linear SVM,recall,50,169,5,0.9687082086136808,0.00993469188342207
F,Linear SVM,recall,51,169,5,0.9706181378391452,0.009613414687620983
F,Linear SVM,recall,52,169,5,0.9711949311266481,0.009645269261103994
F,Linear SVM,recall,53,169,5,0.9731929733485074,0.008847148258653523
F,Linear SVM,recall,54,169,5,0.9743512126779864,0.008987461170069079
F,Linear SVM,recall,55,169,5,0.9747234950585788,0.008786524450002614
F,Linear SVM,recall,56,169,5,0.9770662785582795,0.007644471744196268
F,Linear SVM,recall,57,169,5,0.9778513964331805,0.007327378499180567
F,Linear SVM,recall,58,169,5,0.9781505335682142,0.007172976771285712
F,Linear SVM,recall,59,169,5,0.9784077555705885,0.007222961731832419
F,Linear SVM,recall,60,169,5,0.979188980277493,0.006980233499131687
F,Linear SVM,recall,61,169,5,0.9794920105805234,0.006761260816549136
F,Linear SVM,recall,62,169,5,0.9800160132850534,0.006459185476690224
F,Linear SVM,recall,63,169,5,0.9800160132850534,0.006459185476690224
F,Linear SVM,recall,64,169,5,0.9807491613557957,0.006416249447062499
F,Linear SVM,recall,65,169,5,0.981929524544469,0.005639144608171614
F,Linear SVM,recall,66,169,5,0.9838223082290316,0.005341219383101029
F,Linear SVM,recall,67,169,5,0.9849923633206468,0.005220750788158751
F,Linear SVM,recall,68,169,5,0.9851939762238725,0.005332373127758941
F,Linear SVM,recall,69,169,5,0.9854238612813437,0.005185281763796677
F,Linear SVM,recall,70,169,5,0.985493113358906,0.0051916317874962275
F,Linear SVM,recall,71,169,5,0.986198729072832,0.004822154370670137
F,Linear SVM,recall,72,169,5,0.9865710114534247,0.004668254484111233
F,Linear SVM,recall,73,169,5,0.9869343811780457,0.0044896943389485505
F,Linear SVM,recall,74,169,5,0.9879117360224065,0.004343205690218997
F,Linear SVM,recall,75,169,5,0.9883143214333021,0.004211244907819367
F,Linear SVM,recall,76,169,5,0.9899506850696659,0.0039014373306173315
F,Linear SVM,recall,77,169,5,0.990530517002439,0.003757159959587334
F,Linear SVM,recall,78,169,5,0.990871508210436,0.003904318270722062
F,Linear SVM,recall,79,169,5,0.9909407602879984,0.003899345041357255
F,Linear SVM,recall,80,169,5,0.9910100123655606,0.0038955967507577163
F,Linear SVM,recall,81,169,5,0.9916590963758962,0.003760882500675617
F,Linear SVM,recall,82,169,5,0.9916590963758962,0.003760882500675617
F,Linear SVM,recall,83,169,5,0.9917283484534586,0.0037568771066992302
F,Linear SVM,recall,84,169,5,0.9924339641673845,0.0037382897085484505
F,Linear SVM,recall,85,169,5,0.9925032162449469,0.0037338782793533993
F,Linear SVM,recall,86,169,5,0.9925032162449469,0.0037338782793533993
F,Linear SVM,recall,87,169,5,0.9925724683225091,0.003730747346780315
F,Linear SVM,recall,88,169,5,0.9932215523328445,0.003586118940044094
F,Linear SVM,recall,89,169,5,0.9932908044104067,0.0035827341417722126
F,Linear SVM,recall,90,169,5,0.9936241377437401,0.0035991920198222907
F,Linear SVM,recall,91,169,5,0.9936933898213025,0.0035955483255820805
F,Linear SVM,recall,92,169,5,0.9936933898213025,0.0035955483255820805
F,Linear SVM,recall,93,169,5,0.9937626418988648,0.0035932358714859127
F,Linear SVM,recall,94,169,5,0.9937626418988648,0.0035932358714859127
F,Linear SVM,recall,95,169,5,0.9937626418988648,0.0035932358714859127
F,Linear SVM,recall,96,169,5,0.9957926782901527,0.001890178368187674
F,Linear SVM,recall,97,169,5,0.9957926782901527,0.001890178368187674
F,Linear SVM,recall,98,169,5,0.9957926782901527,0.001890178368187674
F,Linear SVM,recall,99,169,5,0.9957926782901527,0.001890178368187674
F,Linear SVM,recall,100,169,5,0.9961260116234859,0.0018846146360242874
F,Linear SVM,recall,101,169,5,0.9961260116234859,0.0018846146360242874
F,Linear SVM,recall,102,169,5,0.9961260116234859,0.0018846146360242874
F,Linear SVM,recall,103,169,5,0.9961260116234859,0.0018846146360242874
F,Linear SVM,recall,104,169,5,0.9961260116234859,0.0018846146360242874
F,Linear SVM,recall,105,169,5,0.9961260116234859,0.0018846146360242874
F,Linear SVM,recall,106,169,5,0.9961260116234859,0.0018846146360242874
F,Linear SVM,recall,107,169,5,0.9961952637010484,0.001864107235977904
F,Linear SVM,recall,108,169,5,0.9961952637010484,0.001864107235977904
F,Linear SVM,recall,109,169,5,0.9962645157786106,0.0018459715459959774
F,Linear SVM,recall,110,169,5,0.9986278855032318,0.0010084875917493765
F,Linear SVM,recall,111,169,5,0.9990304709141273,0.0009695290858725557
F,Linear SVM,recall,112,169,5,0.9990997229916898,0.0009002770083102352
F,Linear SVM,recall,113,169,5,0.9991689750692521,0.0008310249307479366
F,Linear SVM,recall,114,169,5,0.9992382271468145,0.0007617728531855716
F,Linear SVM,recall,115,169,5,0.9993074792243768,0.0006925207756232954
F,Linear SVM,recall,116,169,5,0.999376731301939,0.0006232686980609303
F,Linear SVM,recall,117,169,5,0.999376731301939,0.0006232686980609303
F,Linear SVM,recall,118,169,5,0.9994459833795014,0.0005540166204986318
F,Linear SVM,recall,119,169,5,0.9995152354570637,0.0004847645429362668
F,Linear SVM,recall,120,169,5,0.9995844875346261,0.0004155124653739683
F,Linear SVM,recall,121,169,5,0.9996537396121884,0.0003462603878116477
F,Linear SVM,recall,122,169,5,0.9997229916897507,0.0002770083102493048
F,Linear SVM,recall,123,169,5,0.9997229916897507,0.0002770083102493048
F,Linear SVM,recall,124,169,5,0.9997229916897507,0.0002770083102493048
F,Linear SVM,recall,125,169,5,0.999792243767313,0.00020775623268698415
F,Linear SVM,recall,126,169,5,0.9998614958448753,0.0001385041551246635
F,Linear SVM,recall,127,169,5,0.9998614958448753,0.0001385041551246635
F,Linear SVM,recall,128,169,5,0.9998614958448753,0.0001385041551246635
F,Linear SVM,recall,129,169,5,0.9999307479224377,6.925207756232065e-05
F,Linear SVM,recall,130,169,5,1.0,0.0
F,Linear SVM,recall,131,169,5,1.0,0.0
F,Linear SVM,recall,132,169,5,1.0,0.0
F,Linear SVM,recall,133,169,5,1.0,0.0
F,Linear SVM,recall,134,169,5,1.0,0.0
F,Linear SVM,recall,135,169,5,1.0,0.0
F,Linear SVM,recall,136,169,5,1.0,0.0
F,Linear SVM,recall,137,169,5,1.0,0.0
F,Linear SVM,recall,138,169,5,1.0,0.0
F,Linear SVM,recall,139,169,5,1.0,0.0
F,Linear SVM,recall,140,169,5,1.0,0.0
F,Linear SVM,recall,141,169,5,1.0,0.0
F,Linear SVM,recall,142,169,5,1.0,0.0
F,Linear SVM,recall,143,169,5,1.0,0.0
F,Linear SVM,recall,144,169,5,1.0,0.0
F,Linear SVM,recall,145,169,5,1.0,0.0
F,Linear SVM,recall,146,169,5,1.0,0.0
F,Linear SVM,recall,147,169,5,1.0,0.0
F,Linear SVM,recall,148,169,5,1.0,0.0
F,Linear SVM,recall,149,169,5,1.0,0.0
F,Linear SVM,recall,150,169,5,1.0,0.0
F,Random forest,hit_rate,5,169,5,0.8402552336724163,0.02033210326817145
F,Random forest,hit_rate,6,169,5,0.8960330974495061,0.020259682364893512
F,Random forest,hit_rate,7,169,5,0.9130609612265959,0.012255891286125906
F,Random forest,hit_rate,8,169,5,0.930705071502285,0.012529028681511959
F,Random forest,hit_rate,9,169,5,0.930705071502285,0.012529028681511959
F,Random forest,hit_rate,10,169,5,0.930705071502285,0.012529028681511959
F,Random forest,hit_rate,11,169,5,0.9423017101577473,0.013654238189202283
F,Random forest,hit_rate,12,169,5,0.9423017101577473,0.013654238189202283
F,Random forest,hit_rate,13,169,5,0.948015995872033,0.017387089617957513
F,Random forest,hit_rate,14,169,5,0.9532791537667699,0.01377691609256514
F,Random forest,hit_rate,15,169,5,0.9532791537667699,0.01377691609256514
F,Random forest,hit_rate,16,169,5,0.9595291537667698,0.01339985304025475
F,Random forest,hit_rate,17,169,5,0.9595291537667698,0.01339985304025475
F,Random forest,hit_rate,18,169,5,0.9595291537667698,0.01339985304025475
F,Random forest,hit_rate,19,169,5,0.9595291537667698,0.01339985304025475
F,Random forest,hit_rate,20,169,5,0.9647923116615068,0.010295770333876316
F,Random forest,hit_rate,21,169,5,0.9647923116615068,0.010295770333876316
F,Random forest,hit_rate,22,169,5,0.9647923116615068,0.010295770333876316
F,Random forest,hit_rate,23,169,5,0.9710423116615068,0.012547237258684448
F,Random forest,hit_rate,24,169,5,0.9710423116615068,0.012547237258684448
F,Random forest,hit_rate,25,169,5,0.9710423116615068,0.012547237258684448
F,Random forest,hit_rate,26,169,5,0.9710423116615068,0.012547237258684448
F,Random forest,hit_rate,27,169,5,0.9710423116615068,0.012547237258684448
F,Random forest,hit_rate,28,169,5,0.9710423116615068,0.012547237258684448
F,Random forest,hit_rate,29,169,5,0.9710423116615068,0.012547237258684448
F,Random forest,hit_rate,30,169,5,0.9821878224974201,0.007356342341583499
F,Random forest,hit_rate,31,169,5,0.9821878224974201,0.007356342341583499
F,Random forest,hit_rate,32,169,5,0.9888544891640867,0.006842735636315893
F,Random forest,hit_rate,33,169,5,0.9947368421052631,0.005263157894736836
F,Random forest,hit_rate,34,169,5,0.9947368421052631,0.005263157894736836
F,Random forest,hit_rate,35,169,5,0.9947368421052631,0.005263157894736836
F,Random forest,hit_rate,36,169,5,0.9947368421052631,0.005263157894736836
F,Random forest,hit_rate,37,169,5,0.9947368421052631,0.005263157894736836
F,Random forest,hit_rate,38,169,5,0.9947368421052631,0.005263157894736836
F,Random forest,hit_rate,39,169,5,0.9947368421052631,0.005263157894736836
F,Random forest,hit_rate,40,169,5,0.9947368421052631,0.005263157894736836
F,Random forest,hit_rate,41,169,5,0.9947368421052631,0.005263157894736836
F,Random forest,hit_rate,42,169,5,1.0,0.0
F,Random forest,hit_rate,43,169,5,1.0,0.0
F,Random forest,hit_rate,44,169,5,1.0,0.0
F,Random forest,hit_rate,45,169,5,1.0,0.0
F,Random forest,hit_rate,46,169,5,1.0,0.0
F,Random forest,hit_rate,47,169,5,1.0,0.0
F,Random forest,hit_rate,48,169,5,1.0,0.0
F,Random forest,hit_rate,49,169,5,1.0,0.0
F,Random forest,hit_rate,50,169,5,1.0,0.0
F,Random forest,hit_rate,51,169,5,1.0,0.0
F,Random forest,hit_rate,52,169,5,1.0,0.0
F,Random forest,hit_rate,53,169,5,1.0,0.0
F,Random forest,hit_rate,54,169,5,1.0,0.0
F,Random forest,hit_rate,55,169,5,1.0,0.0
F,Random forest,hit_rate,56,169,5,1.0,0.0
F,Random forest,hit_rate,57,169,5,1.0,0.0
F,Random forest,hit_rate,58,169,5,1.0,0.0
F,Random forest,hit_rate,59,169,5,1.0,0.0
F,Random forest,hit_rate,60,169,5,1.0,0.0
F,Random forest,hit_rate,61,169,5,1.0,0.0
F,Random forest,hit_rate,62,169,5,1.0,0.0
F,Random forest,hit_rate,63,169,5,1.0,0.0
F,Random forest,hit_rate,64,169,5,1.0,0.0
F,Random forest,hit_rate,65,169,5,1.0,0.0
F,Random forest,hit_rate,66,169,5,1.0,0.0
F,Random forest,hit_rate,67,169,5,1.0,0.0
F,Random forest,hit_rate,68,169,5,1.0,0.0
F,Random forest,hit_rate,69,169,5,1.0,0.0
F,Random forest,hit_rate,70,169,5,1.0,0.0
F,Random forest,hit_rate,71,169,5,1.0,0.0
F,Random forest,hit_rate,72,169,5,1.0,0.0
F,Random forest,hit_rate,73,169,5,1.0,0.0
F,Random forest,hit_rate,74,169,5,1.0,0.0
F,Random forest,hit_rate,75,169,5,1.0,0.0
F,Random forest,hit_rate,76,169,5,1.0,0.0
F,Random forest,hit_rate,77,169,5,1.0,0.0
F,Random forest,hit_rate,78,169,5,1.0,0.0
F,Random forest,hit_rate,79,169,5,1.0,0.0
F,Random forest,hit_rate,80,169,5,1.0,0.0
F,Random forest,hit_rate,81,169,5,1.0,0.0
F,Random forest,hit_rate,82,169,5,1.0,0.0
F,Random forest,hit_rate,83,169,5,1.0,0.0
F,Random forest,hit_rate,84,169,5,1.0,0.0
F,Random forest,hit_rate,85,169,5,1.0,0.0
F,Random forest,hit_rate,86,169,5,1.0,0.0
F,Random forest,hit_rate,87,169,5,1.0,0.0
F,Random forest,hit_rate,88,169,5,1.0,0.0
F,Random forest,hit_rate,89,169,5,1.0,0.0
F,Random forest,hit_rate,90,169,5,1.0,0.0
F,Random forest,hit_rate,91,169,5,1.0,0.0
F,Random forest,hit_rate,92,169,5,1.0,0.0
F,Random forest,hit_rate,93,169,5,1.0,0.0
F,Random forest,hit_rate,94,169,5,1.0,0.0
F,Random forest,hit_rate,95,169,5,1.0,0.0
F,Random forest,hit_rate,96,169,5,1.0,0.0
F,Random forest,hit_rate,97,169,5,1.0,0.0
F,Random forest,hit_rate,98,169,5,1.0,0.0
F,Random forest,hit_rate,99,169,5,1.0,0.0
F,Random forest,hit_rate,100,169,5,1.0,0.0
F,Random forest,hit_rate,101,169,5,1.0,0.0
F,Random forest,hit_rate,102,169,5,1.0,0.0
F,Random forest,hit_rate,103,169,5,1.0,0.0
F,Random forest,hit_rate,104,169,5,1.0,0.0
F,Random forest,hit_rate,105,169,5,1.0,0.0
F,Random forest,hit_rate,106,169,5,1.0,0.0
F,Random forest,hit_rate,107,169,5,1.0,0.0
F,Random forest,hit_rate,108,169,5,1.0,0.0
F,Random forest,hit_rate,109,169,5,1.0,0.0
F,Random forest,hit_rate,110,169,5,1.0,0.0
F,Random forest,hit_rate,111,169,5,1.0,0.0
F,Random forest,hit_rate,112,169,5,1.0,0.0
F,Random forest,hit_rate,113,169,5,1.0,0.0
F,Random forest,hit_rate,114,169,5,1.0,0.0
F,Random forest,hit_rate,115,169,5,1.0,0.0
F,Random forest,hit_rate,116,169,5,1.0,0.0
F,Random forest,hit_rate,117,169,5,1.0,0.0
F,Random forest,hit_rate,118,169,5,1.0,0.0
F,Random forest,hit_rate,119,169,5,1.0,0.0
F,Random forest,hit_rate,120,169,5,1.0,0.0
F,Random forest,hit_rate,121,169,5,1.0,0.0
F,Random forest,hit_rate,122,169,5,1.0,0.0
F,Random forest,hit_rate,123,169,5,1.0,0.0
F,Random forest,hit_rate,124,169,5,1.0,0.0
F,Random forest,hit_rate,125,169,5,1.0,0.0
F,Random forest,hit_rate,126,169,5,1.0,0.0
F,Random forest,hit_rate,127,169,5,1.0,0.0
F,Random forest,hit_rate,128,169,5,1.0,0.0
F,Random forest,hit_rate,129,169,5,1.0,0.0
F,Random forest,hit_rate,130,169,5,1.0,0.0
F,Random forest,hit_rate,131,169,5,1.0,0.0
F,Random forest,hit_rate,132,169,5,1.0,0.0
F,Random forest,hit_rate,133,169,5,1.0,0.0
F,Random forest,hit_rate,134,169,5,1.0,0.0
F,Random forest,hit_rate,135,169,5,1.0,0.0
F,Random forest,hit_rate,136,169,5,1.0,0.0
F,Random forest,hit_rate,137,169,5,1.0,0.0
F,Random forest,hit_rate,138,169,5,1.0,0.0
F,Random forest,hit_rate,139,169,5,1.0,0.0
F,Random forest,hit_rate,140,169,5,1.0,0.0
F,Random forest,hit_rate,141,169,5,1.0,0.0
F,Random forest,hit_rate,142,169,5,1.0,0.0
F,Random forest,hit_rate,143,169,5,1.0,0.0
F,Random forest,hit_rate,144,169,5,1.0,0.0
F,Random forest,hit_rate,145,169,5,1.0,0.0
F,Random forest,hit_rate,146,169,5,1.0,0.0
F,Random forest,hit_rate,147,169,5,1.0,0.0
F,Random forest,hit_rate,148,169,5,1.0,0.0
F,Random forest,hit_rate,149,169,5,1.0,0.0
F,Random forest,hit_rate,150,169,5,1.0,0.0
F,Random forest,recall,5,169,5,0.3534435736275874,0.024918425303194346
F,Random forest,recall,6,169,5,0.4117091056246135,0.0185184059369679
F,Random forest,recall,7,169,5,0.44848895191561444,0.02043946625800196
F,Random forest,recall,8,169,5,0.4778592958783081,0.023186622108617196
F,Random forest,recall,9,169,5,0.5040910341359969,0.023937269026352726
F,Random forest,recall,10,169,5,0.558234022506513,0.022375131771344814
F,Random forest,recall,11,169,5,0.5924362689765255,0.023861699917018964
F,Random forest,recall,12,169,5,0.6156658035244746,0.022582552259844915
F,Random forest,recall,13,169,5,0.6439063788266199,0.028052810885433634
F,Random forest,recall,14,169,5,0.6672793200098115,0.029928735564108997
F,Random forest,recall,15,169,5,0.6890240768091445,0.028759279338096286
F,Random forest,recall,16,169,5,0.708409111462901,0.02676873835803676
F,Random forest,recall,17,169,5,0.7236361130689231,0.024905636612497496
F,Random forest,recall,18,169,5,0.7480389976719365,0.024175485371841103
F,Random forest,recall,19,169,5,0.7631352064586693,0.023562448107044637
F,Random forest,recall,20,169,5,0.7753149367427409,0.020577143884492825
F,Random forest,recall,21,169,5,0.7850218303105514,0.019095648128474474
F,Random forest,recall,22,169,5,0.7955983001739552,0.01928005887528105
F,Random forest,recall,23,169,5,0.8117700857014658,0.01905889232321527
F,Random forest,recall,24,169,5,0.8166380304162886,0.019663620209777743
F,Random forest,recall,25,169,5,0.8257975172210541,0.020681763477905662
F,Random forest,recall,26,169,5,0.8339215693502997,0.022161742859071947
F,Random forest,recall,27,169,5,0.8445145796535588,0.02203308323367867
F,Random forest,recall,28,169,5,0.853709594173328,0.021734410676080694
F,Random forest,recall,29,169,5,0.8585514252733347,0.0217951774162424
F,Random forest,recall,30,169,5,0.865180612263323,0.022220433355551534
F,Random forest,recall,31,169,5,0.8704600316982379,0.023301708979997646
F,Random forest,recall,32,169,5,0.875536753168441,0.0230779126903577
F,Random forest,recall,33,169,5,0.879609424369888,0.02291350205265992
F,Random forest,recall,34,169,5,0.8824972051534598,0.022989275373190475
F,Random forest,recall,35,169,5,0.8868457706543573,0.023046753688131815
F,Random forest,recall,36,169,5,0.8913182230435641,0.023878530531176494
F,Random forest,recall,37,169,5,0.8958130730802587,0.02322397782583873
F,Random forest,recall,38,169,5,0.9015143191909493,0.02209471700028255
F,Random forest,recall,39,169,5,0.9053278372211568,0.022837902652456454
F,Random forest,recall,40,169,5,0.9100663642575816,0.023445463391422734
F,Random forest,recall,41,169,5,0.9144227683903985,0.022616570291292225
F,Random forest,recall,42,169,5,0.923089106527361,0.024242502894771856
F,Random forest,recall,43,169,5,0.925822616269808,0.02452639073036758
F,Random forest,recall,44,169,5,0.929515941589789,0.024652417108708788
F,Random forest,recall,45,169,5,0.9360180159688936,0.02374258236159531
F,Random forest,recall,46,169,5,0.9377751405564991,0.02368290146538524
F,Random forest,recall,47,169,5,0.9395452493766383,0.02401870859824101
F,Random forest,recall,48,169,5,0.9424562073209302,0.02342473252394644
F,Random forest,recall,49,169,5,0.9448496107816299,0.022843327766118134
F,Random forest,recall,50,169,5,0.9480816339008081,0.021599095398735405
F,Random forest,recall,51,169,5,0.9495403733202068,0.021341492483743906
F,Random forest,recall,52,169,5,0.9512078054814344,0.021032590001095704
F,Random forest,recall,53,169,5,0.9517100577336868,0.02079332447838465
F,Random forest,recall,54,169,5,0.9529869373170508,0.020685916302989223
F,Random forest,recall,55,169,5,0.9561984602063796,0.01908619364633555
F,Random forest,recall,56,169,5,0.9589243862387905,0.01706344919131865
F,Random forest,recall,57,169,5,0.9598036501613812,0.01685208235978577
F,Random forest,recall,58,169,5,0.9635163018887388,0.014867298916049576
F,Random forest,recall,59,169,5,0.9648608397038648,0.01394545476935901
F,Random forest,recall,60,169,5,0.9678095758331123,0.01200587600698659
F,Random forest,recall,61,169,5,0.9699944497826921,0.010818374377621665
F,Random forest,recall,62,169,5,0.9719748723865163,0.010166099465436606
F,Random forest,recall,63,169,5,0.9737143308627539,0.010264872336378454
F,Random forest,recall,64,169,5,0.9760081445487158,0.009756756553131416
F,Random forest,recall,65,169,5,0.97733249965227,0.009319892931085554
F,Random forest,recall,66,169,5,0.9794244444458278,0.007724856744051357
F,Random forest,recall,67,169,5,0.9813510325612533,0.006346299827002528
F,Random forest,recall,68,169,5,0.9818964751150061,0.00597999774393181
F,Random forest,recall,69,169,5,0.9824703703988247,0.005849272083376994
F,Random forest,recall,70,169,5,0.9825396224763869,0.0058636290164189465
F,Random forest,recall,71,169,5,0.9831367704264761,0.005514120508846898
F,Random forest,recall,72,169,5,0.9850099745196272,0.004972400606901165
F,Random forest,recall,73,169,5,0.9850792265971897,0.00498286784420234
F,Random forest,recall,74,169,5,0.9860313409105554,0.004803804001218673
F,Random forest,recall,75,169,5,0.9861005929881177,0.004813455143487948
F,Random forest,recall,76,169,5,0.9861005929881177,0.004813455143487948
F,Random forest,recall,77,169,5,0.9861005929881177,0.004813455143487948
F,Random forest,recall,78,169,5,0.9861698450656802,0.004824081223933729
F,Random forest,recall,79,169,5,0.9868138665767076,0.004748301175002424
F,Random forest,recall,80,169,5,0.9873886360101725,0.004685932282140166
F,Random forest,recall,81,169,5,0.988642792484276,0.004623461975578223
F,Random forest,recall,82,169,5,0.9887120445618385,0.004628904023077595
F,Random forest,recall,83,169,5,0.9894176602757645,0.004263991997663528
F,Random forest,recall,84,169,5,0.9894176602757645,0.004263991997663528
F,Random forest,recall,85,169,5,0.990641513719565,0.004231959160693952
F,Random forest,recall,86,169,5,0.9922778773559287,0.003656237759049526
F,Random forest,recall,87,169,5,0.9923471294334909,0.0036508254755681403
F,Random forest,recall,88,169,5,0.9923471294334909,0.0036508254755681403
F,Random forest,recall,89,169,5,0.9924163815110532,0.003646720506963557
F,Random forest,recall,90,169,5,0.9924163815110532,0.003646720506963557
F,Random forest,recall,91,169,5,0.9927497148443866,0.0036065151206084592
F,Random forest,recall,92,169,5,0.9928189669219488,0.003602088950261362
F,Random forest,recall,93,169,5,0.9928882189995111,0.003598990135649992
F,Random forest,recall,94,169,5,0.9929574710770736,0.0035972221071140847
F,Random forest,recall,95,169,5,0.9932908044104067,0.0035827341417722126
F,Random forest,recall,96,169,5,0.9932908044104067,0.0035827341417722126
F,Random forest,recall,97,169,5,0.9933600564879692,0.0035806857596822096
F,Random forest,recall,98,169,5,0.9934293085655315,0.0035799760877769904
F,Random forest,recall,99,169,5,0.9937626418988648,0.0035932358714859127
F,Random forest,recall,100,169,5,0.9937626418988648,0.0035932358714859127
F,Random forest,recall,101,169,5,0.9937626418988648,0.0035932358714859127
F,Random forest,recall,102,169,5,0.9937626418988648,0.0035932358714859127
F,Random forest,recall,103,169,5,0.9937626418988648,0.0035932358714859127
F,Random forest,recall,104,169,5,0.9937626418988648,0.0035932358714859127
F,Random forest,recall,105,169,5,0.9940959752321982,0.00363712544318084
F,Random forest,recall,106,169,5,0.9944985606430938,0.0037064976884023915
F,Random forest,recall,107,169,5,0.9944985606430938,0.0037064976884023915
F,Random forest,recall,108,169,5,0.9944985606430938,0.0037064976884023915
F,Random forest,recall,109,169,5,0.9945678127206561,0.003703727953805731
F,Random forest,recall,110,169,5,0.9946370647982186,0.003702251760478358
F,Random forest,recall,111,169,5,0.9947063168757808,0.0037020706558116385
F,Random forest,recall,112,169,5,0.9947755689533431,0.003703184829814943
F,Random forest,recall,113,169,5,0.9948448210309054,0.0037055931141201713
F,Random forest,recall,114,169,5,0.9952474064418011,0.0037999792482074045
F,Random forest,recall,115,169,5,0.9953166585193636,0.00380333092413873
F,Random forest,recall,116,169,5,0.9953166585193636,0.00380333092413873
F,Random forest,recall,117,169,5,0.9953166585193636,0.00380333092413873
F,Random forest,recall,118,169,5,0.9953859105969258,0.0038079392918882495
F,Random forest,recall,119,169,5,0.9953859105969258,0.0038079392918882495
F,Random forest,recall,120,169,5,0.9954551626744881,0.0038137997959248266
F,Random forest,recall,121,169,5,0.9955244147520504,0.0038209066746754576
F,Random forest,recall,122,169,5,0.9955936668296127,0.0038292529885417767
F,Random forest,recall,123,169,5,0.9956629189071752,0.003838830653262283
F,Random forest,recall,124,169,5,0.9957321709847374,0.0038496304782523675
F,Random forest,recall,125,169,5,0.9957321709847374,0.0038496304782523675
F,Random forest,recall,126,169,5,0.9958014230622997,0.0038616422095070374
F,Random forest,recall,127,169,5,0.995870675139862,0.0038748545766127285
F,Random forest,recall,128,169,5,0.9979007115311498,0.0019308211047535388
F,Random forest,recall,129,169,5,0.9979699636087123,0.0019446276716919742
F,Random forest,recall,130,169,5,0.9980392156862745,0.0019607843137255053
F,Random forest,recall,131,169,5,0.9980392156862745,0.0019607843137255053
F,Random forest,recall,132,169,5,0.9980392156862745,0.0019607843137255053
F,Random forest,recall,133,169,5,0.9980392156862745,0.0019607843137255053
F,Random forest,recall,134,169,5,0.9980392156862745,0.0019607843137255053
F,Random forest,recall,135,169,5,0.9980392156862745,0.0019607843137255053
F,Random forest,recall,136,169,5,0.9980392156862745,0.0019607843137255053
F,Random forest,recall,137,169,5,0.9980392156862745,0.0019607843137255053
F,Random forest,recall,138,169,5,0.9980392156862745,0.0019607843137255053
F,Random forest,recall,139,169,5,0.9980392156862745,0.0019607843137255053
F,Random forest,recall,140,169,5,0.9980392156862745,0.0019607843137255053
F,Random forest,recall,141,169,5,0.9980392156862745,0.0019607843137255053
F,Random forest,recall,142,169,5,1.0,0.0
F,Random forest,recall,143,169,5,1.0,0.0
F,Random forest,recall,144,169,5,1.0,0.0
F,Random forest,recall,145,169,5,1.0,0.0
F,Random forest,recall,146,169,5,1.0,0.0
F,Random forest,recall,147,169,5,1.0,0.0
F,Random forest,recall,148,169,5,1.0,0.0
F,Random forest,recall,149,169,5,1.0,0.0
F,Random forest,recall,150,169,5,1.0,0.0
Cl,UltraMS,hit_rate,5,150,5,0.9391774891774892,0.02528820402618355
Cl,UltraMS,hit_rate,6,150,5,0.9463203463203463,0.02291470843685776
Cl,UltraMS,hit_rate,7,150,5,0.9596536796536796,0.013108665435483776
Cl,UltraMS,hit_rate,8,150,5,0.9734632034632036,0.006689537426734167
Cl,UltraMS,hit_rate,9,150,5,0.9801298701298702,0.008157158376113518
Cl,UltraMS,hit_rate,10,150,5,0.9867965367965368,0.008130580074022915
Cl,UltraMS,hit_rate,11,150,5,0.9867965367965368,0.008130580074022915
Cl,UltraMS,hit_rate,12,150,5,0.9939393939393939,0.006060606060606055
Cl,UltraMS,hit_rate,13,150,5,0.9939393939393939,0.006060606060606055
Cl,UltraMS,hit_rate,14,150,5,1.0,0.0
Cl,UltraMS,hit_rate,15,150,5,1.0,0.0
Cl,UltraMS,hit_rate,16,150,5,1.0,0.0
Cl,UltraMS,hit_rate,17,150,5,1.0,0.0
Cl,UltraMS,hit_rate,18,150,5,1.0,0.0
Cl,UltraMS,hit_rate,19,150,5,1.0,0.0
Cl,UltraMS,hit_rate,20,150,5,1.0,0.0
Cl,UltraMS,hit_rate,21,150,5,1.0,0.0
Cl,UltraMS,hit_rate,22,150,5,1.0,0.0
Cl,UltraMS,hit_rate,23,150,5,1.0,0.0
Cl,UltraMS,hit_rate,24,150,5,1.0,0.0
Cl,UltraMS,hit_rate,25,150,5,1.0,0.0
Cl,UltraMS,hit_rate,26,150,5,1.0,0.0
Cl,UltraMS,hit_rate,27,150,5,1.0,0.0
Cl,UltraMS,hit_rate,28,150,5,1.0,0.0
Cl,UltraMS,hit_rate,29,150,5,1.0,0.0
Cl,UltraMS,hit_rate,30,150,5,1.0,0.0
Cl,UltraMS,hit_rate,31,150,5,1.0,0.0
Cl,UltraMS,hit_rate,32,150,5,1.0,0.0
Cl,UltraMS,hit_rate,33,150,5,1.0,0.0
Cl,UltraMS,hit_rate,34,150,5,1.0,0.0
Cl,UltraMS,hit_rate,35,150,5,1.0,0.0
Cl,UltraMS,hit_rate,36,150,5,1.0,0.0
Cl,UltraMS,hit_rate,37,150,5,1.0,0.0
Cl,UltraMS,hit_rate,38,150,5,1.0,0.0
Cl,UltraMS,hit_rate,39,150,5,1.0,0.0
Cl,UltraMS,hit_rate,40,150,5,1.0,0.0
Cl,UltraMS,hit_rate,41,150,5,1.0,0.0
Cl,UltraMS,hit_rate,42,150,5,1.0,0.0
Cl,UltraMS,hit_rate,43,150,5,1.0,0.0
Cl,UltraMS,hit_rate,44,150,5,1.0,0.0
Cl,UltraMS,hit_rate,45,150,5,1.0,0.0
Cl,UltraMS,hit_rate,46,150,5,1.0,0.0
Cl,UltraMS,hit_rate,47,150,5,1.0,0.0
Cl,UltraMS,hit_rate,48,150,5,1.0,0.0
Cl,UltraMS,hit_rate,49,150,5,1.0,0.0
Cl,UltraMS,hit_rate,50,150,5,1.0,0.0
Cl,UltraMS,hit_rate,51,150,5,1.0,0.0
Cl,UltraMS,hit_rate,52,150,5,1.0,0.0
Cl,UltraMS,hit_rate,53,150,5,1.0,0.0
Cl,UltraMS,hit_rate,54,150,5,1.0,0.0
Cl,UltraMS,hit_rate,55,150,5,1.0,0.0
Cl,UltraMS,hit_rate,56,150,5,1.0,0.0
Cl,UltraMS,hit_rate,57,150,5,1.0,0.0
Cl,UltraMS,hit_rate,58,150,5,1.0,0.0
Cl,UltraMS,hit_rate,59,150,5,1.0,0.0
Cl,UltraMS,hit_rate,60,150,5,1.0,0.0
Cl,UltraMS,hit_rate,61,150,5,1.0,0.0
Cl,UltraMS,hit_rate,62,150,5,1.0,0.0
Cl,UltraMS,hit_rate,63,150,5,1.0,0.0
Cl,UltraMS,hit_rate,64,150,5,1.0,0.0
Cl,UltraMS,hit_rate,65,150,5,1.0,0.0
Cl,UltraMS,hit_rate,66,150,5,1.0,0.0
Cl,UltraMS,hit_rate,67,150,5,1.0,0.0
Cl,UltraMS,hit_rate,68,150,5,1.0,0.0
Cl,UltraMS,hit_rate,69,150,5,1.0,0.0
Cl,UltraMS,hit_rate,70,150,5,1.0,0.0
Cl,UltraMS,hit_rate,71,150,5,1.0,0.0
Cl,UltraMS,hit_rate,72,150,5,1.0,0.0
Cl,UltraMS,hit_rate,73,150,5,1.0,0.0
Cl,UltraMS,hit_rate,74,150,5,1.0,0.0
Cl,UltraMS,hit_rate,75,150,5,1.0,0.0
Cl,UltraMS,hit_rate,76,150,5,1.0,0.0
Cl,UltraMS,hit_rate,77,150,5,1.0,0.0
Cl,UltraMS,hit_rate,78,150,5,1.0,0.0
Cl,UltraMS,hit_rate,79,150,5,1.0,0.0
Cl,UltraMS,hit_rate,80,150,5,1.0,0.0
Cl,UltraMS,hit_rate,81,150,5,1.0,0.0
Cl,UltraMS,hit_rate,82,150,5,1.0,0.0
Cl,UltraMS,hit_rate,83,150,5,1.0,0.0
Cl,UltraMS,hit_rate,84,150,5,1.0,0.0
Cl,UltraMS,hit_rate,85,150,5,1.0,0.0
Cl,UltraMS,hit_rate,86,150,5,1.0,0.0
Cl,UltraMS,hit_rate,87,150,5,1.0,0.0
Cl,UltraMS,hit_rate,88,150,5,1.0,0.0
Cl,UltraMS,hit_rate,89,150,5,1.0,0.0
Cl,UltraMS,hit_rate,90,150,5,1.0,0.0
Cl,UltraMS,hit_rate,91,150,5,1.0,0.0
Cl,UltraMS,hit_rate,92,150,5,1.0,0.0
Cl,UltraMS,hit_rate,93,150,5,1.0,0.0
Cl,UltraMS,hit_rate,94,150,5,1.0,0.0
Cl,UltraMS,hit_rate,95,150,5,1.0,0.0
Cl,UltraMS,hit_rate,96,150,5,1.0,0.0
Cl,UltraMS,hit_rate,97,150,5,1.0,0.0
Cl,UltraMS,hit_rate,98,150,5,1.0,0.0
Cl,UltraMS,hit_rate,99,150,5,1.0,0.0
Cl,UltraMS,hit_rate,100,150,5,1.0,0.0
Cl,UltraMS,hit_rate,101,150,5,1.0,0.0
Cl,UltraMS,hit_rate,102,150,5,1.0,0.0
Cl,UltraMS,hit_rate,103,150,5,1.0,0.0
Cl,UltraMS,hit_rate,104,150,5,1.0,0.0
Cl,UltraMS,hit_rate,105,150,5,1.0,0.0
Cl,UltraMS,hit_rate,106,150,5,1.0,0.0
Cl,UltraMS,hit_rate,107,150,5,1.0,0.0
Cl,UltraMS,hit_rate,108,150,5,1.0,0.0
Cl,UltraMS,hit_rate,109,150,5,1.0,0.0
Cl,UltraMS,hit_rate,110,150,5,1.0,0.0
Cl,UltraMS,hit_rate,111,150,5,1.0,0.0
Cl,UltraMS,hit_rate,112,150,5,1.0,0.0
Cl,UltraMS,hit_rate,113,150,5,1.0,0.0
Cl,UltraMS,hit_rate,114,150,5,1.0,0.0
Cl,UltraMS,hit_rate,115,150,5,1.0,0.0
Cl,UltraMS,hit_rate,116,150,5,1.0,0.0
Cl,UltraMS,hit_rate,117,150,5,1.0,0.0
Cl,UltraMS,hit_rate,118,150,5,1.0,0.0
Cl,UltraMS,hit_rate,119,150,5,1.0,0.0
Cl,UltraMS,hit_rate,120,150,5,1.0,0.0
Cl,UltraMS,hit_rate,121,150,5,1.0,0.0
Cl,UltraMS,hit_rate,122,150,5,1.0,0.0
Cl,UltraMS,hit_rate,123,150,5,1.0,0.0
Cl,UltraMS,hit_rate,124,150,5,1.0,0.0
Cl,UltraMS,hit_rate,125,150,5,1.0,0.0
Cl,UltraMS,hit_rate,126,150,5,1.0,0.0
Cl,UltraMS,hit_rate,127,150,5,1.0,0.0
Cl,UltraMS,hit_rate,128,150,5,1.0,0.0
Cl,UltraMS,hit_rate,129,150,5,1.0,0.0
Cl,UltraMS,hit_rate,130,150,5,1.0,0.0
Cl,UltraMS,hit_rate,131,150,5,1.0,0.0
Cl,UltraMS,hit_rate,132,150,5,1.0,0.0
Cl,UltraMS,hit_rate,133,150,5,1.0,0.0
Cl,UltraMS,hit_rate,134,150,5,1.0,0.0
Cl,UltraMS,hit_rate,135,150,5,1.0,0.0
Cl,UltraMS,hit_rate,136,150,5,1.0,0.0
Cl,UltraMS,hit_rate,137,150,5,1.0,0.0
Cl,UltraMS,hit_rate,138,150,5,1.0,0.0
Cl,UltraMS,hit_rate,139,150,5,1.0,0.0
Cl,UltraMS,hit_rate,140,150,5,1.0,0.0
Cl,UltraMS,hit_rate,141,150,5,1.0,0.0
Cl,UltraMS,hit_rate,142,150,5,1.0,0.0
Cl,UltraMS,hit_rate,143,150,5,1.0,0.0
Cl,UltraMS,hit_rate,144,150,5,1.0,0.0
Cl,UltraMS,hit_rate,145,150,5,1.0,0.0
Cl,UltraMS,hit_rate,146,150,5,1.0,0.0
Cl,UltraMS,hit_rate,147,150,5,1.0,0.0
Cl,UltraMS,hit_rate,148,150,5,1.0,0.0
Cl,UltraMS,hit_rate,149,150,5,1.0,0.0
Cl,UltraMS,hit_rate,150,150,5,1.0,0.0
Cl,UltraMS,recall,5,150,5,0.493820420432541,0.020937322281912182
Cl,UltraMS,recall,6,150,5,0.5324913374455251,0.0191221402803006
Cl,UltraMS,recall,7,150,5,0.575526091743569,0.02157500715933466
Cl,UltraMS,recall,8,150,5,0.6349033116643726,0.01913552665793119
Cl,UltraMS,recall,9,150,5,0.6804154078010962,0.01439920901730388
Cl,UltraMS,recall,10,150,5,0.7102370163609719,0.013928823539848884
Cl,UltraMS,recall,11,150,5,0.7330654563234121,0.015526240195725132
Cl,UltraMS,recall,12,150,5,0.7612803512034384,0.01014612893975471
Cl,UltraMS,recall,13,150,5,0.7746754694782828,0.008404397970665757
Cl,UltraMS,recall,14,150,5,0.7949729594467467,0.01106197406899242
Cl,UltraMS,recall,15,150,5,0.8128737468370548,0.01134162620444048
Cl,UltraMS,recall,16,150,5,0.8270954504144428,0.010626317618511353
Cl,UltraMS,recall,17,150,5,0.8401143810663534,0.009186796290239229
Cl,UltraMS,recall,18,150,5,0.8518182852465127,0.00814784500858126
Cl,UltraMS,recall,19,150,5,0.8597951884009655,0.008464432615644259
Cl,UltraMS,recall,20,150,5,0.8662939434280299,0.00998298060660647
Cl,UltraMS,recall,21,150,5,0.8757265097781541,0.009360731267417547
Cl,UltraMS,recall,22,150,5,0.8853475721681239,0.007719036472997713
Cl,UltraMS,recall,23,150,5,0.8944744286703171,0.007946449330319003
Cl,UltraMS,recall,24,150,5,0.9012670099467893,0.007430158898571337
Cl,UltraMS,recall,25,150,5,0.9065871950501074,0.007570348639806503
Cl,UltraMS,recall,26,150,5,0.9126346944083892,0.007322477116173865
Cl,UltraMS,recall,27,150,5,0.9176396036690939,0.007252011109599085
Cl,UltraMS,recall,28,150,5,0.9230364894753521,0.007624155702301152
Cl,UltraMS,recall,29,150,5,0.9253561564748833,0.008027238049716097
Cl,UltraMS,recall,30,150,5,0.9275524113298326,0.00792081494742141
Cl,UltraMS,recall,31,150,5,0.9332558059226796,0.008869019300685597
Cl,UltraMS,recall,32,150,5,0.9355869732183265,0.008281153859650095
Cl,UltraMS,recall,33,150,5,0.938304002265,0.007964045334252766
Cl,UltraMS,recall,34,150,5,0.9406405195721705,0.007543257902132476
Cl,UltraMS,recall,35,150,5,0.944293936454861,0.007167895257586767
Cl,UltraMS,recall,36,150,5,0.9459248381665647,0.006429558262795876
Cl,UltraMS,recall,37,150,5,0.9492382893407786,0.005592219405352313
Cl,UltraMS,recall,38,150,5,0.9527509257753752,0.0041710939737425535
Cl,UltraMS,recall,39,150,5,0.9541579431606534,0.0034870449878434376
Cl,UltraMS,recall,40,150,5,0.9558222866411812,0.0036177655217825137
Cl,UltraMS,recall,41,150,5,0.9582570464053631,0.003090819140699827
Cl,UltraMS,recall,42,150,5,0.9600457660776216,0.0029067446561247493
Cl,UltraMS,recall,43,150,5,0.9623532275348964,0.002605546928721568
Cl,UltraMS,recall,44,150,5,0.9636605098375235,0.002482561043808131
Cl,UltraMS,recall,45,150,5,0.9641168414384869,0.0021597292034324007
Cl,UltraMS,recall,46,150,5,0.9674828893120416,0.003327279780785469
Cl,UltraMS,recall,47,150,5,0.9682797436321342,0.003315183166403419
Cl,UltraMS,recall,48,150,5,0.969576999946344,0.0029838471817872875
Cl,UltraMS,recall,49,150,5,0.9705487803430503,0.0027593560026833138
Cl,UltraMS,recall,50,150,5,0.9716181066837409,0.0023319682925886666
Cl,UltraMS,recall,51,150,5,0.9723169040032278,0.0023993862833524417
Cl,UltraMS,recall,52,150,5,0.9736785042499779,0.002086063395052685
Cl,UltraMS,recall,53,150,5,0.9746464042425697,0.0018914999092120375
Cl,UltraMS,recall,54,150,5,0.9756592165191383,0.0016867028374427304
Cl,UltraMS,recall,55,150,5,0.9778274621752784,0.0023875279257593337
Cl,UltraMS,recall,56,150,5,0.9782883901362064,0.0022855518885066574
Cl,UltraMS,recall,57,150,5,0.9802054383415555,0.002131456296304178
Cl,UltraMS,recall,58,150,5,0.980795315367603,0.0021012033686742143
Cl,UltraMS,recall,59,150,5,0.9816562789396913,0.00228791719253854
Cl,UltraMS,recall,60,150,5,0.9820919066069072,0.0022617089776219026
Cl,UltraMS,recall,61,150,5,0.9827870862494553,0.002208496602640293
Cl,UltraMS,recall,62,150,5,0.9842042190629362,0.001698821160048948
Cl,UltraMS,recall,63,150,5,0.9854343777930948,0.0014829687024805452
Cl,UltraMS,recall,64,150,5,0.9858531819306778,0.0015814287704316492
Cl,UltraMS,recall,65,150,5,0.9865200604532944,0.0016254424756546298
Cl,UltraMS,recall,66,150,5,0.9868321597015639,0.0015293152688438756
Cl,UltraMS,recall,67,150,5,0.9873342891510617,0.0015829982382847719
Cl,UltraMS,recall,68,150,5,0.987463238216181,0.0016775302517193324
Cl,UltraMS,recall,69,150,5,0.9875921872813003,0.001776397419285642
Cl,UltraMS,recall,70,150,5,0.9880531152422284,0.0017247699580842392
Cl,UltraMS,recall,71,150,5,0.98851098708525,0.0016230721593289328
Cl,UltraMS,recall,72,150,5,0.9889157982193346,0.001709440663975355
Cl,UltraMS,recall,73,150,5,0.989997128236835,0.0016173492696800315
Cl,UltraMS,recall,74,150,5,0.9904206786093649,0.001547400995897971
Cl,UltraMS,recall,75,150,5,0.990796618458989,0.0012860810998754889
Cl,UltraMS,recall,76,150,5,0.9914621311836763,0.0012045751844516463
Cl,UltraMS,recall,77,150,5,0.9914621311836763,0.0012045751844516463
Cl,UltraMS,recall,78,150,5,0.9914621311836763,0.0012045751844516463
Cl,UltraMS,recall,79,150,5,0.9917379932526418,0.0011581373542336219
Cl,UltraMS,recall,80,150,5,0.9921615436251716,0.001178424093810271
Cl,UltraMS,recall,81,150,5,0.9925537004879168,0.0014276401509325247
Cl,UltraMS,recall,82,150,5,0.9929293581401403,0.0013113327113573358
Cl,UltraMS,recall,83,150,5,0.9929293581401403,0.0013113327113573358
Cl,UltraMS,recall,84,150,5,0.9929293581401403,0.0013113327113573358
Cl,UltraMS,recall,85,150,5,0.9938817390925212,0.0012076621548523056
Cl,UltraMS,recall,86,150,5,0.9941116241499925,0.0011700381043812191
Cl,UltraMS,recall,87,150,5,0.9948951490542071,0.0013797605894119757
Cl,UltraMS,recall,88,150,5,0.9948951490542071,0.0013797605894119757
Cl,UltraMS,recall,89,150,5,0.9948951490542071,0.0013797605894119757
Cl,UltraMS,recall,90,150,5,0.9950409216489593,0.0012463245521305713
Cl,UltraMS,recall,91,150,5,0.9950409216489593,0.0012463245521305713
Cl,UltraMS,recall,92,150,5,0.9957496841508252,0.0013937002724633536
Cl,UltraMS,recall,93,150,5,0.9958954567455773,0.0012581042400751268
Cl,UltraMS,recall,94,150,5,0.9969936102927106,0.0013380344072397223
Cl,UltraMS,recall,95,150,5,0.9976156522129269,0.0014960754394821
Cl,UltraMS,recall,96,150,5,0.9976156522129269,0.0014960754394821
Cl,UltraMS,recall,97,150,5,0.9976156522129269,0.0014960754394821
Cl,UltraMS,recall,98,150,5,0.9979913098651503,0.0014237096184913595
Cl,UltraMS,recall,99,150,5,0.9979913098651503,0.0014237096184913595
Cl,UltraMS,recall,100,150,5,0.9981370824599025,0.0012897144952085458
Cl,UltraMS,recall,101,150,5,0.9981370824599025,0.0012897144952085458
Cl,UltraMS,recall,102,150,5,0.9981370824599025,0.0012897144952085458
Cl,UltraMS,recall,103,150,5,0.9981370824599025,0.0012897144952085458
Cl,UltraMS,recall,104,150,5,0.9982828550546546,0.0011585668643970572
Cl,UltraMS,recall,105,150,5,0.9982828550546546,0.0011585668643970572
Cl,UltraMS,recall,106,150,5,0.9982828550546546,0.0011585668643970572
Cl,UltraMS,recall,107,150,5,0.998428627649407,0.0010313535660326175
Cl,UltraMS,recall,108,150,5,0.998428627649407,0.0010313535660326175
Cl,UltraMS,recall,109,150,5,0.998428627649407,0.0010313535660326175
Cl,UltraMS,recall,110,150,5,0.998574400244159,0.0009097265939935862
Cl,UltraMS,recall,111,150,5,0.998574400244159,0.0009097265939935862
Cl,UltraMS,recall,112,150,5,0.998574400244159,0.0009097265939935862
Cl,UltraMS,recall,113,150,5,0.998574400244159,0.0009097265939935862
Cl,UltraMS,recall,114,150,5,0.998574400244159,0.0009097265939935862
Cl,UltraMS,recall,115,150,5,0.998574400244159,0.0009097265939935862
Cl,UltraMS,recall,116,150,5,0.998574400244159,0.0009097265939935862
Cl,UltraMS,recall,117,150,5,0.998574400244159,0.0009097265939935862
Cl,UltraMS,recall,118,150,5,0.998574400244159,0.0009097265939935862
Cl,UltraMS,recall,119,150,5,0.998574400244159,0.0009097265939935862
Cl,UltraMS,recall,120,150,5,0.998574400244159,0.0009097265939935862
Cl,UltraMS,recall,121,150,5,0.9987201728389111,0.000796250006110945
Cl,UltraMS,recall,122,150,5,0.9988659454336635,0.0006949280303785145
Cl,UltraMS,recall,123,150,5,0.9988659454336635,0.0006949280303785145
Cl,UltraMS,recall,124,150,5,0.9990117180284155,0.0006118293563906659
Cl,UltraMS,recall,125,150,5,0.9990117180284155,0.0006118293563906659
Cl,UltraMS,recall,126,150,5,0.9990117180284155,0.0006118293563906659
Cl,UltraMS,recall,127,150,5,0.9991574906231678,0.0005551978512554346
Cl,UltraMS,recall,128,150,5,0.9991574906231678,0.0005551978512554346
Cl,UltraMS,recall,129,150,5,0.9991574906231678,0.0005551978512554346
Cl,UltraMS,recall,130,150,5,0.9991574906231678,0.0005551978512554346
Cl,UltraMS,recall,131,150,5,0.9991574906231678,0.0005551978512554346
Cl,UltraMS,recall,132,150,5,0.99930326321792,0.0005335292358413421
Cl,UltraMS,recall,133,150,5,0.99930326321792,0.0005335292358413421
Cl,UltraMS,recall,134,150,5,0.9998542274052479,0.0001457725947521693
Cl,UltraMS,recall,135,150,5,0.9998542274052479,0.0001457725947521693
Cl,UltraMS,recall,136,150,5,0.9998542274052479,0.0001457725947521693
Cl,UltraMS,recall,137,150,5,0.9998542274052479,0.0001457725947521693
Cl,UltraMS,recall,138,150,5,0.9998542274052479,0.0001457725947521693
Cl,UltraMS,recall,139,150,5,0.9998542274052479,0.0001457725947521693
Cl,UltraMS,recall,140,150,5,0.9998542274052479,0.0001457725947521693
Cl,UltraMS,recall,141,150,5,0.9998542274052479,0.0001457725947521693
Cl,UltraMS,recall,142,150,5,0.9998542274052479,0.0001457725947521693
Cl,UltraMS,recall,143,150,5,0.9998542274052479,0.0001457725947521693
Cl,UltraMS,recall,144,150,5,0.9998542274052479,0.0001457725947521693
Cl,UltraMS,recall,145,150,5,0.9998542274052479,0.0001457725947521693
Cl,UltraMS,recall,146,150,5,0.9998542274052479,0.0001457725947521693
Cl,UltraMS,recall,147,150,5,0.9998542274052479,0.0001457725947521693
Cl,UltraMS,recall,148,150,5,0.9998542274052479,0.0001457725947521693
Cl,UltraMS,recall,149,150,5,1.0,0.0
Cl,UltraMS,recall,150,150,5,1.0,0.0
Cl,DreaMS,hit_rate,5,150,5,0.6392133154202121,0.03960472802485829
Cl,DreaMS,hit_rate,6,150,5,0.6914345424690251,0.0410693612643415
Cl,DreaMS,hit_rate,7,150,5,0.725227645917301,0.04259952387932368
Cl,DreaMS,hit_rate,8,150,5,0.759267054784296,0.03896321181011328
Cl,DreaMS,hit_rate,9,150,5,0.8259038662486938,0.03231716803302007
Cl,DreaMS,hit_rate,10,150,5,0.8473324376772652,0.02627408063732027
Cl,DreaMS,hit_rate,11,150,5,0.874099119271533,0.028181243535664723
Cl,DreaMS,hit_rate,12,150,5,0.9014718614718615,0.028992244041746548
Cl,DreaMS,hit_rate,13,150,5,0.9148051948051948,0.023750181853979813
Cl,DreaMS,hit_rate,14,150,5,0.9424242424242424,0.025061906821982217
Cl,DreaMS,hit_rate,15,150,5,0.9424242424242424,0.025061906821982217
Cl,DreaMS,hit_rate,16,150,5,0.949090909090909,0.025342466093400087
Cl,DreaMS,hit_rate,17,150,5,0.9618181818181817,0.02342563404859114
Cl,DreaMS,hit_rate,18,150,5,0.9745454545454546,0.015617089365727414
Cl,DreaMS,hit_rate,19,150,5,0.9745454545454546,0.015617089365727414
Cl,DreaMS,hit_rate,20,150,5,0.9745454545454546,0.015617089365727414
Cl,DreaMS,hit_rate,21,150,5,0.9745454545454546,0.015617089365727414
Cl,DreaMS,hit_rate,22,150,5,0.9745454545454546,0.015617089365727414
Cl,DreaMS,hit_rate,23,150,5,0.9812121212121212,0.012286748444068652
Cl,DreaMS,hit_rate,24,150,5,0.9812121212121212,0.012286748444068652
Cl,DreaMS,hit_rate,25,150,5,0.9812121212121212,0.012286748444068652
Cl,DreaMS,hit_rate,26,150,5,0.9812121212121212,0.012286748444068652
Cl,DreaMS,hit_rate,27,150,5,0.9812121212121212,0.012286748444068652
Cl,DreaMS,hit_rate,28,150,5,0.9812121212121212,0.012286748444068652
Cl,DreaMS,hit_rate,29,150,5,0.9812121212121212,0.012286748444068652
Cl,DreaMS,hit_rate,30,150,5,0.9812121212121212,0.012286748444068652
Cl,DreaMS,hit_rate,31,150,5,0.9812121212121212,0.012286748444068652
Cl,DreaMS,hit_rate,32,150,5,0.9812121212121212,0.012286748444068652
Cl,DreaMS,hit_rate,33,150,5,0.9812121212121212,0.012286748444068652
Cl,DreaMS,hit_rate,34,150,5,0.9812121212121212,0.012286748444068652
Cl,DreaMS,hit_rate,35,150,5,0.9872727272727273,0.007808544682863707
Cl,DreaMS,hit_rate,36,150,5,0.9939393939393939,0.006060606060606055
Cl,DreaMS,hit_rate,37,150,5,0.9939393939393939,0.006060606060606055
Cl,DreaMS,hit_rate,38,150,5,0.9939393939393939,0.006060606060606055
Cl,DreaMS,hit_rate,39,150,5,0.9939393939393939,0.006060606060606055
Cl,DreaMS,hit_rate,40,150,5,0.9939393939393939,0.006060606060606055
Cl,DreaMS,hit_rate,41,150,5,0.9939393939393939,0.006060606060606055
Cl,DreaMS,hit_rate,42,150,5,0.9939393939393939,0.006060606060606055
Cl,DreaMS,hit_rate,43,150,5,0.9939393939393939,0.006060606060606055
Cl,DreaMS,hit_rate,44,150,5,0.9939393939393939,0.006060606060606055
Cl,DreaMS,hit_rate,45,150,5,0.9939393939393939,0.006060606060606055
Cl,DreaMS,hit_rate,46,150,5,0.9939393939393939,0.006060606060606055
Cl,DreaMS,hit_rate,47,150,5,0.9939393939393939,0.006060606060606055
Cl,DreaMS,hit_rate,48,150,5,0.9939393939393939,0.006060606060606055
Cl,DreaMS,hit_rate,49,150,5,1.0,0.0
Cl,DreaMS,hit_rate,50,150,5,1.0,0.0
Cl,DreaMS,hit_rate,51,150,5,1.0,0.0
Cl,DreaMS,hit_rate,52,150,5,1.0,0.0
Cl,DreaMS,hit_rate,53,150,5,1.0,0.0
Cl,DreaMS,hit_rate,54,150,5,1.0,0.0
Cl,DreaMS,hit_rate,55,150,5,1.0,0.0
Cl,DreaMS,hit_rate,56,150,5,1.0,0.0
Cl,DreaMS,hit_rate,57,150,5,1.0,0.0
Cl,DreaMS,hit_rate,58,150,5,1.0,0.0
Cl,DreaMS,hit_rate,59,150,5,1.0,0.0
Cl,DreaMS,hit_rate,60,150,5,1.0,0.0
Cl,DreaMS,hit_rate,61,150,5,1.0,0.0
Cl,DreaMS,hit_rate,62,150,5,1.0,0.0
Cl,DreaMS,hit_rate,63,150,5,1.0,0.0
Cl,DreaMS,hit_rate,64,150,5,1.0,0.0
Cl,DreaMS,hit_rate,65,150,5,1.0,0.0
Cl,DreaMS,hit_rate,66,150,5,1.0,0.0
Cl,DreaMS,hit_rate,67,150,5,1.0,0.0
Cl,DreaMS,hit_rate,68,150,5,1.0,0.0
Cl,DreaMS,hit_rate,69,150,5,1.0,0.0
Cl,DreaMS,hit_rate,70,150,5,1.0,0.0
Cl,DreaMS,hit_rate,71,150,5,1.0,0.0
Cl,DreaMS,hit_rate,72,150,5,1.0,0.0
Cl,DreaMS,hit_rate,73,150,5,1.0,0.0
Cl,DreaMS,hit_rate,74,150,5,1.0,0.0
Cl,DreaMS,hit_rate,75,150,5,1.0,0.0
Cl,DreaMS,hit_rate,76,150,5,1.0,0.0
Cl,DreaMS,hit_rate,77,150,5,1.0,0.0
Cl,DreaMS,hit_rate,78,150,5,1.0,0.0
Cl,DreaMS,hit_rate,79,150,5,1.0,0.0
Cl,DreaMS,hit_rate,80,150,5,1.0,0.0
Cl,DreaMS,hit_rate,81,150,5,1.0,0.0
Cl,DreaMS,hit_rate,82,150,5,1.0,0.0
Cl,DreaMS,hit_rate,83,150,5,1.0,0.0
Cl,DreaMS,hit_rate,84,150,5,1.0,0.0
Cl,DreaMS,hit_rate,85,150,5,1.0,0.0
Cl,DreaMS,hit_rate,86,150,5,1.0,0.0
Cl,DreaMS,hit_rate,87,150,5,1.0,0.0
Cl,DreaMS,hit_rate,88,150,5,1.0,0.0
Cl,DreaMS,hit_rate,89,150,5,1.0,0.0
Cl,DreaMS,hit_rate,90,150,5,1.0,0.0
Cl,DreaMS,hit_rate,91,150,5,1.0,0.0
Cl,DreaMS,hit_rate,92,150,5,1.0,0.0
Cl,DreaMS,hit_rate,93,150,5,1.0,0.0
Cl,DreaMS,hit_rate,94,150,5,1.0,0.0
Cl,DreaMS,hit_rate,95,150,5,1.0,0.0
Cl,DreaMS,hit_rate,96,150,5,1.0,0.0
Cl,DreaMS,hit_rate,97,150,5,1.0,0.0
Cl,DreaMS,hit_rate,98,150,5,1.0,0.0
Cl,DreaMS,hit_rate,99,150,5,1.0,0.0
Cl,DreaMS,hit_rate,100,150,5,1.0,0.0
Cl,DreaMS,hit_rate,101,150,5,1.0,0.0
Cl,DreaMS,hit_rate,102,150,5,1.0,0.0
Cl,DreaMS,hit_rate,103,150,5,1.0,0.0
Cl,DreaMS,hit_rate,104,150,5,1.0,0.0
Cl,DreaMS,hit_rate,105,150,5,1.0,0.0
Cl,DreaMS,hit_rate,106,150,5,1.0,0.0
Cl,DreaMS,hit_rate,107,150,5,1.0,0.0
Cl,DreaMS,hit_rate,108,150,5,1.0,0.0
Cl,DreaMS,hit_rate,109,150,5,1.0,0.0
Cl,DreaMS,hit_rate,110,150,5,1.0,0.0
Cl,DreaMS,hit_rate,111,150,5,1.0,0.0
Cl,DreaMS,hit_rate,112,150,5,1.0,0.0
Cl,DreaMS,hit_rate,113,150,5,1.0,0.0
Cl,DreaMS,hit_rate,114,150,5,1.0,0.0
Cl,DreaMS,hit_rate,115,150,5,1.0,0.0
Cl,DreaMS,hit_rate,116,150,5,1.0,0.0
Cl,DreaMS,hit_rate,117,150,5,1.0,0.0
Cl,DreaMS,hit_rate,118,150,5,1.0,0.0
Cl,DreaMS,hit_rate,119,150,5,1.0,0.0
Cl,DreaMS,hit_rate,120,150,5,1.0,0.0
Cl,DreaMS,hit_rate,121,150,5,1.0,0.0
Cl,DreaMS,hit_rate,122,150,5,1.0,0.0
Cl,DreaMS,hit_rate,123,150,5,1.0,0.0
Cl,DreaMS,hit_rate,124,150,5,1.0,0.0
Cl,DreaMS,hit_rate,125,150,5,1.0,0.0
Cl,DreaMS,hit_rate,126,150,5,1.0,0.0
Cl,DreaMS,hit_rate,127,150,5,1.0,0.0
Cl,DreaMS,hit_rate,128,150,5,1.0,0.0
Cl,DreaMS,hit_rate,129,150,5,1.0,0.0
Cl,DreaMS,hit_rate,130,150,5,1.0,0.0
Cl,DreaMS,hit_rate,131,150,5,1.0,0.0
Cl,DreaMS,hit_rate,132,150,5,1.0,0.0
Cl,DreaMS,hit_rate,133,150,5,1.0,0.0
Cl,DreaMS,hit_rate,134,150,5,1.0,0.0
Cl,DreaMS,hit_rate,135,150,5,1.0,0.0
Cl,DreaMS,hit_rate,136,150,5,1.0,0.0
Cl,DreaMS,hit_rate,137,150,5,1.0,0.0
Cl,DreaMS,hit_rate,138,150,5,1.0,0.0
Cl,DreaMS,hit_rate,139,150,5,1.0,0.0
Cl,DreaMS,hit_rate,140,150,5,1.0,0.0
Cl,DreaMS,hit_rate,141,150,5,1.0,0.0
Cl,DreaMS,hit_rate,142,150,5,1.0,0.0
Cl,DreaMS,hit_rate,143,150,5,1.0,0.0
Cl,DreaMS,hit_rate,144,150,5,1.0,0.0
Cl,DreaMS,hit_rate,145,150,5,1.0,0.0
Cl,DreaMS,hit_rate,146,150,5,1.0,0.0
Cl,DreaMS,hit_rate,147,150,5,1.0,0.0
Cl,DreaMS,hit_rate,148,150,5,1.0,0.0
Cl,DreaMS,hit_rate,149,150,5,1.0,0.0
Cl,DreaMS,hit_rate,150,150,5,1.0,0.0
Cl,DreaMS,recall,5,150,5,0.2568482355143107,0.009389642312790611
Cl,DreaMS,recall,6,150,5,0.31024543136167726,0.01069762705647522
Cl,DreaMS,recall,7,150,5,0.33933097264925705,0.008702255980157964
Cl,DreaMS,recall,8,150,5,0.3683060909337593,0.012416509000187865
Cl,DreaMS,recall,9,150,5,0.4163264314031001,0.015983219656174646
Cl,DreaMS,recall,10,150,5,0.4451088962567503,0.012766117400529662
Cl,DreaMS,recall,11,150,5,0.47758175872034025,0.013007476976799779
Cl,DreaMS,recall,12,150,5,0.513751400403185,0.015992637939497043
Cl,DreaMS,recall,13,150,5,0.5496263730123574,0.012284009858943712
Cl,DreaMS,recall,14,150,5,0.5713376707697722,0.012572406369704262
Cl,DreaMS,recall,15,150,5,0.5863058531601408,0.013574360229677934
Cl,DreaMS,recall,16,150,5,0.608364603526954,0.00905230069784922
Cl,DreaMS,recall,17,150,5,0.6261570111914925,0.007868453254714448
Cl,DreaMS,recall,18,150,5,0.6465822148860936,0.009869146979349295
Cl,DreaMS,recall,19,150,5,0.6652520307440613,0.010745843323014348
Cl,DreaMS,recall,20,150,5,0.6801037235639313,0.010846899469095844
Cl,DreaMS,recall,21,150,5,0.6936825604220627,0.009928129253123275
Cl,DreaMS,recall,22,150,5,0.7135876582747843,0.009302872024316042
Cl,DreaMS,recall,23,150,5,0.7349399499420681,0.00487203003984493
Cl,DreaMS,recall,24,150,5,0.7441462191298486,0.004192589969172863
Cl,DreaMS,recall,25,150,5,0.7613501053211635,0.008927353406094933
Cl,DreaMS,recall,26,150,5,0.7722692222016607,0.01221152809777469
Cl,DreaMS,recall,27,150,5,0.7811889684771842,0.012823116403294109
Cl,DreaMS,recall,28,150,5,0.7933277328860953,0.01433852974548253
Cl,DreaMS,recall,29,150,5,0.8018072859264327,0.01233483807217618
Cl,DreaMS,recall,30,150,5,0.8103401932310652,0.013767642936120884
Cl,DreaMS,recall,31,150,5,0.8142986508559048,0.013427874851732639
Cl,DreaMS,recall,32,150,5,0.8214818216695325,0.014495911004371208
Cl,DreaMS,recall,33,150,5,0.8284516043683444,0.015439679407309342
Cl,DreaMS,recall,34,150,5,0.8356182396668022,0.018372814877288958
Cl,DreaMS,recall,35,150,5,0.8411177739598937,0.018579830846210572
Cl,DreaMS,recall,36,150,5,0.848727830176364,0.01619033064297865
Cl,DreaMS,recall,37,150,5,0.8528226688490019,0.015895619058125313
Cl,DreaMS,recall,38,150,5,0.8590598142092842,0.015674008213947776
Cl,DreaMS,recall,39,150,5,0.862931620833538,0.015469425988271166
Cl,DreaMS,recall,40,150,5,0.8673613665847615,0.015022757148091039
Cl,DreaMS,recall,41,150,5,0.8719136450335917,0.014676929796537112
Cl,DreaMS,recall,42,150,5,0.8785440379484672,0.0141141428528171
Cl,DreaMS,recall,43,150,5,0.8837390893438528,0.01462166690003115
Cl,DreaMS,recall,44,150,5,0.8865159169210435,0.014174839683791742
Cl,DreaMS,recall,45,150,5,0.8896134810663469,0.014440462144987306
Cl,DreaMS,recall,46,150,5,0.8946739784021238,0.013462327822741604
Cl,DreaMS,recall,47,150,5,0.900957177265421,0.015432094282329343
Cl,DreaMS,recall,48,150,5,0.9032729227015681,0.015468353672690338
Cl,DreaMS,recall,49,150,5,0.9081550712859133,0.015709230570027967
Cl,DreaMS,recall,50,150,5,0.9135438830851529,0.016266999018862242
Cl,DreaMS,recall,51,150,5,0.9165781055144834,0.01580816659583908
Cl,DreaMS,recall,52,150,5,0.9199448051465502,0.01460889763936738
Cl,DreaMS,recall,53,150,5,0.9232279514976245,0.014870692724223783
Cl,DreaMS,recall,54,150,5,0.9258009697369479,0.01409707688779207
Cl,DreaMS,recall,55,150,5,0.9272351943950226,0.014192672347554692
Cl,DreaMS,recall,56,150,5,0.9297057646671881,0.014664279807434911
Cl,DreaMS,recall,57,150,5,0.933177521182502,0.01471189486192467
Cl,DreaMS,recall,58,150,5,0.9354549126635547,0.015282439352641267
Cl,DreaMS,recall,59,150,5,0.9363623577387138,0.015031169585293833
Cl,DreaMS,recall,60,150,5,0.9384879216091242,0.014448707233417884
Cl,DreaMS,recall,61,150,5,0.9388000208573937,0.014515677405086708
Cl,DreaMS,recall,62,150,5,0.9415891587045943,0.013573918819726164
Cl,DreaMS,recall,63,150,5,0.943098973727712,0.01330947061499025
Cl,DreaMS,recall,64,150,5,0.9450956026514366,0.013819554338108742
Cl,DreaMS,recall,65,150,5,0.947063282202292,0.013213045800302513
Cl,DreaMS,recall,66,150,5,0.9476619519889484,0.013241138932978968
Cl,DreaMS,recall,67,150,5,0.9489629782697021,0.013298992743267832
Cl,DreaMS,recall,68,150,5,0.950295938840557,0.012930653480313989
Cl,DreaMS,recall,69,150,5,0.9516391595642274,0.01289686516988793
Cl,DreaMS,recall,70,150,5,0.9525012285297446,0.01259168625937403
Cl,DreaMS,recall,71,150,5,0.9531489745873453,0.012807684069748769
Cl,DreaMS,recall,72,150,5,0.9541715638287134,0.012516975763256905
Cl,DreaMS,recall,73,150,5,0.9551739404664449,0.012342039621901993
Cl,DreaMS,recall,74,150,5,0.9563213658538766,0.012001354035215607
Cl,DreaMS,recall,75,150,5,0.9576163570293176,0.01166324722975659
Cl,DreaMS,recall,76,150,5,0.9581782065273373,0.011765397548433193
Cl,DreaMS,recall,77,150,5,0.9585435330806504,0.011739849053954974
Cl,DreaMS,recall,78,150,5,0.9592269304520344,0.01152013028431415
Cl,DreaMS,recall,79,150,5,0.9596325500456407,0.011519829178455737
Cl,DreaMS,recall,80,150,5,0.9599978765989541,0.011506229714476571
Cl,DreaMS,recall,81,150,5,0.9634695648723663,0.011432992234036862
Cl,DreaMS,recall,82,150,5,0.964037197722608,0.01098572656609008
Cl,DreaMS,recall,83,150,5,0.9644578326432429,0.010833597387629833
Cl,DreaMS,recall,84,150,5,0.9648141429995531,0.010969987768908793
Cl,DreaMS,recall,85,150,5,0.9656525791306272,0.010628621734554687
Cl,DreaMS,recall,86,150,5,0.9664417060244054,0.010445133971030867
Cl,DreaMS,recall,87,150,5,0.966719483802183,0.010241525554860386
Cl,DreaMS,recall,88,150,5,0.9674421554121144,0.009729022827983895
Cl,DreaMS,recall,89,150,5,0.9678930933630523,0.009594838282562608
Cl,DreaMS,recall,90,150,5,0.9678930933630523,0.009594838282562608
Cl,DreaMS,recall,91,150,5,0.9682887229466687,0.009534999513003914
Cl,DreaMS,recall,92,150,5,0.9686169218795188,0.009489416978687448
Cl,DreaMS,recall,93,150,5,0.9686169218795188,0.009489416978687448
Cl,DreaMS,recall,94,150,5,0.9687597790223759,0.009557285359386433
Cl,DreaMS,recall,95,150,5,0.9694271422649855,0.00913661693141978
Cl,DreaMS,recall,96,150,5,0.9697169973374493,0.008945081082343936
Cl,DreaMS,recall,97,150,5,0.9704397528428135,0.008919466525424432
Cl,DreaMS,recall,98,150,5,0.9714424927519287,0.00830462322673447
Cl,DreaMS,recall,99,150,5,0.9726214839015153,0.008251942085253672
Cl,DreaMS,recall,100,150,5,0.9728439533119714,0.008119783810836306
Cl,DreaMS,recall,101,150,5,0.9733824400384448,0.008117407861918478
Cl,DreaMS,recall,102,150,5,0.9733824400384448,0.008117407861918478
Cl,DreaMS,recall,103,150,5,0.9736049094489008,0.007993213985277454
Cl,DreaMS,recall,104,150,5,0.9742722726915105,0.007574103884550022
Cl,DreaMS,recall,105,150,5,0.9745621277639744,0.007387039278954761
Cl,DreaMS,recall,106,150,5,0.9749948399792953,0.007272346873911853
Cl,DreaMS,recall,107,150,5,0.9758050603647621,0.006935750996131914
Cl,DreaMS,recall,108,150,5,0.975960099124452,0.006845806997472047
Cl,DreaMS,recall,109,150,5,0.9764804644374552,0.006684701591175027
Cl,DreaMS,recall,110,150,5,0.9777730594190341,0.005924638448599834
Cl,DreaMS,recall,111,150,5,0.9780890767350515,0.006054980526272468
Cl,DreaMS,recall,112,150,5,0.9783115461455075,0.005905341954512516
Cl,DreaMS,recall,113,150,5,0.9789296001508212,0.005732403339610323
Cl,DreaMS,recall,114,150,5,0.9790846389105112,0.0056573164981683
Cl,DreaMS,recall,115,150,5,0.9800751972027937,0.00522429562963445
Cl,DreaMS,recall,116,150,5,0.9808847210123176,0.005542437205391441
Cl,DreaMS,recall,117,150,5,0.9812129199451677,0.005520921169447631
Cl,DreaMS,recall,118,150,5,0.9813557770880248,0.005593003533197098
Cl,DreaMS,recall,119,150,5,0.9817332852581708,0.005358469776490323
Cl,DreaMS,recall,120,150,5,0.9817332852581708,0.005358469776490323
Cl,DreaMS,recall,121,150,5,0.9831316547509023,0.004668037168957508
Cl,DreaMS,recall,122,150,5,0.9837194507146716,0.004424127007018422
Cl,DreaMS,recall,123,150,5,0.9840476496475216,0.00440015693919695
Cl,DreaMS,recall,124,150,5,0.9842701190579778,0.004243462422708357
Cl,DreaMS,recall,125,150,5,0.9854460191402531,0.0037153476507962974
Cl,DreaMS,recall,126,150,5,0.986045996720855,0.003325657795697968
Cl,DreaMS,recall,127,150,5,0.987485801141284,0.0032492401585891956
Cl,DreaMS,recall,128,150,5,0.9886313981932563,0.0027209906869196006
Cl,DreaMS,recall,129,150,5,0.9887864369529463,0.0026425976950388854
Cl,DreaMS,recall,130,150,5,0.9897769952452287,0.002219557992814889
Cl,DreaMS,recall,131,150,5,0.9899320340049187,0.0021537769662838308
Cl,DreaMS,recall,132,150,5,0.9905198299686878,0.00193549725632105
Cl,DreaMS,recall,133,150,5,0.9905198299686878,0.00193549725632105
Cl,DreaMS,recall,134,150,5,0.9915225698778031,0.0013971314084618351
Cl,DreaMS,recall,135,150,5,0.9918507688106531,0.0013459525662720996
Cl,DreaMS,recall,136,150,5,0.9918507688106531,0.0013459525662720996
Cl,DreaMS,recall,137,150,5,0.9924507463912551,0.0009872840021705842
Cl,DreaMS,recall,138,150,5,0.9931442718774186,0.0009155505516802326
Cl,DreaMS,recall,139,150,5,0.9934724708102687,0.0008728827947549775
Cl,DreaMS,recall,140,150,5,0.9938499789804146,0.000697165751900904
Cl,DreaMS,recall,141,150,5,0.9941781779132647,0.000699336604375837
Cl,DreaMS,recall,142,150,5,0.9951730435127815,0.0007916625630127491
Cl,DreaMS,recall,143,150,5,0.9957115302392548,0.0007003032358729063
Cl,DreaMS,recall,144,150,5,0.9960890384094008,0.00046866783649592746
Cl,DreaMS,recall,145,150,5,0.9963869343119478,0.0005382306869140504
Cl,DreaMS,recall,146,150,5,0.9967029516279652,0.0006676123709614777
Cl,DreaMS,recall,147,150,5,0.9971478904488773,0.0003941062352074966
Cl,DreaMS,recall,148,150,5,0.9974639077648947,0.0005630964342277751
Cl,DreaMS,recall,149,150,5,0.9979349638406019,0.0006850807024187921
Cl,DreaMS,recall,150,150,5,1.0,0.0
Cl,Linear SVM,hit_rate,5,150,5,0.8259202866099418,0.020740862941883816
Cl,Linear SVM,hit_rate,6,150,5,0.871244961934617,0.021764993222370934
Cl,Linear SVM,hit_rate,7,150,5,0.871244961934617,0.021764993222370934
Cl,Linear SVM,hit_rate,8,150,5,0.8848081803254217,0.02463619398931219
Cl,Linear SVM,hit_rate,9,150,5,0.9113285565009704,0.029072484543717695
Cl,Linear SVM,hit_rate,10,150,5,0.9318047469771609,0.022774597680102985
Cl,Linear SVM,hit_rate,11,150,5,0.9525108225108225,0.018271988322078696
Cl,Linear SVM,hit_rate,12,150,5,0.9525108225108225,0.018271988322078696
Cl,Linear SVM,hit_rate,13,150,5,0.9657142857142856,0.015459698172140877
Cl,Linear SVM,hit_rate,14,150,5,0.9728571428571428,0.012544704640304273
Cl,Linear SVM,hit_rate,15,150,5,0.9728571428571428,0.012544704640304273
Cl,Linear SVM,hit_rate,16,150,5,0.9728571428571428,0.012544704640304273
Cl,Linear SVM,hit_rate,17,150,5,0.9728571428571428,0.012544704640304273
Cl,Linear SVM,hit_rate,18,150,5,0.9795238095238095,0.008370664681546163
Cl,Linear SVM,hit_rate,19,150,5,0.9795238095238095,0.008370664681546163
Cl,Linear SVM,hit_rate,20,150,5,0.9866666666666667,0.008164965809277258
Cl,Linear SVM,hit_rate,21,150,5,0.9866666666666667,0.008164965809277258
Cl,Linear SVM,hit_rate,22,150,5,0.9866666666666667,0.008164965809277258
Cl,Linear SVM,hit_rate,23,150,5,0.9933333333333334,0.0066666666666666645
Cl,Linear SVM,hit_rate,24,150,5,0.9933333333333334,0.0066666666666666645
Cl,Linear SVM,hit_rate,25,150,5,0.9933333333333334,0.0066666666666666645
Cl,Linear SVM,hit_rate,26,150,5,0.9933333333333334,0.0066666666666666645
Cl,Linear SVM,hit_rate,27,150,5,0.9933333333333334,0.0066666666666666645
Cl,Linear SVM,hit_rate,28,150,5,0.9933333333333334,0.0066666666666666645
Cl,Linear SVM,hit_rate,29,150,5,1.0,0.0
Cl,Linear SVM,hit_rate,30,150,5,1.0,0.0
Cl,Linear SVM,hit_rate,31,150,5,1.0,0.0
Cl,Linear SVM,hit_rate,32,150,5,1.0,0.0
Cl,Linear SVM,hit_rate,33,150,5,1.0,0.0
Cl,Linear SVM,hit_rate,34,150,5,1.0,0.0
Cl,Linear SVM,hit_rate,35,150,5,1.0,0.0
Cl,Linear SVM,hit_rate,36,150,5,1.0,0.0
Cl,Linear SVM,hit_rate,37,150,5,1.0,0.0
Cl,Linear SVM,hit_rate,38,150,5,1.0,0.0
Cl,Linear SVM,hit_rate,39,150,5,1.0,0.0
Cl,Linear SVM,hit_rate,40,150,5,1.0,0.0
Cl,Linear SVM,hit_rate,41,150,5,1.0,0.0
Cl,Linear SVM,hit_rate,42,150,5,1.0,0.0
Cl,Linear SVM,hit_rate,43,150,5,1.0,0.0
Cl,Linear SVM,hit_rate,44,150,5,1.0,0.0
Cl,Linear SVM,hit_rate,45,150,5,1.0,0.0
Cl,Linear SVM,hit_rate,46,150,5,1.0,0.0
Cl,Linear SVM,hit_rate,47,150,5,1.0,0.0
Cl,Linear SVM,hit_rate,48,150,5,1.0,0.0
Cl,Linear SVM,hit_rate,49,150,5,1.0,0.0
Cl,Linear SVM,hit_rate,50,150,5,1.0,0.0
Cl,Linear SVM,hit_rate,51,150,5,1.0,0.0
Cl,Linear SVM,hit_rate,52,150,5,1.0,0.0
Cl,Linear SVM,hit_rate,53,150,5,1.0,0.0
Cl,Linear SVM,hit_rate,54,150,5,1.0,0.0
Cl,Linear SVM,hit_rate,55,150,5,1.0,0.0
Cl,Linear SVM,hit_rate,56,150,5,1.0,0.0
Cl,Linear SVM,hit_rate,57,150,5,1.0,0.0
Cl,Linear SVM,hit_rate,58,150,5,1.0,0.0
Cl,Linear SVM,hit_rate,59,150,5,1.0,0.0
Cl,Linear SVM,hit_rate,60,150,5,1.0,0.0
Cl,Linear SVM,hit_rate,61,150,5,1.0,0.0
Cl,Linear SVM,hit_rate,62,150,5,1.0,0.0
Cl,Linear SVM,hit_rate,63,150,5,1.0,0.0
Cl,Linear SVM,hit_rate,64,150,5,1.0,0.0
Cl,Linear SVM,hit_rate,65,150,5,1.0,0.0
Cl,Linear SVM,hit_rate,66,150,5,1.0,0.0
Cl,Linear SVM,hit_rate,67,150,5,1.0,0.0
Cl,Linear SVM,hit_rate,68,150,5,1.0,0.0
Cl,Linear SVM,hit_rate,69,150,5,1.0,0.0
Cl,Linear SVM,hit_rate,70,150,5,1.0,0.0
Cl,Linear SVM,hit_rate,71,150,5,1.0,0.0
Cl,Linear SVM,hit_rate,72,150,5,1.0,0.0
Cl,Linear SVM,hit_rate,73,150,5,1.0,0.0
Cl,Linear SVM,hit_rate,74,150,5,1.0,0.0
Cl,Linear SVM,hit_rate,75,150,5,1.0,0.0
Cl,Linear SVM,hit_rate,76,150,5,1.0,0.0
Cl,Linear SVM,hit_rate,77,150,5,1.0,0.0
Cl,Linear SVM,hit_rate,78,150,5,1.0,0.0
Cl,Linear SVM,hit_rate,79,150,5,1.0,0.0
Cl,Linear SVM,hit_rate,80,150,5,1.0,0.0
Cl,Linear SVM,hit_rate,81,150,5,1.0,0.0
Cl,Linear SVM,hit_rate,82,150,5,1.0,0.0
Cl,Linear SVM,hit_rate,83,150,5,1.0,0.0
Cl,Linear SVM,hit_rate,84,150,5,1.0,0.0
Cl,Linear SVM,hit_rate,85,150,5,1.0,0.0
Cl,Linear SVM,hit_rate,86,150,5,1.0,0.0
Cl,Linear SVM,hit_rate,87,150,5,1.0,0.0
Cl,Linear SVM,hit_rate,88,150,5,1.0,0.0
Cl,Linear SVM,hit_rate,89,150,5,1.0,0.0
Cl,Linear SVM,hit_rate,90,150,5,1.0,0.0
Cl,Linear SVM,hit_rate,91,150,5,1.0,0.0
Cl,Linear SVM,hit_rate,92,150,5,1.0,0.0
Cl,Linear SVM,hit_rate,93,150,5,1.0,0.0
Cl,Linear SVM,hit_rate,94,150,5,1.0,0.0
Cl,Linear SVM,hit_rate,95,150,5,1.0,0.0
Cl,Linear SVM,hit_rate,96,150,5,1.0,0.0
Cl,Linear SVM,hit_rate,97,150,5,1.0,0.0
Cl,Linear SVM,hit_rate,98,150,5,1.0,0.0
Cl,Linear SVM,hit_rate,99,150,5,1.0,0.0
Cl,Linear SVM,hit_rate,100,150,5,1.0,0.0
Cl,Linear SVM,hit_rate,101,150,5,1.0,0.0
Cl,Linear SVM,hit_rate,102,150,5,1.0,0.0
Cl,Linear SVM,hit_rate,103,150,5,1.0,0.0
Cl,Linear SVM,hit_rate,104,150,5,1.0,0.0
Cl,Linear SVM,hit_rate,105,150,5,1.0,0.0
Cl,Linear SVM,hit_rate,106,150,5,1.0,0.0
Cl,Linear SVM,hit_rate,107,150,5,1.0,0.0
Cl,Linear SVM,hit_rate,108,150,5,1.0,0.0
Cl,Linear SVM,hit_rate,109,150,5,1.0,0.0
Cl,Linear SVM,hit_rate,110,150,5,1.0,0.0
Cl,Linear SVM,hit_rate,111,150,5,1.0,0.0
Cl,Linear SVM,hit_rate,112,150,5,1.0,0.0
Cl,Linear SVM,hit_rate,113,150,5,1.0,0.0
Cl,Linear SVM,hit_rate,114,150,5,1.0,0.0
Cl,Linear SVM,hit_rate,115,150,5,1.0,0.0
Cl,Linear SVM,hit_rate,116,150,5,1.0,0.0
Cl,Linear SVM,hit_rate,117,150,5,1.0,0.0
Cl,Linear SVM,hit_rate,118,150,5,1.0,0.0
Cl,Linear SVM,hit_rate,119,150,5,1.0,0.0
Cl,Linear SVM,hit_rate,120,150,5,1.0,0.0
Cl,Linear SVM,hit_rate,121,150,5,1.0,0.0
Cl,Linear SVM,hit_rate,122,150,5,1.0,0.0
Cl,Linear SVM,hit_rate,123,150,5,1.0,0.0
Cl,Linear SVM,hit_rate,124,150,5,1.0,0.0
Cl,Linear SVM,hit_rate,125,150,5,1.0,0.0
Cl,Linear SVM,hit_rate,126,150,5,1.0,0.0
Cl,Linear SVM,hit_rate,127,150,5,1.0,0.0
Cl,Linear SVM,hit_rate,128,150,5,1.0,0.0
Cl,Linear SVM,hit_rate,129,150,5,1.0,0.0
Cl,Linear SVM,hit_rate,130,150,5,1.0,0.0
Cl,Linear SVM,hit_rate,131,150,5,1.0,0.0
Cl,Linear SVM,hit_rate,132,150,5,1.0,0.0
Cl,Linear SVM,hit_rate,133,150,5,1.0,0.0
Cl,Linear SVM,hit_rate,134,150,5,1.0,0.0
Cl,Linear SVM,hit_rate,135,150,5,1.0,0.0
Cl,Linear SVM,hit_rate,136,150,5,1.0,0.0
Cl,Linear SVM,hit_rate,137,150,5,1.0,0.0
Cl,Linear SVM,hit_rate,138,150,5,1.0,0.0
Cl,Linear SVM,hit_rate,139,150,5,1.0,0.0
Cl,Linear SVM,hit_rate,140,150,5,1.0,0.0
Cl,Linear SVM,hit_rate,141,150,5,1.0,0.0
Cl,Linear SVM,hit_rate,142,150,5,1.0,0.0
Cl,Linear SVM,hit_rate,143,150,5,1.0,0.0
Cl,Linear SVM,hit_rate,144,150,5,1.0,0.0
Cl,Linear SVM,hit_rate,145,150,5,1.0,0.0
Cl,Linear SVM,hit_rate,146,150,5,1.0,0.0
Cl,Linear SVM,hit_rate,147,150,5,1.0,0.0
Cl,Linear SVM,hit_rate,148,150,5,1.0,0.0
Cl,Linear SVM,hit_rate,149,150,5,1.0,0.0
Cl,Linear SVM,hit_rate,150,150,5,1.0,0.0
Cl,Linear SVM,recall,5,150,5,0.31976624114581115,0.025136662814004365
Cl,Linear SVM,recall,6,150,5,0.3714944773680139,0.032408616096970266
Cl,Linear SVM,recall,7,150,5,0.40595025768967263,0.024598392818234
Cl,Linear SVM,recall,8,150,5,0.4412002384538637,0.022017382416142796
Cl,Linear SVM,recall,9,150,5,0.4939151559577363,0.02315652081201108
Cl,Linear SVM,recall,10,150,5,0.5416830371203238,0.02412316329174194
Cl,Linear SVM,recall,11,150,5,0.5797784384897738,0.017141779334889
Cl,Linear SVM,recall,12,150,5,0.6032088605073368,0.018662290086700735
Cl,Linear SVM,recall,13,150,5,0.623739110181526,0.016902984527422855
Cl,Linear SVM,recall,14,150,5,0.6578799603918202,0.009242314677826798
Cl,Linear SVM,recall,15,150,5,0.6794019657129284,0.008495273421515175
Cl,Linear SVM,recall,16,150,5,0.6995966082393854,0.011050011925225473
Cl,Linear SVM,recall,17,150,5,0.713676063175968,0.011740365732614371
Cl,Linear SVM,recall,18,150,5,0.7285996964182351,0.006637647048355781
Cl,Linear SVM,recall,19,150,5,0.7436803176936473,0.008208618214339285
Cl,Linear SVM,recall,20,150,5,0.7609005649878932,0.010338820305299676
Cl,Linear SVM,recall,21,150,5,0.7774558674354866,0.011209153029444292
Cl,Linear SVM,recall,22,150,5,0.790671620558959,0.009601912113348335
Cl,Linear SVM,recall,23,150,5,0.8100824319163703,0.012572777721479534
Cl,Linear SVM,recall,24,150,5,0.8155169322874691,0.012670812858458646
Cl,Linear SVM,recall,25,150,5,0.8213625420884162,0.01381111427712647
Cl,Linear SVM,recall,26,150,5,0.8269295192568846,0.011352545485958324
Cl,Linear SVM,recall,27,150,5,0.8359682136560519,0.011944028171329666
Cl,Linear SVM,recall,28,150,5,0.840882181009232,0.011090475333512784
Cl,Linear SVM,recall,29,150,5,0.8546317729303853,0.008191846019498518
Cl,Linear SVM,recall,30,150,5,0.8593115230873867,0.008470920018340438
Cl,Linear SVM,recall,31,150,5,0.8655559587407099,0.008655293606532737
Cl,Linear SVM,recall,32,150,5,0.8721147781207957,0.008458380809660725
Cl,Linear SVM,recall,33,150,5,0.8772616775680049,0.01039484035191994
Cl,Linear SVM,recall,34,150,5,0.8833374372844853,0.011787020482901395
Cl,Linear SVM,recall,35,150,5,0.8860473384154087,0.011154557012204646
Cl,Linear SVM,recall,36,150,5,0.889238409691591,0.010359040867832466
Cl,Linear SVM,recall,37,150,5,0.8920936696453579,0.009997440926786106
Cl,Linear SVM,recall,38,150,5,0.8984457642784042,0.012681818215727158
Cl,Linear SVM,recall,39,150,5,0.9002678890328417,0.012677195977184088
Cl,Linear SVM,recall,40,150,5,0.9021197140337304,0.01243968566394996
Cl,Linear SVM,recall,41,150,5,0.9049765839982771,0.011664175979676316
Cl,Linear SVM,recall,42,150,5,0.9084233379360172,0.010819695050510642
Cl,Linear SVM,recall,43,150,5,0.913156375821897,0.012212639775526894
Cl,Linear SVM,recall,44,150,5,0.9157930681002948,0.01206131180339976
Cl,Linear SVM,recall,45,150,5,0.919171995224595,0.011719133527999378
Cl,Linear SVM,recall,46,150,5,0.9213295496892104,0.011575722164816024
Cl,Linear SVM,recall,47,150,5,0.9228863721376431,0.011842204785565453
Cl,Linear SVM,recall,48,150,5,0.9256008733227326,0.01152843323846862
Cl,Linear SVM,recall,49,150,5,0.9303078560296786,0.010880078688135966
Cl,Linear SVM,recall,50,150,5,0.9324998861688888,0.011038112512241738
Cl,Linear SVM,recall,51,150,5,0.9341742976618121,0.010737641645636441
Cl,Linear SVM,recall,52,150,5,0.9368767197567825,0.01062128646995203
Cl,Linear SVM,recall,53,150,5,0.9387797447989705,0.010327229727846193
Cl,Linear SVM,recall,54,150,5,0.9424644876777976,0.010247538927282418
Cl,Linear SVM,recall,55,150,5,0.9456610145406295,0.01019136390770509
Cl,Linear SVM,recall,56,150,5,0.9467978871674898,0.010250877718892932
Cl,Linear SVM,recall,57,150,5,0.947864228233831,0.010647664379210737
Cl,Linear SVM,recall,58,150,5,0.9491569800436359,0.010420102465558988
Cl,Linear SVM,recall,59,150,5,0.9499062096697992,0.010476485900323606
Cl,Linear SVM,recall,60,150,5,0.9509572251742263,0.010409448070688738
Cl,Linear SVM,recall,61,150,5,0.9515570022101734,0.010368297030223171
Cl,Linear SVM,recall,62,150,5,0.9520984999425585,0.010314159388499654
Cl,Linear SVM,recall,63,150,5,0.9530612533850393,0.010022760912557702
Cl,Linear SVM,recall,64,150,5,0.9541121746686825,0.009666134705343006
Cl,Linear SVM,recall,65,150,5,0.955291700321704,0.009736662311809313
Cl,Linear SVM,recall,66,150,5,0.9564340060932836,0.009410827626417538
Cl,Linear SVM,recall,67,150,5,0.9575482746872794,0.009069057596968666
Cl,Linear SVM,recall,68,150,5,0.9588737224605476,0.008952966782975217
Cl,Linear SVM,recall,69,150,5,0.9593216507920145,0.009004149407816367
Cl,Linear SVM,recall,70,150,5,0.9596975906416386,0.009146446342021254
Cl,Linear SVM,recall,71,150,5,0.9603053924751055,0.008986440747615787
Cl,Linear SVM,recall,72,150,5,0.9614573165130865,0.00821751588421352
Cl,Linear SVM,recall,73,150,5,0.962066150851898,0.008161631615042938
Cl,Linear SVM,recall,74,150,5,0.9625704652143776,0.008139646681106805
Cl,Linear SVM,recall,75,150,5,0.9638236263247615,0.008219979543754431
Cl,Linear SVM,recall,76,150,5,0.964135725573031,0.008321041731951436
Cl,Linear SVM,recall,77,150,5,0.9645052690460227,0.008253208044314782
Cl,Linear SVM,recall,78,150,5,0.9646884192291729,0.008337941789535406
Cl,Linear SVM,recall,79,150,5,0.965379126881494,0.008202178641474772
Cl,Linear SVM,recall,80,150,5,0.9664267968769845,0.008146557787730043
Cl,Linear SVM,recall,81,150,5,0.9672471033903944,0.007744182904183793
Cl,Linear SVM,recall,82,150,5,0.9677233517526999,0.00750579423255189
Cl,Linear SVM,recall,83,150,5,0.968557066293311,0.007219940614052785
Cl,Linear SVM,recall,84,150,5,0.9700258746028826,0.00662708851516407
Cl,Linear SVM,recall,85,150,5,0.9704879831092029,0.006557987329245307
Cl,Linear SVM,recall,86,150,5,0.9706711332923531,0.006660598587072868
Cl,Linear SVM,recall,87,150,5,0.9708575265821947,0.0065160423038160475
Cl,Linear SVM,recall,88,150,5,0.9714768203049367,0.0063970708151880875
Cl,Linear SVM,recall,89,150,5,0.9722308849171666,0.00637924249573315
Cl,Linear SVM,recall,90,150,5,0.9728501786399086,0.006312203470051717
Cl,Linear SVM,recall,91,150,5,0.9729849495293965,0.006386189708612386
Cl,Linear SVM,recall,92,150,5,0.9733061137087258,0.006322476569647545
Cl,Linear SVM,recall,93,150,5,0.9734408845982138,0.006401039673105935
Cl,Linear SVM,recall,94,150,5,0.9735756554877015,0.006481453093629312
Cl,Linear SVM,recall,95,150,5,0.9735756554877015,0.006481453093629312
Cl,Linear SVM,recall,96,150,5,0.9740064548871562,0.006390602729633419
Cl,Linear SVM,recall,97,150,5,0.9744393553200567,0.006485029603988591
Cl,Linear SVM,recall,98,150,5,0.9750586490427986,0.006464070252621623
Cl,Linear SVM,recall,99,150,5,0.9751934199322866,0.006538847279460849
Cl,Linear SVM,recall,100,150,5,0.9756696682945918,0.006278184905162153
Cl,Linear SVM,recall,101,150,5,0.9759595233670556,0.006168290758914046
Cl,Linear SVM,recall,102,150,5,0.9760942942565436,0.006245384901223004
Cl,Linear SVM,recall,103,150,5,0.9766368229921756,0.005932752359543718
Cl,Linear SVM,recall,104,150,5,0.977113071354481,0.005686971348625205
Cl,Linear SVM,recall,105,150,5,0.977113071354481,0.005686971348625205
Cl,Linear SVM,recall,106,150,5,0.9772540156814719,0.005725598798567353
Cl,Linear SVM,recall,107,150,5,0.9774404089713136,0.005575626339971799
Cl,Linear SVM,recall,108,150,5,0.9779166573336188,0.005331425755855921
Cl,Linear SVM,recall,109,150,5,0.9781030506234604,0.005180847844200815
Cl,Linear SVM,recall,110,150,5,0.9786598142836723,0.005137993859850652
Cl,Linear SVM,recall,111,150,5,0.978846207573514,0.004992045398082278
Cl,Linear SVM,recall,112,150,5,0.9790326008633554,0.004848869819469496
Cl,Linear SVM,recall,113,150,5,0.9794053874430386,0.0045718744313951445
Cl,Linear SVM,recall,114,150,5,0.9795917807328802,0.004438638511647475
Cl,Linear SVM,recall,115,150,5,0.9797327250598711,0.004474073486751991
Cl,Linear SVM,recall,116,150,5,0.9807971393173887,0.004210458161780612
Cl,Linear SVM,recall,117,150,5,0.9809486544689039,0.004146367323128553
Cl,Linear SVM,recall,118,150,5,0.9809486544689039,0.004146367323128553
Cl,Linear SVM,recall,119,150,5,0.981100169620419,0.004086891203199434
Cl,Linear SVM,recall,120,150,5,0.9812516847719343,0.0040322340107621455
Cl,Linear SVM,recall,121,150,5,0.9814380780617757,0.0038860933679326806
Cl,Linear SVM,recall,122,150,5,0.9815895932132909,0.003832720450743796
Cl,Linear SVM,recall,123,150,5,0.9815895932132909,0.003832720450743796
Cl,Linear SVM,recall,124,150,5,0.9815895932132909,0.003832720450743796
Cl,Linear SVM,recall,125,150,5,0.9815895932132909,0.003832720450743796
Cl,Linear SVM,recall,126,150,5,0.9817411083648061,0.0037846643345330476
Cl,Linear SVM,recall,127,150,5,0.9818926235163212,0.0037421298586367223
Cl,Linear SVM,recall,128,150,5,0.9823977647761793,0.003958667295417605
Cl,Linear SVM,recall,129,150,5,0.9825841580660211,0.003807085845839391
Cl,Linear SVM,recall,130,150,5,0.9831060435879065,0.003929877566474094
Cl,Linear SVM,recall,131,150,5,0.983969736502868,0.0035562097533624374
Cl,Linear SVM,recall,132,150,5,0.9846637803900155,0.003234113156800563
Cl,Linear SVM,recall,133,150,5,0.9848047247170062,0.003235357493069099
Cl,Linear SVM,recall,134,150,5,0.9849911180068478,0.003081700810294722
Cl,Linear SVM,recall,135,150,5,0.9851258888963356,0.003159355549070363
Cl,Linear SVM,recall,136,150,5,0.9856372035936969,0.0033402897992575453
Cl,Linear SVM,recall,137,150,5,0.9862508272515322,0.003226473912076403
Cl,Linear SVM,recall,138,150,5,0.9869343003141553,0.0029413604640284004
Cl,Linear SVM,recall,139,150,5,0.9871206936039968,0.0027901134822323694
Cl,Linear SVM,recall,140,150,5,0.9874131530825029,0.002759079740692712
Cl,Linear SVM,recall,141,150,5,0.987699439123506,0.002802625013640946
Cl,Linear SVM,recall,142,150,5,0.9880206033028355,0.002725655248975585
Cl,Linear SVM,recall,143,150,5,0.9884827118091557,0.0026611177724687398
Cl,Linear SVM,recall,144,150,5,0.9888554983888387,0.002376934961164014
Cl,Linear SVM,recall,145,150,5,0.9891312136053173,0.002470270641584482
Cl,Linear SVM,recall,146,150,5,0.9892659844948053,0.002565219357201217
Cl,Linear SVM,recall,147,150,5,0.9904737592886267,0.0019698788286324526
Cl,Linear SVM,recall,148,150,5,0.9906085301781145,0.002076890909762582
Cl,Linear SVM,recall,149,150,5,0.9910706386844348,0.0020642977332174304
Cl,Linear SVM,recall,150,150,5,0.9912570319742763,0.001957641541188473
Cl,Random forest,hit_rate,5,150,5,0.7266860725481414,0.028410134986137
Cl,Random forest,hit_rate,6,150,5,0.7661800268696821,0.026941005006671393
Cl,Random forest,hit_rate,7,150,5,0.7996133751306165,0.02680885000767276
Cl,Random forest,hit_rate,8,150,5,0.8323406478578892,0.02362800316307759
Cl,Random forest,hit_rate,9,150,5,0.8716047171219584,0.022622345575566593
Cl,Random forest,hit_rate,10,150,5,0.8787475742648155,0.016001230788971647
Cl,Random forest,hit_rate,11,150,5,0.9127869831318106,0.018040826198445346
Cl,Random forest,hit_rate,12,150,5,0.9339692491416629,0.013903911472799374
Cl,Random forest,hit_rate,13,150,5,0.9406359158083296,0.011159407162375462
Cl,Random forest,hit_rate,14,150,5,0.9466965218689356,0.008103849985704488
Cl,Random forest,hit_rate,15,150,5,0.9538393790117929,0.007208350483400666
Cl,Random forest,hit_rate,16,150,5,0.9538393790117929,0.007208350483400666
Cl,Random forest,hit_rate,17,150,5,0.9605060456784595,0.005296345489214437
Cl,Random forest,hit_rate,18,150,5,0.9732333184057322,0.0067515901274710416
Cl,Random forest,hit_rate,19,150,5,0.9732333184057322,0.0067515901274710416
Cl,Random forest,hit_rate,20,150,5,0.9732333184057322,0.0067515901274710416
Cl,Random forest,hit_rate,21,150,5,0.9732333184057322,0.0067515901274710416
Cl,Random forest,hit_rate,22,150,5,0.9732333184057322,0.0067515901274710416
Cl,Random forest,hit_rate,23,150,5,0.979899985072399,0.008254669863997614
Cl,Random forest,hit_rate,24,150,5,0.979899985072399,0.008254669863997614
Cl,Random forest,hit_rate,25,150,5,0.979899985072399,0.008254669863997614
Cl,Random forest,hit_rate,26,150,5,0.9867965367965368,0.008130580074022915
Cl,Random forest,hit_rate,27,150,5,0.9867965367965368,0.008130580074022915
Cl,Random forest,hit_rate,28,150,5,0.9867965367965368,0.008130580074022915
Cl,Random forest,hit_rate,29,150,5,0.9867965367965368,0.008130580074022915
Cl,Random forest,hit_rate,30,150,5,0.9867965367965368,0.008130580074022915
Cl,Random forest,hit_rate,31,150,5,0.9867965367965368,0.008130580074022915
Cl,Random forest,hit_rate,32,150,5,0.9867965367965368,0.008130580074022915
Cl,Random forest,hit_rate,33,150,5,0.9867965367965368,0.008130580074022915
Cl,Random forest,hit_rate,34,150,5,0.9867965367965368,0.008130580074022915
Cl,Random forest,hit_rate,35,150,5,0.9867965367965368,0.008130580074022915
Cl,Random forest,hit_rate,36,150,5,0.9867965367965368,0.008130580074022915
Cl,Random forest,hit_rate,37,150,5,0.9867965367965368,0.008130580074022915
Cl,Random forest,hit_rate,38,150,5,0.9867965367965368,0.008130580074022915
Cl,Random forest,hit_rate,39,150,5,0.9867965367965368,0.008130580074022915
Cl,Random forest,hit_rate,40,150,5,0.9867965367965368,0.008130580074022915
Cl,Random forest,hit_rate,41,150,5,0.9867965367965368,0.008130580074022915
Cl,Random forest,hit_rate,42,150,5,0.9939393939393939,0.006060606060606055
Cl,Random forest,hit_rate,43,150,5,0.9939393939393939,0.006060606060606055
Cl,Random forest,hit_rate,44,150,5,0.9939393939393939,0.006060606060606055
Cl,Random forest,hit_rate,45,150,5,0.9939393939393939,0.006060606060606055
Cl,Random forest,hit_rate,46,150,5,0.9939393939393939,0.006060606060606055
Cl,Random forest,hit_rate,47,150,5,0.9939393939393939,0.006060606060606055
Cl,Random forest,hit_rate,48,150,5,0.9939393939393939,0.006060606060606055
Cl,Random forest,hit_rate,49,150,5,0.9939393939393939,0.006060606060606055
Cl,Random forest,hit_rate,50,150,5,0.9939393939393939,0.006060606060606055
Cl,Random forest,hit_rate,51,150,5,0.9939393939393939,0.006060606060606055
Cl,Random forest,hit_rate,52,150,5,0.9939393939393939,0.006060606060606055
Cl,Random forest,hit_rate,53,150,5,0.9939393939393939,0.006060606060606055
Cl,Random forest,hit_rate,54,150,5,0.9939393939393939,0.006060606060606055
Cl,Random forest,hit_rate,55,150,5,0.9939393939393939,0.006060606060606055
Cl,Random forest,hit_rate,56,150,5,0.9939393939393939,0.006060606060606055
Cl,Random forest,hit_rate,57,150,5,0.9939393939393939,0.006060606060606055
Cl,Random forest,hit_rate,58,150,5,0.9939393939393939,0.006060606060606055
Cl,Random forest,hit_rate,59,150,5,0.9939393939393939,0.006060606060606055
Cl,Random forest,hit_rate,60,150,5,0.9939393939393939,0.006060606060606055
Cl,Random forest,hit_rate,61,150,5,0.9939393939393939,0.006060606060606055
Cl,Random forest,hit_rate,62,150,5,0.9939393939393939,0.006060606060606055
Cl,Random forest,hit_rate,63,150,5,0.9939393939393939,0.006060606060606055
Cl,Random forest,hit_rate,64,150,5,0.9939393939393939,0.006060606060606055
Cl,Random forest,hit_rate,65,150,5,0.9939393939393939,0.006060606060606055
Cl,Random forest,hit_rate,66,150,5,0.9939393939393939,0.006060606060606055
Cl,Random forest,hit_rate,67,150,5,0.9939393939393939,0.006060606060606055
Cl,Random forest,hit_rate,68,150,5,0.9939393939393939,0.006060606060606055
Cl,Random forest,hit_rate,69,150,5,0.9939393939393939,0.006060606060606055
Cl,Random forest,hit_rate,70,150,5,0.9939393939393939,0.006060606060606055
Cl,Random forest,hit_rate,71,150,5,0.9939393939393939,0.006060606060606055
Cl,Random forest,hit_rate,72,150,5,0.9939393939393939,0.006060606060606055
Cl,Random forest,hit_rate,73,150,5,0.9939393939393939,0.006060606060606055
Cl,Random forest,hit_rate,74,150,5,0.9939393939393939,0.006060606060606055
Cl,Random forest,hit_rate,75,150,5,0.9939393939393939,0.006060606060606055
Cl,Random forest,hit_rate,76,150,5,0.9939393939393939,0.006060606060606055
Cl,Random forest,hit_rate,77,150,5,0.9939393939393939,0.006060606060606055
Cl,Random forest,hit_rate,78,150,5,1.0,0.0
Cl,Random forest,hit_rate,79,150,5,1.0,0.0
Cl,Random forest,hit_rate,80,150,5,1.0,0.0
Cl,Random forest,hit_rate,81,150,5,1.0,0.0
Cl,Random forest,hit_rate,82,150,5,1.0,0.0
Cl,Random forest,hit_rate,83,150,5,1.0,0.0
Cl,Random forest,hit_rate,84,150,5,1.0,0.0
Cl,Random forest,hit_rate,85,150,5,1.0,0.0
Cl,Random forest,hit_rate,86,150,5,1.0,0.0
Cl,Random forest,hit_rate,87,150,5,1.0,0.0
Cl,Random forest,hit_rate,88,150,5,1.0,0.0
Cl,Random forest,hit_rate,89,150,5,1.0,0.0
Cl,Random forest,hit_rate,90,150,5,1.0,0.0
Cl,Random forest,hit_rate,91,150,5,1.0,0.0
Cl,Random forest,hit_rate,92,150,5,1.0,0.0
Cl,Random forest,hit_rate,93,150,5,1.0,0.0
Cl,Random forest,hit_rate,94,150,5,1.0,0.0
Cl,Random forest,hit_rate,95,150,5,1.0,0.0
Cl,Random forest,hit_rate,96,150,5,1.0,0.0
Cl,Random forest,hit_rate,97,150,5,1.0,0.0
Cl,Random forest,hit_rate,98,150,5,1.0,0.0
Cl,Random forest,hit_rate,99,150,5,1.0,0.0
Cl,Random forest,hit_rate,100,150,5,1.0,0.0
Cl,Random forest,hit_rate,101,150,5,1.0,0.0
Cl,Random forest,hit_rate,102,150,5,1.0,0.0
Cl,Random forest,hit_rate,103,150,5,1.0,0.0
Cl,Random forest,hit_rate,104,150,5,1.0,0.0
Cl,Random forest,hit_rate,105,150,5,1.0,0.0
Cl,Random forest,hit_rate,106,150,5,1.0,0.0
Cl,Random forest,hit_rate,107,150,5,1.0,0.0
Cl,Random forest,hit_rate,108,150,5,1.0,0.0
Cl,Random forest,hit_rate,109,150,5,1.0,0.0
Cl,Random forest,hit_rate,110,150,5,1.0,0.0
Cl,Random forest,hit_rate,111,150,5,1.0,0.0
Cl,Random forest,hit_rate,112,150,5,1.0,0.0
Cl,Random forest,hit_rate,113,150,5,1.0,0.0
Cl,Random forest,hit_rate,114,150,5,1.0,0.0
Cl,Random forest,hit_rate,115,150,5,1.0,0.0
Cl,Random forest,hit_rate,116,150,5,1.0,0.0
Cl,Random forest,hit_rate,117,150,5,1.0,0.0
Cl,Random forest,hit_rate,118,150,5,1.0,0.0
Cl,Random forest,hit_rate,119,150,5,1.0,0.0
Cl,Random forest,hit_rate,120,150,5,1.0,0.0
Cl,Random forest,hit_rate,121,150,5,1.0,0.0
Cl,Random forest,hit_rate,122,150,5,1.0,0.0
Cl,Random forest,hit_rate,123,150,5,1.0,0.0
Cl,Random forest,hit_rate,124,150,5,1.0,0.0
Cl,Random forest,hit_rate,125,150,5,1.0,0.0
Cl,Random forest,hit_rate,126,150,5,1.0,0.0
Cl,Random forest,hit_rate,127,150,5,1.0,0.0
Cl,Random forest,hit_rate,128,150,5,1.0,0.0
Cl,Random forest,hit_rate,129,150,5,1.0,0.0
Cl,Random forest,hit_rate,130,150,5,1.0,0.0
Cl,Random forest,hit_rate,131,150,5,1.0,0.0
Cl,Random forest,hit_rate,132,150,5,1.0,0.0
Cl,Random forest,hit_rate,133,150,5,1.0,0.0
Cl,Random forest,hit_rate,134,150,5,1.0,0.0
Cl,Random forest,hit_rate,135,150,5,1.0,0.0
Cl,Random forest,hit_rate,136,150,5,1.0,0.0
Cl,Random forest,hit_rate,137,150,5,1.0,0.0
Cl,Random forest,hit_rate,138,150,5,1.0,0.0
Cl,Random forest,hit_rate,139,150,5,1.0,0.0
Cl,Random forest,hit_rate,140,150,5,1.0,0.0
Cl,Random forest,hit_rate,141,150,5,1.0,0.0
Cl,Random forest,hit_rate,142,150,5,1.0,0.0
Cl,Random forest,hit_rate,143,150,5,1.0,0.0
Cl,Random forest,hit_rate,144,150,5,1.0,0.0
Cl,Random forest,hit_rate,145,150,5,1.0,0.0
Cl,Random forest,hit_rate,146,150,5,1.0,0.0
Cl,Random forest,hit_rate,147,150,5,1.0,0.0
Cl,Random forest,hit_rate,148,150,5,1.0,0.0
Cl,Random forest,hit_rate,149,150,5,1.0,0.0
Cl,Random forest,hit_rate,150,150,5,1.0,0.0
Cl,Random forest,recall,5,150,5,0.2686319498705606,0.02813614578735549
Cl,Random forest,recall,6,150,5,0.32834880754251505,0.02033522939554024
Cl,Random forest,recall,7,150,5,0.3739136898941939,0.020116340276565104
Cl,Random forest,recall,8,150,5,0.4249944124628108,0.021190350503449154
Cl,Random forest,recall,9,150,5,0.4668982149619746,0.018658754633254334
Cl,Random forest,recall,10,150,5,0.4999064016629545,0.01679039394430545
Cl,Random forest,recall,11,150,5,0.5423756636026598,0.009414053987369744
Cl,Random forest,recall,12,150,5,0.5718371782513023,0.007473532773470704
Cl,Random forest,recall,13,150,5,0.596720610226407,0.004965927660001787
Cl,Random forest,recall,14,150,5,0.6134636062198566,0.008751695236799714
Cl,Random forest,recall,15,150,5,0.6301441243537863,0.008141544035005931
Cl,Random forest,recall,16,150,5,0.6439676085094265,0.011647805678765511
Cl,Random forest,recall,17,150,5,0.6663076703082448,0.013849124805093531
Cl,Random forest,recall,18,150,5,0.68500292118782,0.015286542921302139
Cl,Random forest,recall,19,150,5,0.6941859954625517,0.012602779224348763
Cl,Random forest,recall,20,150,5,0.7028104475454863,0.013636555178386406
Cl,Random forest,recall,21,150,5,0.7128854352630336,0.01231177632515049
Cl,Random forest,recall,22,150,5,0.721473212838496,0.009869588365927008
Cl,Random forest,recall,23,150,5,0.7401888384400304,0.008960671832691641
Cl,Random forest,recall,24,150,5,0.7487818768161368,0.011332011259097177
Cl,Random forest,recall,25,150,5,0.762234812182812,0.015204414063361194
Cl,Random forest,recall,26,150,5,0.7724853062780987,0.01464008853974464
Cl,Random forest,recall,27,150,5,0.7846890824401003,0.012616785112238132
Cl,Random forest,recall,28,150,5,0.7973795088375496,0.011480064732512318
Cl,Random forest,recall,29,150,5,0.8058148789839912,0.011532415653267422
Cl,Random forest,recall,30,150,5,0.8168726237432088,0.013089007239192247
Cl,Random forest,recall,31,150,5,0.8241648663331244,0.013680648799362016
Cl,Random forest,recall,32,150,5,0.833492909908491,0.013959384347904905
Cl,Random forest,recall,33,150,5,0.8402534870555847,0.013972489577855358
Cl,Random forest,recall,34,150,5,0.8498953215504251,0.01675566517540889
Cl,Random forest,recall,35,150,5,0.8574744671664417,0.017759322306079062
Cl,Random forest,recall,36,150,5,0.8650402181278369,0.01976976045490068
Cl,Random forest,recall,37,150,5,0.8699020987698429,0.019387708627453426
Cl,Random forest,recall,38,150,5,0.873003961842359,0.019824658460952903
Cl,Random forest,recall,39,150,5,0.8756456533464902,0.019495511473404958
Cl,Random forest,recall,40,150,5,0.8794817604971705,0.02077057292698556
Cl,Random forest,recall,41,150,5,0.8834753842906444,0.02020491912154295
Cl,Random forest,recall,42,150,5,0.8933523411959754,0.014715702890923218
Cl,Random forest,recall,43,150,5,0.8972585600870463,0.014454426918585221
Cl,Random forest,recall,44,150,5,0.8985779936024378,0.014429248868306094
Cl,Random forest,recall,45,150,5,0.9021248948025663,0.01430279422291067
Cl,Random forest,recall,46,150,5,0.9041980553166141,0.013581054369699263
Cl,Random forest,recall,47,150,5,0.9066064358254724,0.014030509768840946
Cl,Random forest,recall,48,150,5,0.9103636327621534,0.01336867501660169
Cl,Random forest,recall,49,150,5,0.9137803315402783,0.012568297273721404
Cl,Random forest,recall,50,150,5,0.9164713044206183,0.012757438869760267
Cl,Random forest,recall,51,150,5,0.9184695711580944,0.012719617050123297
Cl,Random forest,recall,52,150,5,0.9207550593924964,0.012258047535035486
Cl,Random forest,recall,53,150,5,0.9248997829133051,0.012267382752138777
Cl,Random forest,recall,54,150,5,0.9265195044493317,0.012110056521710775
Cl,Random forest,recall,55,150,5,0.9272795239050033,0.01211961163547515
Cl,Random forest,recall,56,150,5,0.9283032633152823,0.012094318728227253
Cl,Random forest,recall,57,150,5,0.9303562457397325,0.012208950158165864
Cl,Random forest,recall,58,150,5,0.9309493658724712,0.012044029039325837
Cl,Random forest,recall,59,150,5,0.9327923735270558,0.011922348607162849
Cl,Random forest,recall,60,150,5,0.9336280292644339,0.011757949346664987
Cl,Random forest,recall,61,150,5,0.9355771127572389,0.01136399418165837
Cl,Random forest,recall,62,150,5,0.9376645265214363,0.011273978079766763
Cl,Random forest,recall,63,150,5,0.9382335165641106,0.011468486728054787
Cl,Random forest,recall,64,150,5,0.9389085922189135,0.011325911853377509
Cl,Random forest,recall,65,150,5,0.9396065313267072,0.01146479401884662
Cl,Random forest,recall,66,150,5,0.9402434316656929,0.011392231477065806
Cl,Random forest,recall,67,150,5,0.9417154752780201,0.01137100512846743
Cl,Random forest,recall,68,150,5,0.942836414808814,0.011277342440411096
Cl,Random forest,recall,69,150,5,0.9439000293594155,0.010867118002640001
Cl,Random forest,recall,70,150,5,0.9450420015780298,0.01042709869057955
Cl,Random forest,recall,71,150,5,0.9479035691570135,0.009400191927493551
Cl,Random forest,recall,72,150,5,0.9489625167402735,0.009075193871976039
Cl,Random forest,recall,73,150,5,0.9498713730326684,0.008860650369972248
Cl,Random forest,recall,74,150,5,0.950487423648719,0.008690964816096724
Cl,Random forest,recall,75,150,5,0.9509411738045547,0.008577220345687767
Cl,Random forest,recall,76,150,5,0.9517586456090132,0.008336538549961367
Cl,Random forest,recall,77,150,5,0.9522607750585113,0.0082717777980937
Cl,Random forest,recall,78,150,5,0.9552657512671487,0.007501179820367803
Cl,Random forest,recall,79,150,5,0.9565714666957843,0.007174201297597079
Cl,Random forest,recall,80,150,5,0.9565714666957843,0.007174201297597079
Cl,Random forest,recall,81,150,5,0.9569410101687762,0.007162261114897538
Cl,Random forest,recall,82,150,5,0.9593884425569721,0.006934642204386896
Cl,Random forest,recall,83,150,5,0.9600478411024275,0.006815972543997555
Cl,Random forest,recall,84,150,5,0.9615717594602232,0.006565104167050745
Cl,Random forest,recall,85,150,5,0.9620760738227029,0.006618093511183679
Cl,Random forest,recall,86,150,5,0.965099732539465,0.0064818227783490865
Cl,Random forest,recall,87,150,5,0.965988529569036,0.006265301088061528
Cl,Random forest,recall,88,150,5,0.9667077160429395,0.006395243621591327
Cl,Random forest,recall,89,150,5,0.9668592311944547,0.0063669462278914705
Cl,Random forest,recall,90,150,5,0.9675365308195747,0.006155978679516337
Cl,Random forest,recall,91,150,5,0.9675365308195747,0.006155978679516337
Cl,Random forest,recall,92,150,5,0.9676880459710897,0.006134374458544524
Cl,Random forest,recall,93,150,5,0.9676880459710897,0.006134374458544524
Cl,Random forest,recall,94,150,5,0.9680092101504194,0.006048022266627266
Cl,Random forest,recall,95,150,5,0.9680092101504194,0.006048022266627266
Cl,Random forest,recall,96,150,5,0.9686926832130422,0.00579343836162891
Cl,Random forest,recall,97,150,5,0.9691173091749941,0.0058445890938533425
Cl,Random forest,recall,98,150,5,0.9691173091749941,0.0058445890938533425
Cl,Random forest,recall,99,150,5,0.9691173091749941,0.0058445890938533425
Cl,Random forest,recall,100,150,5,0.9692520800644818,0.005926485398947734
Cl,Random forest,recall,101,150,5,0.9694384733543234,0.005760551201921199
Cl,Random forest,recall,102,150,5,0.9700061446767115,0.005924948163785031
Cl,Random forest,recall,103,150,5,0.9700061446767115,0.005924948163785031
Cl,Random forest,recall,104,150,5,0.9700061446767115,0.005924948163785031
Cl,Random forest,recall,105,150,5,0.9703273088560411,0.005845056053177195
Cl,Random forest,recall,106,150,5,0.9714354078806157,0.005662725005863807
Cl,Random forest,recall,107,150,5,0.9718683083135161,0.005763481567358269
Cl,Random forest,recall,108,150,5,0.972622372925746,0.005808711834400372
Cl,Random forest,recall,109,150,5,0.9730552733586466,0.005964268064350894
Cl,Random forest,recall,110,150,5,0.9734825037266404,0.006077854952748713
Cl,Random forest,recall,111,150,5,0.973913303126095,0.006108447616672791
Cl,Random forest,recall,112,150,5,0.9744184443859533,0.0061942228354247945
Cl,Random forest,recall,113,150,5,0.9747082994584171,0.0061757055146909896
Cl,Random forest,recall,114,150,5,0.9753193187102103,0.006071709318130393
Cl,Random forest,recall,115,150,5,0.9757955670725156,0.005905111961132352
Cl,Random forest,recall,116,150,5,0.9757955670725156,0.005905111961132352
Cl,Random forest,recall,117,150,5,0.9763380958081477,0.005665485495958896
Cl,Random forest,recall,118,150,5,0.9763380958081477,0.005665485495958896
Cl,Random forest,recall,119,150,5,0.9765244890979894,0.005494490777304065
Cl,Random forest,recall,120,150,5,0.976800204314468,0.0056160526135969596
Cl,Random forest,recall,121,150,5,0.976800204314468,0.0056160526135969596
Cl,Random forest,recall,122,150,5,0.976934975203956,0.005691661532052519
Cl,Random forest,recall,123,150,5,0.9770697460934438,0.005769428170755787
Cl,Random forest,recall,124,150,5,0.9770697460934438,0.005769428170755787
Cl,Random forest,recall,125,150,5,0.977440116463814,0.005762955585393525
Cl,Random forest,recall,126,150,5,0.9780991890845003,0.005507514815396591
Cl,Random forest,recall,127,150,5,0.9782339599739881,0.005588951132102176
Cl,Random forest,recall,128,150,5,0.9784203532638298,0.005423279267494701
Cl,Random forest,recall,129,150,5,0.9784203532638298,0.005423279267494701
Cl,Random forest,recall,130,150,5,0.9786067465536712,0.005258994788592766
Cl,Random forest,recall,131,150,5,0.9786067465536712,0.005258994788592766
Cl,Random forest,recall,132,150,5,0.9786067465536712,0.005258994788592766
Cl,Random forest,recall,133,150,5,0.9787415174431592,0.005345267766679155
Cl,Random forest,recall,134,150,5,0.9792141967740037,0.00527330629556371
Cl,Random forest,recall,135,150,5,0.9794005900638453,0.00511395700028744
Cl,Random forest,recall,136,150,5,0.9795869833536868,0.0049564945305873446
Cl,Random forest,recall,137,150,5,0.9797279276806776,0.004993261569303902
Cl,Random forest,recall,138,150,5,0.9807325649226302,0.004739838176062259
Cl,Random forest,recall,139,150,5,0.9808673358121179,0.0048346563450749535
Cl,Random forest,recall,140,150,5,0.9808673358121179,0.0048346563450749535
Cl,Random forest,recall,141,150,5,0.9813724770719763,0.004884479569246661
Cl,Random forest,recall,142,150,5,0.981507247961464,0.004981332341913194
Cl,Random forest,recall,143,150,5,0.982198782511164,0.004903383461033215
Cl,Random forest,recall,144,150,5,0.9823851758010054,0.004752450376819481
Cl,Random forest,recall,145,150,5,0.9827579623806887,0.004458639901529876
Cl,Random forest,recall,146,150,5,0.9829094775322037,0.004444454730967789
Cl,Random forest,recall,147,150,5,0.9830958708220454,0.004300014781489857
Cl,Random forest,recall,148,150,5,0.9834170350013748,0.004267811694048267
Cl,Random forest,recall,149,150,5,0.9839737986615866,0.004101438364629851
Cl,Random forest,recall,150,150,5,0.9839737986615866,0.004101438364629851
Br,UltraMS,hit_rate,5,108,5,0.927288688473101,0.01572412194755209
Br,UltraMS,hit_rate,6,108,5,0.9550533943554539,0.023893974065598785
Br,UltraMS,hit_rate,7,108,5,0.9724446987032799,0.01140193017449467
Br,UltraMS,hit_rate,8,108,5,0.9916666666666668,0.008333333333333326
Br,UltraMS,hit_rate,9,108,5,0.9916666666666668,0.008333333333333326
Br,UltraMS,hit_rate,10,108,5,0.9916666666666668,0.008333333333333326
Br,UltraMS,hit_rate,11,108,5,0.9916666666666668,0.008333333333333326
Br,UltraMS,hit_rate,12,108,5,0.9916666666666668,0.008333333333333326
Br,UltraMS,hit_rate,13,108,5,0.9916666666666668,0.008333333333333326
Br,UltraMS,hit_rate,14,108,5,1.0,0.0
Br,UltraMS,hit_rate,15,108,5,1.0,0.0
Br,UltraMS,hit_rate,16,108,5,1.0,0.0
Br,UltraMS,hit_rate,17,108,5,1.0,0.0
Br,UltraMS,hit_rate,18,108,5,1.0,0.0
Br,UltraMS,hit_rate,19,108,5,1.0,0.0
Br,UltraMS,hit_rate,20,108,5,1.0,0.0
Br,UltraMS,hit_rate,21,108,5,1.0,0.0
Br,UltraMS,hit_rate,22,108,5,1.0,0.0
Br,UltraMS,hit_rate,23,108,5,1.0,0.0
Br,UltraMS,hit_rate,24,108,5,1.0,0.0
Br,UltraMS,hit_rate,25,108,5,1.0,0.0
Br,UltraMS,hit_rate,26,108,5,1.0,0.0
Br,UltraMS,hit_rate,27,108,5,1.0,0.0
Br,UltraMS,hit_rate,28,108,5,1.0,0.0
Br,UltraMS,hit_rate,29,108,5,1.0,0.0
Br,UltraMS,hit_rate,30,108,5,1.0,0.0
Br,UltraMS,hit_rate,31,108,5,1.0,0.0
Br,UltraMS,hit_rate,32,108,5,1.0,0.0
Br,UltraMS,hit_rate,33,108,5,1.0,0.0
Br,UltraMS,hit_rate,34,108,5,1.0,0.0
Br,UltraMS,hit_rate,35,108,5,1.0,0.0
Br,UltraMS,hit_rate,36,108,5,1.0,0.0
Br,UltraMS,hit_rate,37,108,5,1.0,0.0
Br,UltraMS,hit_rate,38,108,5,1.0,0.0
Br,UltraMS,hit_rate,39,108,5,1.0,0.0
Br,UltraMS,hit_rate,40,108,5,1.0,0.0
Br,UltraMS,hit_rate,41,108,5,1.0,0.0
Br,UltraMS,hit_rate,42,108,5,1.0,0.0
Br,UltraMS,hit_rate,43,108,5,1.0,0.0
Br,UltraMS,hit_rate,44,108,5,1.0,0.0
Br,UltraMS,hit_rate,45,108,5,1.0,0.0
Br,UltraMS,hit_rate,46,108,5,1.0,0.0
Br,UltraMS,hit_rate,47,108,5,1.0,0.0
Br,UltraMS,hit_rate,48,108,5,1.0,0.0
Br,UltraMS,hit_rate,49,108,5,1.0,0.0
Br,UltraMS,hit_rate,50,108,5,1.0,0.0
Br,UltraMS,hit_rate,51,108,5,1.0,0.0
Br,UltraMS,hit_rate,52,108,5,1.0,0.0
Br,UltraMS,hit_rate,53,108,5,1.0,0.0
Br,UltraMS,hit_rate,54,108,5,1.0,0.0
Br,UltraMS,hit_rate,55,108,5,1.0,0.0
Br,UltraMS,hit_rate,56,108,5,1.0,0.0
Br,UltraMS,hit_rate,57,108,5,1.0,0.0
Br,UltraMS,hit_rate,58,108,5,1.0,0.0
Br,UltraMS,hit_rate,59,108,5,1.0,0.0
Br,UltraMS,hit_rate,60,108,5,1.0,0.0
Br,UltraMS,hit_rate,61,108,5,1.0,0.0
Br,UltraMS,hit_rate,62,108,5,1.0,0.0
Br,UltraMS,hit_rate,63,108,5,1.0,0.0
Br,UltraMS,hit_rate,64,108,5,1.0,0.0
Br,UltraMS,hit_rate,65,108,5,1.0,0.0
Br,UltraMS,hit_rate,66,108,5,1.0,0.0
Br,UltraMS,hit_rate,67,108,5,1.0,0.0
Br,UltraMS,hit_rate,68,108,5,1.0,0.0
Br,UltraMS,hit_rate,69,108,5,1.0,0.0
Br,UltraMS,hit_rate,70,108,5,1.0,0.0
Br,UltraMS,hit_rate,71,108,5,1.0,0.0
Br,UltraMS,hit_rate,72,108,5,1.0,0.0
Br,UltraMS,hit_rate,73,108,5,1.0,0.0
Br,UltraMS,hit_rate,74,108,5,1.0,0.0
Br,UltraMS,hit_rate,75,108,5,1.0,0.0
Br,UltraMS,hit_rate,76,108,5,1.0,0.0
Br,UltraMS,hit_rate,77,108,5,1.0,0.0
Br,UltraMS,hit_rate,78,108,5,1.0,0.0
Br,UltraMS,hit_rate,79,108,5,1.0,0.0
Br,UltraMS,hit_rate,80,108,5,1.0,0.0
Br,UltraMS,hit_rate,81,108,5,1.0,0.0
Br,UltraMS,hit_rate,82,108,5,1.0,0.0
Br,UltraMS,hit_rate,83,108,5,1.0,0.0
Br,UltraMS,hit_rate,84,108,5,1.0,0.0
Br,UltraMS,hit_rate,85,108,5,1.0,0.0
Br,UltraMS,hit_rate,86,108,5,1.0,0.0
Br,UltraMS,hit_rate,87,108,5,1.0,0.0
Br,UltraMS,hit_rate,88,108,5,1.0,0.0
Br,UltraMS,hit_rate,89,108,5,1.0,0.0
Br,UltraMS,hit_rate,90,108,5,1.0,0.0
Br,UltraMS,hit_rate,91,108,5,1.0,0.0
Br,UltraMS,hit_rate,92,108,5,1.0,0.0
Br,UltraMS,hit_rate,93,108,5,1.0,0.0
Br,UltraMS,hit_rate,94,108,5,1.0,0.0
Br,UltraMS,hit_rate,95,108,5,1.0,0.0
Br,UltraMS,hit_rate,96,108,5,1.0,0.0
Br,UltraMS,hit_rate,97,108,5,1.0,0.0
Br,UltraMS,hit_rate,98,108,5,1.0,0.0
Br,UltraMS,hit_rate,99,108,5,1.0,0.0
Br,UltraMS,hit_rate,100,108,5,1.0,0.0
Br,UltraMS,hit_rate,101,108,5,1.0,0.0
Br,UltraMS,hit_rate,102,108,5,1.0,0.0
Br,UltraMS,hit_rate,103,108,5,1.0,0.0
Br,UltraMS,hit_rate,104,108,5,1.0,0.0
Br,UltraMS,hit_rate,105,108,5,1.0,0.0
Br,UltraMS,hit_rate,106,108,5,1.0,0.0
Br,UltraMS,hit_rate,107,108,5,1.0,0.0
Br,UltraMS,hit_rate,108,108,5,1.0,0.0
Br,UltraMS,hit_rate,109,108,5,1.0,0.0
Br,UltraMS,hit_rate,110,108,5,1.0,0.0
Br,UltraMS,hit_rate,111,108,5,1.0,0.0
Br,UltraMS,hit_rate,112,108,5,1.0,0.0
Br,UltraMS,hit_rate,113,108,5,1.0,0.0
Br,UltraMS,hit_rate,114,108,5,1.0,0.0
Br,UltraMS,hit_rate,115,108,5,1.0,0.0
Br,UltraMS,hit_rate,116,108,5,1.0,0.0
Br,UltraMS,hit_rate,117,108,5,1.0,0.0
Br,UltraMS,hit_rate,118,108,5,1.0,0.0
Br,UltraMS,hit_rate,119,108,5,1.0,0.0
Br,UltraMS,hit_rate,120,108,5,1.0,0.0
Br,UltraMS,hit_rate,121,108,5,1.0,0.0
Br,UltraMS,hit_rate,122,108,5,1.0,0.0
Br,UltraMS,hit_rate,123,108,5,1.0,0.0
Br,UltraMS,hit_rate,124,108,5,1.0,0.0
Br,UltraMS,hit_rate,125,108,5,1.0,0.0
Br,UltraMS,hit_rate,126,108,5,1.0,0.0
Br,UltraMS,hit_rate,127,108,5,1.0,0.0
Br,UltraMS,hit_rate,128,108,5,1.0,0.0
Br,UltraMS,hit_rate,129,108,5,1.0,0.0
Br,UltraMS,hit_rate,130,108,5,1.0,0.0
Br,UltraMS,hit_rate,131,108,5,1.0,0.0
Br,UltraMS,hit_rate,132,108,5,1.0,0.0
Br,UltraMS,hit_rate,133,108,5,1.0,0.0
Br,UltraMS,hit_rate,134,108,5,1.0,0.0
Br,UltraMS,hit_rate,135,108,5,1.0,0.0
Br,UltraMS,hit_rate,136,108,5,1.0,0.0
Br,UltraMS,hit_rate,137,108,5,1.0,0.0
Br,UltraMS,hit_rate,138,108,5,1.0,0.0
Br,UltraMS,hit_rate,139,108,5,1.0,0.0
Br,UltraMS,hit_rate,140,108,5,1.0,0.0
Br,UltraMS,hit_rate,141,108,5,1.0,0.0
Br,UltraMS,hit_rate,142,108,5,1.0,0.0
Br,UltraMS,hit_rate,143,108,5,1.0,0.0
Br,UltraMS,hit_rate,144,108,5,1.0,0.0
Br,UltraMS,hit_rate,145,108,5,1.0,0.0
Br,UltraMS,hit_rate,146,108,5,1.0,0.0
Br,UltraMS,hit_rate,147,108,5,1.0,0.0
Br,UltraMS,hit_rate,148,108,5,1.0,0.0
Br,UltraMS,hit_rate,149,108,5,1.0,0.0
Br,UltraMS,hit_rate,150,108,5,1.0,0.0
Br,UltraMS,recall,5,108,5,0.6651975094726744,0.035624942163357744
Br,UltraMS,recall,6,108,5,0.7072454191568541,0.03506905723306729
Br,UltraMS,recall,7,108,5,0.7615042684099825,0.03261822378593747
Br,UltraMS,recall,8,108,5,0.8137390382098619,0.025663183263682846
Br,UltraMS,recall,9,108,5,0.8375688271005204,0.021162019661776124
Br,UltraMS,recall,10,108,5,0.851472342846875,0.02127810298071512
Br,UltraMS,recall,11,108,5,0.863800762158428,0.01752735155823673
Br,UltraMS,recall,12,108,5,0.8752439711761693,0.015875658044565213
Br,UltraMS,recall,13,108,5,0.894980991914563,0.013950121862089045
Br,UltraMS,recall,14,108,5,0.9205568995703202,0.01861725236093585
Br,UltraMS,recall,15,108,5,0.9344501901004525,0.0172169839918474
Br,UltraMS,recall,16,108,5,0.944751518628393,0.01413602046653316
Br,UltraMS,recall,17,108,5,0.9506167710086139,0.013924998824941782
Br,UltraMS,recall,18,108,5,0.956982657967609,0.01162638836361353
Br,UltraMS,recall,19,108,5,0.9622036938752109,0.010253787295333123
Br,UltraMS,recall,20,108,5,0.9661331774306469,0.009363461208453897
Br,UltraMS,recall,21,108,5,0.9681927759736213,0.009215589973748483
Br,UltraMS,recall,22,108,5,0.9742466414557409,0.006421436690615617
Br,UltraMS,recall,23,108,5,0.9780697689676152,0.005467816497936125
Br,UltraMS,recall,24,108,5,0.9811771257951902,0.006037090672354154
Br,UltraMS,recall,25,108,5,0.983065252587409,0.006240782782867525
Br,UltraMS,recall,26,108,5,0.9856526907247194,0.006581799078297901
Br,UltraMS,recall,27,108,5,0.9867832417593624,0.006845650545603253
Br,UltraMS,recall,28,108,5,0.987690007627765,0.007076824703660336
Br,UltraMS,recall,29,108,5,0.987690007627765,0.007076824703660336
Br,UltraMS,recall,30,108,5,0.9890053394355454,0.006742099008079462
Br,UltraMS,recall,31,108,5,0.9890053394355454,0.006742099008079462
Br,UltraMS,recall,32,108,5,0.9899206712433257,0.006824921868668279
Br,UltraMS,recall,33,108,5,0.990454004576659,0.0063066668044120715
Br,UltraMS,recall,34,108,5,0.9913693363844394,0.006425845520230302
Br,UltraMS,recall,35,108,5,0.9917693363844394,0.0060313865216031345
Br,UltraMS,recall,36,108,5,0.9926846681922197,0.00619272758570854
Br,UltraMS,recall,37,108,5,0.9926846681922197,0.00619272758570854
Br,UltraMS,recall,38,108,5,0.9936,0.0064000000000000055
Br,UltraMS,recall,39,108,5,0.9936,0.0064000000000000055
Br,UltraMS,recall,40,108,5,0.994,0.0060000000000000045
Br,UltraMS,recall,41,108,5,0.994,0.0060000000000000045
Br,UltraMS,recall,42,108,5,0.994,0.0060000000000000045
Br,UltraMS,recall,43,108,5,0.994,0.0060000000000000045
Br,UltraMS,recall,44,108,5,0.9944,0.005600000000000005
Br,UltraMS,recall,45,108,5,0.9944,0.005600000000000005
Br,UltraMS,recall,46,108,5,0.9944,0.005600000000000005
Br,UltraMS,recall,47,108,5,0.9948,0.0051999999999999815
Br,UltraMS,recall,48,108,5,0.9948,0.0051999999999999815
Br,UltraMS,recall,49,108,5,0.9952,0.004800000000000004
Br,UltraMS,recall,50,108,5,0.9955999999999999,0.004400000000000004
Br,UltraMS,recall,51,108,5,0.9955999999999999,0.004400000000000004
Br,UltraMS,recall,52,108,5,0.9955999999999999,0.004400000000000004
Br,UltraMS,recall,53,108,5,0.9955999999999999,0.004400000000000004
Br,UltraMS,recall,54,108,5,0.9955999999999999,0.004400000000000004
Br,UltraMS,recall,55,108,5,0.9955999999999999,0.004400000000000004
Br,UltraMS,recall,56,108,5,0.9955999999999999,0.004400000000000004
Br,UltraMS,recall,57,108,5,0.9955999999999999,0.004400000000000004
Br,UltraMS,recall,58,108,5,0.9960000000000001,0.0040000000000000036
Br,UltraMS,recall,59,108,5,0.9960000000000001,0.0040000000000000036
Br,UltraMS,recall,60,108,5,0.9960000000000001,0.0040000000000000036
Br,UltraMS,recall,61,108,5,0.9960000000000001,0.0040000000000000036
Br,UltraMS,recall,62,108,5,0.9964000000000001,0.003600000000000003
Br,UltraMS,recall,63,108,5,0.9964000000000001,0.003600000000000003
Br,UltraMS,recall,64,108,5,0.9964000000000001,0.003600000000000003
Br,UltraMS,recall,65,108,5,0.9964000000000001,0.003600000000000003
Br,UltraMS,recall,66,108,5,0.9968,0.0031999999999999806
Br,UltraMS,recall,67,108,5,0.9968,0.0031999999999999806
Br,UltraMS,recall,68,108,5,0.9968,0.0031999999999999806
Br,UltraMS,recall,69,108,5,0.9968,0.0031999999999999806
Br,UltraMS,recall,70,108,5,0.9972,0.0028000000000000026
Br,UltraMS,recall,71,108,5,0.9972,0.0028000000000000026
Br,UltraMS,recall,72,108,5,0.9972,0.0028000000000000026
Br,UltraMS,recall,73,108,5,0.9972,0.0028000000000000026
Br,UltraMS,recall,74,108,5,0.9975999999999999,0.0024000000000000015
Br,UltraMS,recall,75,108,5,0.9975999999999999,0.0024000000000000015
Br,UltraMS,recall,76,108,5,0.9975999999999999,0.0024000000000000015
Br,UltraMS,recall,77,108,5,0.9975999999999999,0.0024000000000000015
Br,UltraMS,recall,78,108,5,0.9975999999999999,0.0024000000000000015
Br,UltraMS,recall,79,108,5,0.9975999999999999,0.0024000000000000015
Br,UltraMS,recall,80,108,5,0.998,0.0020000000000000018
Br,UltraMS,recall,81,108,5,0.998,0.0020000000000000018
Br,UltraMS,recall,82,108,5,0.998,0.0020000000000000018
Br,UltraMS,recall,83,108,5,0.998,0.0020000000000000018
Br,UltraMS,recall,84,108,5,0.998,0.0020000000000000018
Br,UltraMS,recall,85,108,5,0.9984,0.0016000000000000014
Br,UltraMS,recall,86,108,5,0.9984,0.0016000000000000014
Br,UltraMS,recall,87,108,5,0.9987999999999999,0.0011999999999999789
Br,UltraMS,recall,88,108,5,0.9992000000000001,0.0008000000000000006
Br,UltraMS,recall,89,108,5,0.9992000000000001,0.0008000000000000006
Br,UltraMS,recall,90,108,5,0.9992000000000001,0.0008000000000000006
Br,UltraMS,recall,91,108,5,0.9992000000000001,0.0008000000000000006
Br,UltraMS,recall,92,108,5,0.9992000000000001,0.0008000000000000006
Br,UltraMS,recall,93,108,5,0.9992000000000001,0.0008000000000000006
Br,UltraMS,recall,94,108,5,0.9996,0.0004000000000000003
Br,UltraMS,recall,95,108,5,0.9996,0.0004000000000000003
Br,UltraMS,recall,96,108,5,1.0,0.0
Br,UltraMS,recall,97,108,5,1.0,0.0
Br,UltraMS,recall,98,108,5,1.0,0.0
Br,UltraMS,recall,99,108,5,1.0,0.0
Br,UltraMS,recall,100,108,5,1.0,0.0
Br,UltraMS,recall,101,108,5,1.0,0.0
Br,UltraMS,recall,102,108,5,1.0,0.0
Br,UltraMS,recall,103,108,5,1.0,0.0
Br,UltraMS,recall,104,108,5,1.0,0.0
Br,UltraMS,recall,105,108,5,1.0,0.0
Br,UltraMS,recall,106,108,5,1.0,0.0
Br,UltraMS,recall,107,108,5,1.0,0.0
Br,UltraMS,recall,108,108,5,1.0,0.0
Br,UltraMS,recall,109,108,5,1.0,0.0
Br,UltraMS,recall,110,108,5,1.0,0.0
Br,UltraMS,recall,111,108,5,1.0,0.0
Br,UltraMS,recall,112,108,5,1.0,0.0
Br,UltraMS,recall,113,108,5,1.0,0.0
Br,UltraMS,recall,114,108,5,1.0,0.0
Br,UltraMS,recall,115,108,5,1.0,0.0
Br,UltraMS,recall,116,108,5,1.0,0.0
Br,UltraMS,recall,117,108,5,1.0,0.0
Br,UltraMS,recall,118,108,5,1.0,0.0
Br,UltraMS,recall,119,108,5,1.0,0.0
Br,UltraMS,recall,120,108,5,1.0,0.0
Br,UltraMS,recall,121,108,5,1.0,0.0
Br,UltraMS,recall,122,108,5,1.0,0.0
Br,UltraMS,recall,123,108,5,1.0,0.0
Br,UltraMS,recall,124,108,5,1.0,0.0
Br,UltraMS,recall,125,108,5,1.0,0.0
Br,UltraMS,recall,126,108,5,1.0,0.0
Br,UltraMS,recall,127,108,5,1.0,0.0
Br,UltraMS,recall,128,108,5,1.0,0.0
Br,UltraMS,recall,129,108,5,1.0,0.0
Br,UltraMS,recall,130,108,5,1.0,0.0
Br,UltraMS,recall,131,108,5,1.0,0.0
Br,UltraMS,recall,132,108,5,1.0,0.0
Br,UltraMS,recall,133,108,5,1.0,0.0
Br,UltraMS,recall,134,108,5,1.0,0.0
Br,UltraMS,recall,135,108,5,1.0,0.0
Br,UltraMS,recall,136,108,5,1.0,0.0
Br,UltraMS,recall,137,108,5,1.0,0.0
Br,UltraMS,recall,138,108,5,1.0,0.0
Br,UltraMS,recall,139,108,5,1.0,0.0
Br,UltraMS,recall,140,108,5,1.0,0.0
Br,UltraMS,recall,141,108,5,1.0,0.0
Br,UltraMS,recall,142,108,5,1.0,0.0
Br,UltraMS,recall,143,108,5,1.0,0.0
Br,UltraMS,recall,144,108,5,1.0,0.0
Br,UltraMS,recall,145,108,5,1.0,0.0
Br,UltraMS,recall,146,108,5,1.0,0.0
Br,UltraMS,recall,147,108,5,1.0,0.0
Br,UltraMS,recall,148,108,5,1.0,0.0
Br,UltraMS,recall,149,108,5,1.0,0.0
Br,UltraMS,recall,150,108,5,1.0,0.0
Br,DreaMS,hit_rate,5,108,5,0.8384259433750616,0.032708625036345855
Br,DreaMS,hit_rate,6,108,5,0.866523982590748,0.024822054434615964
Br,DreaMS,hit_rate,7,108,5,0.8905239825907479,0.019845568655648623
Br,DreaMS,hit_rate,8,108,5,0.929148337595908,0.025098455928121623
Br,DreaMS,hit_rate,9,108,5,0.946539641943734,0.020353767910607973
Br,DreaMS,hit_rate,10,108,5,0.9548729752770674,0.013624920960178605
Br,DreaMS,hit_rate,11,108,5,0.9632063086104008,0.009792342062664196
Br,DreaMS,hit_rate,12,108,5,0.9632063086104008,0.009792342062664196
Br,DreaMS,hit_rate,13,108,5,0.9632063086104008,0.009792342062664196
Br,DreaMS,hit_rate,14,108,5,0.9632063086104008,0.009792342062664196
Br,DreaMS,hit_rate,15,108,5,0.9632063086104008,0.009792342062664196
Br,DreaMS,hit_rate,16,108,5,0.9632063086104008,0.009792342062664196
Br,DreaMS,hit_rate,17,108,5,0.9632063086104008,0.009792342062664196
Br,DreaMS,hit_rate,18,108,5,0.9632063086104008,0.009792342062664196
Br,DreaMS,hit_rate,19,108,5,0.9632063086104008,0.009792342062664196
Br,DreaMS,hit_rate,20,108,5,0.9712063086104008,0.01212702472293265
Br,DreaMS,hit_rate,21,108,5,0.9712063086104008,0.01212702472293265
Br,DreaMS,hit_rate,22,108,5,0.9712063086104008,0.01212702472293265
Br,DreaMS,hit_rate,23,108,5,0.9829710144927537,0.010432014528179679
Br,DreaMS,hit_rate,24,108,5,0.9829710144927537,0.010432014528179679
Br,DreaMS,hit_rate,25,108,5,0.9829710144927537,0.010432014528179679
Br,DreaMS,hit_rate,26,108,5,0.9829710144927537,0.010432014528179679
Br,DreaMS,hit_rate,27,108,5,0.9913043478260869,0.008695652173913038
Br,DreaMS,hit_rate,28,108,5,0.9913043478260869,0.008695652173913038
Br,DreaMS,hit_rate,29,108,5,0.9913043478260869,0.008695652173913038
Br,DreaMS,hit_rate,30,108,5,0.9913043478260869,0.008695652173913038
Br,DreaMS,hit_rate,31,108,5,0.9913043478260869,0.008695652173913038
Br,DreaMS,hit_rate,32,108,5,0.9913043478260869,0.008695652173913038
Br,DreaMS,hit_rate,33,108,5,0.9913043478260869,0.008695652173913038
Br,DreaMS,hit_rate,34,108,5,0.9913043478260869,0.008695652173913038
Br,DreaMS,hit_rate,35,108,5,0.9913043478260869,0.008695652173913038
Br,DreaMS,hit_rate,36,108,5,0.9913043478260869,0.008695652173913038
Br,DreaMS,hit_rate,37,108,5,0.9913043478260869,0.008695652173913038
Br,DreaMS,hit_rate,38,108,5,0.9913043478260869,0.008695652173913038
Br,DreaMS,hit_rate,39,108,5,0.9913043478260869,0.008695652173913038
Br,DreaMS,hit_rate,40,108,5,0.9913043478260869,0.008695652173913038
Br,DreaMS,hit_rate,41,108,5,1.0,0.0
Br,DreaMS,hit_rate,42,108,5,1.0,0.0
Br,DreaMS,hit_rate,43,108,5,1.0,0.0
Br,DreaMS,hit_rate,44,108,5,1.0,0.0
Br,DreaMS,hit_rate,45,108,5,1.0,0.0
Br,DreaMS,hit_rate,46,108,5,1.0,0.0
Br,DreaMS,hit_rate,47,108,5,1.0,0.0
Br,DreaMS,hit_rate,48,108,5,1.0,0.0
Br,DreaMS,hit_rate,49,108,5,1.0,0.0
Br,DreaMS,hit_rate,50,108,5,1.0,0.0
Br,DreaMS,hit_rate,51,108,5,1.0,0.0
Br,DreaMS,hit_rate,52,108,5,1.0,0.0
Br,DreaMS,hit_rate,53,108,5,1.0,0.0
Br,DreaMS,hit_rate,54,108,5,1.0,0.0
Br,DreaMS,hit_rate,55,108,5,1.0,0.0
Br,DreaMS,hit_rate,56,108,5,1.0,0.0
Br,DreaMS,hit_rate,57,108,5,1.0,0.0
Br,DreaMS,hit_rate,58,108,5,1.0,0.0
Br,DreaMS,hit_rate,59,108,5,1.0,0.0
Br,DreaMS,hit_rate,60,108,5,1.0,0.0
Br,DreaMS,hit_rate,61,108,5,1.0,0.0
Br,DreaMS,hit_rate,62,108,5,1.0,0.0
Br,DreaMS,hit_rate,63,108,5,1.0,0.0
Br,DreaMS,hit_rate,64,108,5,1.0,0.0
Br,DreaMS,hit_rate,65,108,5,1.0,0.0
Br,DreaMS,hit_rate,66,108,5,1.0,0.0
Br,DreaMS,hit_rate,67,108,5,1.0,0.0
Br,DreaMS,hit_rate,68,108,5,1.0,0.0
Br,DreaMS,hit_rate,69,108,5,1.0,0.0
Br,DreaMS,hit_rate,70,108,5,1.0,0.0
Br,DreaMS,hit_rate,71,108,5,1.0,0.0
Br,DreaMS,hit_rate,72,108,5,1.0,0.0
Br,DreaMS,hit_rate,73,108,5,1.0,0.0
Br,DreaMS,hit_rate,74,108,5,1.0,0.0
Br,DreaMS,hit_rate,75,108,5,1.0,0.0
Br,DreaMS,hit_rate,76,108,5,1.0,0.0
Br,DreaMS,hit_rate,77,108,5,1.0,0.0
Br,DreaMS,hit_rate,78,108,5,1.0,0.0
Br,DreaMS,hit_rate,79,108,5,1.0,0.0
Br,DreaMS,hit_rate,80,108,5,1.0,0.0
Br,DreaMS,hit_rate,81,108,5,1.0,0.0
Br,DreaMS,hit_rate,82,108,5,1.0,0.0
Br,DreaMS,hit_rate,83,108,5,1.0,0.0
Br,DreaMS,hit_rate,84,108,5,1.0,0.0
Br,DreaMS,hit_rate,85,108,5,1.0,0.0
Br,DreaMS,hit_rate,86,108,5,1.0,0.0
Br,DreaMS,hit_rate,87,108,5,1.0,0.0
Br,DreaMS,hit_rate,88,108,5,1.0,0.0
Br,DreaMS,hit_rate,89,108,5,1.0,0.0
Br,DreaMS,hit_rate,90,108,5,1.0,0.0
Br,DreaMS,hit_rate,91,108,5,1.0,0.0
Br,DreaMS,hit_rate,92,108,5,1.0,0.0
Br,DreaMS,hit_rate,93,108,5,1.0,0.0
Br,DreaMS,hit_rate,94,108,5,1.0,0.0
Br,DreaMS,hit_rate,95,108,5,1.0,0.0
Br,DreaMS,hit_rate,96,108,5,1.0,0.0
Br,DreaMS,hit_rate,97,108,5,1.0,0.0
Br,DreaMS,hit_rate,98,108,5,1.0,0.0
Br,DreaMS,hit_rate,99,108,5,1.0,0.0
Br,DreaMS,hit_rate,100,108,5,1.0,0.0
Br,DreaMS,hit_rate,101,108,5,1.0,0.0
Br,DreaMS,hit_rate,102,108,5,1.0,0.0
Br,DreaMS,hit_rate,103,108,5,1.0,0.0
Br,DreaMS,hit_rate,104,108,5,1.0,0.0
Br,DreaMS,hit_rate,105,108,5,1.0,0.0
Br,DreaMS,hit_rate,106,108,5,1.0,0.0
Br,DreaMS,hit_rate,107,108,5,1.0,0.0
Br,DreaMS,hit_rate,108,108,5,1.0,0.0
Br,DreaMS,hit_rate,109,108,5,1.0,0.0
Br,DreaMS,hit_rate,110,108,5,1.0,0.0
Br,DreaMS,hit_rate,111,108,5,1.0,0.0
Br,DreaMS,hit_rate,112,108,5,1.0,0.0
Br,DreaMS,hit_rate,113,108,5,1.0,0.0
Br,DreaMS,hit_rate,114,108,5,1.0,0.0
Br,DreaMS,hit_rate,115,108,5,1.0,0.0
Br,DreaMS,hit_rate,116,108,5,1.0,0.0
Br,DreaMS,hit_rate,117,108,5,1.0,0.0
Br,DreaMS,hit_rate,118,108,5,1.0,0.0
Br,DreaMS,hit_rate,119,108,5,1.0,0.0
Br,DreaMS,hit_rate,120,108,5,1.0,0.0
Br,DreaMS,hit_rate,121,108,5,1.0,0.0
Br,DreaMS,hit_rate,122,108,5,1.0,0.0
Br,DreaMS,hit_rate,123,108,5,1.0,0.0
Br,DreaMS,hit_rate,124,108,5,1.0,0.0
Br,DreaMS,hit_rate,125,108,5,1.0,0.0
Br,DreaMS,hit_rate,126,108,5,1.0,0.0
Br,DreaMS,hit_rate,127,108,5,1.0,0.0
Br,DreaMS,hit_rate,128,108,5,1.0,0.0
Br,DreaMS,hit_rate,129,108,5,1.0,0.0
Br,DreaMS,hit_rate,130,108,5,1.0,0.0
Br,DreaMS,hit_rate,131,108,5,1.0,0.0
Br,DreaMS,hit_rate,132,108,5,1.0,0.0
Br,DreaMS,hit_rate,133,108,5,1.0,0.0
Br,DreaMS,hit_rate,134,108,5,1.0,0.0
Br,DreaMS,hit_rate,135,108,5,1.0,0.0
Br,DreaMS,hit_rate,136,108,5,1.0,0.0
Br,DreaMS,hit_rate,137,108,5,1.0,0.0
Br,DreaMS,hit_rate,138,108,5,1.0,0.0
Br,DreaMS,hit_rate,139,108,5,1.0,0.0
Br,DreaMS,hit_rate,140,108,5,1.0,0.0
Br,DreaMS,hit_rate,141,108,5,1.0,0.0
Br,DreaMS,hit_rate,142,108,5,1.0,0.0
Br,DreaMS,hit_rate,143,108,5,1.0,0.0
Br,DreaMS,hit_rate,144,108,5,1.0,0.0
Br,DreaMS,hit_rate,145,108,5,1.0,0.0
Br,DreaMS,hit_rate,146,108,5,1.0,0.0
Br,DreaMS,hit_rate,147,108,5,1.0,0.0
Br,DreaMS,hit_rate,148,108,5,1.0,0.0
Br,DreaMS,hit_rate,149,108,5,1.0,0.0
Br,DreaMS,hit_rate,150,108,5,1.0,0.0
Br,DreaMS,recall,5,108,5,0.5617925958822042,0.03802098028347262
Br,DreaMS,recall,6,108,5,0.619329754607975,0.03317043074953098
Br,DreaMS,recall,7,108,5,0.6355560918070677,0.030839332855508068
Br,DreaMS,recall,8,108,5,0.6749815270865547,0.018595317855558884
Br,DreaMS,recall,9,108,5,0.7041357498874796,0.02255429365606499
Br,DreaMS,recall,10,108,5,0.7280982574959826,0.026151175374876063
Br,DreaMS,recall,11,108,5,0.7553490761757151,0.028798237756930942
Br,DreaMS,recall,12,108,5,0.7669836954876933,0.030525843209935153
Br,DreaMS,recall,13,108,5,0.7824635408100075,0.02959222812104492
Br,DreaMS,recall,14,108,5,0.7955429449378837,0.025147207027399872
Br,DreaMS,recall,15,108,5,0.807149634030089,0.027336139836877237
Br,DreaMS,recall,16,108,5,0.8196113499638065,0.021261904222769235
Br,DreaMS,recall,17,108,5,0.8273833907635764,0.020042867918726767
Br,DreaMS,recall,18,108,5,0.8425691923791397,0.020686269990099763
Br,DreaMS,recall,19,108,5,0.8554360269654119,0.01813631853443249
Br,DreaMS,recall,20,108,5,0.8677164002681433,0.02015898644648121
Br,DreaMS,recall,21,108,5,0.8779077357524793,0.02269865754892096
Br,DreaMS,recall,22,108,5,0.883282131887745,0.024541707600909034
Br,DreaMS,recall,23,108,5,0.899516231170155,0.020097623537695595
Br,DreaMS,recall,24,108,5,0.9093104650692483,0.020212409221440544
Br,DreaMS,recall,25,108,5,0.9164011049449197,0.01790725967036753
Br,DreaMS,recall,26,108,5,0.9187040398616654,0.01724796191859821
Br,DreaMS,recall,27,108,5,0.9325860053588146,0.0181477781010134
Br,DreaMS,recall,28,108,5,0.9367572931458247,0.01607066195736805
Br,DreaMS,recall,29,108,5,0.94034153251663,0.01571960963919433
Br,DreaMS,recall,30,108,5,0.9425816317183662,0.015864094183439693
Br,DreaMS,recall,31,108,5,0.9429768886353622,0.015490534424150574
Br,DreaMS,recall,32,108,5,0.9433768886353622,0.015673372717831185
Br,DreaMS,recall,33,108,5,0.947933373572679,0.016417605973725755
Br,DreaMS,recall,34,108,5,0.9506674378661726,0.015846226047952706
Br,DreaMS,recall,35,108,5,0.9528065683009552,0.014433663351936432
Br,DreaMS,recall,36,108,5,0.9539063125464796,0.014388536226110867
Br,DreaMS,recall,37,108,5,0.9543063125464796,0.014601668131443358
Br,DreaMS,recall,38,108,5,0.9548178214978862,0.014605670861563723
Br,DreaMS,recall,39,108,5,0.9579718830901628,0.014447273203585497
Br,DreaMS,recall,40,108,5,0.9592876725638471,0.014925965086417617
Br,DreaMS,recall,41,108,5,0.9656854691406718,0.009260951742490257
Br,DreaMS,recall,42,108,5,0.9696985297229206,0.008170493995485648
Br,DreaMS,recall,43,108,5,0.9702100386743272,0.00801532655783677
Br,DreaMS,recall,44,108,5,0.971307651632554,0.007837234353755914
Br,DreaMS,recall,45,108,5,0.9736271738790517,0.007112560968322546
Br,DreaMS,recall,46,108,5,0.9748739769481054,0.006601810908338879
Br,DreaMS,recall,47,108,5,0.9748739769481054,0.006601810908338879
Br,DreaMS,recall,48,108,5,0.9758969948509186,0.00615289090197789
Br,DreaMS,recall,49,108,5,0.9813801150555224,0.0036268883866712705
Br,DreaMS,recall,50,108,5,0.9817801150555223,0.0038260026605148193
Br,DreaMS,recall,51,108,5,0.982932947730094,0.0034256277038582136
Br,DreaMS,recall,52,108,5,0.9863803417583199,0.0029673898152104013
Br,DreaMS,recall,53,108,5,0.9863803417583199,0.0029673898152104013
Br,DreaMS,recall,54,108,5,0.9869685770524376,0.00282256859859299
Br,DreaMS,recall,55,108,5,0.9869685770524376,0.00282256859859299
Br,DreaMS,recall,56,108,5,0.9869685770524376,0.00282256859859299
Br,DreaMS,recall,57,108,5,0.9875568123465552,0.0027965024932231617
Br,DreaMS,recall,58,108,5,0.9875568123465552,0.0027965024932231617
Br,DreaMS,recall,59,108,5,0.9875568123465552,0.0027965024932231617
Br,DreaMS,recall,60,108,5,0.9889073664812524,0.002642510886461366
Br,DreaMS,recall,61,108,5,0.9889073664812524,0.002642510886461366
Br,DreaMS,recall,62,108,5,0.9893073664812526,0.0027859272224550953
Br,DreaMS,recall,63,108,5,0.9917056789005503,0.002629377179238216
Br,DreaMS,recall,64,108,5,0.9927534371851507,0.0026332854758754063
Br,DreaMS,recall,65,108,5,0.9939062698597224,0.0021004446842041954
Br,DreaMS,recall,66,108,5,0.9939062698597224,0.0021004446842041954
Br,DreaMS,recall,67,108,5,0.9939062698597224,0.0021004446842041954
Br,DreaMS,recall,68,108,5,0.9946967836937146,0.0020786554242399335
Br,DreaMS,recall,69,108,5,0.9954872975277066,0.00234084880278678
Br,DreaMS,recall,70,108,5,0.9954872975277066,0.00234084880278678
Br,DreaMS,recall,71,108,5,0.9960755328218245,0.002328681065657774
Br,DreaMS,recall,72,108,5,0.9964378516624042,0.00199190189456054
Br,DreaMS,recall,73,108,5,0.9964378516624042,0.00199190189456054
Br,DreaMS,recall,74,108,5,0.9964378516624042,0.00199190189456054
Br,DreaMS,recall,75,108,5,0.9968001705029839,0.0016658753536903438
Br,DreaMS,recall,76,108,5,0.9972001705029839,0.0016658651186204027
Br,DreaMS,recall,77,108,5,0.9972001705029839,0.0016658651186204027
Br,DreaMS,recall,78,108,5,0.9975624893435636,0.0013314128759619448
Br,DreaMS,recall,79,108,5,0.9979248081841433,0.0010162498627780468
Br,DreaMS,recall,80,108,5,0.9979248081841433,0.0010162498627780468
Br,DreaMS,recall,81,108,5,0.9979248081841433,0.0010162498627780468
Br,DreaMS,recall,82,108,5,0.998287127024723,0.0007452631786111638
Br,DreaMS,recall,83,108,5,0.998287127024723,0.0007452631786111638
Br,DreaMS,recall,84,108,5,0.998287127024723,0.0007452631786111638
Br,DreaMS,recall,85,108,5,0.998287127024723,0.0007452631786111638
Br,DreaMS,recall,86,108,5,0.998287127024723,0.0007452631786111638
Br,DreaMS,recall,87,108,5,0.9988753623188404,0.0007349641030174531
Br,DreaMS,recall,88,108,5,0.9988753623188404,0.0007349641030174531
Br,DreaMS,recall,89,108,5,0.9988753623188404,0.0007349641030174531
Br,DreaMS,recall,90,108,5,0.9988753623188404,0.0007349641030174531
Br,DreaMS,recall,91,108,5,0.9988753623188404,0.0007349641030174531
Br,DreaMS,recall,92,108,5,0.9988753623188404,0.0007349641030174531
Br,DreaMS,recall,93,108,5,0.9988753623188404,0.0007349641030174531
Br,DreaMS,recall,94,108,5,0.9988753623188404,0.0007349641030174531
Br,DreaMS,recall,95,108,5,0.9988753623188404,0.0007349641030174531
Br,DreaMS,recall,96,108,5,0.9988753623188404,0.0007349641030174531
Br,DreaMS,recall,97,108,5,0.9988753623188404,0.0007349641030174531
Br,DreaMS,recall,98,108,5,0.9988753623188404,0.0007349641030174531
Br,DreaMS,recall,99,108,5,0.9992753623188406,0.0007246376811594457
Br,DreaMS,recall,100,108,5,0.9992753623188406,0.0007246376811594457
Br,DreaMS,recall,101,108,5,0.9996376811594203,0.0003623188405797117
Br,DreaMS,recall,102,108,5,1.0,0.0
Br,DreaMS,recall,103,108,5,1.0,0.0
Br,DreaMS,recall,104,108,5,1.0,0.0
Br,DreaMS,recall,105,108,5,1.0,0.0
Br,DreaMS,recall,106,108,5,1.0,0.0
Br,DreaMS,recall,107,108,5,1.0,0.0
Br,DreaMS,recall,108,108,5,1.0,0.0
Br,DreaMS,recall,109,108,5,1.0,0.0
Br,DreaMS,recall,110,108,5,1.0,0.0
Br,DreaMS,recall,111,108,5,1.0,0.0
Br,DreaMS,recall,112,108,5,1.0,0.0
Br,DreaMS,recall,113,108,5,1.0,0.0
Br,DreaMS,recall,114,108,5,1.0,0.0
Br,DreaMS,recall,115,108,5,1.0,0.0
Br,DreaMS,recall,116,108,5,1.0,0.0
Br,DreaMS,recall,117,108,5,1.0,0.0
Br,DreaMS,recall,118,108,5,1.0,0.0
Br,DreaMS,recall,119,108,5,1.0,0.0
Br,DreaMS,recall,120,108,5,1.0,0.0
Br,DreaMS,recall,121,108,5,1.0,0.0
Br,DreaMS,recall,122,108,5,1.0,0.0
Br,DreaMS,recall,123,108,5,1.0,0.0
Br,DreaMS,recall,124,108,5,1.0,0.0
Br,DreaMS,recall,125,108,5,1.0,0.0
Br,DreaMS,recall,126,108,5,1.0,0.0
Br,DreaMS,recall,127,108,5,1.0,0.0
Br,DreaMS,recall,128,108,5,1.0,0.0
Br,DreaMS,recall,129,108,5,1.0,0.0
Br,DreaMS,recall,130,108,5,1.0,0.0
Br,DreaMS,recall,131,108,5,1.0,0.0
Br,DreaMS,recall,132,108,5,1.0,0.0
Br,DreaMS,recall,133,108,5,1.0,0.0
Br,DreaMS,recall,134,108,5,1.0,0.0
Br,DreaMS,recall,135,108,5,1.0,0.0
Br,DreaMS,recall,136,108,5,1.0,0.0
Br,DreaMS,recall,137,108,5,1.0,0.0
Br,DreaMS,recall,138,108,5,1.0,0.0
Br,DreaMS,recall,139,108,5,1.0,0.0
Br,DreaMS,recall,140,108,5,1.0,0.0
Br,DreaMS,recall,141,108,5,1.0,0.0
Br,DreaMS,recall,142,108,5,1.0,0.0
Br,DreaMS,recall,143,108,5,1.0,0.0
Br,DreaMS,recall,144,108,5,1.0,0.0
Br,DreaMS,recall,145,108,5,1.0,0.0
Br,DreaMS,recall,146,108,5,1.0,0.0
Br,DreaMS,recall,147,108,5,1.0,0.0
Br,DreaMS,recall,148,108,5,1.0,0.0
Br,DreaMS,recall,149,108,5,1.0,0.0
Br,DreaMS,recall,150,108,5,1.0,0.0
Br,Linear SVM,hit_rate,5,108,5,0.7941772333647418,0.03377269029767394
Br,Linear SVM,hit_rate,6,108,5,0.8302752725804281,0.021094888892434747
Br,Linear SVM,hit_rate,7,108,5,0.8546086059137613,0.025454330975953846
Br,Linear SVM,hit_rate,8,108,5,0.8651349217032351,0.02632335887376431
Br,Linear SVM,hit_rate,9,108,5,0.884899627585588,0.01780365023109518
Br,Linear SVM,hit_rate,10,108,5,0.892899627585588,0.022833559757708014
Br,Linear SVM,hit_rate,11,108,5,0.9099286130928345,0.025055413595928104
Br,Linear SVM,hit_rate,12,108,5,0.9216933189751874,0.016060867315107058
Br,Linear SVM,hit_rate,13,108,5,0.9334580248575403,0.012843121752925532
Br,Linear SVM,hit_rate,14,108,5,0.9439843406470139,0.008482535102432335
Br,Linear SVM,hit_rate,15,108,5,0.9693756449948399,0.012800676209971499
Br,Linear SVM,hit_rate,16,108,5,0.9693756449948399,0.012800676209971499
Br,Linear SVM,hit_rate,17,108,5,0.9693756449948399,0.012800676209971499
Br,Linear SVM,hit_rate,18,108,5,0.9799019607843139,0.012602902090374941
Br,Linear SVM,hit_rate,19,108,5,0.9799019607843139,0.012602902090374941
Br,Linear SVM,hit_rate,20,108,5,0.9799019607843139,0.012602902090374941
Br,Linear SVM,hit_rate,21,108,5,0.9799019607843139,0.012602902090374941
Br,Linear SVM,hit_rate,22,108,5,0.9799019607843139,0.012602902090374941
Br,Linear SVM,hit_rate,23,108,5,0.9799019607843139,0.012602902090374941
Br,Linear SVM,hit_rate,24,108,5,0.9916666666666668,0.008333333333333326
Br,Linear SVM,hit_rate,25,108,5,0.9916666666666668,0.008333333333333326
Br,Linear SVM,hit_rate,26,108,5,0.9916666666666668,0.008333333333333326
Br,Linear SVM,hit_rate,27,108,5,0.9916666666666668,0.008333333333333326
Br,Linear SVM,hit_rate,28,108,5,0.9916666666666668,0.008333333333333326
Br,Linear SVM,hit_rate,29,108,5,0.9916666666666668,0.008333333333333326
Br,Linear SVM,hit_rate,30,108,5,0.9916666666666668,0.008333333333333326
Br,Linear SVM,hit_rate,31,108,5,0.9916666666666668,0.008333333333333326
Br,Linear SVM,hit_rate,32,108,5,0.9916666666666668,0.008333333333333326
Br,Linear SVM,hit_rate,33,108,5,0.9916666666666668,0.008333333333333326
Br,Linear SVM,hit_rate,34,108,5,0.9916666666666668,0.008333333333333326
Br,Linear SVM,hit_rate,35,108,5,0.9916666666666668,0.008333333333333326
Br,Linear SVM,hit_rate,36,108,5,0.9916666666666668,0.008333333333333326
Br,Linear SVM,hit_rate,37,108,5,0.9916666666666668,0.008333333333333326
Br,Linear SVM,hit_rate,38,108,5,0.9916666666666668,0.008333333333333326
Br,Linear SVM,hit_rate,39,108,5,0.9916666666666668,0.008333333333333326
Br,Linear SVM,hit_rate,40,108,5,0.9916666666666668,0.008333333333333326
Br,Linear SVM,hit_rate,41,108,5,0.9916666666666668,0.008333333333333326
Br,Linear SVM,hit_rate,42,108,5,0.9916666666666668,0.008333333333333326
Br,Linear SVM,hit_rate,43,108,5,0.9916666666666668,0.008333333333333326
Br,Linear SVM,hit_rate,44,108,5,0.9916666666666668,0.008333333333333326
Br,Linear SVM,hit_rate,45,108,5,0.9916666666666668,0.008333333333333326
Br,Linear SVM,hit_rate,46,108,5,0.9916666666666668,0.008333333333333326
Br,Linear SVM,hit_rate,47,108,5,0.9916666666666668,0.008333333333333326
Br,Linear SVM,hit_rate,48,108,5,0.9916666666666668,0.008333333333333326
Br,Linear SVM,hit_rate,49,108,5,0.9916666666666668,0.008333333333333326
Br,Linear SVM,hit_rate,50,108,5,0.9916666666666668,0.008333333333333326
Br,Linear SVM,hit_rate,51,108,5,0.9916666666666668,0.008333333333333326
Br,Linear SVM,hit_rate,52,108,5,0.9916666666666668,0.008333333333333326
Br,Linear SVM,hit_rate,53,108,5,0.9916666666666668,0.008333333333333326
Br,Linear SVM,hit_rate,54,108,5,0.9916666666666668,0.008333333333333326
Br,Linear SVM,hit_rate,55,108,5,0.9916666666666668,0.008333333333333326
Br,Linear SVM,hit_rate,56,108,5,0.9916666666666668,0.008333333333333326
Br,Linear SVM,hit_rate,57,108,5,0.9916666666666668,0.008333333333333326
Br,Linear SVM,hit_rate,58,108,5,0.9916666666666668,0.008333333333333326
Br,Linear SVM,hit_rate,59,108,5,0.9916666666666668,0.008333333333333326
Br,Linear SVM,hit_rate,60,108,5,0.9916666666666668,0.008333333333333326
Br,Linear SVM,hit_rate,61,108,5,0.9916666666666668,0.008333333333333326
Br,Linear SVM,hit_rate,62,108,5,0.9916666666666668,0.008333333333333326
Br,Linear SVM,hit_rate,63,108,5,0.9916666666666668,0.008333333333333326
Br,Linear SVM,hit_rate,64,108,5,0.9916666666666668,0.008333333333333326
Br,Linear SVM,hit_rate,65,108,5,0.9916666666666668,0.008333333333333326
Br,Linear SVM,hit_rate,66,108,5,0.9916666666666668,0.008333333333333326
Br,Linear SVM,hit_rate,67,108,5,0.9916666666666668,0.008333333333333326
Br,Linear SVM,hit_rate,68,108,5,0.9916666666666668,0.008333333333333326
Br,Linear SVM,hit_rate,69,108,5,0.9916666666666668,0.008333333333333326
Br,Linear SVM,hit_rate,70,108,5,0.9916666666666668,0.008333333333333326
Br,Linear SVM,hit_rate,71,108,5,0.9916666666666668,0.008333333333333326
Br,Linear SVM,hit_rate,72,108,5,0.9916666666666668,0.008333333333333326
Br,Linear SVM,hit_rate,73,108,5,0.9916666666666668,0.008333333333333326
Br,Linear SVM,hit_rate,74,108,5,0.9916666666666668,0.008333333333333326
Br,Linear SVM,hit_rate,75,108,5,0.9916666666666668,0.008333333333333326
Br,Linear SVM,hit_rate,76,108,5,0.9916666666666668,0.008333333333333326
Br,Linear SVM,hit_rate,77,108,5,0.9916666666666668,0.008333333333333326
Br,Linear SVM,hit_rate,78,108,5,0.9916666666666668,0.008333333333333326
Br,Linear SVM,hit_rate,79,108,5,0.9916666666666668,0.008333333333333326
Br,Linear SVM,hit_rate,80,108,5,0.9916666666666668,0.008333333333333326
Br,Linear SVM,hit_rate,81,108,5,0.9916666666666668,0.008333333333333326
Br,Linear SVM,hit_rate,82,108,5,0.9916666666666668,0.008333333333333326
Br,Linear SVM,hit_rate,83,108,5,0.9916666666666668,0.008333333333333326
Br,Linear SVM,hit_rate,84,108,5,0.9916666666666668,0.008333333333333326
Br,Linear SVM,hit_rate,85,108,5,0.9916666666666668,0.008333333333333326
Br,Linear SVM,hit_rate,86,108,5,0.9916666666666668,0.008333333333333326
Br,Linear SVM,hit_rate,87,108,5,0.9916666666666668,0.008333333333333326
Br,Linear SVM,hit_rate,88,108,5,0.9916666666666668,0.008333333333333326
Br,Linear SVM,hit_rate,89,108,5,0.9916666666666668,0.008333333333333326
Br,Linear SVM,hit_rate,90,108,5,0.9916666666666668,0.008333333333333326
Br,Linear SVM,hit_rate,91,108,5,0.9916666666666668,0.008333333333333326
Br,Linear SVM,hit_rate,92,108,5,0.9916666666666668,0.008333333333333326
Br,Linear SVM,hit_rate,93,108,5,0.9916666666666668,0.008333333333333326
Br,Linear SVM,hit_rate,94,108,5,0.9916666666666668,0.008333333333333326
Br,Linear SVM,hit_rate,95,108,5,0.9916666666666668,0.008333333333333326
Br,Linear SVM,hit_rate,96,108,5,0.9916666666666668,0.008333333333333326
Br,Linear SVM,hit_rate,97,108,5,0.9916666666666668,0.008333333333333326
Br,Linear SVM,hit_rate,98,108,5,0.9916666666666668,0.008333333333333326
Br,Linear SVM,hit_rate,99,108,5,0.9916666666666668,0.008333333333333326
Br,Linear SVM,hit_rate,100,108,5,0.9916666666666668,0.008333333333333326
Br,Linear SVM,hit_rate,101,108,5,0.9916666666666668,0.008333333333333326
Br,Linear SVM,hit_rate,102,108,5,0.9916666666666668,0.008333333333333326
Br,Linear SVM,hit_rate,103,108,5,0.9916666666666668,0.008333333333333326
Br,Linear SVM,hit_rate,104,108,5,0.9916666666666668,0.008333333333333326
Br,Linear SVM,hit_rate,105,108,5,0.9916666666666668,0.008333333333333326
Br,Linear SVM,hit_rate,106,108,5,0.9916666666666668,0.008333333333333326
Br,Linear SVM,hit_rate,107,108,5,0.9916666666666668,0.008333333333333326
Br,Linear SVM,hit_rate,108,108,5,0.9916666666666668,0.008333333333333326
Br,Linear SVM,hit_rate,109,108,5,0.9916666666666668,0.008333333333333326
Br,Linear SVM,hit_rate,110,108,5,0.9916666666666668,0.008333333333333326
Br,Linear SVM,hit_rate,111,108,5,0.9916666666666668,0.008333333333333326
Br,Linear SVM,hit_rate,112,108,5,0.9916666666666668,0.008333333333333326
Br,Linear SVM,hit_rate,113,108,5,0.9916666666666668,0.008333333333333326
Br,Linear SVM,hit_rate,114,108,5,0.9916666666666668,0.008333333333333326
Br,Linear SVM,hit_rate,115,108,5,0.9916666666666668,0.008333333333333326
Br,Linear SVM,hit_rate,116,108,5,0.9916666666666668,0.008333333333333326
Br,Linear SVM,hit_rate,117,108,5,0.9916666666666668,0.008333333333333326
Br,Linear SVM,hit_rate,118,108,5,0.9916666666666668,0.008333333333333326
Br,Linear SVM,hit_rate,119,108,5,0.9916666666666668,0.008333333333333326
Br,Linear SVM,hit_rate,120,108,5,0.9916666666666668,0.008333333333333326
Br,Linear SVM,hit_rate,121,108,5,0.9916666666666668,0.008333333333333326
Br,Linear SVM,hit_rate,122,108,5,0.9916666666666668,0.008333333333333326
Br,Linear SVM,hit_rate,123,108,5,1.0,0.0
Br,Linear SVM,hit_rate,124,108,5,1.0,0.0
Br,Linear SVM,hit_rate,125,108,5,1.0,0.0
Br,Linear SVM,hit_rate,126,108,5,1.0,0.0
Br,Linear SVM,hit_rate,127,108,5,1.0,0.0
Br,Linear SVM,hit_rate,128,108,5,1.0,0.0
Br,Linear SVM,hit_rate,129,108,5,1.0,0.0
Br,Linear SVM,hit_rate,130,108,5,1.0,0.0
Br,Linear SVM,hit_rate,131,108,5,1.0,0.0
Br,Linear SVM,hit_rate,132,108,5,1.0,0.0
Br,Linear SVM,hit_rate,133,108,5,1.0,0.0
Br,Linear SVM,hit_rate,134,108,5,1.0,0.0
Br,Linear SVM,hit_rate,135,108,5,1.0,0.0
Br,Linear SVM,hit_rate,136,108,5,1.0,0.0
Br,Linear SVM,hit_rate,137,108,5,1.0,0.0
Br,Linear SVM,hit_rate,138,108,5,1.0,0.0
Br,Linear SVM,hit_rate,139,108,5,1.0,0.0
Br,Linear SVM,hit_rate,140,108,5,1.0,0.0
Br,Linear SVM,hit_rate,141,108,5,1.0,0.0
Br,Linear SVM,hit_rate,142,108,5,1.0,0.0
Br,Linear SVM,hit_rate,143,108,5,1.0,0.0
Br,Linear SVM,hit_rate,144,108,5,1.0,0.0
Br,Linear SVM,hit_rate,145,108,5,1.0,0.0
Br,Linear SVM,hit_rate,146,108,5,1.0,0.0
Br,Linear SVM,hit_rate,147,108,5,1.0,0.0
Br,Linear SVM,hit_rate,148,108,5,1.0,0.0
Br,Linear SVM,hit_rate,149,108,5,1.0,0.0
Br,Linear SVM,hit_rate,150,108,5,1.0,0.0
Br,Linear SVM,recall,5,108,5,0.4737995072278892,0.024112664695088198
Br,Linear SVM,recall,6,108,5,0.5147506300231229,0.03528300694435067
Br,Linear SVM,recall,7,108,5,0.5407268598132846,0.04146622809480829
Br,Linear SVM,recall,8,108,5,0.5660331250501194,0.0443569818737882
Br,Linear SVM,recall,9,108,5,0.5882491358785544,0.03709461769347799
Br,Linear SVM,recall,10,108,5,0.6236340493505388,0.04615026863706611
Br,Linear SVM,recall,11,108,5,0.6674395545249833,0.052046218664023494
Br,Linear SVM,recall,12,108,5,0.6962121788963692,0.041560341162565115
Br,Linear SVM,recall,13,108,5,0.7215258894301633,0.03392174465292139
Br,Linear SVM,recall,14,108,5,0.7401292111790833,0.034969670699967106
Br,Linear SVM,recall,15,108,5,0.7729098310759301,0.03828527421277921
Br,Linear SVM,recall,16,108,5,0.7946665968731119,0.03144713630394033
Br,Linear SVM,recall,17,108,5,0.8008930370726575,0.029424413494152413
Br,Linear SVM,recall,18,108,5,0.808287924629276,0.029723190816321462
Br,Linear SVM,recall,19,108,5,0.8204201529823283,0.02797643483322741
Br,Linear SVM,recall,20,108,5,0.8263865638945193,0.029755330723331076
Br,Linear SVM,recall,21,108,5,0.8358701181067179,0.027611707788170584
Br,Linear SVM,recall,22,108,5,0.8505070845941622,0.0259939603036311
Br,Linear SVM,recall,23,108,5,0.8547356924470264,0.026236421148039177
Br,Linear SVM,recall,24,108,5,0.8698402825668273,0.017418849207784845
Br,Linear SVM,recall,25,108,5,0.8736119350181136,0.01870786345490632
Br,Linear SVM,recall,26,108,5,0.8814529622225139,0.017563340563746963
Br,Linear SVM,recall,27,108,5,0.8836755175646008,0.01729456617247713
Br,Linear SVM,recall,28,108,5,0.8863016143107677,0.01719071365046187
Br,Linear SVM,recall,29,108,5,0.8935076129157432,0.015354133353016955
Br,Linear SVM,recall,30,108,5,0.8973773560411062,0.014191968148617997
Br,Linear SVM,recall,31,108,5,0.8997653564464979,0.014391032620964347
Br,Linear SVM,recall,32,108,5,0.9107021219289628,0.015375480429113571
Br,Linear SVM,recall,33,108,5,0.9125289626881496,0.015400803957425097
Br,Linear SVM,recall,34,108,5,0.9167564414058693,0.016524510556743116
Br,Linear SVM,recall,35,108,5,0.9204963256433173,0.01698205388362251
Br,Linear SVM,recall,36,108,5,0.9269433163193428,0.0150148520429391
Br,Linear SVM,recall,37,108,5,0.9281338301533347,0.015289824430957782
Br,Linear SVM,recall,38,108,5,0.9309876234995766,0.016014083837560016
Br,Linear SVM,recall,39,108,5,0.9327209568329099,0.01697250870971089
Br,Linear SVM,recall,40,108,5,0.9343677599019637,0.016744685841487167
Br,Linear SVM,recall,41,108,5,0.9414119919654984,0.018517662228623073
Br,Linear SVM,recall,42,108,5,0.9431703039859588,0.01786434985456851
Br,Linear SVM,recall,43,108,5,0.9442180622705593,0.017794586011336155
Br,Linear SVM,recall,44,108,5,0.9465126236242133,0.01686423817726525
Br,Linear SVM,recall,45,108,5,0.9475356415270266,0.01675112247561664
Br,Linear SVM,recall,46,108,5,0.9494258996065431,0.016424479517360382
Br,Linear SVM,recall,47,108,5,0.9505256438520673,0.015753801592923444
Br,Linear SVM,recall,48,108,5,0.9512609379697144,0.015333043561731104
Br,Linear SVM,recall,49,108,5,0.9587062284479704,0.016727489876715254
Br,Linear SVM,recall,50,108,5,0.9599838790963304,0.01681537367070297
Br,Linear SVM,recall,51,108,5,0.9623551667926954,0.01599361364159581
Br,Linear SVM,recall,52,108,5,0.9623551667926954,0.01599361364159581
Br,Linear SVM,recall,53,108,5,0.964435839061603,0.015380853818752553
Br,Linear SVM,recall,54,108,5,0.964435839061603,0.015380853818752553
Br,Linear SVM,recall,55,108,5,0.9662188914638505,0.014920812259368157
Br,Linear SVM,recall,56,108,5,0.9689473220173583,0.014137783149072679
Br,Linear SVM,recall,57,108,5,0.9699950803019588,0.01400137999365883
Br,Linear SVM,recall,58,108,5,0.9699950803019588,0.01400137999365883
Br,Linear SVM,recall,59,108,5,0.9725006390980682,0.013954136337874769
Br,Linear SVM,recall,60,108,5,0.9732359332157152,0.013710467906247777
Br,Linear SVM,recall,61,108,5,0.9745594626274799,0.013362936069334303
Br,Linear SVM,recall,62,108,5,0.9745594626274799,0.013362936069334303
Br,Linear SVM,recall,63,108,5,0.9745594626274799,0.013362936069334303
Br,Linear SVM,recall,64,108,5,0.9749594626274799,0.013513554967795096
Br,Linear SVM,recall,65,108,5,0.9758290278448711,0.01380762956462384
Br,Linear SVM,recall,66,108,5,0.9778720189543584,0.01317846831696619
Br,Linear SVM,recall,67,108,5,0.9778720189543584,0.01317846831696619
Br,Linear SVM,recall,68,108,5,0.9778720189543584,0.01317846831696619
Br,Linear SVM,recall,69,108,5,0.9787458467463448,0.012784100131878591
Br,Linear SVM,recall,70,108,5,0.981188837855832,0.012511776222063413
Br,Linear SVM,recall,71,108,5,0.981188837855832,0.012511776222063413
Br,Linear SVM,recall,72,108,5,0.981188837855832,0.012511776222063413
Br,Linear SVM,recall,73,108,5,0.9819793516898241,0.012768806443932364
Br,Linear SVM,recall,74,108,5,0.9823416705304038,0.0124178986883661
Br,Linear SVM,recall,75,108,5,0.9829299058245216,0.01243195654318628
Br,Linear SVM,recall,76,108,5,0.9829299058245216,0.01243195654318628
Br,Linear SVM,recall,77,108,5,0.9832922246651012,0.012077719935616536
Br,Linear SVM,recall,78,108,5,0.9842427787997987,0.011759247107237344
Br,Linear SVM,recall,79,108,5,0.9842427787997987,0.011759247107237344
Br,Linear SVM,recall,80,108,5,0.985193332934496,0.01146428928857643
Br,Linear SVM,recall,81,108,5,0.985193332934496,0.01146428928857643
Br,Linear SVM,recall,82,108,5,0.985193332934496,0.01146428928857643
Br,Linear SVM,recall,83,108,5,0.985193332934496,0.01146428928857643
Br,Linear SVM,recall,84,108,5,0.9857815682286135,0.011555764622999237
Br,Linear SVM,recall,85,108,5,0.9857815682286135,0.011555764622999237
Br,Linear SVM,recall,86,108,5,0.986829326513214,0.011251460787306619
Br,Linear SVM,recall,87,108,5,0.986829326513214,0.011251460787306619
Br,Linear SVM,recall,88,108,5,0.9874175618073316,0.011361558621044446
Br,Linear SVM,recall,89,108,5,0.9877798806479113,0.010999714590450224
Br,Linear SVM,recall,90,108,5,0.9877798806479113,0.010999714590450224
Br,Linear SVM,recall,91,108,5,0.9877798806479113,0.010999714590450224
Br,Linear SVM,recall,92,108,5,0.9877798806479113,0.010999714590450224
Br,Linear SVM,recall,93,108,5,0.9883681159420291,0.011138619424332143
Br,Linear SVM,recall,94,108,5,0.9887304347826088,0.010776527036649827
Br,Linear SVM,recall,95,108,5,0.9887304347826088,0.010776527036649827
Br,Linear SVM,recall,96,108,5,0.9890927536231885,0.01041445040065284
Br,Linear SVM,recall,97,108,5,0.9890927536231885,0.01041445040065284
Br,Linear SVM,recall,98,108,5,0.9890927536231885,0.01041445040065284
Br,Linear SVM,recall,99,108,5,0.9890927536231885,0.01041445040065284
Br,Linear SVM,recall,100,108,5,0.9894550724637682,0.010052391218419127
Br,Linear SVM,recall,101,108,5,0.9894550724637682,0.010052391218419127
Br,Linear SVM,recall,102,108,5,0.9894550724637682,0.010052391218419127
Br,Linear SVM,recall,103,108,5,0.989855072463768,0.010144927536231906
Br,Linear SVM,recall,104,108,5,0.989855072463768,0.010144927536231906
Br,Linear SVM,recall,105,108,5,0.989855072463768,0.010144927536231906
Br,Linear SVM,recall,106,108,5,0.989855072463768,0.010144927536231906
Br,Linear SVM,recall,107,108,5,0.989855072463768,0.010144927536231906
Br,Linear SVM,recall,108,108,5,0.989855072463768,0.010144927536231906
Br,Linear SVM,recall,109,108,5,0.989855072463768,0.010144927536231906
Br,Linear SVM,recall,110,108,5,0.989855072463768,0.010144927536231906
Br,Linear SVM,recall,111,108,5,0.989855072463768,0.010144927536231906
Br,Linear SVM,recall,112,108,5,0.989855072463768,0.010144927536231906
Br,Linear SVM,recall,113,108,5,0.9902173913043478,0.009782608695652173
Br,Linear SVM,recall,114,108,5,0.9902173913043478,0.009782608695652173
Br,Linear SVM,recall,115,108,5,0.9902173913043478,0.009782608695652173
Br,Linear SVM,recall,116,108,5,0.9902173913043478,0.009782608695652173
Br,Linear SVM,recall,117,108,5,0.9902173913043478,0.009782608695652173
Br,Linear SVM,recall,118,108,5,0.9902173913043478,0.009782608695652173
Br,Linear SVM,recall,119,108,5,0.9902173913043478,0.009782608695652173
Br,Linear SVM,recall,120,108,5,0.9902173913043478,0.009782608695652173
Br,Linear SVM,recall,121,108,5,0.9902173913043478,0.009782608695652173
Br,Linear SVM,recall,122,108,5,0.9902173913043478,0.009782608695652173
Br,Linear SVM,recall,123,108,5,0.9985507246376812,0.0014492753623188469
Br,Linear SVM,recall,124,108,5,0.9985507246376812,0.0014492753623188469
Br,Linear SVM,recall,125,108,5,0.9985507246376812,0.0014492753623188469
Br,Linear SVM,recall,126,108,5,0.9985507246376812,0.0014492753623188469
Br,Linear SVM,recall,127,108,5,0.9985507246376812,0.0014492753623188469
Br,Linear SVM,recall,128,108,5,0.9989130434782609,0.0010869565217391352
Br,Linear SVM,recall,129,108,5,0.9989130434782609,0.0010869565217391352
Br,Linear SVM,recall,130,108,5,0.9989130434782609,0.0010869565217391352
Br,Linear SVM,recall,131,108,5,0.9992753623188406,0.0007246376811594457
Br,Linear SVM,recall,132,108,5,0.9992753623188406,0.0007246376811594457
Br,Linear SVM,recall,133,108,5,0.9992753623188406,0.0007246376811594457
Br,Linear SVM,recall,134,108,5,0.9996376811594203,0.0003623188405797117
Br,Linear SVM,recall,135,108,5,0.9996376811594203,0.0003623188405797117
Br,Linear SVM,recall,136,108,5,0.9996376811594203,0.0003623188405797117
Br,Linear SVM,recall,137,108,5,0.9996376811594203,0.0003623188405797117
Br,Linear SVM,recall,138,108,5,0.9996376811594203,0.0003623188405797117
Br,Linear SVM,recall,139,108,5,0.9996376811594203,0.0003623188405797117
Br,Linear SVM,recall,140,108,5,0.9996376811594203,0.0003623188405797117
Br,Linear SVM,recall,141,108,5,1.0,0.0
Br,Linear SVM,recall,142,108,5,1.0,0.0
Br,Linear SVM,recall,143,108,5,1.0,0.0
Br,Linear SVM,recall,144,108,5,1.0,0.0
Br,Linear SVM,recall,145,108,5,1.0,0.0
Br,Linear SVM,recall,146,108,5,1.0,0.0
Br,Linear SVM,recall,147,108,5,1.0,0.0
Br,Linear SVM,recall,148,108,5,1.0,0.0
Br,Linear SVM,recall,149,108,5,1.0,0.0
Br,Linear SVM,recall,150,108,5,1.0,0.0
Br,Random forest,hit_rate,5,108,5,0.655315251043209,0.025993474123144893
Br,Random forest,hit_rate,6,108,5,0.7060376452640552,0.017902949987912267
Br,Random forest,hit_rate,7,108,5,0.7143709785973886,0.01998813222063176
Br,Random forest,hit_rate,8,108,5,0.7517569435096693,0.02929895099661192
Br,Random forest,hit_rate,9,108,5,0.7941460043971823,0.0377978645086908
Br,Random forest,hit_rate,10,108,5,0.8222440436128684,0.03808752601639484
Br,Random forest,hit_rate,11,108,5,0.8222440436128684,0.03808752601639484
Br,Random forest,hit_rate,12,108,5,0.8382440436128684,0.029811194024168257
Br,Random forest,hit_rate,13,108,5,0.8382440436128684,0.029811194024168257
Br,Random forest,hit_rate,14,108,5,0.8462440436128684,0.028279517582432905
Br,Random forest,hit_rate,15,108,5,0.8667044016691344,0.026632627129670277
Br,Random forest,hit_rate,16,108,5,0.8946220218064342,0.021149387447760057
Br,Random forest,hit_rate,17,108,5,0.9026220218064342,0.017111648143581425
Br,Random forest,hit_rate,18,108,5,0.9113176739803472,0.014989917689296726
Br,Random forest,hit_rate,19,108,5,0.9283466594875935,0.013773322574277378
Br,Random forest,hit_rate,20,108,5,0.9401113653699467,0.020089355298166404
Br,Random forest,hit_rate,21,108,5,0.9561113653699465,0.013367545524006787
Br,Random forest,hit_rate,22,108,5,0.9561113653699465,0.013367545524006787
Br,Random forest,hit_rate,23,108,5,0.9561113653699465,0.013367545524006787
Br,Random forest,hit_rate,24,108,5,0.9724446987032799,0.01140193017449467
Br,Random forest,hit_rate,25,108,5,0.9724446987032799,0.01140193017449467
Br,Random forest,hit_rate,26,108,5,0.9724446987032799,0.01140193017449467
Br,Random forest,hit_rate,27,108,5,0.9724446987032799,0.01140193017449467
Br,Random forest,hit_rate,28,108,5,0.9724446987032799,0.01140193017449467
Br,Random forest,hit_rate,29,108,5,0.9724446987032799,0.01140193017449467
Br,Random forest,hit_rate,30,108,5,0.9724446987032799,0.01140193017449467
Br,Random forest,hit_rate,31,108,5,0.9724446987032799,0.01140193017449467
Br,Random forest,hit_rate,32,108,5,0.9724446987032799,0.01140193017449467
Br,Random forest,hit_rate,33,108,5,0.9829710144927537,0.010432014528179679
Br,Random forest,hit_rate,34,108,5,0.9829710144927537,0.010432014528179679
Br,Random forest,hit_rate,35,108,5,0.9829710144927537,0.010432014528179679
Br,Random forest,hit_rate,36,108,5,0.9829710144927537,0.010432014528179679
Br,Random forest,hit_rate,37,108,5,0.9829710144927537,0.010432014528179679
Br,Random forest,hit_rate,38,108,5,0.9829710144927537,0.010432014528179679
Br,Random forest,hit_rate,39,108,5,0.9829710144927537,0.010432014528179679
Br,Random forest,hit_rate,40,108,5,0.9829710144927537,0.010432014528179679
Br,Random forest,hit_rate,41,108,5,0.9829710144927537,0.010432014528179679
Br,Random forest,hit_rate,42,108,5,0.9829710144927537,0.010432014528179679
Br,Random forest,hit_rate,43,108,5,0.9829710144927537,0.010432014528179679
Br,Random forest,hit_rate,44,108,5,0.9829710144927537,0.010432014528179679
Br,Random forest,hit_rate,45,108,5,0.9829710144927537,0.010432014528179679
Br,Random forest,hit_rate,46,108,5,0.9829710144927537,0.010432014528179679
Br,Random forest,hit_rate,47,108,5,0.9916666666666668,0.008333333333333326
Br,Random forest,hit_rate,48,108,5,0.9916666666666668,0.008333333333333326
Br,Random forest,hit_rate,49,108,5,0.9916666666666668,0.008333333333333326
Br,Random forest,hit_rate,50,108,5,0.9916666666666668,0.008333333333333326
Br,Random forest,hit_rate,51,108,5,0.9916666666666668,0.008333333333333326
Br,Random forest,hit_rate,52,108,5,0.9916666666666668,0.008333333333333326
Br,Random forest,hit_rate,53,108,5,0.9916666666666668,0.008333333333333326
Br,Random forest,hit_rate,54,108,5,0.9916666666666668,0.008333333333333326
Br,Random forest,hit_rate,55,108,5,0.9916666666666668,0.008333333333333326
Br,Random forest,hit_rate,56,108,5,0.9916666666666668,0.008333333333333326
Br,Random forest,hit_rate,57,108,5,0.9916666666666668,0.008333333333333326
Br,Random forest,hit_rate,58,108,5,0.9916666666666668,0.008333333333333326
Br,Random forest,hit_rate,59,108,5,0.9916666666666668,0.008333333333333326
Br,Random forest,hit_rate,60,108,5,0.9916666666666668,0.008333333333333326
Br,Random forest,hit_rate,61,108,5,0.9916666666666668,0.008333333333333326
Br,Random forest,hit_rate,62,108,5,0.9916666666666668,0.008333333333333326
Br,Random forest,hit_rate,63,108,5,0.9916666666666668,0.008333333333333326
Br,Random forest,hit_rate,64,108,5,0.9916666666666668,0.008333333333333326
Br,Random forest,hit_rate,65,108,5,0.9916666666666668,0.008333333333333326
Br,Random forest,hit_rate,66,108,5,0.9916666666666668,0.008333333333333326
Br,Random forest,hit_rate,67,108,5,0.9916666666666668,0.008333333333333326
Br,Random forest,hit_rate,68,108,5,0.9916666666666668,0.008333333333333326
Br,Random forest,hit_rate,69,108,5,0.9916666666666668,0.008333333333333326
Br,Random forest,hit_rate,70,108,5,0.9916666666666668,0.008333333333333326
Br,Random forest,hit_rate,71,108,5,0.9916666666666668,0.008333333333333326
Br,Random forest,hit_rate,72,108,5,0.9916666666666668,0.008333333333333326
Br,Random forest,hit_rate,73,108,5,0.9916666666666668,0.008333333333333326
Br,Random forest,hit_rate,74,108,5,0.9916666666666668,0.008333333333333326
Br,Random forest,hit_rate,75,108,5,0.9916666666666668,0.008333333333333326
Br,Random forest,hit_rate,76,108,5,0.9916666666666668,0.008333333333333326
Br,Random forest,hit_rate,77,108,5,0.9916666666666668,0.008333333333333326
Br,Random forest,hit_rate,78,108,5,0.9916666666666668,0.008333333333333326
Br,Random forest,hit_rate,79,108,5,0.9916666666666668,0.008333333333333326
Br,Random forest,hit_rate,80,108,5,0.9916666666666668,0.008333333333333326
Br,Random forest,hit_rate,81,108,5,0.9916666666666668,0.008333333333333326
Br,Random forest,hit_rate,82,108,5,0.9916666666666668,0.008333333333333326
Br,Random forest,hit_rate,83,108,5,0.9916666666666668,0.008333333333333326
Br,Random forest,hit_rate,84,108,5,0.9916666666666668,0.008333333333333326
Br,Random forest,hit_rate,85,108,5,0.9916666666666668,0.008333333333333326
Br,Random forest,hit_rate,86,108,5,0.9916666666666668,0.008333333333333326
Br,Random forest,hit_rate,87,108,5,0.9916666666666668,0.008333333333333326
Br,Random forest,hit_rate,88,108,5,0.9916666666666668,0.008333333333333326
Br,Random forest,hit_rate,89,108,5,0.9916666666666668,0.008333333333333326
Br,Random forest,hit_rate,90,108,5,0.9916666666666668,0.008333333333333326
Br,Random forest,hit_rate,91,108,5,0.9916666666666668,0.008333333333333326
Br,Random forest,hit_rate,92,108,5,0.9916666666666668,0.008333333333333326
Br,Random forest,hit_rate,93,108,5,0.9916666666666668,0.008333333333333326
Br,Random forest,hit_rate,94,108,5,0.9916666666666668,0.008333333333333326
Br,Random forest,hit_rate,95,108,5,0.9916666666666668,0.008333333333333326
Br,Random forest,hit_rate,96,108,5,0.9916666666666668,0.008333333333333326
Br,Random forest,hit_rate,97,108,5,0.9916666666666668,0.008333333333333326
Br,Random forest,hit_rate,98,108,5,0.9916666666666668,0.008333333333333326
Br,Random forest,hit_rate,99,108,5,0.9916666666666668,0.008333333333333326
Br,Random forest,hit_rate,100,108,5,0.9916666666666668,0.008333333333333326
Br,Random forest,hit_rate,101,108,5,0.9916666666666668,0.008333333333333326
Br,Random forest,hit_rate,102,108,5,0.9916666666666668,0.008333333333333326
Br,Random forest,hit_rate,103,108,5,0.9916666666666668,0.008333333333333326
Br,Random forest,hit_rate,104,108,5,0.9916666666666668,0.008333333333333326
Br,Random forest,hit_rate,105,108,5,0.9916666666666668,0.008333333333333326
Br,Random forest,hit_rate,106,108,5,0.9916666666666668,0.008333333333333326
Br,Random forest,hit_rate,107,108,5,0.9916666666666668,0.008333333333333326
Br,Random forest,hit_rate,108,108,5,0.9916666666666668,0.008333333333333326
Br,Random forest,hit_rate,109,108,5,0.9916666666666668,0.008333333333333326
Br,Random forest,hit_rate,110,108,5,0.9916666666666668,0.008333333333333326
Br,Random forest,hit_rate,111,108,5,0.9916666666666668,0.008333333333333326
Br,Random forest,hit_rate,112,108,5,0.9916666666666668,0.008333333333333326
Br,Random forest,hit_rate,113,108,5,0.9916666666666668,0.008333333333333326
Br,Random forest,hit_rate,114,108,5,0.9916666666666668,0.008333333333333326
Br,Random forest,hit_rate,115,108,5,0.9916666666666668,0.008333333333333326
Br,Random forest,hit_rate,116,108,5,0.9916666666666668,0.008333333333333326
Br,Random forest,hit_rate,117,108,5,0.9916666666666668,0.008333333333333326
Br,Random forest,hit_rate,118,108,5,0.9916666666666668,0.008333333333333326
Br,Random forest,hit_rate,119,108,5,0.9916666666666668,0.008333333333333326
Br,Random forest,hit_rate,120,108,5,0.9916666666666668,0.008333333333333326
Br,Random forest,hit_rate,121,108,5,0.9916666666666668,0.008333333333333326
Br,Random forest,hit_rate,122,108,5,0.9916666666666668,0.008333333333333326
Br,Random forest,hit_rate,123,108,5,1.0,0.0
Br,Random forest,hit_rate,124,108,5,1.0,0.0
Br,Random forest,hit_rate,125,108,5,1.0,0.0
Br,Random forest,hit_rate,126,108,5,1.0,0.0
Br,Random forest,hit_rate,127,108,5,1.0,0.0
Br,Random forest,hit_rate,128,108,5,1.0,0.0
Br,Random forest,hit_rate,129,108,5,1.0,0.0
Br,Random forest,hit_rate,130,108,5,1.0,0.0
Br,Random forest,hit_rate,131,108,5,1.0,0.0
Br,Random forest,hit_rate,132,108,5,1.0,0.0
Br,Random forest,hit_rate,133,108,5,1.0,0.0
Br,Random forest,hit_rate,134,108,5,1.0,0.0
Br,Random forest,hit_rate,135,108,5,1.0,0.0
Br,Random forest,hit_rate,136,108,5,1.0,0.0
Br,Random forest,hit_rate,137,108,5,1.0,0.0
Br,Random forest,hit_rate,138,108,5,1.0,0.0
Br,Random forest,hit_rate,139,108,5,1.0,0.0
Br,Random forest,hit_rate,140,108,5,1.0,0.0
Br,Random forest,hit_rate,141,108,5,1.0,0.0
Br,Random forest,hit_rate,142,108,5,1.0,0.0
Br,Random forest,hit_rate,143,108,5,1.0,0.0
Br,Random forest,hit_rate,144,108,5,1.0,0.0
Br,Random forest,hit_rate,145,108,5,1.0,0.0
Br,Random forest,hit_rate,146,108,5,1.0,0.0
Br,Random forest,hit_rate,147,108,5,1.0,0.0
Br,Random forest,hit_rate,148,108,5,1.0,0.0
Br,Random forest,hit_rate,149,108,5,1.0,0.0
Br,Random forest,hit_rate,150,108,5,1.0,0.0
Br,Random forest,recall,5,108,5,0.398665344172337,0.02706280759438335
Br,Random forest,recall,6,108,5,0.46976910602272703,0.028954046738932898
Br,Random forest,recall,7,108,5,0.49230002736428896,0.037080621728974174
Br,Random forest,recall,8,108,5,0.5392338119730635,0.04670929249448714
Br,Random forest,recall,9,108,5,0.5868965730245983,0.04238199751820386
Br,Random forest,recall,10,108,5,0.6056397524973445,0.03988266797245778
Br,Random forest,recall,11,108,5,0.6218786548955549,0.041652747297632936
Br,Random forest,recall,12,108,5,0.6387809252773918,0.03849629481421199
Br,Random forest,recall,13,108,5,0.647092325291107,0.03713895400809495
Br,Random forest,recall,14,108,5,0.6598541031126036,0.03431470263035907
Br,Random forest,recall,15,108,5,0.683434660605693,0.02455471145104045
Br,Random forest,recall,16,108,5,0.7058151900163072,0.01865409701840773
Br,Random forest,recall,17,108,5,0.7191098681205425,0.019091373914466237
Br,Random forest,recall,18,108,5,0.7230603447538835,0.01761401697590132
Br,Random forest,recall,19,108,5,0.7437662012730394,0.021911583843653114
Br,Random forest,recall,20,108,5,0.7622567481470833,0.017098475189559526
Br,Random forest,recall,21,108,5,0.7756791015777421,0.02079540224933402
Br,Random forest,recall,22,108,5,0.7847544306473503,0.01942868622738757
Br,Random forest,recall,23,108,5,0.7922929624181475,0.02209988420976582
Br,Random forest,recall,24,108,5,0.8020890699465205,0.025292833714391578
Br,Random forest,recall,25,108,5,0.8215116334725435,0.02715732047757236
Br,Random forest,recall,26,108,5,0.8356545527524528,0.02628611197098688
Br,Random forest,recall,27,108,5,0.8451040905122207,0.024997060202027563
Br,Random forest,recall,28,108,5,0.8513477116552901,0.02371989568632961
Br,Random forest,recall,29,108,5,0.854065461505386,0.02318537952314198
Br,Random forest,recall,30,108,5,0.8632126459348024,0.021932423056994863
Br,Random forest,recall,31,108,5,0.8741755383481726,0.019556173962710564
Br,Random forest,recall,32,108,5,0.8760194604062823,0.019305533472495414
Br,Random forest,recall,33,108,5,0.8812084311474809,0.01815104794409978
Br,Random forest,recall,34,108,5,0.8833322783148063,0.018596028043149856
Br,Random forest,recall,35,108,5,0.8857402233109866,0.01885084966678261
Br,Random forest,recall,36,108,5,0.8900414886226031,0.017105322950872165
Br,Random forest,recall,37,108,5,0.8919630572500541,0.01814963305880323
Br,Random forest,recall,38,108,5,0.8979656938998843,0.017778953032428584
Br,Random forest,recall,39,108,5,0.9042420359452397,0.017810256961967582
Br,Random forest,recall,40,108,5,0.911117287170336,0.016316171931910865
Br,Random forest,recall,41,108,5,0.913734641763515,0.015512131685088349
Br,Random forest,recall,42,108,5,0.9186736003809635,0.014190641684721152
Br,Random forest,recall,43,108,5,0.9216006430515786,0.01382947177368157
Br,Random forest,recall,44,108,5,0.9225159748593589,0.013655144875881334
Br,Random forest,recall,45,108,5,0.9263275014133004,0.013664732217421885
Br,Random forest,recall,46,108,5,0.93067499098121,0.01311802632173237
Br,Random forest,recall,47,108,5,0.9376815418853244,0.01122801683747585
Br,Random forest,recall,48,108,5,0.9412146859521876,0.011672297387453803
Br,Random forest,recall,49,108,5,0.9492882658025881,0.012859587544149556
Br,Random forest,recall,50,108,5,0.9519846717791663,0.013512972767310514
Br,Random forest,recall,51,108,5,0.9530844160246905,0.013490813979983751
Br,Random forest,recall,52,108,5,0.9543312190937442,0.013014709699510402
Br,Random forest,recall,53,108,5,0.9549194543878619,0.012826080377852895
Br,Random forest,recall,54,108,5,0.9554309633392686,0.013070833400688988
Br,Random forest,recall,55,108,5,0.956530707584793,0.013161502183769094
Br,Random forest,recall,56,108,5,0.9585000170477086,0.01337279687605978
Br,Random forest,recall,57,108,5,0.9585000170477086,0.01337279687605978
Br,Random forest,recall,58,108,5,0.9602020398331073,0.013839693445649377
Br,Random forest,recall,59,108,5,0.9609373339507543,0.013730201566351559
Br,Random forest,recall,60,108,5,0.9620726280684012,0.013769769231942406
Br,Random forest,recall,61,108,5,0.9625841370198079,0.013740242423242252
Br,Random forest,recall,62,108,5,0.9642648092887155,0.013777143051653147
Br,Random forest,recall,63,108,5,0.965312567573316,0.013414429451964973
Br,Random forest,recall,64,108,5,0.9661030814073082,0.013825979771223948
Br,Random forest,recall,65,108,5,0.9680623486433152,0.013588322362033826
Br,Random forest,recall,66,108,5,0.9680623486433152,0.013588322362033826
Br,Random forest,recall,67,108,5,0.9680623486433152,0.013588322362033826
Br,Random forest,recall,68,108,5,0.9697430209122228,0.01379366592733361
Br,Random forest,recall,69,108,5,0.9703312562063404,0.013912865323421467
Br,Random forest,recall,70,108,5,0.9712427651577471,0.01410651002721272
Br,Random forest,recall,71,108,5,0.9726905234423475,0.013797056321772378
Br,Random forest,recall,72,108,5,0.9726905234423475,0.013797056321772378
Br,Random forest,recall,73,108,5,0.9726905234423475,0.013797056321772378
Br,Random forest,recall,74,108,5,0.9741382817269478,0.01350802353426887
Br,Random forest,recall,75,108,5,0.9741382817269478,0.01350802353426887
Br,Random forest,recall,76,108,5,0.9749287955609398,0.013847431337709867
Br,Random forest,recall,77,108,5,0.9752911144015195,0.013494208631701372
Br,Random forest,recall,78,108,5,0.9752911144015195,0.013494208631701372
Br,Random forest,recall,79,108,5,0.9756534332420992,0.01314148121117463
Br,Random forest,recall,80,108,5,0.9756534332420992,0.01314148121117463
Br,Random forest,recall,81,108,5,0.977651745661397,0.012535356198795918
Br,Random forest,recall,82,108,5,0.979287739240115,0.01231348793059863
Br,Random forest,recall,83,108,5,0.979287739240115,0.01231348793059863
Br,Random forest,recall,84,108,5,0.9798759745342327,0.012468548089848602
Br,Random forest,recall,85,108,5,0.9802759745342329,0.012523956905148657
Br,Random forest,recall,86,108,5,0.9802759745342329,0.012523956905148657
Br,Random forest,recall,87,108,5,0.9808642098283503,0.012699078607424948
Br,Random forest,recall,88,108,5,0.9808642098283503,0.012699078607424948
Br,Random forest,recall,89,108,5,0.9819119681129507,0.01234141889108562
Br,Random forest,recall,90,108,5,0.9829597263975511,0.012008186581856074
Br,Random forest,recall,91,108,5,0.9833220452381308,0.011651006062127312
Br,Random forest,recall,92,108,5,0.9833220452381308,0.011651006062127312
Br,Random forest,recall,93,108,5,0.9843698035227313,0.011344748044684636
Br,Random forest,recall,94,108,5,0.9843698035227313,0.011344748044684636
Br,Random forest,recall,95,108,5,0.9860057971014493,0.011237103602552609
Br,Random forest,recall,96,108,5,0.986368115942029,0.010882874556942127
Br,Random forest,recall,97,108,5,0.986368115942029,0.010882874556942127
Br,Random forest,recall,98,108,5,0.986768115942029,0.010905197633868564
Br,Random forest,recall,99,108,5,0.9871681159420291,0.010942107303683633
Br,Random forest,recall,100,108,5,0.9871681159420291,0.010942107303683633
Br,Random forest,recall,101,108,5,0.9875681159420291,0.010993456647338952
Br,Random forest,recall,102,108,5,0.987968115942029,0.011059044527829479
Br,Random forest,recall,103,108,5,0.9883304347826087,0.010697645625471354
Br,Random forest,recall,104,108,5,0.9883304347826087,0.010697645625471354
Br,Random forest,recall,105,108,5,0.9890927536231885,0.01041445040065284
Br,Random forest,recall,106,108,5,0.9894927536231883,0.010507246376811595
Br,Random forest,recall,107,108,5,0.9894927536231883,0.010507246376811595
Br,Random forest,recall,108,108,5,0.9894927536231883,0.010507246376811595
Br,Random forest,recall,109,108,5,0.9894927536231883,0.010507246376811595
Br,Random forest,recall,110,108,5,0.9894927536231883,0.010507246376811595
Br,Random forest,recall,111,108,5,0.9894927536231883,0.010507246376811595
Br,Random forest,recall,112,108,5,0.9894927536231883,0.010507246376811595
Br,Random forest,recall,113,108,5,0.9894927536231883,0.010507246376811595
Br,Random forest,recall,114,108,5,0.9894927536231883,0.010507246376811595
Br,Random forest,recall,115,108,5,0.9894927536231883,0.010507246376811595
Br,Random forest,recall,116,108,5,0.9894927536231883,0.010507246376811595
Br,Random forest,recall,117,108,5,0.9894927536231883,0.010507246376811595
Br,Random forest,recall,118,108,5,0.989855072463768,0.010144927536231906
Br,Random forest,recall,119,108,5,0.989855072463768,0.010144927536231906
Br,Random forest,recall,120,108,5,0.989855072463768,0.010144927536231906
Br,Random forest,recall,121,108,5,0.989855072463768,0.010144927536231906
Br,Random forest,recall,122,108,5,0.989855072463768,0.010144927536231906
Br,Random forest,recall,123,108,5,0.9985507246376812,0.0014492753623188469
Br,Random forest,recall,124,108,5,0.9985507246376812,0.0014492753623188469
Br,Random forest,recall,125,108,5,0.9985507246376812,0.0014492753623188469
Br,Random forest,recall,126,108,5,0.9989130434782609,0.0010869565217391352
Br,Random forest,recall,127,108,5,0.9989130434782609,0.0010869565217391352
Br,Random forest,recall,128,108,5,0.9989130434782609,0.0010869565217391352
Br,Random forest,recall,129,108,5,0.9989130434782609,0.0010869565217391352
Br,Random forest,recall,130,108,5,0.9989130434782609,0.0010869565217391352
Br,Random forest,recall,131,108,5,0.9992753623188406,0.0007246376811594457
Br,Random forest,recall,132,108,5,0.9992753623188406,0.0007246376811594457
Br,Random forest,recall,133,108,5,0.9992753623188406,0.0007246376811594457
Br,Random forest,recall,134,108,5,0.9992753623188406,0.0007246376811594457
Br,Random forest,recall,135,108,5,0.9996376811594203,0.0003623188405797117
Br,Random forest,recall,136,108,5,0.9996376811594203,0.0003623188405797117
Br,Random forest,recall,137,108,5,0.9996376811594203,0.0003623188405797117
Br,Random forest,recall,138,108,5,0.9996376811594203,0.0003623188405797117
Br,Random forest,recall,139,108,5,0.9996376811594203,0.0003623188405797117
Br,Random forest,recall,140,108,5,0.9996376811594203,0.0003623188405797117
Br,Random forest,recall,141,108,5,1.0,0.0
Br,Random forest,recall,142,108,5,1.0,0.0
Br,Random forest,recall,143,108,5,1.0,0.0
Br,Random forest,recall,144,108,5,1.0,0.0
Br,Random forest,recall,145,108,5,1.0,0.0
Br,Random forest,recall,146,108,5,1.0,0.0
Br,Random forest,recall,147,108,5,1.0,0.0
Br,Random forest,recall,148,108,5,1.0,0.0
Br,Random forest,recall,149,108,5,1.0,0.0
Br,Random forest,recall,150,108,5,1.0,0.0
