panel,task,dataset,model,metric,value,n,level
2a,Masked peak m/z reconstruction,GeMS-A10,UltraMS,accuracy_0.05_Da,0.5521570417712851,48191,peak predictions
2a,Masked peak m/z reconstruction,GeMS-A10,DreaMS,accuracy_0.05_Da,0.23813309483586736,30189,peak predictions
2a,Masked peak m/z reconstruction,MassSpecGym,UltraMS,accuracy_0.05_Da,0.3773137864652747,20259,peak predictions
2a,Masked peak m/z reconstruction,MassSpecGym,DreaMS,accuracy_0.05_Da,0.03458760927404029,15786,peak predictions
2b,Ion mode recognition,MSnLib,UltraMS,accuracy,0.9492,10000,saved evaluation
2b,Ion mode recognition,MSnLib,UltraMS,f1_neg,0.9495330816610371,10000,saved evaluation
2b,Ion mode recognition,MSnLib,UltraMS,f1_pos,0.9488624924501712,10000,saved evaluation
2b,Ion mode recognition,MSnLib,DreaMS,accuracy,0.8879,10000,saved evaluation
2b,Ion mode recognition,MSnLib,DreaMS,f1_neg,0.8911967388139377,10000,saved evaluation
2b,Ion mode recognition,MSnLib,DreaMS,f1_pos,0.8843972362586366,10000,saved evaluation
2c,Negative ion structural families,SpectraVerse,UltraMS,NMI,0.4407236318314705,661,spectrum labels
2c,Negative ion structural families,SpectraVerse,UltraMS,ARI,0.4162835804214874,661,spectrum labels
2c,Negative ion structural families,SpectraVerse,UltraMS,silhouette,0.12873012238167927,661,spectrum scores
2c,Negative ion structural families,SpectraVerse,DreaMS,NMI,0.39925495154966445,661,spectrum labels
2c,Negative ion structural families,SpectraVerse,DreaMS,ARI,0.29583812788894676,661,spectrum labels
2c,Negative ion structural families,SpectraVerse,DreaMS,silhouette,0.10171468486491679,661,spectrum scores
2c,Negative ion structural families,SpectraVerse,Raw spectrum,NMI,0.31641190157724325,661,spectrum labels
2c,Negative ion structural families,SpectraVerse,Raw spectrum,ARI,0.13043356737598386,661,spectrum labels
2c,Negative ion structural families,SpectraVerse,Raw spectrum,silhouette,0.016847150820726173,661,spectrum scores
2d-e,Neutral loss prediction,MassSpecGym,UltraMS,H2O_ROC_AUC,0.9634530632044231,16440,test probabilities
2d-e,Neutral loss prediction,MassSpecGym,UltraMS,H2O_AP,0.757997469415487,16440,test probabilities
2d-e,Neutral loss prediction,MassSpecGym,UltraMS,NH3_ROC_AUC,0.9577825289535195,16440,test probabilities
2d-e,Neutral loss prediction,MassSpecGym,UltraMS,NH3_AP,0.5621878209917383,16440,test probabilities
2d-e,Neutral loss prediction,MassSpecGym,UltraMS,CO2_ROC_AUC,0.8796363500897949,16440,test probabilities
2d-e,Neutral loss prediction,MassSpecGym,UltraMS,CO2_AP,0.11338765900360466,16440,test probabilities
2d-e,Neutral loss prediction,MassSpecGym,UltraMS,HF_ROC_AUC,0.9435464426910108,16440,test probabilities
2d-e,Neutral loss prediction,MassSpecGym,UltraMS,HF_AP,0.21006452504745562,16440,test probabilities
2d-e,Neutral loss prediction,MassSpecGym,UltraMS,HCl_ROC_AUC,0.9121563442465042,16440,test probabilities
2d-e,Neutral loss prediction,MassSpecGym,UltraMS,HCl_AP,0.11614471017789905,16440,test probabilities
2d-e,Neutral loss prediction,MassSpecGym,UltraMS,CO_ROC_AUC,0.9328296377796635,16440,test probabilities
2d-e,Neutral loss prediction,MassSpecGym,UltraMS,CO_AP,0.371315750126466,16440,test probabilities
2d-e,Neutral loss prediction,MassSpecGym,UltraMS,CH3_ROC_AUC,0.9800009593693626,16440,test probabilities
2d-e,Neutral loss prediction,MassSpecGym,UltraMS,CH3_AP,0.675351274599308,16440,test probabilities
2d-e,Neutral loss prediction,MassSpecGym,UltraMS,displayed_five_macro_ROC_AUC,0.9427405078793527,16440,test probabilities
2d-e,Neutral loss prediction,MassSpecGym,UltraMS,displayed_five_macro_AP,0.49604799482732087,16440,test probabilities
2d-e,Neutral loss prediction,MassSpecGym,UltraMS,all_seven_macro_ROC_AUC,0.9384864751906112,16440,test probabilities
2d-e,Neutral loss prediction,MassSpecGym,UltraMS,all_seven_macro_AP,0.40092131562313693,16440,test probabilities
2d-e,Neutral loss prediction,MassSpecGym,DreaMS,H2O_ROC_AUC,0.8305002004682542,16440,test probabilities
2d-e,Neutral loss prediction,MassSpecGym,DreaMS,H2O_AP,0.3600340460514319,16440,test probabilities
2d-e,Neutral loss prediction,MassSpecGym,DreaMS,NH3_ROC_AUC,0.8516932013919399,16440,test probabilities
2d-e,Neutral loss prediction,MassSpecGym,DreaMS,NH3_AP,0.21226900401865184,16440,test probabilities
2d-e,Neutral loss prediction,MassSpecGym,DreaMS,CO2_ROC_AUC,0.8066850998494626,16440,test probabilities
2d-e,Neutral loss prediction,MassSpecGym,DreaMS,CO2_AP,0.0681297218856063,16440,test probabilities
2d-e,Neutral loss prediction,MassSpecGym,DreaMS,HF_ROC_AUC,0.8481533898556994,16440,test probabilities
2d-e,Neutral loss prediction,MassSpecGym,DreaMS,HF_AP,0.04344125016712489,16440,test probabilities
2d-e,Neutral loss prediction,MassSpecGym,DreaMS,HCl_ROC_AUC,0.7561748117514292,16440,test probabilities
2d-e,Neutral loss prediction,MassSpecGym,DreaMS,HCl_AP,0.053397254490883464,16440,test probabilities
2d-e,Neutral loss prediction,MassSpecGym,DreaMS,CO_ROC_AUC,0.7565444746509608,16440,test probabilities
2d-e,Neutral loss prediction,MassSpecGym,DreaMS,CO_AP,0.1769598976239999,16440,test probabilities
2d-e,Neutral loss prediction,MassSpecGym,DreaMS,CH3_ROC_AUC,0.8787262981971029,16440,test probabilities
2d-e,Neutral loss prediction,MassSpecGym,DreaMS,CH3_AP,0.12569378050126626,16440,test probabilities
2d-e,Neutral loss prediction,MassSpecGym,DreaMS,displayed_five_macro_ROC_AUC,0.8248298549115439,16440,test probabilities
2d-e,Neutral loss prediction,MassSpecGym,DreaMS,displayed_five_macro_AP,0.18861729001619124,16440,test probabilities
2d-e,Neutral loss prediction,MassSpecGym,DreaMS,all_seven_macro_ROC_AUC,0.818353925166407,16440,test probabilities
2d-e,Neutral loss prediction,MassSpecGym,DreaMS,all_seven_macro_AP,0.1485607078198521,16440,test probabilities
2g,Element-bearing peak localization,MassSpecGym,UltraMS,S_top5_hit_rate,0.8606867900993864,227,saved repeat summary
2g,Element-bearing peak localization,MassSpecGym,UltraMS,S_top6_hit_rate,0.9190858751295592,227,saved repeat summary
2g,Element-bearing peak localization,MassSpecGym,UltraMS,S_top7_hit_rate,0.9301969862406704,227,saved repeat summary
2g,Element-bearing peak localization,MassSpecGym,UltraMS,S_top8_hit_rate,0.9398341744492872,227,saved repeat summary
2g,Element-bearing peak localization,MassSpecGym,UltraMS,S_top9_hit_rate,0.9487406563889212,227,saved repeat summary
2g,Element-bearing peak localization,MassSpecGym,UltraMS,S_top10_hit_rate,0.961902457477491,227,saved repeat summary
2g,Element-bearing peak localization,MassSpecGym,UltraMS,S_top11_hit_rate,0.9742592496215172,227,saved repeat summary
2g,Element-bearing peak localization,MassSpecGym,UltraMS,S_top12_hit_rate,0.9789104124122148,227,saved repeat summary
2g,Element-bearing peak localization,MassSpecGym,UltraMS,S_top13_hit_rate,0.9831657315611512,227,saved repeat summary
2g,Element-bearing peak localization,MassSpecGym,UltraMS,S_top14_hit_rate,0.9831657315611512,227,saved repeat summary
2g,Element-bearing peak localization,MassSpecGym,UltraMS,S_top15_hit_rate,0.9831657315611512,227,saved repeat summary
2g,Element-bearing peak localization,MassSpecGym,UltraMS,S_top16_hit_rate,0.9831657315611512,227,saved repeat summary
2g,Element-bearing peak localization,MassSpecGym,UltraMS,S_top17_hit_rate,0.9831657315611512,227,saved repeat summary
2g,Element-bearing peak localization,MassSpecGym,UltraMS,S_top18_hit_rate,0.9831657315611512,227,saved repeat summary
2g,Element-bearing peak localization,MassSpecGym,UltraMS,S_top19_hit_rate,0.9870118854073048,227,saved repeat summary
2g,Element-bearing peak localization,MassSpecGym,UltraMS,S_top20_hit_rate,0.9910935180603662,227,saved repeat summary
2g,Element-bearing peak localization,MassSpecGym,UltraMS,S_top21_hit_rate,0.9910935180603662,227,saved repeat summary
2g,Element-bearing peak localization,MassSpecGym,UltraMS,S_top22_hit_rate,0.9910935180603662,227,saved repeat summary
2g,Element-bearing peak localization,MassSpecGym,UltraMS,S_top23_hit_rate,0.9910935180603662,227,saved repeat summary
2g,Element-bearing peak localization,MassSpecGym,UltraMS,S_top24_hit_rate,0.9910935180603662,227,saved repeat summary
2g,Element-bearing peak localization,MassSpecGym,UltraMS,S_top25_hit_rate,0.9910935180603662,227,saved repeat summary
2g,Element-bearing peak localization,MassSpecGym,UltraMS,S_top26_hit_rate,0.9910935180603662,227,saved repeat summary
2g,Element-bearing peak localization,MassSpecGym,UltraMS,S_top27_hit_rate,0.9910935180603662,227,saved repeat summary
2g,Element-bearing peak localization,MassSpecGym,UltraMS,S_top28_hit_rate,0.9910935180603662,227,saved repeat summary
2g,Element-bearing peak localization,MassSpecGym,UltraMS,S_top29_hit_rate,0.9910935180603662,227,saved repeat summary
2g,Element-bearing peak localization,MassSpecGym,UltraMS,S_top30_hit_rate,0.9910935180603662,227,saved repeat summary
2g,Element-bearing peak localization,MassSpecGym,UltraMS,S_top31_hit_rate,0.9910935180603662,227,saved repeat summary
2g,Element-bearing peak localization,MassSpecGym,UltraMS,S_top32_hit_rate,0.9910935180603662,227,saved repeat summary
2g,Element-bearing peak localization,MassSpecGym,UltraMS,S_top33_hit_rate,0.9910935180603662,227,saved repeat summary
2g,Element-bearing peak localization,MassSpecGym,UltraMS,S_top34_hit_rate,0.9910935180603662,227,saved repeat summary
2g,Element-bearing peak localization,MassSpecGym,UltraMS,S_top35_hit_rate,0.9910935180603662,227,saved repeat summary
2g,Element-bearing peak localization,MassSpecGym,UltraMS,S_top36_hit_rate,0.9910935180603662,227,saved repeat summary
2g,Element-bearing peak localization,MassSpecGym,UltraMS,S_top37_hit_rate,0.9910935180603662,227,saved repeat summary
2g,Element-bearing peak localization,MassSpecGym,UltraMS,S_top38_hit_rate,0.9910935180603662,227,saved repeat summary
2g,Element-bearing peak localization,MassSpecGym,UltraMS,S_top39_hit_rate,0.9910935180603662,227,saved repeat summary
2g,Element-bearing peak localization,MassSpecGym,UltraMS,S_top40_hit_rate,0.9910935180603662,227,saved repeat summary
2g,Element-bearing peak localization,MassSpecGym,UltraMS,S_top41_hit_rate,0.9910935180603662,227,saved repeat summary
2g,Element-bearing peak localization,MassSpecGym,UltraMS,S_top42_hit_rate,0.9910935180603662,227,saved repeat summary
2g,Element-bearing peak localization,MassSpecGym,UltraMS,S_top43_hit_rate,0.9910935180603662,227,saved repeat summary
2g,Element-bearing peak localization,MassSpecGym,UltraMS,S_top44_hit_rate,0.9910935180603662,227,saved repeat summary
2g,Element-bearing peak localization,MassSpecGym,UltraMS,S_top45_hit_rate,0.9910935180603662,227,saved repeat summary
2g,Element-bearing peak localization,MassSpecGym,UltraMS,S_top46_hit_rate,0.9910935180603662,227,saved repeat summary
2g,Element-bearing peak localization,MassSpecGym,UltraMS,S_top47_hit_rate,0.9910935180603662,227,saved repeat summary
2g,Element-bearing peak localization,MassSpecGym,UltraMS,S_top48_hit_rate,0.9910935180603662,227,saved repeat summary
2g,Element-bearing peak localization,MassSpecGym,UltraMS,S_top49_hit_rate,0.9910935180603662,227,saved repeat summary
2g,Element-bearing peak localization,MassSpecGym,UltraMS,S_top50_hit_rate,0.9910935180603662,227,saved repeat summary
2g,Element-bearing peak localization,MassSpecGym,UltraMS,S_top51_hit_rate,0.9910935180603662,227,saved repeat summary
2g,Element-bearing peak localization,MassSpecGym,UltraMS,S_top52_hit_rate,0.9910935180603662,227,saved repeat summary
2g,Element-bearing peak localization,MassSpecGym,UltraMS,S_top53_hit_rate,0.995744680851064,227,saved repeat summary
2g,Element-bearing peak localization,MassSpecGym,UltraMS,S_top54_hit_rate,0.995744680851064,227,saved repeat summary
2g,Element-bearing peak localization,MassSpecGym,UltraMS,S_top55_hit_rate,0.995744680851064,227,saved repeat summary
2g,Element-bearing peak localization,MassSpecGym,UltraMS,S_top56_hit_rate,0.995744680851064,227,saved repeat summary
2g,Element-bearing peak localization,MassSpecGym,UltraMS,S_top57_hit_rate,0.995744680851064,227,saved repeat summary
2g,Element-bearing peak localization,MassSpecGym,UltraMS,S_top58_hit_rate,0.995744680851064,227,saved repeat summary
2g,Element-bearing peak localization,MassSpecGym,UltraMS,S_top59_hit_rate,0.995744680851064,227,saved repeat summary
2g,Element-bearing peak localization,MassSpecGym,UltraMS,S_top60_hit_rate,0.995744680851064,227,saved repeat summary
2g,Element-bearing peak localization,MassSpecGym,UltraMS,S_top61_hit_rate,0.995744680851064,227,saved repeat summary
2g,Element-bearing peak localization,MassSpecGym,UltraMS,S_top62_hit_rate,0.995744680851064,227,saved repeat summary
2g,Element-bearing peak localization,MassSpecGym,UltraMS,S_top63_hit_rate,0.995744680851064,227,saved repeat summary
2g,Element-bearing peak localization,MassSpecGym,UltraMS,S_top64_hit_rate,0.995744680851064,227,saved repeat summary
2g,Element-bearing peak localization,MassSpecGym,UltraMS,S_top65_hit_rate,0.995744680851064,227,saved repeat summary
2g,Element-bearing peak localization,MassSpecGym,UltraMS,S_top66_hit_rate,0.995744680851064,227,saved repeat summary
2g,Element-bearing peak localization,MassSpecGym,UltraMS,S_top67_hit_rate,0.995744680851064,227,saved repeat summary
2g,Element-bearing peak localization,MassSpecGym,UltraMS,S_top68_hit_rate,0.995744680851064,227,saved repeat summary
2g,Element-bearing peak localization,MassSpecGym,UltraMS,S_top69_hit_rate,0.995744680851064,227,saved repeat summary
2g,Element-bearing peak localization,MassSpecGym,UltraMS,S_top70_hit_rate,0.995744680851064,227,saved repeat summary
2g,Element-bearing peak localization,MassSpecGym,UltraMS,S_top71_hit_rate,0.995744680851064,227,saved repeat summary
2g,Element-bearing peak localization,MassSpecGym,UltraMS,S_top72_hit_rate,0.995744680851064,227,saved repeat summary
2g,Element-bearing peak localization,MassSpecGym,UltraMS,S_top73_hit_rate,0.995744680851064,227,saved repeat summary
2g,Element-bearing peak localization,MassSpecGym,UltraMS,S_top74_hit_rate,0.995744680851064,227,saved repeat summary
2g,Element-bearing peak localization,MassSpecGym,UltraMS,S_top75_hit_rate,0.995744680851064,227,saved repeat summary
2g,Element-bearing peak localization,MassSpecGym,UltraMS,S_top76_hit_rate,0.995744680851064,227,saved repeat summary
2g,Element-bearing peak localization,MassSpecGym,UltraMS,S_top77_hit_rate,0.995744680851064,227,saved repeat summary
2g,Element-bearing peak localization,MassSpecGym,UltraMS,S_top78_hit_rate,0.995744680851064,227,saved repeat summary
2g,Element-bearing peak localization,MassSpecGym,UltraMS,S_top79_hit_rate,0.995744680851064,227,saved repeat summary
2g,Element-bearing peak localization,MassSpecGym,UltraMS,S_top80_hit_rate,0.995744680851064,227,saved repeat summary
2g,Element-bearing peak localization,MassSpecGym,UltraMS,S_top81_hit_rate,0.995744680851064,227,saved repeat summary
2g,Element-bearing peak localization,MassSpecGym,UltraMS,S_top82_hit_rate,0.995744680851064,227,saved repeat summary
2g,Element-bearing peak localization,MassSpecGym,UltraMS,S_top83_hit_rate,0.995744680851064,227,saved repeat summary
2g,Element-bearing peak localization,MassSpecGym,UltraMS,S_top84_hit_rate,0.995744680851064,227,saved repeat summary
2g,Element-bearing peak localization,MassSpecGym,UltraMS,S_top85_hit_rate,0.995744680851064,227,saved repeat summary
2g,Element-bearing peak localization,MassSpecGym,UltraMS,S_top86_hit_rate,1.0,227,saved repeat summary
2g,Element-bearing peak localization,MassSpecGym,UltraMS,S_top87_hit_rate,1.0,227,saved repeat summary
2g,Element-bearing peak localization,MassSpecGym,UltraMS,S_top88_hit_rate,1.0,227,saved repeat summary
2g,Element-bearing peak localization,MassSpecGym,UltraMS,S_top89_hit_rate,1.0,227,saved repeat summary
2g,Element-bearing peak localization,MassSpecGym,UltraMS,S_top90_hit_rate,1.0,227,saved repeat summary
2g,Element-bearing peak localization,MassSpecGym,UltraMS,S_top91_hit_rate,1.0,227,saved repeat summary
2g,Element-bearing peak localization,MassSpecGym,UltraMS,S_top92_hit_rate,1.0,227,saved repeat summary
2g,Element-bearing peak localization,MassSpecGym,UltraMS,S_top93_hit_rate,1.0,227,saved repeat summary
2g,Element-bearing peak localization,MassSpecGym,UltraMS,S_top94_hit_rate,1.0,227,saved repeat summary
2g,Element-bearing peak localization,MassSpecGym,UltraMS,S_top95_hit_rate,1.0,227,saved repeat summary
2g,Element-bearing peak localization,MassSpecGym,UltraMS,S_top96_hit_rate,1.0,227,saved repeat summary
2g,Element-bearing peak localization,MassSpecGym,UltraMS,S_top97_hit_rate,1.0,227,saved repeat summary
2g,Element-bearing peak localization,MassSpecGym,UltraMS,S_top98_hit_rate,1.0,227,saved repeat summary
2g,Element-bearing peak localization,MassSpecGym,UltraMS,S_top99_hit_rate,1.0,227,saved repeat summary
2g,Element-bearing peak localization,MassSpecGym,UltraMS,S_top100_hit_rate,1.0,227,saved repeat summary
2g,Element-bearing peak localization,MassSpecGym,UltraMS,S_top101_hit_rate,1.0,227,saved repeat summary
2g,Element-bearing peak localization,MassSpecGym,UltraMS,S_top102_hit_rate,1.0,227,saved repeat summary
2g,Element-bearing peak localization,MassSpecGym,UltraMS,S_top103_hit_rate,1.0,227,saved repeat summary
2g,Element-bearing peak localization,MassSpecGym,UltraMS,S_top104_hit_rate,1.0,227,saved repeat summary
2g,Element-bearing peak localization,MassSpecGym,UltraMS,S_top105_hit_rate,1.0,227,saved repeat summary
2g,Element-bearing peak localization,MassSpecGym,UltraMS,S_top106_hit_rate,1.0,227,saved repeat summary
2g,Element-bearing peak localization,MassSpecGym,UltraMS,S_top107_hit_rate,1.0,227,saved repeat summary
2g,Element-bearing peak localization,MassSpecGym,UltraMS,S_top108_hit_rate,1.0,227,saved repeat summary
2g,Element-bearing peak localization,MassSpecGym,UltraMS,S_top109_hit_rate,1.0,227,saved repeat summary
2g,Element-bearing peak localization,MassSpecGym,UltraMS,S_top110_hit_rate,1.0,227,saved repeat summary
2g,Element-bearing peak localization,MassSpecGym,UltraMS,S_top111_hit_rate,1.0,227,saved repeat summary
2g,Element-bearing peak localization,MassSpecGym,UltraMS,S_top112_hit_rate,1.0,227,saved repeat summary
2g,Element-bearing peak localization,MassSpecGym,UltraMS,S_top113_hit_rate,1.0,227,saved repeat summary
2g,Element-bearing peak localization,MassSpecGym,UltraMS,S_top114_hit_rate,1.0,227,saved repeat summary
2g,Element-bearing peak localization,MassSpecGym,UltraMS,S_top115_hit_rate,1.0,227,saved repeat summary
2g,Element-bearing peak localization,MassSpecGym,UltraMS,S_top116_hit_rate,1.0,227,saved repeat summary
2g,Element-bearing peak localization,MassSpecGym,UltraMS,S_top117_hit_rate,1.0,227,saved repeat summary
2g,Element-bearing peak localization,MassSpecGym,UltraMS,S_top118_hit_rate,1.0,227,saved repeat summary
2g,Element-bearing peak localization,MassSpecGym,UltraMS,S_top119_hit_rate,1.0,227,saved repeat summary
2g,Element-bearing peak localization,MassSpecGym,UltraMS,S_top120_hit_rate,1.0,227,saved repeat summary
2g,Element-bearing peak localization,MassSpecGym,UltraMS,S_top121_hit_rate,1.0,227,saved repeat summary
2g,Element-bearing peak localization,MassSpecGym,UltraMS,S_top122_hit_rate,1.0,227,saved repeat summary
2g,Element-bearing peak localization,MassSpecGym,UltraMS,S_top123_hit_rate,1.0,227,saved repeat summary
2g,Element-bearing peak localization,MassSpecGym,UltraMS,S_top124_hit_rate,1.0,227,saved repeat summary
2g,Element-bearing peak localization,MassSpecGym,UltraMS,S_top125_hit_rate,1.0,227,saved repeat summary
2g,Element-bearing peak localization,MassSpecGym,UltraMS,S_top126_hit_rate,1.0,227,saved repeat summary
2g,Element-bearing peak localization,MassSpecGym,UltraMS,S_top127_hit_rate,1.0,227,saved repeat summary
2g,Element-bearing peak localization,MassSpecGym,UltraMS,S_top128_hit_rate,1.0,227,saved repeat summary
2g,Element-bearing peak localization,MassSpecGym,UltraMS,S_top129_hit_rate,1.0,227,saved repeat summary
2g,Element-bearing peak localization,MassSpecGym,UltraMS,S_top130_hit_rate,1.0,227,saved repeat summary
2g,Element-bearing peak localization,MassSpecGym,UltraMS,S_top131_hit_rate,1.0,227,saved repeat summary
2g,Element-bearing peak localization,MassSpecGym,UltraMS,S_top132_hit_rate,1.0,227,saved repeat summary
2g,Element-bearing peak localization,MassSpecGym,UltraMS,S_top133_hit_rate,1.0,227,saved repeat summary
2g,Element-bearing peak localization,MassSpecGym,UltraMS,S_top134_hit_rate,1.0,227,saved repeat summary
2g,Element-bearing peak localization,MassSpecGym,UltraMS,S_top135_hit_rate,1.0,227,saved repeat summary
2g,Element-bearing peak localization,MassSpecGym,UltraMS,S_top136_hit_rate,1.0,227,saved repeat summary
2g,Element-bearing peak localization,MassSpecGym,UltraMS,S_top137_hit_rate,1.0,227,saved repeat summary
2g,Element-bearing peak localization,MassSpecGym,UltraMS,S_top138_hit_rate,1.0,227,saved repeat summary
2g,Element-bearing peak localization,MassSpecGym,UltraMS,S_top139_hit_rate,1.0,227,saved repeat summary
2g,Element-bearing peak localization,MassSpecGym,UltraMS,S_top140_hit_rate,1.0,227,saved repeat summary
2g,Element-bearing peak localization,MassSpecGym,UltraMS,S_top141_hit_rate,1.0,227,saved repeat summary
2g,Element-bearing peak localization,MassSpecGym,UltraMS,S_top142_hit_rate,1.0,227,saved repeat summary
2g,Element-bearing peak localization,MassSpecGym,UltraMS,S_top143_hit_rate,1.0,227,saved repeat summary
2g,Element-bearing peak localization,MassSpecGym,UltraMS,S_top144_hit_rate,1.0,227,saved repeat summary
2g,Element-bearing peak localization,MassSpecGym,UltraMS,S_top145_hit_rate,1.0,227,saved repeat summary
2g,Element-bearing peak localization,MassSpecGym,UltraMS,S_top146_hit_rate,1.0,227,saved repeat summary
2g,Element-bearing peak localization,MassSpecGym,UltraMS,S_top147_hit_rate,1.0,227,saved repeat summary
2g,Element-bearing peak localization,MassSpecGym,UltraMS,S_top148_hit_rate,1.0,227,saved repeat summary
2g,Element-bearing peak localization,MassSpecGym,UltraMS,S_top149_hit_rate,1.0,227,saved repeat summary
2g,Element-bearing peak localization,MassSpecGym,UltraMS,S_top150_hit_rate,1.0,227,saved repeat summary
2g,Element-bearing peak localization,MassSpecGym,DreaMS,S_top5_hit_rate,0.6699473166497978,227,saved repeat summary
2g,Element-bearing peak localization,MassSpecGym,DreaMS,S_top6_hit_rate,0.7108808107924528,227,saved repeat summary
2g,Element-bearing peak localization,MassSpecGym,DreaMS,S_top7_hit_rate,0.7613897008326923,227,saved repeat summary
2g,Element-bearing peak localization,MassSpecGym,DreaMS,S_top8_hit_rate,0.7918809978221868,227,saved repeat summary
2g,Element-bearing peak localization,MassSpecGym,DreaMS,S_top9_hit_rate,0.8478165853687166,227,saved repeat summary
2g,Element-bearing peak localization,MassSpecGym,DreaMS,S_top10_hit_rate,0.869315338259284,227,saved repeat summary
2g,Element-bearing peak localization,MassSpecGym,DreaMS,S_top11_hit_rate,0.8927699198534004,227,saved repeat summary
2g,Element-bearing peak localization,MassSpecGym,DreaMS,S_top12_hit_rate,0.9160641366126628,227,saved repeat summary
2g,Element-bearing peak localization,MassSpecGym,DreaMS,S_top13_hit_rate,0.9199102904588166,227,saved repeat summary
2g,Element-bearing peak localization,MassSpecGym,DreaMS,S_top14_hit_rate,0.9367445588976656,227,saved repeat summary
2g,Element-bearing peak localization,MassSpecGym,DreaMS,S_top15_hit_rate,0.9408261915507268,227,saved repeat summary
2g,Element-bearing peak localization,MassSpecGym,DreaMS,S_top16_hit_rate,0.953169662033732,227,saved repeat summary
2g,Element-bearing peak localization,MassSpecGym,DreaMS,S_top17_hit_rate,0.9608619697260398,227,saved repeat summary
2g,Element-bearing peak localization,MassSpecGym,DreaMS,S_top18_hit_rate,0.9649436023791008,227,saved repeat summary
2g,Element-bearing peak localization,MassSpecGym,DreaMS,S_top19_hit_rate,0.9649436023791008,227,saved repeat summary
2g,Element-bearing peak localization,MassSpecGym,DreaMS,S_top20_hit_rate,0.9649436023791008,227,saved repeat summary
2g,Element-bearing peak localization,MassSpecGym,DreaMS,S_top21_hit_rate,0.9691989215280372,227,saved repeat summary
2g,Element-bearing peak localization,MassSpecGym,DreaMS,S_top22_hit_rate,0.9691989215280372,227,saved repeat summary
2g,Element-bearing peak localization,MassSpecGym,DreaMS,S_top23_hit_rate,0.973850084318735,227,saved repeat summary
2g,Element-bearing peak localization,MassSpecGym,DreaMS,S_top24_hit_rate,0.973850084318735,227,saved repeat summary
2g,Element-bearing peak localization,MassSpecGym,DreaMS,S_top25_hit_rate,0.973850084318735,227,saved repeat summary
2g,Element-bearing peak localization,MassSpecGym,DreaMS,S_top26_hit_rate,0.973850084318735,227,saved repeat summary
2g,Element-bearing peak localization,MassSpecGym,DreaMS,S_top27_hit_rate,0.9821870361207324,227,saved repeat summary
2g,Element-bearing peak localization,MassSpecGym,DreaMS,S_top28_hit_rate,0.98683819891143,227,saved repeat summary
2g,Element-bearing peak localization,MassSpecGym,DreaMS,S_top29_hit_rate,0.98683819891143,227,saved repeat summary
2g,Element-bearing peak localization,MassSpecGym,DreaMS,S_top30_hit_rate,0.98683819891143,227,saved repeat summary
2g,Element-bearing peak localization,MassSpecGym,DreaMS,S_top31_hit_rate,0.98683819891143,227,saved repeat summary
2g,Element-bearing peak localization,MassSpecGym,DreaMS,S_top32_hit_rate,0.98683819891143,227,saved repeat summary
2g,Element-bearing peak localization,MassSpecGym,DreaMS,S_top33_hit_rate,0.9910935180603662,227,saved repeat summary
2g,Element-bearing peak localization,MassSpecGym,DreaMS,S_top34_hit_rate,0.9910935180603662,227,saved repeat summary
2g,Element-bearing peak localization,MassSpecGym,DreaMS,S_top35_hit_rate,0.9910935180603662,227,saved repeat summary
2g,Element-bearing peak localization,MassSpecGym,DreaMS,S_top36_hit_rate,0.9910935180603662,227,saved repeat summary
2g,Element-bearing peak localization,MassSpecGym,DreaMS,S_top37_hit_rate,0.9910935180603662,227,saved repeat summary
2g,Element-bearing peak localization,MassSpecGym,DreaMS,S_top38_hit_rate,0.9910935180603662,227,saved repeat summary
2g,Element-bearing peak localization,MassSpecGym,DreaMS,S_top39_hit_rate,0.9910935180603662,227,saved repeat summary
2g,Element-bearing peak localization,MassSpecGym,DreaMS,S_top40_hit_rate,0.9910935180603662,227,saved repeat summary
2g,Element-bearing peak localization,MassSpecGym,DreaMS,S_top41_hit_rate,0.9910935180603662,227,saved repeat summary
2g,Element-bearing peak localization,MassSpecGym,DreaMS,S_top42_hit_rate,0.9910935180603662,227,saved repeat summary
2g,Element-bearing peak localization,MassSpecGym,DreaMS,S_top43_hit_rate,0.9910935180603662,227,saved repeat summary
2g,Element-bearing peak localization,MassSpecGym,DreaMS,S_top44_hit_rate,0.9910935180603662,227,saved repeat summary
2g,Element-bearing peak localization,MassSpecGym,DreaMS,S_top45_hit_rate,0.9910935180603662,227,saved repeat summary
2g,Element-bearing peak localization,MassSpecGym,DreaMS,S_top46_hit_rate,0.9910935180603662,227,saved repeat summary
2g,Element-bearing peak localization,MassSpecGym,DreaMS,S_top47_hit_rate,0.9910935180603662,227,saved repeat summary
2g,Element-bearing peak localization,MassSpecGym,DreaMS,S_top48_hit_rate,0.9910935180603662,227,saved repeat summary
2g,Element-bearing peak localization,MassSpecGym,DreaMS,S_top49_hit_rate,0.9910935180603662,227,saved repeat summary
2g,Element-bearing peak localization,MassSpecGym,DreaMS,S_top50_hit_rate,0.9910935180603662,227,saved repeat summary
2g,Element-bearing peak localization,MassSpecGym,DreaMS,S_top51_hit_rate,0.9910935180603662,227,saved repeat summary
2g,Element-bearing peak localization,MassSpecGym,DreaMS,S_top52_hit_rate,0.9910935180603662,227,saved repeat summary
2g,Element-bearing peak localization,MassSpecGym,DreaMS,S_top53_hit_rate,0.9910935180603662,227,saved repeat summary
2g,Element-bearing peak localization,MassSpecGym,DreaMS,S_top54_hit_rate,0.9910935180603662,227,saved repeat summary
2g,Element-bearing peak localization,MassSpecGym,DreaMS,S_top55_hit_rate,0.9910935180603662,227,saved repeat summary
2g,Element-bearing peak localization,MassSpecGym,DreaMS,S_top56_hit_rate,0.9910935180603662,227,saved repeat summary
2g,Element-bearing peak localization,MassSpecGym,DreaMS,S_top57_hit_rate,0.9910935180603662,227,saved repeat summary
2g,Element-bearing peak localization,MassSpecGym,DreaMS,S_top58_hit_rate,0.9910935180603662,227,saved repeat summary
2g,Element-bearing peak localization,MassSpecGym,DreaMS,S_top59_hit_rate,0.9910935180603662,227,saved repeat summary
2g,Element-bearing peak localization,MassSpecGym,DreaMS,S_top60_hit_rate,0.9910935180603662,227,saved repeat summary
2g,Element-bearing peak localization,MassSpecGym,DreaMS,S_top61_hit_rate,0.9910935180603662,227,saved repeat summary
2g,Element-bearing peak localization,MassSpecGym,DreaMS,S_top62_hit_rate,0.9910935180603662,227,saved repeat summary
2g,Element-bearing peak localization,MassSpecGym,DreaMS,S_top63_hit_rate,0.9910935180603662,227,saved repeat summary
2g,Element-bearing peak localization,MassSpecGym,DreaMS,S_top64_hit_rate,0.9953488372093025,227,saved repeat summary
2g,Element-bearing peak localization,MassSpecGym,DreaMS,S_top65_hit_rate,0.9953488372093025,227,saved repeat summary
2g,Element-bearing peak localization,MassSpecGym,DreaMS,S_top66_hit_rate,0.9953488372093025,227,saved repeat summary
2g,Element-bearing peak localization,MassSpecGym,DreaMS,S_top67_hit_rate,0.9953488372093025,227,saved repeat summary
2g,Element-bearing peak localization,MassSpecGym,DreaMS,S_top68_hit_rate,0.9953488372093025,227,saved repeat summary
2g,Element-bearing peak localization,MassSpecGym,DreaMS,S_top69_hit_rate,0.9953488372093025,227,saved repeat summary
2g,Element-bearing peak localization,MassSpecGym,DreaMS,S_top70_hit_rate,1.0,227,saved repeat summary
2g,Element-bearing peak localization,MassSpecGym,DreaMS,S_top71_hit_rate,1.0,227,saved repeat summary
2g,Element-bearing peak localization,MassSpecGym,DreaMS,S_top72_hit_rate,1.0,227,saved repeat summary
2g,Element-bearing peak localization,MassSpecGym,DreaMS,S_top73_hit_rate,1.0,227,saved repeat summary
2g,Element-bearing peak localization,MassSpecGym,DreaMS,S_top74_hit_rate,1.0,227,saved repeat summary
2g,Element-bearing peak localization,MassSpecGym,DreaMS,S_top75_hit_rate,1.0,227,saved repeat summary
2g,Element-bearing peak localization,MassSpecGym,DreaMS,S_top76_hit_rate,1.0,227,saved repeat summary
2g,Element-bearing peak localization,MassSpecGym,DreaMS,S_top77_hit_rate,1.0,227,saved repeat summary
2g,Element-bearing peak localization,MassSpecGym,DreaMS,S_top78_hit_rate,1.0,227,saved repeat summary
2g,Element-bearing peak localization,MassSpecGym,DreaMS,S_top79_hit_rate,1.0,227,saved repeat summary
2g,Element-bearing peak localization,MassSpecGym,DreaMS,S_top80_hit_rate,1.0,227,saved repeat summary
2g,Element-bearing peak localization,MassSpecGym,DreaMS,S_top81_hit_rate,1.0,227,saved repeat summary
2g,Element-bearing peak localization,MassSpecGym,DreaMS,S_top82_hit_rate,1.0,227,saved repeat summary
2g,Element-bearing peak localization,MassSpecGym,DreaMS,S_top83_hit_rate,1.0,227,saved repeat summary
2g,Element-bearing peak localization,MassSpecGym,DreaMS,S_top84_hit_rate,1.0,227,saved repeat summary
2g,Element-bearing peak localization,MassSpecGym,DreaMS,S_top85_hit_rate,1.0,227,saved repeat summary
2g,Element-bearing peak localization,MassSpecGym,DreaMS,S_top86_hit_rate,1.0,227,saved repeat summary
2g,Element-bearing peak localization,MassSpecGym,DreaMS,S_top87_hit_rate,1.0,227,saved repeat summary
2g,Element-bearing peak localization,MassSpecGym,DreaMS,S_top88_hit_rate,1.0,227,saved repeat summary
2g,Element-bearing peak localization,MassSpecGym,DreaMS,S_top89_hit_rate,1.0,227,saved repeat summary
2g,Element-bearing peak localization,MassSpecGym,DreaMS,S_top90_hit_rate,1.0,227,saved repeat summary
2g,Element-bearing peak localization,MassSpecGym,DreaMS,S_top91_hit_rate,1.0,227,saved repeat summary
2g,Element-bearing peak localization,MassSpecGym,DreaMS,S_top92_hit_rate,1.0,227,saved repeat summary
2g,Element-bearing peak localization,MassSpecGym,DreaMS,S_top93_hit_rate,1.0,227,saved repeat summary
2g,Element-bearing peak localization,MassSpecGym,DreaMS,S_top94_hit_rate,1.0,227,saved repeat summary
2g,Element-bearing peak localization,MassSpecGym,DreaMS,S_top95_hit_rate,1.0,227,saved repeat summary
2g,Element-bearing peak localization,MassSpecGym,DreaMS,S_top96_hit_rate,1.0,227,saved repeat summary
2g,Element-bearing peak localization,MassSpecGym,DreaMS,S_top97_hit_rate,1.0,227,saved repeat summary
2g,Element-bearing peak localization,MassSpecGym,DreaMS,S_top98_hit_rate,1.0,227,saved repeat summary
2g,Element-bearing peak localization,MassSpecGym,DreaMS,S_top99_hit_rate,1.0,227,saved repeat summary
2g,Element-bearing peak localization,MassSpecGym,DreaMS,S_top100_hit_rate,1.0,227,saved repeat summary
2g,Element-bearing peak localization,MassSpecGym,DreaMS,S_top101_hit_rate,1.0,227,saved repeat summary
2g,Element-bearing peak localization,MassSpecGym,DreaMS,S_top102_hit_rate,1.0,227,saved repeat summary
2g,Element-bearing peak localization,MassSpecGym,DreaMS,S_top103_hit_rate,1.0,227,saved repeat summary
2g,Element-bearing peak localization,MassSpecGym,DreaMS,S_top104_hit_rate,1.0,227,saved repeat summary
2g,Element-bearing peak localization,MassSpecGym,DreaMS,S_top105_hit_rate,1.0,227,saved repeat summary
2g,Element-bearing peak localization,MassSpecGym,DreaMS,S_top106_hit_rate,1.0,227,saved repeat summary
2g,Element-bearing peak localization,MassSpecGym,DreaMS,S_top107_hit_rate,1.0,227,saved repeat summary
2g,Element-bearing peak localization,MassSpecGym,DreaMS,S_top108_hit_rate,1.0,227,saved repeat summary
2g,Element-bearing peak localization,MassSpecGym,DreaMS,S_top109_hit_rate,1.0,227,saved repeat summary
2g,Element-bearing peak localization,MassSpecGym,DreaMS,S_top110_hit_rate,1.0,227,saved repeat summary
2g,Element-bearing peak localization,MassSpecGym,DreaMS,S_top111_hit_rate,1.0,227,saved repeat summary
2g,Element-bearing peak localization,MassSpecGym,DreaMS,S_top112_hit_rate,1.0,227,saved repeat summary
2g,Element-bearing peak localization,MassSpecGym,DreaMS,S_top113_hit_rate,1.0,227,saved repeat summary
2g,Element-bearing peak localization,MassSpecGym,DreaMS,S_top114_hit_rate,1.0,227,saved repeat summary
2g,Element-bearing peak localization,MassSpecGym,DreaMS,S_top115_hit_rate,1.0,227,saved repeat summary
2g,Element-bearing peak localization,MassSpecGym,DreaMS,S_top116_hit_rate,1.0,227,saved repeat summary
2g,Element-bearing peak localization,MassSpecGym,DreaMS,S_top117_hit_rate,1.0,227,saved repeat summary
2g,Element-bearing peak localization,MassSpecGym,DreaMS,S_top118_hit_rate,1.0,227,saved repeat summary
2g,Element-bearing peak localization,MassSpecGym,DreaMS,S_top119_hit_rate,1.0,227,saved repeat summary
2g,Element-bearing peak localization,MassSpecGym,DreaMS,S_top120_hit_rate,1.0,227,saved repeat summary
2g,Element-bearing peak localization,MassSpecGym,DreaMS,S_top121_hit_rate,1.0,227,saved repeat summary
2g,Element-bearing peak localization,MassSpecGym,DreaMS,S_top122_hit_rate,1.0,227,saved repeat summary
2g,Element-bearing peak localization,MassSpecGym,DreaMS,S_top123_hit_rate,1.0,227,saved repeat summary
2g,Element-bearing peak localization,MassSpecGym,DreaMS,S_top124_hit_rate,1.0,227,saved repeat summary
2g,Element-bearing peak localization,MassSpecGym,DreaMS,S_top125_hit_rate,1.0,227,saved repeat summary
2g,Element-bearing peak localization,MassSpecGym,DreaMS,S_top126_hit_rate,1.0,227,saved repeat summary
2g,Element-bearing peak localization,MassSpecGym,DreaMS,S_top127_hit_rate,1.0,227,saved repeat summary
2g,Element-bearing peak localization,MassSpecGym,DreaMS,S_top128_hit_rate,1.0,227,saved repeat summary
2g,Element-bearing peak localization,MassSpecGym,DreaMS,S_top129_hit_rate,1.0,227,saved repeat summary
2g,Element-bearing peak localization,MassSpecGym,DreaMS,S_top130_hit_rate,1.0,227,saved repeat summary
2g,Element-bearing peak localization,MassSpecGym,DreaMS,S_top131_hit_rate,1.0,227,saved repeat summary
2g,Element-bearing peak localization,MassSpecGym,DreaMS,S_top132_hit_rate,1.0,227,saved repeat summary
2g,Element-bearing peak localization,MassSpecGym,DreaMS,S_top133_hit_rate,1.0,227,saved repeat summary
2g,Element-bearing peak localization,MassSpecGym,DreaMS,S_top134_hit_rate,1.0,227,saved repeat summary
2g,Element-bearing peak localization,MassSpecGym,DreaMS,S_top135_hit_rate,1.0,227,saved repeat summary
2g,Element-bearing peak localization,MassSpecGym,DreaMS,S_top136_hit_rate,1.0,227,saved repeat summary
2g,Element-bearing peak localization,MassSpecGym,DreaMS,S_top137_hit_rate,1.0,227,saved repeat summary
2g,Element-bearing peak localization,MassSpecGym,DreaMS,S_top138_hit_rate,1.0,227,saved repeat summary
2g,Element-bearing peak localization,MassSpecGym,DreaMS,S_top139_hit_rate,1.0,227,saved repeat summary
2g,Element-bearing peak localization,MassSpecGym,DreaMS,S_top140_hit_rate,1.0,227,saved repeat summary
2g,Element-bearing peak localization,MassSpecGym,DreaMS,S_top141_hit_rate,1.0,227,saved repeat summary
2g,Element-bearing peak localization,MassSpecGym,DreaMS,S_top142_hit_rate,1.0,227,saved repeat summary
2g,Element-bearing peak localization,MassSpecGym,DreaMS,S_top143_hit_rate,1.0,227,saved repeat summary
2g,Element-bearing peak localization,MassSpecGym,DreaMS,S_top144_hit_rate,1.0,227,saved repeat summary
2g,Element-bearing peak localization,MassSpecGym,DreaMS,S_top145_hit_rate,1.0,227,saved repeat summary
2g,Element-bearing peak localization,MassSpecGym,DreaMS,S_top146_hit_rate,1.0,227,saved repeat summary
2g,Element-bearing peak localization,MassSpecGym,DreaMS,S_top147_hit_rate,1.0,227,saved repeat summary
2g,Element-bearing peak localization,MassSpecGym,DreaMS,S_top148_hit_rate,1.0,227,saved repeat summary
2g,Element-bearing peak localization,MassSpecGym,DreaMS,S_top149_hit_rate,1.0,227,saved repeat summary
2g,Element-bearing peak localization,MassSpecGym,DreaMS,S_top150_hit_rate,1.0,227,saved repeat summary
2g,Element-bearing peak localization,MassSpecGym,Linear SVM,S_top5_hit_rate,0.7292399153040986,227,saved repeat summary
2g,Element-bearing peak localization,MassSpecGym,Linear SVM,S_top6_hit_rate,0.7759026514981842,227,saved repeat summary
2g,Element-bearing peak localization,MassSpecGym,Linear SVM,S_top7_hit_rate,0.7991968682574464,227,saved repeat summary
2g,Element-bearing peak localization,MassSpecGym,Linear SVM,S_top8_hit_rate,0.8484055218910665,227,saved repeat summary
2g,Element-bearing peak localization,MassSpecGym,Linear SVM,S_top9_hit_rate,0.87952814132923,227,saved repeat summary
2g,Element-bearing peak localization,MassSpecGym,Linear SVM,S_top10_hit_rate,0.8957928796304424,227,saved repeat summary
2g,Element-bearing peak localization,MassSpecGym,Linear SVM,S_top11_hit_rate,0.9166469884113202,227,saved repeat summary
2g,Element-bearing peak localization,MassSpecGym,Linear SVM,S_top12_hit_rate,0.933307570354294,227,saved repeat summary
2g,Element-bearing peak localization,MassSpecGym,Linear SVM,S_top13_hit_rate,0.9418048869911456,227,saved repeat summary
2g,Element-bearing peak localization,MassSpecGym,Linear SVM,S_top14_hit_rate,0.9460602061400816,227,saved repeat summary
2g,Element-bearing peak localization,MassSpecGym,Linear SVM,S_top15_hit_rate,0.958874634236902,227,saved repeat summary
2g,Element-bearing peak localization,MassSpecGym,Linear SVM,S_top16_hit_rate,0.9627207880830556,227,saved repeat summary
2g,Element-bearing peak localization,MassSpecGym,Linear SVM,S_top17_hit_rate,0.9627207880830556,227,saved repeat summary
2g,Element-bearing peak localization,MassSpecGym,Linear SVM,S_top18_hit_rate,0.9665669419292096,227,saved repeat summary
2g,Element-bearing peak localization,MassSpecGym,Linear SVM,S_top19_hit_rate,0.9665669419292096,227,saved repeat summary
2g,Element-bearing peak localization,MassSpecGym,Linear SVM,S_top20_hit_rate,0.9704130957753634,227,saved repeat summary
2g,Element-bearing peak localization,MassSpecGym,Linear SVM,S_top21_hit_rate,0.9704130957753634,227,saved repeat summary
2g,Element-bearing peak localization,MassSpecGym,Linear SVM,S_top22_hit_rate,0.9704130957753634,227,saved repeat summary
2g,Element-bearing peak localization,MassSpecGym,Linear SVM,S_top23_hit_rate,0.978105403467671,227,saved repeat summary
2g,Element-bearing peak localization,MassSpecGym,Linear SVM,S_top24_hit_rate,0.9870118854073048,227,saved repeat summary
2g,Element-bearing peak localization,MassSpecGym,Linear SVM,S_top25_hit_rate,0.9870118854073048,227,saved repeat summary
2g,Element-bearing peak localization,MassSpecGym,Linear SVM,S_top26_hit_rate,0.9870118854073048,227,saved repeat summary
2g,Element-bearing peak localization,MassSpecGym,Linear SVM,S_top27_hit_rate,0.9870118854073048,227,saved repeat summary
2g,Element-bearing peak localization,MassSpecGym,Linear SVM,S_top28_hit_rate,0.9870118854073048,227,saved repeat summary
2g,Element-bearing peak localization,MassSpecGym,Linear SVM,S_top29_hit_rate,0.9870118854073048,227,saved repeat summary
2g,Element-bearing peak localization,MassSpecGym,Linear SVM,S_top30_hit_rate,0.9870118854073048,227,saved repeat summary
2g,Element-bearing peak localization,MassSpecGym,Linear SVM,S_top31_hit_rate,0.9870118854073048,227,saved repeat summary
2g,Element-bearing peak localization,MassSpecGym,Linear SVM,S_top32_hit_rate,0.9870118854073048,227,saved repeat summary
2g,Element-bearing peak localization,MassSpecGym,Linear SVM,S_top33_hit_rate,0.9870118854073048,227,saved repeat summary
2g,Element-bearing peak localization,MassSpecGym,Linear SVM,S_top34_hit_rate,0.9870118854073048,227,saved repeat summary
2g,Element-bearing peak localization,MassSpecGym,Linear SVM,S_top35_hit_rate,0.9870118854073048,227,saved repeat summary
2g,Element-bearing peak localization,MassSpecGym,Linear SVM,S_top36_hit_rate,0.9870118854073048,227,saved repeat summary
2g,Element-bearing peak localization,MassSpecGym,Linear SVM,S_top37_hit_rate,0.9870118854073048,227,saved repeat summary
2g,Element-bearing peak localization,MassSpecGym,Linear SVM,S_top38_hit_rate,0.9910935180603662,227,saved repeat summary
2g,Element-bearing peak localization,MassSpecGym,Linear SVM,S_top39_hit_rate,0.9910935180603662,227,saved repeat summary
2g,Element-bearing peak localization,MassSpecGym,Linear SVM,S_top40_hit_rate,0.9910935180603662,227,saved repeat summary
2g,Element-bearing peak localization,MassSpecGym,Linear SVM,S_top41_hit_rate,0.9910935180603662,227,saved repeat summary
2g,Element-bearing peak localization,MassSpecGym,Linear SVM,S_top42_hit_rate,0.9910935180603662,227,saved repeat summary
2g,Element-bearing peak localization,MassSpecGym,Linear SVM,S_top43_hit_rate,0.9910935180603662,227,saved repeat summary
2g,Element-bearing peak localization,MassSpecGym,Linear SVM,S_top44_hit_rate,0.9910935180603662,227,saved repeat summary
2g,Element-bearing peak localization,MassSpecGym,Linear SVM,S_top45_hit_rate,0.9910935180603662,227,saved repeat summary
2g,Element-bearing peak localization,MassSpecGym,Linear SVM,S_top46_hit_rate,0.9910935180603662,227,saved repeat summary
2g,Element-bearing peak localization,MassSpecGym,Linear SVM,S_top47_hit_rate,0.995744680851064,227,saved repeat summary
2g,Element-bearing peak localization,MassSpecGym,Linear SVM,S_top48_hit_rate,0.995744680851064,227,saved repeat summary
2g,Element-bearing peak localization,MassSpecGym,Linear SVM,S_top49_hit_rate,0.995744680851064,227,saved repeat summary
2g,Element-bearing peak localization,MassSpecGym,Linear SVM,S_top50_hit_rate,0.995744680851064,227,saved repeat summary
2g,Element-bearing peak localization,MassSpecGym,Linear SVM,S_top51_hit_rate,0.995744680851064,227,saved repeat summary
2g,Element-bearing peak localization,MassSpecGym,Linear SVM,S_top52_hit_rate,0.995744680851064,227,saved repeat summary
2g,Element-bearing peak localization,MassSpecGym,Linear SVM,S_top53_hit_rate,0.995744680851064,227,saved repeat summary
2g,Element-bearing peak localization,MassSpecGym,Linear SVM,S_top54_hit_rate,0.995744680851064,227,saved repeat summary
2g,Element-bearing peak localization,MassSpecGym,Linear SVM,S_top55_hit_rate,0.995744680851064,227,saved repeat summary
2g,Element-bearing peak localization,MassSpecGym,Linear SVM,S_top56_hit_rate,0.995744680851064,227,saved repeat summary
2g,Element-bearing peak localization,MassSpecGym,Linear SVM,S_top57_hit_rate,1.0,227,saved repeat summary
2g,Element-bearing peak localization,MassSpecGym,Linear SVM,S_top58_hit_rate,1.0,227,saved repeat summary
2g,Element-bearing peak localization,MassSpecGym,Linear SVM,S_top59_hit_rate,1.0,227,saved repeat summary
2g,Element-bearing peak localization,MassSpecGym,Linear SVM,S_top60_hit_rate,1.0,227,saved repeat summary
2g,Element-bearing peak localization,MassSpecGym,Linear SVM,S_top61_hit_rate,1.0,227,saved repeat summary
2g,Element-bearing peak localization,MassSpecGym,Linear SVM,S_top62_hit_rate,1.0,227,saved repeat summary
2g,Element-bearing peak localization,MassSpecGym,Linear SVM,S_top63_hit_rate,1.0,227,saved repeat summary
2g,Element-bearing peak localization,MassSpecGym,Linear SVM,S_top64_hit_rate,1.0,227,saved repeat summary
2g,Element-bearing peak localization,MassSpecGym,Linear SVM,S_top65_hit_rate,1.0,227,saved repeat summary
2g,Element-bearing peak localization,MassSpecGym,Linear SVM,S_top66_hit_rate,1.0,227,saved repeat summary
2g,Element-bearing peak localization,MassSpecGym,Linear SVM,S_top67_hit_rate,1.0,227,saved repeat summary
2g,Element-bearing peak localization,MassSpecGym,Linear SVM,S_top68_hit_rate,1.0,227,saved repeat summary
2g,Element-bearing peak localization,MassSpecGym,Linear SVM,S_top69_hit_rate,1.0,227,saved repeat summary
2g,Element-bearing peak localization,MassSpecGym,Linear SVM,S_top70_hit_rate,1.0,227,saved repeat summary
2g,Element-bearing peak localization,MassSpecGym,Linear SVM,S_top71_hit_rate,1.0,227,saved repeat summary
2g,Element-bearing peak localization,MassSpecGym,Linear SVM,S_top72_hit_rate,1.0,227,saved repeat summary
2g,Element-bearing peak localization,MassSpecGym,Linear SVM,S_top73_hit_rate,1.0,227,saved repeat summary
2g,Element-bearing peak localization,MassSpecGym,Linear SVM,S_top74_hit_rate,1.0,227,saved repeat summary
2g,Element-bearing peak localization,MassSpecGym,Linear SVM,S_top75_hit_rate,1.0,227,saved repeat summary
2g,Element-bearing peak localization,MassSpecGym,Linear SVM,S_top76_hit_rate,1.0,227,saved repeat summary
2g,Element-bearing peak localization,MassSpecGym,Linear SVM,S_top77_hit_rate,1.0,227,saved repeat summary
2g,Element-bearing peak localization,MassSpecGym,Linear SVM,S_top78_hit_rate,1.0,227,saved repeat summary
2g,Element-bearing peak localization,MassSpecGym,Linear SVM,S_top79_hit_rate,1.0,227,saved repeat summary
2g,Element-bearing peak localization,MassSpecGym,Linear SVM,S_top80_hit_rate,1.0,227,saved repeat summary
2g,Element-bearing peak localization,MassSpecGym,Linear SVM,S_top81_hit_rate,1.0,227,saved repeat summary
2g,Element-bearing peak localization,MassSpecGym,Linear SVM,S_top82_hit_rate,1.0,227,saved repeat summary
2g,Element-bearing peak localization,MassSpecGym,Linear SVM,S_top83_hit_rate,1.0,227,saved repeat summary
2g,Element-bearing peak localization,MassSpecGym,Linear SVM,S_top84_hit_rate,1.0,227,saved repeat summary
2g,Element-bearing peak localization,MassSpecGym,Linear SVM,S_top85_hit_rate,1.0,227,saved repeat summary
2g,Element-bearing peak localization,MassSpecGym,Linear SVM,S_top86_hit_rate,1.0,227,saved repeat summary
2g,Element-bearing peak localization,MassSpecGym,Linear SVM,S_top87_hit_rate,1.0,227,saved repeat summary
2g,Element-bearing peak localization,MassSpecGym,Linear SVM,S_top88_hit_rate,1.0,227,saved repeat summary
2g,Element-bearing peak localization,MassSpecGym,Linear SVM,S_top89_hit_rate,1.0,227,saved repeat summary
2g,Element-bearing peak localization,MassSpecGym,Linear SVM,S_top90_hit_rate,1.0,227,saved repeat summary
2g,Element-bearing peak localization,MassSpecGym,Linear SVM,S_top91_hit_rate,1.0,227,saved repeat summary
2g,Element-bearing peak localization,MassSpecGym,Linear SVM,S_top92_hit_rate,1.0,227,saved repeat summary
2g,Element-bearing peak localization,MassSpecGym,Linear SVM,S_top93_hit_rate,1.0,227,saved repeat summary
2g,Element-bearing peak localization,MassSpecGym,Linear SVM,S_top94_hit_rate,1.0,227,saved repeat summary
2g,Element-bearing peak localization,MassSpecGym,Linear SVM,S_top95_hit_rate,1.0,227,saved repeat summary
2g,Element-bearing peak localization,MassSpecGym,Linear SVM,S_top96_hit_rate,1.0,227,saved repeat summary
2g,Element-bearing peak localization,MassSpecGym,Linear SVM,S_top97_hit_rate,1.0,227,saved repeat summary
2g,Element-bearing peak localization,MassSpecGym,Linear SVM,S_top98_hit_rate,1.0,227,saved repeat summary
2g,Element-bearing peak localization,MassSpecGym,Linear SVM,S_top99_hit_rate,1.0,227,saved repeat summary
2g,Element-bearing peak localization,MassSpecGym,Linear SVM,S_top100_hit_rate,1.0,227,saved repeat summary
2g,Element-bearing peak localization,MassSpecGym,Linear SVM,S_top101_hit_rate,1.0,227,saved repeat summary
2g,Element-bearing peak localization,MassSpecGym,Linear SVM,S_top102_hit_rate,1.0,227,saved repeat summary
2g,Element-bearing peak localization,MassSpecGym,Linear SVM,S_top103_hit_rate,1.0,227,saved repeat summary
2g,Element-bearing peak localization,MassSpecGym,Linear SVM,S_top104_hit_rate,1.0,227,saved repeat summary
2g,Element-bearing peak localization,MassSpecGym,Linear SVM,S_top105_hit_rate,1.0,227,saved repeat summary
2g,Element-bearing peak localization,MassSpecGym,Linear SVM,S_top106_hit_rate,1.0,227,saved repeat summary
2g,Element-bearing peak localization,MassSpecGym,Linear SVM,S_top107_hit_rate,1.0,227,saved repeat summary
2g,Element-bearing peak localization,MassSpecGym,Linear SVM,S_top108_hit_rate,1.0,227,saved repeat summary
2g,Element-bearing peak localization,MassSpecGym,Linear SVM,S_top109_hit_rate,1.0,227,saved repeat summary
2g,Element-bearing peak localization,MassSpecGym,Linear SVM,S_top110_hit_rate,1.0,227,saved repeat summary
2g,Element-bearing peak localization,MassSpecGym,Linear SVM,S_top111_hit_rate,1.0,227,saved repeat summary
2g,Element-bearing peak localization,MassSpecGym,Linear SVM,S_top112_hit_rate,1.0,227,saved repeat summary
2g,Element-bearing peak localization,MassSpecGym,Linear SVM,S_top113_hit_rate,1.0,227,saved repeat summary
2g,Element-bearing peak localization,MassSpecGym,Linear SVM,S_top114_hit_rate,1.0,227,saved repeat summary
2g,Element-bearing peak localization,MassSpecGym,Linear SVM,S_top115_hit_rate,1.0,227,saved repeat summary
2g,Element-bearing peak localization,MassSpecGym,Linear SVM,S_top116_hit_rate,1.0,227,saved repeat summary
2g,Element-bearing peak localization,MassSpecGym,Linear SVM,S_top117_hit_rate,1.0,227,saved repeat summary
2g,Element-bearing peak localization,MassSpecGym,Linear SVM,S_top118_hit_rate,1.0,227,saved repeat summary
2g,Element-bearing peak localization,MassSpecGym,Linear SVM,S_top119_hit_rate,1.0,227,saved repeat summary
2g,Element-bearing peak localization,MassSpecGym,Linear SVM,S_top120_hit_rate,1.0,227,saved repeat summary
2g,Element-bearing peak localization,MassSpecGym,Linear SVM,S_top121_hit_rate,1.0,227,saved repeat summary
2g,Element-bearing peak localization,MassSpecGym,Linear SVM,S_top122_hit_rate,1.0,227,saved repeat summary
2g,Element-bearing peak localization,MassSpecGym,Linear SVM,S_top123_hit_rate,1.0,227,saved repeat summary
2g,Element-bearing peak localization,MassSpecGym,Linear SVM,S_top124_hit_rate,1.0,227,saved repeat summary
2g,Element-bearing peak localization,MassSpecGym,Linear SVM,S_top125_hit_rate,1.0,227,saved repeat summary
2g,Element-bearing peak localization,MassSpecGym,Linear SVM,S_top126_hit_rate,1.0,227,saved repeat summary
2g,Element-bearing peak localization,MassSpecGym,Linear SVM,S_top127_hit_rate,1.0,227,saved repeat summary
2g,Element-bearing peak localization,MassSpecGym,Linear SVM,S_top128_hit_rate,1.0,227,saved repeat summary
2g,Element-bearing peak localization,MassSpecGym,Linear SVM,S_top129_hit_rate,1.0,227,saved repeat summary
2g,Element-bearing peak localization,MassSpecGym,Linear SVM,S_top130_hit_rate,1.0,227,saved repeat summary
2g,Element-bearing peak localization,MassSpecGym,Linear SVM,S_top131_hit_rate,1.0,227,saved repeat summary
2g,Element-bearing peak localization,MassSpecGym,Linear SVM,S_top132_hit_rate,1.0,227,saved repeat summary
2g,Element-bearing peak localization,MassSpecGym,Linear SVM,S_top133_hit_rate,1.0,227,saved repeat summary
2g,Element-bearing peak localization,MassSpecGym,Linear SVM,S_top134_hit_rate,1.0,227,saved repeat summary
2g,Element-bearing peak localization,MassSpecGym,Linear SVM,S_top135_hit_rate,1.0,227,saved repeat summary
2g,Element-bearing peak localization,MassSpecGym,Linear SVM,S_top136_hit_rate,1.0,227,saved repeat summary
2g,Element-bearing peak localization,MassSpecGym,Linear SVM,S_top137_hit_rate,1.0,227,saved repeat summary
2g,Element-bearing peak localization,MassSpecGym,Linear SVM,S_top138_hit_rate,1.0,227,saved repeat summary
2g,Element-bearing peak localization,MassSpecGym,Linear SVM,S_top139_hit_rate,1.0,227,saved repeat summary
2g,Element-bearing peak localization,MassSpecGym,Linear SVM,S_top140_hit_rate,1.0,227,saved repeat summary
2g,Element-bearing peak localization,MassSpecGym,Linear SVM,S_top141_hit_rate,1.0,227,saved repeat summary
2g,Element-bearing peak localization,MassSpecGym,Linear SVM,S_top142_hit_rate,1.0,227,saved repeat summary
2g,Element-bearing peak localization,MassSpecGym,Linear SVM,S_top143_hit_rate,1.0,227,saved repeat summary
2g,Element-bearing peak localization,MassSpecGym,Linear SVM,S_top144_hit_rate,1.0,227,saved repeat summary
2g,Element-bearing peak localization,MassSpecGym,Linear SVM,S_top145_hit_rate,1.0,227,saved repeat summary
2g,Element-bearing peak localization,MassSpecGym,Linear SVM,S_top146_hit_rate,1.0,227,saved repeat summary
2g,Element-bearing peak localization,MassSpecGym,Linear SVM,S_top147_hit_rate,1.0,227,saved repeat summary
2g,Element-bearing peak localization,MassSpecGym,Linear SVM,S_top148_hit_rate,1.0,227,saved repeat summary
2g,Element-bearing peak localization,MassSpecGym,Linear SVM,S_top149_hit_rate,1.0,227,saved repeat summary
2g,Element-bearing peak localization,MassSpecGym,Linear SVM,S_top150_hit_rate,1.0,227,saved repeat summary
2g,Element-bearing peak localization,MassSpecGym,Random forest,S_top5_hit_rate,0.7397681746165523,227,saved repeat summary
2g,Element-bearing peak localization,MassSpecGym,Random forest,S_top6_hit_rate,0.782343193433884,227,saved repeat summary
2g,Element-bearing peak localization,MassSpecGym,Random forest,S_top7_hit_rate,0.8165202794346781,227,saved repeat summary
2g,Element-bearing peak localization,MassSpecGym,Random forest,S_top8_hit_rate,0.8246217524297682,227,saved repeat summary
2g,Element-bearing peak localization,MassSpecGym,Random forest,S_top9_hit_rate,0.8414560208686173,227,saved repeat summary
2g,Element-bearing peak localization,MassSpecGym,Random forest,S_top10_hit_rate,0.8461071836593149,227,saved repeat summary
2g,Element-bearing peak localization,MassSpecGym,Random forest,S_top11_hit_rate,0.883368210451691,227,saved repeat summary
2g,Element-bearing peak localization,MassSpecGym,Random forest,S_top12_hit_rate,0.8921010058954499,227,saved repeat summary
2g,Element-bearing peak localization,MassSpecGym,Random forest,S_top13_hit_rate,0.9015027152971594,227,saved repeat summary
2g,Element-bearing peak localization,MassSpecGym,Random forest,S_top14_hit_rate,0.9188322111980838,227,saved repeat summary
2g,Element-bearing peak localization,MassSpecGym,Random forest,S_top15_hit_rate,0.9331205621973984,227,saved repeat summary
2g,Element-bearing peak localization,MassSpecGym,Random forest,S_top16_hit_rate,0.9412220351924884,227,saved repeat summary
2g,Element-bearing peak localization,MassSpecGym,Random forest,S_top17_hit_rate,0.9412220351924884,227,saved repeat summary
2g,Element-bearing peak localization,MassSpecGym,Random forest,S_top18_hit_rate,0.9493235081875784,227,saved repeat summary
2g,Element-bearing peak localization,MassSpecGym,Random forest,S_top19_hit_rate,0.953169662033732,227,saved repeat summary
2g,Element-bearing peak localization,MassSpecGym,Random forest,S_top20_hit_rate,0.957015815879886,227,saved repeat summary
2g,Element-bearing peak localization,MassSpecGym,Random forest,S_top21_hit_rate,0.957015815879886,227,saved repeat summary
2g,Element-bearing peak localization,MassSpecGym,Random forest,S_top22_hit_rate,0.957015815879886,227,saved repeat summary
2g,Element-bearing peak localization,MassSpecGym,Random forest,S_top23_hit_rate,0.9655131325167374,227,saved repeat summary
2g,Element-bearing peak localization,MassSpecGym,Random forest,S_top24_hit_rate,0.9655131325167374,227,saved repeat summary
2g,Element-bearing peak localization,MassSpecGym,Random forest,S_top25_hit_rate,0.9655131325167374,227,saved repeat summary
2g,Element-bearing peak localization,MassSpecGym,Random forest,S_top26_hit_rate,0.9655131325167374,227,saved repeat summary
2g,Element-bearing peak localization,MassSpecGym,Random forest,S_top27_hit_rate,0.9701642953074352,227,saved repeat summary
2g,Element-bearing peak localization,MassSpecGym,Random forest,S_top28_hit_rate,0.9744196144563712,227,saved repeat summary
2g,Element-bearing peak localization,MassSpecGym,Random forest,S_top29_hit_rate,0.9744196144563712,227,saved repeat summary
2g,Element-bearing peak localization,MassSpecGym,Random forest,S_top30_hit_rate,0.9744196144563712,227,saved repeat summary
2g,Element-bearing peak localization,MassSpecGym,Random forest,S_top31_hit_rate,0.9744196144563712,227,saved repeat summary
2g,Element-bearing peak localization,MassSpecGym,Random forest,S_top32_hit_rate,0.9786749336053076,227,saved repeat summary
2g,Element-bearing peak localization,MassSpecGym,Random forest,S_top33_hit_rate,0.9786749336053076,227,saved repeat summary
2g,Element-bearing peak localization,MassSpecGym,Random forest,S_top34_hit_rate,0.9786749336053076,227,saved repeat summary
2g,Element-bearing peak localization,MassSpecGym,Random forest,S_top35_hit_rate,0.9786749336053076,227,saved repeat summary
2g,Element-bearing peak localization,MassSpecGym,Random forest,S_top36_hit_rate,0.9786749336053076,227,saved repeat summary
2g,Element-bearing peak localization,MassSpecGym,Random forest,S_top37_hit_rate,0.9786749336053076,227,saved repeat summary
2g,Element-bearing peak localization,MassSpecGym,Random forest,S_top38_hit_rate,0.9786749336053076,227,saved repeat summary
2g,Element-bearing peak localization,MassSpecGym,Random forest,S_top39_hit_rate,0.9786749336053076,227,saved repeat summary
2g,Element-bearing peak localization,MassSpecGym,Random forest,S_top40_hit_rate,0.9786749336053076,227,saved repeat summary
2g,Element-bearing peak localization,MassSpecGym,Random forest,S_top41_hit_rate,0.9786749336053076,227,saved repeat summary
2g,Element-bearing peak localization,MassSpecGym,Random forest,S_top42_hit_rate,0.9786749336053076,227,saved repeat summary
2g,Element-bearing peak localization,MassSpecGym,Random forest,S_top43_hit_rate,0.9786749336053076,227,saved repeat summary
2g,Element-bearing peak localization,MassSpecGym,Random forest,S_top44_hit_rate,0.9829302527542436,227,saved repeat summary
2g,Element-bearing peak localization,MassSpecGym,Random forest,S_top45_hit_rate,0.9829302527542436,227,saved repeat summary
2g,Element-bearing peak localization,MassSpecGym,Random forest,S_top46_hit_rate,0.9829302527542436,227,saved repeat summary
2g,Element-bearing peak localization,MassSpecGym,Random forest,S_top47_hit_rate,0.9870118854073048,227,saved repeat summary
2g,Element-bearing peak localization,MassSpecGym,Random forest,S_top48_hit_rate,0.9870118854073048,227,saved repeat summary
2g,Element-bearing peak localization,MassSpecGym,Random forest,S_top49_hit_rate,0.9870118854073048,227,saved repeat summary
2g,Element-bearing peak localization,MassSpecGym,Random forest,S_top50_hit_rate,0.9916630481980026,227,saved repeat summary
2g,Element-bearing peak localization,MassSpecGym,Random forest,S_top51_hit_rate,0.9916630481980026,227,saved repeat summary
2g,Element-bearing peak localization,MassSpecGym,Random forest,S_top52_hit_rate,0.9916630481980026,227,saved repeat summary
2g,Element-bearing peak localization,MassSpecGym,Random forest,S_top53_hit_rate,0.9916630481980026,227,saved repeat summary
2g,Element-bearing peak localization,MassSpecGym,Random forest,S_top54_hit_rate,0.9916630481980026,227,saved repeat summary
2g,Element-bearing peak localization,MassSpecGym,Random forest,S_top55_hit_rate,0.9916630481980026,227,saved repeat summary
2g,Element-bearing peak localization,MassSpecGym,Random forest,S_top56_hit_rate,0.9916630481980026,227,saved repeat summary
2g,Element-bearing peak localization,MassSpecGym,Random forest,S_top57_hit_rate,0.9916630481980026,227,saved repeat summary
2g,Element-bearing peak localization,MassSpecGym,Random forest,S_top58_hit_rate,0.9916630481980026,227,saved repeat summary
2g,Element-bearing peak localization,MassSpecGym,Random forest,S_top59_hit_rate,0.9916630481980026,227,saved repeat summary
2g,Element-bearing peak localization,MassSpecGym,Random forest,S_top60_hit_rate,0.9916630481980026,227,saved repeat summary
2g,Element-bearing peak localization,MassSpecGym,Random forest,S_top61_hit_rate,0.9916630481980026,227,saved repeat summary
2g,Element-bearing peak localization,MassSpecGym,Random forest,S_top62_hit_rate,0.9916630481980026,227,saved repeat summary
2g,Element-bearing peak localization,MassSpecGym,Random forest,S_top63_hit_rate,0.9916630481980026,227,saved repeat summary
2g,Element-bearing peak localization,MassSpecGym,Random forest,S_top64_hit_rate,0.9916630481980026,227,saved repeat summary
2g,Element-bearing peak localization,MassSpecGym,Random forest,S_top65_hit_rate,0.9916630481980026,227,saved repeat summary
2g,Element-bearing peak localization,MassSpecGym,Random forest,S_top66_hit_rate,0.9916630481980026,227,saved repeat summary
2g,Element-bearing peak localization,MassSpecGym,Random forest,S_top67_hit_rate,0.9916630481980026,227,saved repeat summary
2g,Element-bearing peak localization,MassSpecGym,Random forest,S_top68_hit_rate,0.9916630481980026,227,saved repeat summary
2g,Element-bearing peak localization,MassSpecGym,Random forest,S_top69_hit_rate,0.9916630481980026,227,saved repeat summary
2g,Element-bearing peak localization,MassSpecGym,Random forest,S_top70_hit_rate,0.9916630481980026,227,saved repeat summary
2g,Element-bearing peak localization,MassSpecGym,Random forest,S_top71_hit_rate,0.9916630481980026,227,saved repeat summary
2g,Element-bearing peak localization,MassSpecGym,Random forest,S_top72_hit_rate,0.9916630481980026,227,saved repeat summary
2g,Element-bearing peak localization,MassSpecGym,Random forest,S_top73_hit_rate,0.9916630481980026,227,saved repeat summary
2g,Element-bearing peak localization,MassSpecGym,Random forest,S_top74_hit_rate,0.9916630481980026,227,saved repeat summary
2g,Element-bearing peak localization,MassSpecGym,Random forest,S_top75_hit_rate,0.9916630481980026,227,saved repeat summary
2g,Element-bearing peak localization,MassSpecGym,Random forest,S_top76_hit_rate,0.9916630481980026,227,saved repeat summary
2g,Element-bearing peak localization,MassSpecGym,Random forest,S_top77_hit_rate,0.9916630481980026,227,saved repeat summary
2g,Element-bearing peak localization,MassSpecGym,Random forest,S_top78_hit_rate,0.9916630481980026,227,saved repeat summary
2g,Element-bearing peak localization,MassSpecGym,Random forest,S_top79_hit_rate,0.9916630481980026,227,saved repeat summary
2g,Element-bearing peak localization,MassSpecGym,Random forest,S_top80_hit_rate,0.9916630481980026,227,saved repeat summary
2g,Element-bearing peak localization,MassSpecGym,Random forest,S_top81_hit_rate,0.9916630481980026,227,saved repeat summary
2g,Element-bearing peak localization,MassSpecGym,Random forest,S_top82_hit_rate,0.9916630481980026,227,saved repeat summary
2g,Element-bearing peak localization,MassSpecGym,Random forest,S_top83_hit_rate,0.995744680851064,227,saved repeat summary
2g,Element-bearing peak localization,MassSpecGym,Random forest,S_top84_hit_rate,0.995744680851064,227,saved repeat summary
2g,Element-bearing peak localization,MassSpecGym,Random forest,S_top85_hit_rate,0.995744680851064,227,saved repeat summary
2g,Element-bearing peak localization,MassSpecGym,Random forest,S_top86_hit_rate,0.995744680851064,227,saved repeat summary
2g,Element-bearing peak localization,MassSpecGym,Random forest,S_top87_hit_rate,0.995744680851064,227,saved repeat summary
2g,Element-bearing peak localization,MassSpecGym,Random forest,S_top88_hit_rate,0.995744680851064,227,saved repeat summary
2g,Element-bearing peak localization,MassSpecGym,Random forest,S_top89_hit_rate,0.995744680851064,227,saved repeat summary
2g,Element-bearing peak localization,MassSpecGym,Random forest,S_top90_hit_rate,0.995744680851064,227,saved repeat summary
2g,Element-bearing peak localization,MassSpecGym,Random forest,S_top91_hit_rate,0.995744680851064,227,saved repeat summary
2g,Element-bearing peak localization,MassSpecGym,Random forest,S_top92_hit_rate,0.995744680851064,227,saved repeat summary
2g,Element-bearing peak localization,MassSpecGym,Random forest,S_top93_hit_rate,0.995744680851064,227,saved repeat summary
2g,Element-bearing peak localization,MassSpecGym,Random forest,S_top94_hit_rate,0.995744680851064,227,saved repeat summary
2g,Element-bearing peak localization,MassSpecGym,Random forest,S_top95_hit_rate,0.995744680851064,227,saved repeat summary
2g,Element-bearing peak localization,MassSpecGym,Random forest,S_top96_hit_rate,0.995744680851064,227,saved repeat summary
2g,Element-bearing peak localization,MassSpecGym,Random forest,S_top97_hit_rate,0.995744680851064,227,saved repeat summary
2g,Element-bearing peak localization,MassSpecGym,Random forest,S_top98_hit_rate,0.995744680851064,227,saved repeat summary
2g,Element-bearing peak localization,MassSpecGym,Random forest,S_top99_hit_rate,0.995744680851064,227,saved repeat summary
2g,Element-bearing peak localization,MassSpecGym,Random forest,S_top100_hit_rate,0.995744680851064,227,saved repeat summary
2g,Element-bearing peak localization,MassSpecGym,Random forest,S_top101_hit_rate,0.995744680851064,227,saved repeat summary
2g,Element-bearing peak localization,MassSpecGym,Random forest,S_top102_hit_rate,0.995744680851064,227,saved repeat summary
2g,Element-bearing peak localization,MassSpecGym,Random forest,S_top103_hit_rate,0.995744680851064,227,saved repeat summary
2g,Element-bearing peak localization,MassSpecGym,Random forest,S_top104_hit_rate,0.995744680851064,227,saved repeat summary
2g,Element-bearing peak localization,MassSpecGym,Random forest,S_top105_hit_rate,0.995744680851064,227,saved repeat summary
2g,Element-bearing peak localization,MassSpecGym,Random forest,S_top106_hit_rate,0.995744680851064,227,saved repeat summary
2g,Element-bearing peak localization,MassSpecGym,Random forest,S_top107_hit_rate,0.995744680851064,227,saved repeat summary
2g,Element-bearing peak localization,MassSpecGym,Random forest,S_top108_hit_rate,0.995744680851064,227,saved repeat summary
2g,Element-bearing peak localization,MassSpecGym,Random forest,S_top109_hit_rate,0.995744680851064,227,saved repeat summary
2g,Element-bearing peak localization,MassSpecGym,Random forest,S_top110_hit_rate,0.995744680851064,227,saved repeat summary
2g,Element-bearing peak localization,MassSpecGym,Random forest,S_top111_hit_rate,0.995744680851064,227,saved repeat summary
2g,Element-bearing peak localization,MassSpecGym,Random forest,S_top112_hit_rate,0.995744680851064,227,saved repeat summary
2g,Element-bearing peak localization,MassSpecGym,Random forest,S_top113_hit_rate,0.995744680851064,227,saved repeat summary
2g,Element-bearing peak localization,MassSpecGym,Random forest,S_top114_hit_rate,0.995744680851064,227,saved repeat summary
2g,Element-bearing peak localization,MassSpecGym,Random forest,S_top115_hit_rate,0.995744680851064,227,saved repeat summary
2g,Element-bearing peak localization,MassSpecGym,Random forest,S_top116_hit_rate,0.995744680851064,227,saved repeat summary
2g,Element-bearing peak localization,MassSpecGym,Random forest,S_top117_hit_rate,0.995744680851064,227,saved repeat summary
2g,Element-bearing peak localization,MassSpecGym,Random forest,S_top118_hit_rate,0.995744680851064,227,saved repeat summary
2g,Element-bearing peak localization,MassSpecGym,Random forest,S_top119_hit_rate,0.995744680851064,227,saved repeat summary
2g,Element-bearing peak localization,MassSpecGym,Random forest,S_top120_hit_rate,1.0,227,saved repeat summary
2g,Element-bearing peak localization,MassSpecGym,Random forest,S_top121_hit_rate,1.0,227,saved repeat summary
2g,Element-bearing peak localization,MassSpecGym,Random forest,S_top122_hit_rate,1.0,227,saved repeat summary
2g,Element-bearing peak localization,MassSpecGym,Random forest,S_top123_hit_rate,1.0,227,saved repeat summary
2g,Element-bearing peak localization,MassSpecGym,Random forest,S_top124_hit_rate,1.0,227,saved repeat summary
2g,Element-bearing peak localization,MassSpecGym,Random forest,S_top125_hit_rate,1.0,227,saved repeat summary
2g,Element-bearing peak localization,MassSpecGym,Random forest,S_top126_hit_rate,1.0,227,saved repeat summary
2g,Element-bearing peak localization,MassSpecGym,Random forest,S_top127_hit_rate,1.0,227,saved repeat summary
2g,Element-bearing peak localization,MassSpecGym,Random forest,S_top128_hit_rate,1.0,227,saved repeat summary
2g,Element-bearing peak localization,MassSpecGym,Random forest,S_top129_hit_rate,1.0,227,saved repeat summary
2g,Element-bearing peak localization,MassSpecGym,Random forest,S_top130_hit_rate,1.0,227,saved repeat summary
2g,Element-bearing peak localization,MassSpecGym,Random forest,S_top131_hit_rate,1.0,227,saved repeat summary
2g,Element-bearing peak localization,MassSpecGym,Random forest,S_top132_hit_rate,1.0,227,saved repeat summary
2g,Element-bearing peak localization,MassSpecGym,Random forest,S_top133_hit_rate,1.0,227,saved repeat summary
2g,Element-bearing peak localization,MassSpecGym,Random forest,S_top134_hit_rate,1.0,227,saved repeat summary
2g,Element-bearing peak localization,MassSpecGym,Random forest,S_top135_hit_rate,1.0,227,saved repeat summary
2g,Element-bearing peak localization,MassSpecGym,Random forest,S_top136_hit_rate,1.0,227,saved repeat summary
2g,Element-bearing peak localization,MassSpecGym,Random forest,S_top137_hit_rate,1.0,227,saved repeat summary
2g,Element-bearing peak localization,MassSpecGym,Random forest,S_top138_hit_rate,1.0,227,saved repeat summary
2g,Element-bearing peak localization,MassSpecGym,Random forest,S_top139_hit_rate,1.0,227,saved repeat summary
2g,Element-bearing peak localization,MassSpecGym,Random forest,S_top140_hit_rate,1.0,227,saved repeat summary
2g,Element-bearing peak localization,MassSpecGym,Random forest,S_top141_hit_rate,1.0,227,saved repeat summary
2g,Element-bearing peak localization,MassSpecGym,Random forest,S_top142_hit_rate,1.0,227,saved repeat summary
2g,Element-bearing peak localization,MassSpecGym,Random forest,S_top143_hit_rate,1.0,227,saved repeat summary
2g,Element-bearing peak localization,MassSpecGym,Random forest,S_top144_hit_rate,1.0,227,saved repeat summary
2g,Element-bearing peak localization,MassSpecGym,Random forest,S_top145_hit_rate,1.0,227,saved repeat summary
2g,Element-bearing peak localization,MassSpecGym,Random forest,S_top146_hit_rate,1.0,227,saved repeat summary
2g,Element-bearing peak localization,MassSpecGym,Random forest,S_top147_hit_rate,1.0,227,saved repeat summary
2g,Element-bearing peak localization,MassSpecGym,Random forest,S_top148_hit_rate,1.0,227,saved repeat summary
2g,Element-bearing peak localization,MassSpecGym,Random forest,S_top149_hit_rate,1.0,227,saved repeat summary
2g,Element-bearing peak localization,MassSpecGym,Random forest,S_top150_hit_rate,1.0,227,saved repeat summary
2g,Element-bearing peak localization,MassSpecGym,UltraMS,F_top5_hit_rate,0.956373286156568,169,saved repeat summary
2g,Element-bearing peak localization,MassSpecGym,UltraMS,F_top6_hit_rate,0.9616364440513048,169,saved repeat summary
2g,Element-bearing peak localization,MassSpecGym,UltraMS,F_top7_hit_rate,0.9616364440513048,169,saved repeat summary
2g,Element-bearing peak localization,MassSpecGym,UltraMS,F_top8_hit_rate,0.978328173374613,169,saved repeat summary
2g,Element-bearing peak localization,MassSpecGym,UltraMS,F_top9_hit_rate,0.978328173374613,169,saved repeat summary
2g,Element-bearing peak localization,MassSpecGym,UltraMS,F_top10_hit_rate,0.978328173374613,169,saved repeat summary
2g,Element-bearing peak localization,MassSpecGym,UltraMS,F_top11_hit_rate,0.9888544891640868,169,saved repeat summary
2g,Element-bearing peak localization,MassSpecGym,UltraMS,F_top12_hit_rate,0.9888544891640868,169,saved repeat summary
2g,Element-bearing peak localization,MassSpecGym,UltraMS,F_top13_hit_rate,0.9888544891640868,169,saved repeat summary
2g,Element-bearing peak localization,MassSpecGym,UltraMS,F_top14_hit_rate,0.9888544891640868,169,saved repeat summary
2g,Element-bearing peak localization,MassSpecGym,UltraMS,F_top15_hit_rate,0.9888544891640868,169,saved repeat summary
2g,Element-bearing peak localization,MassSpecGym,UltraMS,F_top16_hit_rate,0.9888544891640868,169,saved repeat summary
2g,Element-bearing peak localization,MassSpecGym,UltraMS,F_top17_hit_rate,0.9888544891640868,169,saved repeat summary
2g,Element-bearing peak localization,MassSpecGym,UltraMS,F_top18_hit_rate,0.9888544891640868,169,saved repeat summary
2g,Element-bearing peak localization,MassSpecGym,UltraMS,F_top19_hit_rate,0.9888544891640868,169,saved repeat summary
2g,Element-bearing peak localization,MassSpecGym,UltraMS,F_top20_hit_rate,0.9888544891640868,169,saved repeat summary
2g,Element-bearing peak localization,MassSpecGym,UltraMS,F_top21_hit_rate,0.9888544891640868,169,saved repeat summary
2g,Element-bearing peak localization,MassSpecGym,UltraMS,F_top22_hit_rate,0.9888544891640868,169,saved repeat summary
2g,Element-bearing peak localization,MassSpecGym,UltraMS,F_top23_hit_rate,0.9888544891640868,169,saved repeat summary
2g,Element-bearing peak localization,MassSpecGym,UltraMS,F_top24_hit_rate,0.9888544891640868,169,saved repeat summary
2g,Element-bearing peak localization,MassSpecGym,UltraMS,F_top25_hit_rate,0.9888544891640868,169,saved repeat summary
2g,Element-bearing peak localization,MassSpecGym,UltraMS,F_top26_hit_rate,0.9888544891640868,169,saved repeat summary
2g,Element-bearing peak localization,MassSpecGym,UltraMS,F_top27_hit_rate,0.9888544891640868,169,saved repeat summary
2g,Element-bearing peak localization,MassSpecGym,UltraMS,F_top28_hit_rate,0.9888544891640868,169,saved repeat summary
2g,Element-bearing peak localization,MassSpecGym,UltraMS,F_top29_hit_rate,0.9888544891640868,169,saved repeat summary
2g,Element-bearing peak localization,MassSpecGym,UltraMS,F_top30_hit_rate,0.9888544891640868,169,saved repeat summary
2g,Element-bearing peak localization,MassSpecGym,UltraMS,F_top31_hit_rate,0.9888544891640868,169,saved repeat summary
2g,Element-bearing peak localization,MassSpecGym,UltraMS,F_top32_hit_rate,0.9888544891640868,169,saved repeat summary
2g,Element-bearing peak localization,MassSpecGym,UltraMS,F_top33_hit_rate,0.9888544891640868,169,saved repeat summary
2g,Element-bearing peak localization,MassSpecGym,UltraMS,F_top34_hit_rate,0.9888544891640868,169,saved repeat summary
2g,Element-bearing peak localization,MassSpecGym,UltraMS,F_top35_hit_rate,0.9888544891640868,169,saved repeat summary
2g,Element-bearing peak localization,MassSpecGym,UltraMS,F_top36_hit_rate,0.9888544891640868,169,saved repeat summary
2g,Element-bearing peak localization,MassSpecGym,UltraMS,F_top37_hit_rate,0.9888544891640868,169,saved repeat summary
2g,Element-bearing peak localization,MassSpecGym,UltraMS,F_top38_hit_rate,0.9888544891640868,169,saved repeat summary
2g,Element-bearing peak localization,MassSpecGym,UltraMS,F_top39_hit_rate,0.9888544891640868,169,saved repeat summary
2g,Element-bearing peak localization,MassSpecGym,UltraMS,F_top40_hit_rate,0.9941176470588236,169,saved repeat summary
2g,Element-bearing peak localization,MassSpecGym,UltraMS,F_top41_hit_rate,0.9941176470588236,169,saved repeat summary
2g,Element-bearing peak localization,MassSpecGym,UltraMS,F_top42_hit_rate,0.9941176470588236,169,saved repeat summary
2g,Element-bearing peak localization,MassSpecGym,UltraMS,F_top43_hit_rate,0.9941176470588236,169,saved repeat summary
2g,Element-bearing peak localization,MassSpecGym,UltraMS,F_top44_hit_rate,0.9941176470588236,169,saved repeat summary
2g,Element-bearing peak localization,MassSpecGym,UltraMS,F_top45_hit_rate,0.9941176470588236,169,saved repeat summary
2g,Element-bearing peak localization,MassSpecGym,UltraMS,F_top46_hit_rate,0.9941176470588236,169,saved repeat summary
2g,Element-bearing peak localization,MassSpecGym,UltraMS,F_top47_hit_rate,0.9941176470588236,169,saved repeat summary
2g,Element-bearing peak localization,MassSpecGym,UltraMS,F_top48_hit_rate,0.9941176470588236,169,saved repeat summary
2g,Element-bearing peak localization,MassSpecGym,UltraMS,F_top49_hit_rate,0.9941176470588236,169,saved repeat summary
2g,Element-bearing peak localization,MassSpecGym,UltraMS,F_top50_hit_rate,0.9941176470588236,169,saved repeat summary
2g,Element-bearing peak localization,MassSpecGym,UltraMS,F_top51_hit_rate,0.9941176470588236,169,saved repeat summary
2g,Element-bearing peak localization,MassSpecGym,UltraMS,F_top52_hit_rate,0.9941176470588236,169,saved repeat summary
2g,Element-bearing peak localization,MassSpecGym,UltraMS,F_top53_hit_rate,0.9941176470588236,169,saved repeat summary
2g,Element-bearing peak localization,MassSpecGym,UltraMS,F_top54_hit_rate,0.9941176470588236,169,saved repeat summary
2g,Element-bearing peak localization,MassSpecGym,UltraMS,F_top55_hit_rate,0.9941176470588236,169,saved repeat summary
2g,Element-bearing peak localization,MassSpecGym,UltraMS,F_top56_hit_rate,0.9941176470588236,169,saved repeat summary
2g,Element-bearing peak localization,MassSpecGym,UltraMS,F_top57_hit_rate,0.9941176470588236,169,saved repeat summary
2g,Element-bearing peak localization,MassSpecGym,UltraMS,F_top58_hit_rate,0.9941176470588236,169,saved repeat summary
2g,Element-bearing peak localization,MassSpecGym,UltraMS,F_top59_hit_rate,0.9941176470588236,169,saved repeat summary
2g,Element-bearing peak localization,MassSpecGym,UltraMS,F_top60_hit_rate,0.9941176470588236,169,saved repeat summary
2g,Element-bearing peak localization,MassSpecGym,UltraMS,F_top61_hit_rate,0.9941176470588236,169,saved repeat summary
2g,Element-bearing peak localization,MassSpecGym,UltraMS,F_top62_hit_rate,0.9941176470588236,169,saved repeat summary
2g,Element-bearing peak localization,MassSpecGym,UltraMS,F_top63_hit_rate,0.9941176470588236,169,saved repeat summary
2g,Element-bearing peak localization,MassSpecGym,UltraMS,F_top64_hit_rate,0.9941176470588236,169,saved repeat summary
2g,Element-bearing peak localization,MassSpecGym,UltraMS,F_top65_hit_rate,0.9941176470588236,169,saved repeat summary
2g,Element-bearing peak localization,MassSpecGym,UltraMS,F_top66_hit_rate,0.9941176470588236,169,saved repeat summary
2g,Element-bearing peak localization,MassSpecGym,UltraMS,F_top67_hit_rate,0.9941176470588236,169,saved repeat summary
2g,Element-bearing peak localization,MassSpecGym,UltraMS,F_top68_hit_rate,0.9941176470588236,169,saved repeat summary
2g,Element-bearing peak localization,MassSpecGym,UltraMS,F_top69_hit_rate,0.9941176470588236,169,saved repeat summary
2g,Element-bearing peak localization,MassSpecGym,UltraMS,F_top70_hit_rate,0.9941176470588236,169,saved repeat summary
2g,Element-bearing peak localization,MassSpecGym,UltraMS,F_top71_hit_rate,0.9941176470588236,169,saved repeat summary
2g,Element-bearing peak localization,MassSpecGym,UltraMS,F_top72_hit_rate,0.9941176470588236,169,saved repeat summary
2g,Element-bearing peak localization,MassSpecGym,UltraMS,F_top73_hit_rate,0.9941176470588236,169,saved repeat summary
2g,Element-bearing peak localization,MassSpecGym,UltraMS,F_top74_hit_rate,0.9941176470588236,169,saved repeat summary
2g,Element-bearing peak localization,MassSpecGym,UltraMS,F_top75_hit_rate,0.9941176470588236,169,saved repeat summary
2g,Element-bearing peak localization,MassSpecGym,UltraMS,F_top76_hit_rate,0.9941176470588236,169,saved repeat summary
2g,Element-bearing peak localization,MassSpecGym,UltraMS,F_top77_hit_rate,1.0,169,saved repeat summary
2g,Element-bearing peak localization,MassSpecGym,UltraMS,F_top78_hit_rate,1.0,169,saved repeat summary
2g,Element-bearing peak localization,MassSpecGym,UltraMS,F_top79_hit_rate,1.0,169,saved repeat summary
2g,Element-bearing peak localization,MassSpecGym,UltraMS,F_top80_hit_rate,1.0,169,saved repeat summary
2g,Element-bearing peak localization,MassSpecGym,UltraMS,F_top81_hit_rate,1.0,169,saved repeat summary
2g,Element-bearing peak localization,MassSpecGym,UltraMS,F_top82_hit_rate,1.0,169,saved repeat summary
2g,Element-bearing peak localization,MassSpecGym,UltraMS,F_top83_hit_rate,1.0,169,saved repeat summary
2g,Element-bearing peak localization,MassSpecGym,UltraMS,F_top84_hit_rate,1.0,169,saved repeat summary
2g,Element-bearing peak localization,MassSpecGym,UltraMS,F_top85_hit_rate,1.0,169,saved repeat summary
2g,Element-bearing peak localization,MassSpecGym,UltraMS,F_top86_hit_rate,1.0,169,saved repeat summary
2g,Element-bearing peak localization,MassSpecGym,UltraMS,F_top87_hit_rate,1.0,169,saved repeat summary
2g,Element-bearing peak localization,MassSpecGym,UltraMS,F_top88_hit_rate,1.0,169,saved repeat summary
2g,Element-bearing peak localization,MassSpecGym,UltraMS,F_top89_hit_rate,1.0,169,saved repeat summary
2g,Element-bearing peak localization,MassSpecGym,UltraMS,F_top90_hit_rate,1.0,169,saved repeat summary
2g,Element-bearing peak localization,MassSpecGym,UltraMS,F_top91_hit_rate,1.0,169,saved repeat summary
2g,Element-bearing peak localization,MassSpecGym,UltraMS,F_top92_hit_rate,1.0,169,saved repeat summary
2g,Element-bearing peak localization,MassSpecGym,UltraMS,F_top93_hit_rate,1.0,169,saved repeat summary
2g,Element-bearing peak localization,MassSpecGym,UltraMS,F_top94_hit_rate,1.0,169,saved repeat summary
2g,Element-bearing peak localization,MassSpecGym,UltraMS,F_top95_hit_rate,1.0,169,saved repeat summary
2g,Element-bearing peak localization,MassSpecGym,UltraMS,F_top96_hit_rate,1.0,169,saved repeat summary
2g,Element-bearing peak localization,MassSpecGym,UltraMS,F_top97_hit_rate,1.0,169,saved repeat summary
2g,Element-bearing peak localization,MassSpecGym,UltraMS,F_top98_hit_rate,1.0,169,saved repeat summary
2g,Element-bearing peak localization,MassSpecGym,UltraMS,F_top99_hit_rate,1.0,169,saved repeat summary
2g,Element-bearing peak localization,MassSpecGym,UltraMS,F_top100_hit_rate,1.0,169,saved repeat summary
2g,Element-bearing peak localization,MassSpecGym,UltraMS,F_top101_hit_rate,1.0,169,saved repeat summary
2g,Element-bearing peak localization,MassSpecGym,UltraMS,F_top102_hit_rate,1.0,169,saved repeat summary
2g,Element-bearing peak localization,MassSpecGym,UltraMS,F_top103_hit_rate,1.0,169,saved repeat summary
2g,Element-bearing peak localization,MassSpecGym,UltraMS,F_top104_hit_rate,1.0,169,saved repeat summary
2g,Element-bearing peak localization,MassSpecGym,UltraMS,F_top105_hit_rate,1.0,169,saved repeat summary
2g,Element-bearing peak localization,MassSpecGym,UltraMS,F_top106_hit_rate,1.0,169,saved repeat summary
2g,Element-bearing peak localization,MassSpecGym,UltraMS,F_top107_hit_rate,1.0,169,saved repeat summary
2g,Element-bearing peak localization,MassSpecGym,UltraMS,F_top108_hit_rate,1.0,169,saved repeat summary
2g,Element-bearing peak localization,MassSpecGym,UltraMS,F_top109_hit_rate,1.0,169,saved repeat summary
2g,Element-bearing peak localization,MassSpecGym,UltraMS,F_top110_hit_rate,1.0,169,saved repeat summary
2g,Element-bearing peak localization,MassSpecGym,UltraMS,F_top111_hit_rate,1.0,169,saved repeat summary
2g,Element-bearing peak localization,MassSpecGym,UltraMS,F_top112_hit_rate,1.0,169,saved repeat summary
2g,Element-bearing peak localization,MassSpecGym,UltraMS,F_top113_hit_rate,1.0,169,saved repeat summary
2g,Element-bearing peak localization,MassSpecGym,UltraMS,F_top114_hit_rate,1.0,169,saved repeat summary
2g,Element-bearing peak localization,MassSpecGym,UltraMS,F_top115_hit_rate,1.0,169,saved repeat summary
2g,Element-bearing peak localization,MassSpecGym,UltraMS,F_top116_hit_rate,1.0,169,saved repeat summary
2g,Element-bearing peak localization,MassSpecGym,UltraMS,F_top117_hit_rate,1.0,169,saved repeat summary
2g,Element-bearing peak localization,MassSpecGym,UltraMS,F_top118_hit_rate,1.0,169,saved repeat summary
2g,Element-bearing peak localization,MassSpecGym,UltraMS,F_top119_hit_rate,1.0,169,saved repeat summary
2g,Element-bearing peak localization,MassSpecGym,UltraMS,F_top120_hit_rate,1.0,169,saved repeat summary
2g,Element-bearing peak localization,MassSpecGym,UltraMS,F_top121_hit_rate,1.0,169,saved repeat summary
2g,Element-bearing peak localization,MassSpecGym,UltraMS,F_top122_hit_rate,1.0,169,saved repeat summary
2g,Element-bearing peak localization,MassSpecGym,UltraMS,F_top123_hit_rate,1.0,169,saved repeat summary
2g,Element-bearing peak localization,MassSpecGym,UltraMS,F_top124_hit_rate,1.0,169,saved repeat summary
2g,Element-bearing peak localization,MassSpecGym,UltraMS,F_top125_hit_rate,1.0,169,saved repeat summary
2g,Element-bearing peak localization,MassSpecGym,UltraMS,F_top126_hit_rate,1.0,169,saved repeat summary
2g,Element-bearing peak localization,MassSpecGym,UltraMS,F_top127_hit_rate,1.0,169,saved repeat summary
2g,Element-bearing peak localization,MassSpecGym,UltraMS,F_top128_hit_rate,1.0,169,saved repeat summary
2g,Element-bearing peak localization,MassSpecGym,UltraMS,F_top129_hit_rate,1.0,169,saved repeat summary
2g,Element-bearing peak localization,MassSpecGym,UltraMS,F_top130_hit_rate,1.0,169,saved repeat summary
2g,Element-bearing peak localization,MassSpecGym,UltraMS,F_top131_hit_rate,1.0,169,saved repeat summary
2g,Element-bearing peak localization,MassSpecGym,UltraMS,F_top132_hit_rate,1.0,169,saved repeat summary
2g,Element-bearing peak localization,MassSpecGym,UltraMS,F_top133_hit_rate,1.0,169,saved repeat summary
2g,Element-bearing peak localization,MassSpecGym,UltraMS,F_top134_hit_rate,1.0,169,saved repeat summary
2g,Element-bearing peak localization,MassSpecGym,UltraMS,F_top135_hit_rate,1.0,169,saved repeat summary
2g,Element-bearing peak localization,MassSpecGym,UltraMS,F_top136_hit_rate,1.0,169,saved repeat summary
2g,Element-bearing peak localization,MassSpecGym,UltraMS,F_top137_hit_rate,1.0,169,saved repeat summary
2g,Element-bearing peak localization,MassSpecGym,UltraMS,F_top138_hit_rate,1.0,169,saved repeat summary
2g,Element-bearing peak localization,MassSpecGym,UltraMS,F_top139_hit_rate,1.0,169,saved repeat summary
2g,Element-bearing peak localization,MassSpecGym,UltraMS,F_top140_hit_rate,1.0,169,saved repeat summary
2g,Element-bearing peak localization,MassSpecGym,UltraMS,F_top141_hit_rate,1.0,169,saved repeat summary
2g,Element-bearing peak localization,MassSpecGym,UltraMS,F_top142_hit_rate,1.0,169,saved repeat summary
2g,Element-bearing peak localization,MassSpecGym,UltraMS,F_top143_hit_rate,1.0,169,saved repeat summary
2g,Element-bearing peak localization,MassSpecGym,UltraMS,F_top144_hit_rate,1.0,169,saved repeat summary
2g,Element-bearing peak localization,MassSpecGym,UltraMS,F_top145_hit_rate,1.0,169,saved repeat summary
2g,Element-bearing peak localization,MassSpecGym,UltraMS,F_top146_hit_rate,1.0,169,saved repeat summary
2g,Element-bearing peak localization,MassSpecGym,UltraMS,F_top147_hit_rate,1.0,169,saved repeat summary
2g,Element-bearing peak localization,MassSpecGym,UltraMS,F_top148_hit_rate,1.0,169,saved repeat summary
2g,Element-bearing peak localization,MassSpecGym,UltraMS,F_top149_hit_rate,1.0,169,saved repeat summary
2g,Element-bearing peak localization,MassSpecGym,UltraMS,F_top150_hit_rate,1.0,169,saved repeat summary
2g,Element-bearing peak localization,MassSpecGym,DreaMS,F_top5_hit_rate,0.6507012015332447,169,saved repeat summary
2g,Element-bearing peak localization,MassSpecGym,DreaMS,F_top6_hit_rate,0.7156707946336429,169,saved repeat summary
2g,Element-bearing peak localization,MassSpecGym,DreaMS,F_top7_hit_rate,0.7752237210673744,169,saved repeat summary
2g,Element-bearing peak localization,MassSpecGym,DreaMS,F_top8_hit_rate,0.7881403877340409,169,saved repeat summary
2g,Element-bearing peak localization,MassSpecGym,DreaMS,F_top9_hit_rate,0.8160622143594279,169,saved repeat summary
2g,Element-bearing peak localization,MassSpecGym,DreaMS,F_top10_hit_rate,0.8654564720625091,169,saved repeat summary
2g,Element-bearing peak localization,MassSpecGym,DreaMS,F_top11_hit_rate,0.8654564720625091,169,saved repeat summary
2g,Element-bearing peak localization,MassSpecGym,DreaMS,F_top12_hit_rate,0.8713388250036858,169,saved repeat summary
2g,Element-bearing peak localization,MassSpecGym,DreaMS,F_top13_hit_rate,0.902435316231756,169,saved repeat summary
2g,Element-bearing peak localization,MassSpecGym,DreaMS,F_top14_hit_rate,0.9258782986878964,169,saved repeat summary
2g,Element-bearing peak localization,MassSpecGym,DreaMS,F_top15_hit_rate,0.9325449653545628,169,saved repeat summary
2g,Element-bearing peak localization,MassSpecGym,DreaMS,F_top16_hit_rate,0.9387949653545627,169,saved repeat summary
2g,Element-bearing peak localization,MassSpecGym,DreaMS,F_top17_hit_rate,0.9445092510688486,169,saved repeat summary
2g,Element-bearing peak localization,MassSpecGym,DreaMS,F_top18_hit_rate,0.9564390756302522,169,saved repeat summary
2g,Element-bearing peak localization,MassSpecGym,DreaMS,F_top19_hit_rate,0.9678676470588236,169,saved repeat summary
2g,Element-bearing peak localization,MassSpecGym,DreaMS,F_top20_hit_rate,0.9678676470588236,169,saved repeat summary
2g,Element-bearing peak localization,MassSpecGym,DreaMS,F_top21_hit_rate,0.9678676470588236,169,saved repeat summary
2g,Element-bearing peak localization,MassSpecGym,DreaMS,F_top22_hit_rate,0.9678676470588236,169,saved repeat summary
2g,Element-bearing peak localization,MassSpecGym,DreaMS,F_top23_hit_rate,0.9678676470588236,169,saved repeat summary
2g,Element-bearing peak localization,MassSpecGym,DreaMS,F_top24_hit_rate,0.9741176470588236,169,saved repeat summary
2g,Element-bearing peak localization,MassSpecGym,DreaMS,F_top25_hit_rate,0.9807843137254902,169,saved repeat summary
2g,Element-bearing peak localization,MassSpecGym,DreaMS,F_top26_hit_rate,0.9807843137254902,169,saved repeat summary
2g,Element-bearing peak localization,MassSpecGym,DreaMS,F_top27_hit_rate,0.9807843137254902,169,saved repeat summary
2g,Element-bearing peak localization,MassSpecGym,DreaMS,F_top28_hit_rate,0.9807843137254902,169,saved repeat summary
2g,Element-bearing peak localization,MassSpecGym,DreaMS,F_top29_hit_rate,0.9807843137254902,169,saved repeat summary
2g,Element-bearing peak localization,MassSpecGym,DreaMS,F_top30_hit_rate,0.9866666666666668,169,saved repeat summary
2g,Element-bearing peak localization,MassSpecGym,DreaMS,F_top31_hit_rate,0.9866666666666668,169,saved repeat summary
2g,Element-bearing peak localization,MassSpecGym,DreaMS,F_top32_hit_rate,0.9866666666666668,169,saved repeat summary
2g,Element-bearing peak localization,MassSpecGym,DreaMS,F_top33_hit_rate,0.9866666666666668,169,saved repeat summary
2g,Element-bearing peak localization,MassSpecGym,DreaMS,F_top34_hit_rate,0.9866666666666668,169,saved repeat summary
2g,Element-bearing peak localization,MassSpecGym,DreaMS,F_top35_hit_rate,0.9866666666666668,169,saved repeat summary
2g,Element-bearing peak localization,MassSpecGym,DreaMS,F_top36_hit_rate,0.9866666666666668,169,saved repeat summary
2g,Element-bearing peak localization,MassSpecGym,DreaMS,F_top37_hit_rate,0.9866666666666668,169,saved repeat summary
2g,Element-bearing peak localization,MassSpecGym,DreaMS,F_top38_hit_rate,0.9866666666666668,169,saved repeat summary
2g,Element-bearing peak localization,MassSpecGym,DreaMS,F_top39_hit_rate,0.9866666666666668,169,saved repeat summary
2g,Element-bearing peak localization,MassSpecGym,DreaMS,F_top40_hit_rate,0.9866666666666668,169,saved repeat summary
2g,Element-bearing peak localization,MassSpecGym,DreaMS,F_top41_hit_rate,0.9866666666666668,169,saved repeat summary
2g,Element-bearing peak localization,MassSpecGym,DreaMS,F_top42_hit_rate,0.9866666666666668,169,saved repeat summary
2g,Element-bearing peak localization,MassSpecGym,DreaMS,F_top43_hit_rate,0.9866666666666668,169,saved repeat summary
2g,Element-bearing peak localization,MassSpecGym,DreaMS,F_top44_hit_rate,0.9933333333333334,169,saved repeat summary
2g,Element-bearing peak localization,MassSpecGym,DreaMS,F_top45_hit_rate,0.9933333333333334,169,saved repeat summary
2g,Element-bearing peak localization,MassSpecGym,DreaMS,F_top46_hit_rate,0.9933333333333334,169,saved repeat summary
2g,Element-bearing peak localization,MassSpecGym,DreaMS,F_top47_hit_rate,0.9933333333333334,169,saved repeat summary
2g,Element-bearing peak localization,MassSpecGym,DreaMS,F_top48_hit_rate,0.9933333333333334,169,saved repeat summary
2g,Element-bearing peak localization,MassSpecGym,DreaMS,F_top49_hit_rate,0.9933333333333334,169,saved repeat summary
2g,Element-bearing peak localization,MassSpecGym,DreaMS,F_top50_hit_rate,0.9933333333333334,169,saved repeat summary
2g,Element-bearing peak localization,MassSpecGym,DreaMS,F_top51_hit_rate,0.9933333333333334,169,saved repeat summary
2g,Element-bearing peak localization,MassSpecGym,DreaMS,F_top52_hit_rate,0.9933333333333334,169,saved repeat summary
2g,Element-bearing peak localization,MassSpecGym,DreaMS,F_top53_hit_rate,0.9933333333333334,169,saved repeat summary
2g,Element-bearing peak localization,MassSpecGym,DreaMS,F_top54_hit_rate,0.9933333333333334,169,saved repeat summary
2g,Element-bearing peak localization,MassSpecGym,DreaMS,F_top55_hit_rate,0.9933333333333334,169,saved repeat summary
2g,Element-bearing peak localization,MassSpecGym,DreaMS,F_top56_hit_rate,0.9933333333333334,169,saved repeat summary
2g,Element-bearing peak localization,MassSpecGym,DreaMS,F_top57_hit_rate,0.9933333333333334,169,saved repeat summary
2g,Element-bearing peak localization,MassSpecGym,DreaMS,F_top58_hit_rate,0.9933333333333334,169,saved repeat summary
2g,Element-bearing peak localization,MassSpecGym,DreaMS,F_top59_hit_rate,0.9933333333333334,169,saved repeat summary
2g,Element-bearing peak localization,MassSpecGym,DreaMS,F_top60_hit_rate,0.9933333333333334,169,saved repeat summary
2g,Element-bearing peak localization,MassSpecGym,DreaMS,F_top61_hit_rate,0.9933333333333334,169,saved repeat summary
2g,Element-bearing peak localization,MassSpecGym,DreaMS,F_top62_hit_rate,0.9933333333333334,169,saved repeat summary
2g,Element-bearing peak localization,MassSpecGym,DreaMS,F_top63_hit_rate,0.9933333333333334,169,saved repeat summary
2g,Element-bearing peak localization,MassSpecGym,DreaMS,F_top64_hit_rate,0.9933333333333334,169,saved repeat summary
2g,Element-bearing peak localization,MassSpecGym,DreaMS,F_top65_hit_rate,0.9933333333333334,169,saved repeat summary
2g,Element-bearing peak localization,MassSpecGym,DreaMS,F_top66_hit_rate,0.9933333333333334,169,saved repeat summary
2g,Element-bearing peak localization,MassSpecGym,DreaMS,F_top67_hit_rate,0.9933333333333334,169,saved repeat summary
2g,Element-bearing peak localization,MassSpecGym,DreaMS,F_top68_hit_rate,0.9933333333333334,169,saved repeat summary
2g,Element-bearing peak localization,MassSpecGym,DreaMS,F_top69_hit_rate,0.9933333333333334,169,saved repeat summary
2g,Element-bearing peak localization,MassSpecGym,DreaMS,F_top70_hit_rate,0.9933333333333334,169,saved repeat summary
2g,Element-bearing peak localization,MassSpecGym,DreaMS,F_top71_hit_rate,0.9933333333333334,169,saved repeat summary
2g,Element-bearing peak localization,MassSpecGym,DreaMS,F_top72_hit_rate,0.9933333333333334,169,saved repeat summary
2g,Element-bearing peak localization,MassSpecGym,DreaMS,F_top73_hit_rate,0.9933333333333334,169,saved repeat summary
2g,Element-bearing peak localization,MassSpecGym,DreaMS,F_top74_hit_rate,0.9933333333333334,169,saved repeat summary
2g,Element-bearing peak localization,MassSpecGym,DreaMS,F_top75_hit_rate,0.9933333333333334,169,saved repeat summary
2g,Element-bearing peak localization,MassSpecGym,DreaMS,F_top76_hit_rate,0.9933333333333334,169,saved repeat summary
2g,Element-bearing peak localization,MassSpecGym,DreaMS,F_top77_hit_rate,0.9933333333333334,169,saved repeat summary
2g,Element-bearing peak localization,MassSpecGym,DreaMS,F_top78_hit_rate,0.9933333333333334,169,saved repeat summary
2g,Element-bearing peak localization,MassSpecGym,DreaMS,F_top79_hit_rate,0.9933333333333334,169,saved repeat summary
2g,Element-bearing peak localization,MassSpecGym,DreaMS,F_top80_hit_rate,0.9933333333333334,169,saved repeat summary
2g,Element-bearing peak localization,MassSpecGym,DreaMS,F_top81_hit_rate,0.9933333333333334,169,saved repeat summary
2g,Element-bearing peak localization,MassSpecGym,DreaMS,F_top82_hit_rate,0.9933333333333334,169,saved repeat summary
2g,Element-bearing peak localization,MassSpecGym,DreaMS,F_top83_hit_rate,0.9933333333333334,169,saved repeat summary
2g,Element-bearing peak localization,MassSpecGym,DreaMS,F_top84_hit_rate,0.9933333333333334,169,saved repeat summary
2g,Element-bearing peak localization,MassSpecGym,DreaMS,F_top85_hit_rate,0.9933333333333334,169,saved repeat summary
2g,Element-bearing peak localization,MassSpecGym,DreaMS,F_top86_hit_rate,0.9933333333333334,169,saved repeat summary
2g,Element-bearing peak localization,MassSpecGym,DreaMS,F_top87_hit_rate,0.9933333333333334,169,saved repeat summary
2g,Element-bearing peak localization,MassSpecGym,DreaMS,F_top88_hit_rate,0.9933333333333334,169,saved repeat summary
2g,Element-bearing peak localization,MassSpecGym,DreaMS,F_top89_hit_rate,0.9933333333333334,169,saved repeat summary
2g,Element-bearing peak localization,MassSpecGym,DreaMS,F_top90_hit_rate,0.9933333333333334,169,saved repeat summary
2g,Element-bearing peak localization,MassSpecGym,DreaMS,F_top91_hit_rate,0.9933333333333334,169,saved repeat summary
2g,Element-bearing peak localization,MassSpecGym,DreaMS,F_top92_hit_rate,0.9933333333333334,169,saved repeat summary
2g,Element-bearing peak localization,MassSpecGym,DreaMS,F_top93_hit_rate,0.9933333333333334,169,saved repeat summary
2g,Element-bearing peak localization,MassSpecGym,DreaMS,F_top94_hit_rate,0.9933333333333334,169,saved repeat summary
2g,Element-bearing peak localization,MassSpecGym,DreaMS,F_top95_hit_rate,0.9933333333333334,169,saved repeat summary
2g,Element-bearing peak localization,MassSpecGym,DreaMS,F_top96_hit_rate,0.9933333333333334,169,saved repeat summary
2g,Element-bearing peak localization,MassSpecGym,DreaMS,F_top97_hit_rate,0.9933333333333334,169,saved repeat summary
2g,Element-bearing peak localization,MassSpecGym,DreaMS,F_top98_hit_rate,0.9933333333333334,169,saved repeat summary
2g,Element-bearing peak localization,MassSpecGym,DreaMS,F_top99_hit_rate,0.9933333333333334,169,saved repeat summary
2g,Element-bearing peak localization,MassSpecGym,DreaMS,F_top100_hit_rate,0.9933333333333334,169,saved repeat summary
2g,Element-bearing peak localization,MassSpecGym,DreaMS,F_top101_hit_rate,0.9933333333333334,169,saved repeat summary
2g,Element-bearing peak localization,MassSpecGym,DreaMS,F_top102_hit_rate,0.9933333333333334,169,saved repeat summary
2g,Element-bearing peak localization,MassSpecGym,DreaMS,F_top103_hit_rate,1.0,169,saved repeat summary
2g,Element-bearing peak localization,MassSpecGym,DreaMS,F_top104_hit_rate,1.0,169,saved repeat summary
2g,Element-bearing peak localization,MassSpecGym,DreaMS,F_top105_hit_rate,1.0,169,saved repeat summary
2g,Element-bearing peak localization,MassSpecGym,DreaMS,F_top106_hit_rate,1.0,169,saved repeat summary
2g,Element-bearing peak localization,MassSpecGym,DreaMS,F_top107_hit_rate,1.0,169,saved repeat summary
2g,Element-bearing peak localization,MassSpecGym,DreaMS,F_top108_hit_rate,1.0,169,saved repeat summary
2g,Element-bearing peak localization,MassSpecGym,DreaMS,F_top109_hit_rate,1.0,169,saved repeat summary
2g,Element-bearing peak localization,MassSpecGym,DreaMS,F_top110_hit_rate,1.0,169,saved repeat summary
2g,Element-bearing peak localization,MassSpecGym,DreaMS,F_top111_hit_rate,1.0,169,saved repeat summary
2g,Element-bearing peak localization,MassSpecGym,DreaMS,F_top112_hit_rate,1.0,169,saved repeat summary
2g,Element-bearing peak localization,MassSpecGym,DreaMS,F_top113_hit_rate,1.0,169,saved repeat summary
2g,Element-bearing peak localization,MassSpecGym,DreaMS,F_top114_hit_rate,1.0,169,saved repeat summary
2g,Element-bearing peak localization,MassSpecGym,DreaMS,F_top115_hit_rate,1.0,169,saved repeat summary
2g,Element-bearing peak localization,MassSpecGym,DreaMS,F_top116_hit_rate,1.0,169,saved repeat summary
2g,Element-bearing peak localization,MassSpecGym,DreaMS,F_top117_hit_rate,1.0,169,saved repeat summary
2g,Element-bearing peak localization,MassSpecGym,DreaMS,F_top118_hit_rate,1.0,169,saved repeat summary
2g,Element-bearing peak localization,MassSpecGym,DreaMS,F_top119_hit_rate,1.0,169,saved repeat summary
2g,Element-bearing peak localization,MassSpecGym,DreaMS,F_top120_hit_rate,1.0,169,saved repeat summary
2g,Element-bearing peak localization,MassSpecGym,DreaMS,F_top121_hit_rate,1.0,169,saved repeat summary
2g,Element-bearing peak localization,MassSpecGym,DreaMS,F_top122_hit_rate,1.0,169,saved repeat summary
2g,Element-bearing peak localization,MassSpecGym,DreaMS,F_top123_hit_rate,1.0,169,saved repeat summary
2g,Element-bearing peak localization,MassSpecGym,DreaMS,F_top124_hit_rate,1.0,169,saved repeat summary
2g,Element-bearing peak localization,MassSpecGym,DreaMS,F_top125_hit_rate,1.0,169,saved repeat summary
2g,Element-bearing peak localization,MassSpecGym,DreaMS,F_top126_hit_rate,1.0,169,saved repeat summary
2g,Element-bearing peak localization,MassSpecGym,DreaMS,F_top127_hit_rate,1.0,169,saved repeat summary
2g,Element-bearing peak localization,MassSpecGym,DreaMS,F_top128_hit_rate,1.0,169,saved repeat summary
2g,Element-bearing peak localization,MassSpecGym,DreaMS,F_top129_hit_rate,1.0,169,saved repeat summary
2g,Element-bearing peak localization,MassSpecGym,DreaMS,F_top130_hit_rate,1.0,169,saved repeat summary
2g,Element-bearing peak localization,MassSpecGym,DreaMS,F_top131_hit_rate,1.0,169,saved repeat summary
2g,Element-bearing peak localization,MassSpecGym,DreaMS,F_top132_hit_rate,1.0,169,saved repeat summary
2g,Element-bearing peak localization,MassSpecGym,DreaMS,F_top133_hit_rate,1.0,169,saved repeat summary
2g,Element-bearing peak localization,MassSpecGym,DreaMS,F_top134_hit_rate,1.0,169,saved repeat summary
2g,Element-bearing peak localization,MassSpecGym,DreaMS,F_top135_hit_rate,1.0,169,saved repeat summary
2g,Element-bearing peak localization,MassSpecGym,DreaMS,F_top136_hit_rate,1.0,169,saved repeat summary
2g,Element-bearing peak localization,MassSpecGym,DreaMS,F_top137_hit_rate,1.0,169,saved repeat summary
2g,Element-bearing peak localization,MassSpecGym,DreaMS,F_top138_hit_rate,1.0,169,saved repeat summary
2g,Element-bearing peak localization,MassSpecGym,DreaMS,F_top139_hit_rate,1.0,169,saved repeat summary
2g,Element-bearing peak localization,MassSpecGym,DreaMS,F_top140_hit_rate,1.0,169,saved repeat summary
2g,Element-bearing peak localization,MassSpecGym,DreaMS,F_top141_hit_rate,1.0,169,saved repeat summary
2g,Element-bearing peak localization,MassSpecGym,DreaMS,F_top142_hit_rate,1.0,169,saved repeat summary
2g,Element-bearing peak localization,MassSpecGym,DreaMS,F_top143_hit_rate,1.0,169,saved repeat summary
2g,Element-bearing peak localization,MassSpecGym,DreaMS,F_top144_hit_rate,1.0,169,saved repeat summary
2g,Element-bearing peak localization,MassSpecGym,DreaMS,F_top145_hit_rate,1.0,169,saved repeat summary
2g,Element-bearing peak localization,MassSpecGym,DreaMS,F_top146_hit_rate,1.0,169,saved repeat summary
2g,Element-bearing peak localization,MassSpecGym,DreaMS,F_top147_hit_rate,1.0,169,saved repeat summary
2g,Element-bearing peak localization,MassSpecGym,DreaMS,F_top148_hit_rate,1.0,169,saved repeat summary
2g,Element-bearing peak localization,MassSpecGym,DreaMS,F_top149_hit_rate,1.0,169,saved repeat summary
2g,Element-bearing peak localization,MassSpecGym,DreaMS,F_top150_hit_rate,1.0,169,saved repeat summary
2g,Element-bearing peak localization,MassSpecGym,Linear SVM,F_top5_hit_rate,0.912157599882058,169,saved repeat summary
2g,Element-bearing peak localization,MassSpecGym,Linear SVM,F_top6_hit_rate,0.9360517101577474,169,saved repeat summary
2g,Element-bearing peak localization,MassSpecGym,Linear SVM,F_top7_hit_rate,0.9360517101577474,169,saved repeat summary
2g,Element-bearing peak localization,MassSpecGym,Linear SVM,F_top8_hit_rate,0.9475648680524842,169,saved repeat summary
2g,Element-bearing peak localization,MassSpecGym,Linear SVM,F_top9_hit_rate,0.9528280259472212,169,saved repeat summary
2g,Element-bearing peak localization,MassSpecGym,Linear SVM,F_top10_hit_rate,0.9594946926138878,169,saved repeat summary
2g,Element-bearing peak localization,MassSpecGym,Linear SVM,F_top11_hit_rate,0.9647578505086246,169,saved repeat summary
2g,Element-bearing peak localization,MassSpecGym,Linear SVM,F_top12_hit_rate,0.976890203449801,169,saved repeat summary
2g,Element-bearing peak localization,MassSpecGym,Linear SVM,F_top13_hit_rate,0.9826044891640868,169,saved repeat summary
2g,Element-bearing peak localization,MassSpecGym,Linear SVM,F_top14_hit_rate,0.9826044891640868,169,saved repeat summary
2g,Element-bearing peak localization,MassSpecGym,Linear SVM,F_top15_hit_rate,0.9884868421052632,169,saved repeat summary
2g,Element-bearing peak localization,MassSpecGym,Linear SVM,F_top16_hit_rate,0.9884868421052632,169,saved repeat summary
2g,Element-bearing peak localization,MassSpecGym,Linear SVM,F_top17_hit_rate,0.9884868421052632,169,saved repeat summary
2g,Element-bearing peak localization,MassSpecGym,Linear SVM,F_top18_hit_rate,0.9884868421052632,169,saved repeat summary
2g,Element-bearing peak localization,MassSpecGym,Linear SVM,F_top19_hit_rate,0.9884868421052632,169,saved repeat summary
2g,Element-bearing peak localization,MassSpecGym,Linear SVM,F_top20_hit_rate,0.99375,169,saved repeat summary
2g,Element-bearing peak localization,MassSpecGym,Linear SVM,F_top21_hit_rate,0.99375,169,saved repeat summary
2g,Element-bearing peak localization,MassSpecGym,Linear SVM,F_top22_hit_rate,0.99375,169,saved repeat summary
2g,Element-bearing peak localization,MassSpecGym,Linear SVM,F_top23_hit_rate,1.0,169,saved repeat summary
2g,Element-bearing peak localization,MassSpecGym,Linear SVM,F_top24_hit_rate,1.0,169,saved repeat summary
2g,Element-bearing peak localization,MassSpecGym,Linear SVM,F_top25_hit_rate,1.0,169,saved repeat summary
2g,Element-bearing peak localization,MassSpecGym,Linear SVM,F_top26_hit_rate,1.0,169,saved repeat summary
2g,Element-bearing peak localization,MassSpecGym,Linear SVM,F_top27_hit_rate,1.0,169,saved repeat summary
2g,Element-bearing peak localization,MassSpecGym,Linear SVM,F_top28_hit_rate,1.0,169,saved repeat summary
2g,Element-bearing peak localization,MassSpecGym,Linear SVM,F_top29_hit_rate,1.0,169,saved repeat summary
2g,Element-bearing peak localization,MassSpecGym,Linear SVM,F_top30_hit_rate,1.0,169,saved repeat summary
2g,Element-bearing peak localization,MassSpecGym,Linear SVM,F_top31_hit_rate,1.0,169,saved repeat summary
2g,Element-bearing peak localization,MassSpecGym,Linear SVM,F_top32_hit_rate,1.0,169,saved repeat summary
2g,Element-bearing peak localization,MassSpecGym,Linear SVM,F_top33_hit_rate,1.0,169,saved repeat summary
2g,Element-bearing peak localization,MassSpecGym,Linear SVM,F_top34_hit_rate,1.0,169,saved repeat summary
2g,Element-bearing peak localization,MassSpecGym,Linear SVM,F_top35_hit_rate,1.0,169,saved repeat summary
2g,Element-bearing peak localization,MassSpecGym,Linear SVM,F_top36_hit_rate,1.0,169,saved repeat summary
2g,Element-bearing peak localization,MassSpecGym,Linear SVM,F_top37_hit_rate,1.0,169,saved repeat summary
2g,Element-bearing peak localization,MassSpecGym,Linear SVM,F_top38_hit_rate,1.0,169,saved repeat summary
2g,Element-bearing peak localization,MassSpecGym,Linear SVM,F_top39_hit_rate,1.0,169,saved repeat summary
2g,Element-bearing peak localization,MassSpecGym,Linear SVM,F_top40_hit_rate,1.0,169,saved repeat summary
2g,Element-bearing peak localization,MassSpecGym,Linear SVM,F_top41_hit_rate,1.0,169,saved repeat summary
2g,Element-bearing peak localization,MassSpecGym,Linear SVM,F_top42_hit_rate,1.0,169,saved repeat summary
2g,Element-bearing peak localization,MassSpecGym,Linear SVM,F_top43_hit_rate,1.0,169,saved repeat summary
2g,Element-bearing peak localization,MassSpecGym,Linear SVM,F_top44_hit_rate,1.0,169,saved repeat summary
2g,Element-bearing peak localization,MassSpecGym,Linear SVM,F_top45_hit_rate,1.0,169,saved repeat summary
2g,Element-bearing peak localization,MassSpecGym,Linear SVM,F_top46_hit_rate,1.0,169,saved repeat summary
2g,Element-bearing peak localization,MassSpecGym,Linear SVM,F_top47_hit_rate,1.0,169,saved repeat summary
2g,Element-bearing peak localization,MassSpecGym,Linear SVM,F_top48_hit_rate,1.0,169,saved repeat summary
2g,Element-bearing peak localization,MassSpecGym,Linear SVM,F_top49_hit_rate,1.0,169,saved repeat summary
2g,Element-bearing peak localization,MassSpecGym,Linear SVM,F_top50_hit_rate,1.0,169,saved repeat summary
2g,Element-bearing peak localization,MassSpecGym,Linear SVM,F_top51_hit_rate,1.0,169,saved repeat summary
2g,Element-bearing peak localization,MassSpecGym,Linear SVM,F_top52_hit_rate,1.0,169,saved repeat summary
2g,Element-bearing peak localization,MassSpecGym,Linear SVM,F_top53_hit_rate,1.0,169,saved repeat summary
2g,Element-bearing peak localization,MassSpecGym,Linear SVM,F_top54_hit_rate,1.0,169,saved repeat summary
2g,Element-bearing peak localization,MassSpecGym,Linear SVM,F_top55_hit_rate,1.0,169,saved repeat summary
2g,Element-bearing peak localization,MassSpecGym,Linear SVM,F_top56_hit_rate,1.0,169,saved repeat summary
2g,Element-bearing peak localization,MassSpecGym,Linear SVM,F_top57_hit_rate,1.0,169,saved repeat summary
2g,Element-bearing peak localization,MassSpecGym,Linear SVM,F_top58_hit_rate,1.0,169,saved repeat summary
2g,Element-bearing peak localization,MassSpecGym,Linear SVM,F_top59_hit_rate,1.0,169,saved repeat summary
2g,Element-bearing peak localization,MassSpecGym,Linear SVM,F_top60_hit_rate,1.0,169,saved repeat summary
2g,Element-bearing peak localization,MassSpecGym,Linear SVM,F_top61_hit_rate,1.0,169,saved repeat summary
2g,Element-bearing peak localization,MassSpecGym,Linear SVM,F_top62_hit_rate,1.0,169,saved repeat summary
2g,Element-bearing peak localization,MassSpecGym,Linear SVM,F_top63_hit_rate,1.0,169,saved repeat summary
2g,Element-bearing peak localization,MassSpecGym,Linear SVM,F_top64_hit_rate,1.0,169,saved repeat summary
2g,Element-bearing peak localization,MassSpecGym,Linear SVM,F_top65_hit_rate,1.0,169,saved repeat summary
2g,Element-bearing peak localization,MassSpecGym,Linear SVM,F_top66_hit_rate,1.0,169,saved repeat summary
2g,Element-bearing peak localization,MassSpecGym,Linear SVM,F_top67_hit_rate,1.0,169,saved repeat summary
2g,Element-bearing peak localization,MassSpecGym,Linear SVM,F_top68_hit_rate,1.0,169,saved repeat summary
2g,Element-bearing peak localization,MassSpecGym,Linear SVM,F_top69_hit_rate,1.0,169,saved repeat summary
2g,Element-bearing peak localization,MassSpecGym,Linear SVM,F_top70_hit_rate,1.0,169,saved repeat summary
2g,Element-bearing peak localization,MassSpecGym,Linear SVM,F_top71_hit_rate,1.0,169,saved repeat summary
2g,Element-bearing peak localization,MassSpecGym,Linear SVM,F_top72_hit_rate,1.0,169,saved repeat summary
2g,Element-bearing peak localization,MassSpecGym,Linear SVM,F_top73_hit_rate,1.0,169,saved repeat summary
2g,Element-bearing peak localization,MassSpecGym,Linear SVM,F_top74_hit_rate,1.0,169,saved repeat summary
2g,Element-bearing peak localization,MassSpecGym,Linear SVM,F_top75_hit_rate,1.0,169,saved repeat summary
2g,Element-bearing peak localization,MassSpecGym,Linear SVM,F_top76_hit_rate,1.0,169,saved repeat summary
2g,Element-bearing peak localization,MassSpecGym,Linear SVM,F_top77_hit_rate,1.0,169,saved repeat summary
2g,Element-bearing peak localization,MassSpecGym,Linear SVM,F_top78_hit_rate,1.0,169,saved repeat summary
2g,Element-bearing peak localization,MassSpecGym,Linear SVM,F_top79_hit_rate,1.0,169,saved repeat summary
2g,Element-bearing peak localization,MassSpecGym,Linear SVM,F_top80_hit_rate,1.0,169,saved repeat summary
2g,Element-bearing peak localization,MassSpecGym,Linear SVM,F_top81_hit_rate,1.0,169,saved repeat summary
2g,Element-bearing peak localization,MassSpecGym,Linear SVM,F_top82_hit_rate,1.0,169,saved repeat summary
2g,Element-bearing peak localization,MassSpecGym,Linear SVM,F_top83_hit_rate,1.0,169,saved repeat summary
2g,Element-bearing peak localization,MassSpecGym,Linear SVM,F_top84_hit_rate,1.0,169,saved repeat summary
2g,Element-bearing peak localization,MassSpecGym,Linear SVM,F_top85_hit_rate,1.0,169,saved repeat summary
2g,Element-bearing peak localization,MassSpecGym,Linear SVM,F_top86_hit_rate,1.0,169,saved repeat summary
2g,Element-bearing peak localization,MassSpecGym,Linear SVM,F_top87_hit_rate,1.0,169,saved repeat summary
2g,Element-bearing peak localization,MassSpecGym,Linear SVM,F_top88_hit_rate,1.0,169,saved repeat summary
2g,Element-bearing peak localization,MassSpecGym,Linear SVM,F_top89_hit_rate,1.0,169,saved repeat summary
2g,Element-bearing peak localization,MassSpecGym,Linear SVM,F_top90_hit_rate,1.0,169,saved repeat summary
2g,Element-bearing peak localization,MassSpecGym,Linear SVM,F_top91_hit_rate,1.0,169,saved repeat summary
2g,Element-bearing peak localization,MassSpecGym,Linear SVM,F_top92_hit_rate,1.0,169,saved repeat summary
2g,Element-bearing peak localization,MassSpecGym,Linear SVM,F_top93_hit_rate,1.0,169,saved repeat summary
2g,Element-bearing peak localization,MassSpecGym,Linear SVM,F_top94_hit_rate,1.0,169,saved repeat summary
2g,Element-bearing peak localization,MassSpecGym,Linear SVM,F_top95_hit_rate,1.0,169,saved repeat summary
2g,Element-bearing peak localization,MassSpecGym,Linear SVM,F_top96_hit_rate,1.0,169,saved repeat summary
2g,Element-bearing peak localization,MassSpecGym,Linear SVM,F_top97_hit_rate,1.0,169,saved repeat summary
2g,Element-bearing peak localization,MassSpecGym,Linear SVM,F_top98_hit_rate,1.0,169,saved repeat summary
2g,Element-bearing peak localization,MassSpecGym,Linear SVM,F_top99_hit_rate,1.0,169,saved repeat summary
2g,Element-bearing peak localization,MassSpecGym,Linear SVM,F_top100_hit_rate,1.0,169,saved repeat summary
2g,Element-bearing peak localization,MassSpecGym,Linear SVM,F_top101_hit_rate,1.0,169,saved repeat summary
2g,Element-bearing peak localization,MassSpecGym,Linear SVM,F_top102_hit_rate,1.0,169,saved repeat summary
2g,Element-bearing peak localization,MassSpecGym,Linear SVM,F_top103_hit_rate,1.0,169,saved repeat summary
2g,Element-bearing peak localization,MassSpecGym,Linear SVM,F_top104_hit_rate,1.0,169,saved repeat summary
2g,Element-bearing peak localization,MassSpecGym,Linear SVM,F_top105_hit_rate,1.0,169,saved repeat summary
2g,Element-bearing peak localization,MassSpecGym,Linear SVM,F_top106_hit_rate,1.0,169,saved repeat summary
2g,Element-bearing peak localization,MassSpecGym,Linear SVM,F_top107_hit_rate,1.0,169,saved repeat summary
2g,Element-bearing peak localization,MassSpecGym,Linear SVM,F_top108_hit_rate,1.0,169,saved repeat summary
2g,Element-bearing peak localization,MassSpecGym,Linear SVM,F_top109_hit_rate,1.0,169,saved repeat summary
2g,Element-bearing peak localization,MassSpecGym,Linear SVM,F_top110_hit_rate,1.0,169,saved repeat summary
2g,Element-bearing peak localization,MassSpecGym,Linear SVM,F_top111_hit_rate,1.0,169,saved repeat summary
2g,Element-bearing peak localization,MassSpecGym,Linear SVM,F_top112_hit_rate,1.0,169,saved repeat summary
2g,Element-bearing peak localization,MassSpecGym,Linear SVM,F_top113_hit_rate,1.0,169,saved repeat summary
2g,Element-bearing peak localization,MassSpecGym,Linear SVM,F_top114_hit_rate,1.0,169,saved repeat summary
2g,Element-bearing peak localization,MassSpecGym,Linear SVM,F_top115_hit_rate,1.0,169,saved repeat summary
2g,Element-bearing peak localization,MassSpecGym,Linear SVM,F_top116_hit_rate,1.0,169,saved repeat summary
2g,Element-bearing peak localization,MassSpecGym,Linear SVM,F_top117_hit_rate,1.0,169,saved repeat summary
2g,Element-bearing peak localization,MassSpecGym,Linear SVM,F_top118_hit_rate,1.0,169,saved repeat summary
2g,Element-bearing peak localization,MassSpecGym,Linear SVM,F_top119_hit_rate,1.0,169,saved repeat summary
2g,Element-bearing peak localization,MassSpecGym,Linear SVM,F_top120_hit_rate,1.0,169,saved repeat summary
2g,Element-bearing peak localization,MassSpecGym,Linear SVM,F_top121_hit_rate,1.0,169,saved repeat summary
2g,Element-bearing peak localization,MassSpecGym,Linear SVM,F_top122_hit_rate,1.0,169,saved repeat summary
2g,Element-bearing peak localization,MassSpecGym,Linear SVM,F_top123_hit_rate,1.0,169,saved repeat summary
2g,Element-bearing peak localization,MassSpecGym,Linear SVM,F_top124_hit_rate,1.0,169,saved repeat summary
2g,Element-bearing peak localization,MassSpecGym,Linear SVM,F_top125_hit_rate,1.0,169,saved repeat summary
2g,Element-bearing peak localization,MassSpecGym,Linear SVM,F_top126_hit_rate,1.0,169,saved repeat summary
2g,Element-bearing peak localization,MassSpecGym,Linear SVM,F_top127_hit_rate,1.0,169,saved repeat summary
2g,Element-bearing peak localization,MassSpecGym,Linear SVM,F_top128_hit_rate,1.0,169,saved repeat summary
2g,Element-bearing peak localization,MassSpecGym,Linear SVM,F_top129_hit_rate,1.0,169,saved repeat summary
2g,Element-bearing peak localization,MassSpecGym,Linear SVM,F_top130_hit_rate,1.0,169,saved repeat summary
2g,Element-bearing peak localization,MassSpecGym,Linear SVM,F_top131_hit_rate,1.0,169,saved repeat summary
2g,Element-bearing peak localization,MassSpecGym,Linear SVM,F_top132_hit_rate,1.0,169,saved repeat summary
2g,Element-bearing peak localization,MassSpecGym,Linear SVM,F_top133_hit_rate,1.0,169,saved repeat summary
2g,Element-bearing peak localization,MassSpecGym,Linear SVM,F_top134_hit_rate,1.0,169,saved repeat summary
2g,Element-bearing peak localization,MassSpecGym,Linear SVM,F_top135_hit_rate,1.0,169,saved repeat summary
2g,Element-bearing peak localization,MassSpecGym,Linear SVM,F_top136_hit_rate,1.0,169,saved repeat summary
2g,Element-bearing peak localization,MassSpecGym,Linear SVM,F_top137_hit_rate,1.0,169,saved repeat summary
2g,Element-bearing peak localization,MassSpecGym,Linear SVM,F_top138_hit_rate,1.0,169,saved repeat summary
2g,Element-bearing peak localization,MassSpecGym,Linear SVM,F_top139_hit_rate,1.0,169,saved repeat summary
2g,Element-bearing peak localization,MassSpecGym,Linear SVM,F_top140_hit_rate,1.0,169,saved repeat summary
2g,Element-bearing peak localization,MassSpecGym,Linear SVM,F_top141_hit_rate,1.0,169,saved repeat summary
2g,Element-bearing peak localization,MassSpecGym,Linear SVM,F_top142_hit_rate,1.0,169,saved repeat summary
2g,Element-bearing peak localization,MassSpecGym,Linear SVM,F_top143_hit_rate,1.0,169,saved repeat summary
2g,Element-bearing peak localization,MassSpecGym,Linear SVM,F_top144_hit_rate,1.0,169,saved repeat summary
2g,Element-bearing peak localization,MassSpecGym,Linear SVM,F_top145_hit_rate,1.0,169,saved repeat summary
2g,Element-bearing peak localization,MassSpecGym,Linear SVM,F_top146_hit_rate,1.0,169,saved repeat summary
2g,Element-bearing peak localization,MassSpecGym,Linear SVM,F_top147_hit_rate,1.0,169,saved repeat summary
2g,Element-bearing peak localization,MassSpecGym,Linear SVM,F_top148_hit_rate,1.0,169,saved repeat summary
2g,Element-bearing peak localization,MassSpecGym,Linear SVM,F_top149_hit_rate,1.0,169,saved repeat summary
2g,Element-bearing peak localization,MassSpecGym,Linear SVM,F_top150_hit_rate,1.0,169,saved repeat summary
2g,Element-bearing peak localization,MassSpecGym,Random forest,F_top5_hit_rate,0.8402552336724163,169,saved repeat summary
2g,Element-bearing peak localization,MassSpecGym,Random forest,F_top6_hit_rate,0.8960330974495061,169,saved repeat summary
2g,Element-bearing peak localization,MassSpecGym,Random forest,F_top7_hit_rate,0.913060961226596,169,saved repeat summary
2g,Element-bearing peak localization,MassSpecGym,Random forest,F_top8_hit_rate,0.930705071502285,169,saved repeat summary
2g,Element-bearing peak localization,MassSpecGym,Random forest,F_top9_hit_rate,0.930705071502285,169,saved repeat summary
2g,Element-bearing peak localization,MassSpecGym,Random forest,F_top10_hit_rate,0.930705071502285,169,saved repeat summary
2g,Element-bearing peak localization,MassSpecGym,Random forest,F_top11_hit_rate,0.9364193572165708,169,saved repeat summary
2g,Element-bearing peak localization,MassSpecGym,Random forest,F_top12_hit_rate,0.9423017101577472,169,saved repeat summary
2g,Element-bearing peak localization,MassSpecGym,Random forest,F_top13_hit_rate,0.948015995872033,169,saved repeat summary
2g,Element-bearing peak localization,MassSpecGym,Random forest,F_top14_hit_rate,0.9595291537667698,169,saved repeat summary
2g,Element-bearing peak localization,MassSpecGym,Random forest,F_top15_hit_rate,0.9595291537667698,169,saved repeat summary
2g,Element-bearing peak localization,MassSpecGym,Random forest,F_top16_hit_rate,0.9595291537667698,169,saved repeat summary
2g,Element-bearing peak localization,MassSpecGym,Random forest,F_top17_hit_rate,0.9595291537667698,169,saved repeat summary
2g,Element-bearing peak localization,MassSpecGym,Random forest,F_top18_hit_rate,0.9595291537667698,169,saved repeat summary
2g,Element-bearing peak localization,MassSpecGym,Random forest,F_top19_hit_rate,0.9595291537667698,169,saved repeat summary
2g,Element-bearing peak localization,MassSpecGym,Random forest,F_top20_hit_rate,0.9647923116615068,169,saved repeat summary
2g,Element-bearing peak localization,MassSpecGym,Random forest,F_top21_hit_rate,0.9647923116615068,169,saved repeat summary
2g,Element-bearing peak localization,MassSpecGym,Random forest,F_top22_hit_rate,0.9647923116615068,169,saved repeat summary
2g,Element-bearing peak localization,MassSpecGym,Random forest,F_top23_hit_rate,0.9710423116615068,169,saved repeat summary
2g,Element-bearing peak localization,MassSpecGym,Random forest,F_top24_hit_rate,0.9710423116615068,169,saved repeat summary
2g,Element-bearing peak localization,MassSpecGym,Random forest,F_top25_hit_rate,0.9710423116615068,169,saved repeat summary
2g,Element-bearing peak localization,MassSpecGym,Random forest,F_top26_hit_rate,0.9710423116615068,169,saved repeat summary
2g,Element-bearing peak localization,MassSpecGym,Random forest,F_top27_hit_rate,0.9710423116615068,169,saved repeat summary
2g,Element-bearing peak localization,MassSpecGym,Random forest,F_top28_hit_rate,0.9710423116615068,169,saved repeat summary
2g,Element-bearing peak localization,MassSpecGym,Random forest,F_top29_hit_rate,0.9710423116615068,169,saved repeat summary
2g,Element-bearing peak localization,MassSpecGym,Random forest,F_top30_hit_rate,0.9829721362229102,169,saved repeat summary
2g,Element-bearing peak localization,MassSpecGym,Random forest,F_top31_hit_rate,0.9829721362229102,169,saved repeat summary
2g,Element-bearing peak localization,MassSpecGym,Random forest,F_top32_hit_rate,0.9947368421052633,169,saved repeat summary
2g,Element-bearing peak localization,MassSpecGym,Random forest,F_top33_hit_rate,0.9947368421052633,169,saved repeat summary
2g,Element-bearing peak localization,MassSpecGym,Random forest,F_top34_hit_rate,0.9947368421052633,169,saved repeat summary
2g,Element-bearing peak localization,MassSpecGym,Random forest,F_top35_hit_rate,0.9947368421052633,169,saved repeat summary
2g,Element-bearing peak localization,MassSpecGym,Random forest,F_top36_hit_rate,0.9947368421052633,169,saved repeat summary
2g,Element-bearing peak localization,MassSpecGym,Random forest,F_top37_hit_rate,0.9947368421052633,169,saved repeat summary
2g,Element-bearing peak localization,MassSpecGym,Random forest,F_top38_hit_rate,0.9947368421052633,169,saved repeat summary
2g,Element-bearing peak localization,MassSpecGym,Random forest,F_top39_hit_rate,0.9947368421052633,169,saved repeat summary
2g,Element-bearing peak localization,MassSpecGym,Random forest,F_top40_hit_rate,0.9947368421052633,169,saved repeat summary
2g,Element-bearing peak localization,MassSpecGym,Random forest,F_top41_hit_rate,0.9947368421052633,169,saved repeat summary
2g,Element-bearing peak localization,MassSpecGym,Random forest,F_top42_hit_rate,1.0,169,saved repeat summary
2g,Element-bearing peak localization,MassSpecGym,Random forest,F_top43_hit_rate,1.0,169,saved repeat summary
2g,Element-bearing peak localization,MassSpecGym,Random forest,F_top44_hit_rate,1.0,169,saved repeat summary
2g,Element-bearing peak localization,MassSpecGym,Random forest,F_top45_hit_rate,1.0,169,saved repeat summary
2g,Element-bearing peak localization,MassSpecGym,Random forest,F_top46_hit_rate,1.0,169,saved repeat summary
2g,Element-bearing peak localization,MassSpecGym,Random forest,F_top47_hit_rate,1.0,169,saved repeat summary
2g,Element-bearing peak localization,MassSpecGym,Random forest,F_top48_hit_rate,1.0,169,saved repeat summary
2g,Element-bearing peak localization,MassSpecGym,Random forest,F_top49_hit_rate,1.0,169,saved repeat summary
2g,Element-bearing peak localization,MassSpecGym,Random forest,F_top50_hit_rate,1.0,169,saved repeat summary
2g,Element-bearing peak localization,MassSpecGym,Random forest,F_top51_hit_rate,1.0,169,saved repeat summary
2g,Element-bearing peak localization,MassSpecGym,Random forest,F_top52_hit_rate,1.0,169,saved repeat summary
2g,Element-bearing peak localization,MassSpecGym,Random forest,F_top53_hit_rate,1.0,169,saved repeat summary
2g,Element-bearing peak localization,MassSpecGym,Random forest,F_top54_hit_rate,1.0,169,saved repeat summary
2g,Element-bearing peak localization,MassSpecGym,Random forest,F_top55_hit_rate,1.0,169,saved repeat summary
2g,Element-bearing peak localization,MassSpecGym,Random forest,F_top56_hit_rate,1.0,169,saved repeat summary
2g,Element-bearing peak localization,MassSpecGym,Random forest,F_top57_hit_rate,1.0,169,saved repeat summary
2g,Element-bearing peak localization,MassSpecGym,Random forest,F_top58_hit_rate,1.0,169,saved repeat summary
2g,Element-bearing peak localization,MassSpecGym,Random forest,F_top59_hit_rate,1.0,169,saved repeat summary
2g,Element-bearing peak localization,MassSpecGym,Random forest,F_top60_hit_rate,1.0,169,saved repeat summary
2g,Element-bearing peak localization,MassSpecGym,Random forest,F_top61_hit_rate,1.0,169,saved repeat summary
2g,Element-bearing peak localization,MassSpecGym,Random forest,F_top62_hit_rate,1.0,169,saved repeat summary
2g,Element-bearing peak localization,MassSpecGym,Random forest,F_top63_hit_rate,1.0,169,saved repeat summary
2g,Element-bearing peak localization,MassSpecGym,Random forest,F_top64_hit_rate,1.0,169,saved repeat summary
2g,Element-bearing peak localization,MassSpecGym,Random forest,F_top65_hit_rate,1.0,169,saved repeat summary
2g,Element-bearing peak localization,MassSpecGym,Random forest,F_top66_hit_rate,1.0,169,saved repeat summary
2g,Element-bearing peak localization,MassSpecGym,Random forest,F_top67_hit_rate,1.0,169,saved repeat summary
2g,Element-bearing peak localization,MassSpecGym,Random forest,F_top68_hit_rate,1.0,169,saved repeat summary
2g,Element-bearing peak localization,MassSpecGym,Random forest,F_top69_hit_rate,1.0,169,saved repeat summary
2g,Element-bearing peak localization,MassSpecGym,Random forest,F_top70_hit_rate,1.0,169,saved repeat summary
2g,Element-bearing peak localization,MassSpecGym,Random forest,F_top71_hit_rate,1.0,169,saved repeat summary
2g,Element-bearing peak localization,MassSpecGym,Random forest,F_top72_hit_rate,1.0,169,saved repeat summary
2g,Element-bearing peak localization,MassSpecGym,Random forest,F_top73_hit_rate,1.0,169,saved repeat summary
2g,Element-bearing peak localization,MassSpecGym,Random forest,F_top74_hit_rate,1.0,169,saved repeat summary
2g,Element-bearing peak localization,MassSpecGym,Random forest,F_top75_hit_rate,1.0,169,saved repeat summary
2g,Element-bearing peak localization,MassSpecGym,Random forest,F_top76_hit_rate,1.0,169,saved repeat summary
2g,Element-bearing peak localization,MassSpecGym,Random forest,F_top77_hit_rate,1.0,169,saved repeat summary
2g,Element-bearing peak localization,MassSpecGym,Random forest,F_top78_hit_rate,1.0,169,saved repeat summary
2g,Element-bearing peak localization,MassSpecGym,Random forest,F_top79_hit_rate,1.0,169,saved repeat summary
2g,Element-bearing peak localization,MassSpecGym,Random forest,F_top80_hit_rate,1.0,169,saved repeat summary
2g,Element-bearing peak localization,MassSpecGym,Random forest,F_top81_hit_rate,1.0,169,saved repeat summary
2g,Element-bearing peak localization,MassSpecGym,Random forest,F_top82_hit_rate,1.0,169,saved repeat summary
2g,Element-bearing peak localization,MassSpecGym,Random forest,F_top83_hit_rate,1.0,169,saved repeat summary
2g,Element-bearing peak localization,MassSpecGym,Random forest,F_top84_hit_rate,1.0,169,saved repeat summary
2g,Element-bearing peak localization,MassSpecGym,Random forest,F_top85_hit_rate,1.0,169,saved repeat summary
2g,Element-bearing peak localization,MassSpecGym,Random forest,F_top86_hit_rate,1.0,169,saved repeat summary
2g,Element-bearing peak localization,MassSpecGym,Random forest,F_top87_hit_rate,1.0,169,saved repeat summary
2g,Element-bearing peak localization,MassSpecGym,Random forest,F_top88_hit_rate,1.0,169,saved repeat summary
2g,Element-bearing peak localization,MassSpecGym,Random forest,F_top89_hit_rate,1.0,169,saved repeat summary
2g,Element-bearing peak localization,MassSpecGym,Random forest,F_top90_hit_rate,1.0,169,saved repeat summary
2g,Element-bearing peak localization,MassSpecGym,Random forest,F_top91_hit_rate,1.0,169,saved repeat summary
2g,Element-bearing peak localization,MassSpecGym,Random forest,F_top92_hit_rate,1.0,169,saved repeat summary
2g,Element-bearing peak localization,MassSpecGym,Random forest,F_top93_hit_rate,1.0,169,saved repeat summary
2g,Element-bearing peak localization,MassSpecGym,Random forest,F_top94_hit_rate,1.0,169,saved repeat summary
2g,Element-bearing peak localization,MassSpecGym,Random forest,F_top95_hit_rate,1.0,169,saved repeat summary
2g,Element-bearing peak localization,MassSpecGym,Random forest,F_top96_hit_rate,1.0,169,saved repeat summary
2g,Element-bearing peak localization,MassSpecGym,Random forest,F_top97_hit_rate,1.0,169,saved repeat summary
2g,Element-bearing peak localization,MassSpecGym,Random forest,F_top98_hit_rate,1.0,169,saved repeat summary
2g,Element-bearing peak localization,MassSpecGym,Random forest,F_top99_hit_rate,1.0,169,saved repeat summary
2g,Element-bearing peak localization,MassSpecGym,Random forest,F_top100_hit_rate,1.0,169,saved repeat summary
2g,Element-bearing peak localization,MassSpecGym,Random forest,F_top101_hit_rate,1.0,169,saved repeat summary
2g,Element-bearing peak localization,MassSpecGym,Random forest,F_top102_hit_rate,1.0,169,saved repeat summary
2g,Element-bearing peak localization,MassSpecGym,Random forest,F_top103_hit_rate,1.0,169,saved repeat summary
2g,Element-bearing peak localization,MassSpecGym,Random forest,F_top104_hit_rate,1.0,169,saved repeat summary
2g,Element-bearing peak localization,MassSpecGym,Random forest,F_top105_hit_rate,1.0,169,saved repeat summary
2g,Element-bearing peak localization,MassSpecGym,Random forest,F_top106_hit_rate,1.0,169,saved repeat summary
2g,Element-bearing peak localization,MassSpecGym,Random forest,F_top107_hit_rate,1.0,169,saved repeat summary
2g,Element-bearing peak localization,MassSpecGym,Random forest,F_top108_hit_rate,1.0,169,saved repeat summary
2g,Element-bearing peak localization,MassSpecGym,Random forest,F_top109_hit_rate,1.0,169,saved repeat summary
2g,Element-bearing peak localization,MassSpecGym,Random forest,F_top110_hit_rate,1.0,169,saved repeat summary
2g,Element-bearing peak localization,MassSpecGym,Random forest,F_top111_hit_rate,1.0,169,saved repeat summary
2g,Element-bearing peak localization,MassSpecGym,Random forest,F_top112_hit_rate,1.0,169,saved repeat summary
2g,Element-bearing peak localization,MassSpecGym,Random forest,F_top113_hit_rate,1.0,169,saved repeat summary
2g,Element-bearing peak localization,MassSpecGym,Random forest,F_top114_hit_rate,1.0,169,saved repeat summary
2g,Element-bearing peak localization,MassSpecGym,Random forest,F_top115_hit_rate,1.0,169,saved repeat summary
2g,Element-bearing peak localization,MassSpecGym,Random forest,F_top116_hit_rate,1.0,169,saved repeat summary
2g,Element-bearing peak localization,MassSpecGym,Random forest,F_top117_hit_rate,1.0,169,saved repeat summary
2g,Element-bearing peak localization,MassSpecGym,Random forest,F_top118_hit_rate,1.0,169,saved repeat summary
2g,Element-bearing peak localization,MassSpecGym,Random forest,F_top119_hit_rate,1.0,169,saved repeat summary
2g,Element-bearing peak localization,MassSpecGym,Random forest,F_top120_hit_rate,1.0,169,saved repeat summary
2g,Element-bearing peak localization,MassSpecGym,Random forest,F_top121_hit_rate,1.0,169,saved repeat summary
2g,Element-bearing peak localization,MassSpecGym,Random forest,F_top122_hit_rate,1.0,169,saved repeat summary
2g,Element-bearing peak localization,MassSpecGym,Random forest,F_top123_hit_rate,1.0,169,saved repeat summary
2g,Element-bearing peak localization,MassSpecGym,Random forest,F_top124_hit_rate,1.0,169,saved repeat summary
2g,Element-bearing peak localization,MassSpecGym,Random forest,F_top125_hit_rate,1.0,169,saved repeat summary
2g,Element-bearing peak localization,MassSpecGym,Random forest,F_top126_hit_rate,1.0,169,saved repeat summary
2g,Element-bearing peak localization,MassSpecGym,Random forest,F_top127_hit_rate,1.0,169,saved repeat summary
2g,Element-bearing peak localization,MassSpecGym,Random forest,F_top128_hit_rate,1.0,169,saved repeat summary
2g,Element-bearing peak localization,MassSpecGym,Random forest,F_top129_hit_rate,1.0,169,saved repeat summary
2g,Element-bearing peak localization,MassSpecGym,Random forest,F_top130_hit_rate,1.0,169,saved repeat summary
2g,Element-bearing peak localization,MassSpecGym,Random forest,F_top131_hit_rate,1.0,169,saved repeat summary
2g,Element-bearing peak localization,MassSpecGym,Random forest,F_top132_hit_rate,1.0,169,saved repeat summary
2g,Element-bearing peak localization,MassSpecGym,Random forest,F_top133_hit_rate,1.0,169,saved repeat summary
2g,Element-bearing peak localization,MassSpecGym,Random forest,F_top134_hit_rate,1.0,169,saved repeat summary
2g,Element-bearing peak localization,MassSpecGym,Random forest,F_top135_hit_rate,1.0,169,saved repeat summary
2g,Element-bearing peak localization,MassSpecGym,Random forest,F_top136_hit_rate,1.0,169,saved repeat summary
2g,Element-bearing peak localization,MassSpecGym,Random forest,F_top137_hit_rate,1.0,169,saved repeat summary
2g,Element-bearing peak localization,MassSpecGym,Random forest,F_top138_hit_rate,1.0,169,saved repeat summary
2g,Element-bearing peak localization,MassSpecGym,Random forest,F_top139_hit_rate,1.0,169,saved repeat summary
2g,Element-bearing peak localization,MassSpecGym,Random forest,F_top140_hit_rate,1.0,169,saved repeat summary
2g,Element-bearing peak localization,MassSpecGym,Random forest,F_top141_hit_rate,1.0,169,saved repeat summary
2g,Element-bearing peak localization,MassSpecGym,Random forest,F_top142_hit_rate,1.0,169,saved repeat summary
2g,Element-bearing peak localization,MassSpecGym,Random forest,F_top143_hit_rate,1.0,169,saved repeat summary
2g,Element-bearing peak localization,MassSpecGym,Random forest,F_top144_hit_rate,1.0,169,saved repeat summary
2g,Element-bearing peak localization,MassSpecGym,Random forest,F_top145_hit_rate,1.0,169,saved repeat summary
2g,Element-bearing peak localization,MassSpecGym,Random forest,F_top146_hit_rate,1.0,169,saved repeat summary
2g,Element-bearing peak localization,MassSpecGym,Random forest,F_top147_hit_rate,1.0,169,saved repeat summary
2g,Element-bearing peak localization,MassSpecGym,Random forest,F_top148_hit_rate,1.0,169,saved repeat summary
2g,Element-bearing peak localization,MassSpecGym,Random forest,F_top149_hit_rate,1.0,169,saved repeat summary
2g,Element-bearing peak localization,MassSpecGym,Random forest,F_top150_hit_rate,1.0,169,saved repeat summary
2g,Element-bearing peak localization,MassSpecGym,UltraMS,Cl_top5_hit_rate,0.9391774891774892,150,saved repeat summary
2g,Element-bearing peak localization,MassSpecGym,UltraMS,Cl_top6_hit_rate,0.9463203463203465,150,saved repeat summary
2g,Element-bearing peak localization,MassSpecGym,UltraMS,Cl_top7_hit_rate,0.9596536796536796,150,saved repeat summary
2g,Element-bearing peak localization,MassSpecGym,UltraMS,Cl_top8_hit_rate,0.9734632034632036,150,saved repeat summary
2g,Element-bearing peak localization,MassSpecGym,UltraMS,Cl_top9_hit_rate,0.9801298701298702,150,saved repeat summary
2g,Element-bearing peak localization,MassSpecGym,UltraMS,Cl_top10_hit_rate,0.9867965367965368,150,saved repeat summary
2g,Element-bearing peak localization,MassSpecGym,UltraMS,Cl_top11_hit_rate,0.9867965367965368,150,saved repeat summary
2g,Element-bearing peak localization,MassSpecGym,UltraMS,Cl_top12_hit_rate,0.993939393939394,150,saved repeat summary
2g,Element-bearing peak localization,MassSpecGym,UltraMS,Cl_top13_hit_rate,0.993939393939394,150,saved repeat summary
2g,Element-bearing peak localization,MassSpecGym,UltraMS,Cl_top14_hit_rate,1.0,150,saved repeat summary
2g,Element-bearing peak localization,MassSpecGym,UltraMS,Cl_top15_hit_rate,1.0,150,saved repeat summary
2g,Element-bearing peak localization,MassSpecGym,UltraMS,Cl_top16_hit_rate,1.0,150,saved repeat summary
2g,Element-bearing peak localization,MassSpecGym,UltraMS,Cl_top17_hit_rate,1.0,150,saved repeat summary
2g,Element-bearing peak localization,MassSpecGym,UltraMS,Cl_top18_hit_rate,1.0,150,saved repeat summary
2g,Element-bearing peak localization,MassSpecGym,UltraMS,Cl_top19_hit_rate,1.0,150,saved repeat summary
2g,Element-bearing peak localization,MassSpecGym,UltraMS,Cl_top20_hit_rate,1.0,150,saved repeat summary
2g,Element-bearing peak localization,MassSpecGym,UltraMS,Cl_top21_hit_rate,1.0,150,saved repeat summary
2g,Element-bearing peak localization,MassSpecGym,UltraMS,Cl_top22_hit_rate,1.0,150,saved repeat summary
2g,Element-bearing peak localization,MassSpecGym,UltraMS,Cl_top23_hit_rate,1.0,150,saved repeat summary
2g,Element-bearing peak localization,MassSpecGym,UltraMS,Cl_top24_hit_rate,1.0,150,saved repeat summary
2g,Element-bearing peak localization,MassSpecGym,UltraMS,Cl_top25_hit_rate,1.0,150,saved repeat summary
2g,Element-bearing peak localization,MassSpecGym,UltraMS,Cl_top26_hit_rate,1.0,150,saved repeat summary
2g,Element-bearing peak localization,MassSpecGym,UltraMS,Cl_top27_hit_rate,1.0,150,saved repeat summary
2g,Element-bearing peak localization,MassSpecGym,UltraMS,Cl_top28_hit_rate,1.0,150,saved repeat summary
2g,Element-bearing peak localization,MassSpecGym,UltraMS,Cl_top29_hit_rate,1.0,150,saved repeat summary
2g,Element-bearing peak localization,MassSpecGym,UltraMS,Cl_top30_hit_rate,1.0,150,saved repeat summary
2g,Element-bearing peak localization,MassSpecGym,UltraMS,Cl_top31_hit_rate,1.0,150,saved repeat summary
2g,Element-bearing peak localization,MassSpecGym,UltraMS,Cl_top32_hit_rate,1.0,150,saved repeat summary
2g,Element-bearing peak localization,MassSpecGym,UltraMS,Cl_top33_hit_rate,1.0,150,saved repeat summary
2g,Element-bearing peak localization,MassSpecGym,UltraMS,Cl_top34_hit_rate,1.0,150,saved repeat summary
2g,Element-bearing peak localization,MassSpecGym,UltraMS,Cl_top35_hit_rate,1.0,150,saved repeat summary
2g,Element-bearing peak localization,MassSpecGym,UltraMS,Cl_top36_hit_rate,1.0,150,saved repeat summary
2g,Element-bearing peak localization,MassSpecGym,UltraMS,Cl_top37_hit_rate,1.0,150,saved repeat summary
2g,Element-bearing peak localization,MassSpecGym,UltraMS,Cl_top38_hit_rate,1.0,150,saved repeat summary
2g,Element-bearing peak localization,MassSpecGym,UltraMS,Cl_top39_hit_rate,1.0,150,saved repeat summary
2g,Element-bearing peak localization,MassSpecGym,UltraMS,Cl_top40_hit_rate,1.0,150,saved repeat summary
2g,Element-bearing peak localization,MassSpecGym,UltraMS,Cl_top41_hit_rate,1.0,150,saved repeat summary
2g,Element-bearing peak localization,MassSpecGym,UltraMS,Cl_top42_hit_rate,1.0,150,saved repeat summary
2g,Element-bearing peak localization,MassSpecGym,UltraMS,Cl_top43_hit_rate,1.0,150,saved repeat summary
2g,Element-bearing peak localization,MassSpecGym,UltraMS,Cl_top44_hit_rate,1.0,150,saved repeat summary
2g,Element-bearing peak localization,MassSpecGym,UltraMS,Cl_top45_hit_rate,1.0,150,saved repeat summary
2g,Element-bearing peak localization,MassSpecGym,UltraMS,Cl_top46_hit_rate,1.0,150,saved repeat summary
2g,Element-bearing peak localization,MassSpecGym,UltraMS,Cl_top47_hit_rate,1.0,150,saved repeat summary
2g,Element-bearing peak localization,MassSpecGym,UltraMS,Cl_top48_hit_rate,1.0,150,saved repeat summary
2g,Element-bearing peak localization,MassSpecGym,UltraMS,Cl_top49_hit_rate,1.0,150,saved repeat summary
2g,Element-bearing peak localization,MassSpecGym,UltraMS,Cl_top50_hit_rate,1.0,150,saved repeat summary
2g,Element-bearing peak localization,MassSpecGym,UltraMS,Cl_top51_hit_rate,1.0,150,saved repeat summary
2g,Element-bearing peak localization,MassSpecGym,UltraMS,Cl_top52_hit_rate,1.0,150,saved repeat summary
2g,Element-bearing peak localization,MassSpecGym,UltraMS,Cl_top53_hit_rate,1.0,150,saved repeat summary
2g,Element-bearing peak localization,MassSpecGym,UltraMS,Cl_top54_hit_rate,1.0,150,saved repeat summary
2g,Element-bearing peak localization,MassSpecGym,UltraMS,Cl_top55_hit_rate,1.0,150,saved repeat summary
2g,Element-bearing peak localization,MassSpecGym,UltraMS,Cl_top56_hit_rate,1.0,150,saved repeat summary
2g,Element-bearing peak localization,MassSpecGym,UltraMS,Cl_top57_hit_rate,1.0,150,saved repeat summary
2g,Element-bearing peak localization,MassSpecGym,UltraMS,Cl_top58_hit_rate,1.0,150,saved repeat summary
2g,Element-bearing peak localization,MassSpecGym,UltraMS,Cl_top59_hit_rate,1.0,150,saved repeat summary
2g,Element-bearing peak localization,MassSpecGym,UltraMS,Cl_top60_hit_rate,1.0,150,saved repeat summary
2g,Element-bearing peak localization,MassSpecGym,UltraMS,Cl_top61_hit_rate,1.0,150,saved repeat summary
2g,Element-bearing peak localization,MassSpecGym,UltraMS,Cl_top62_hit_rate,1.0,150,saved repeat summary
2g,Element-bearing peak localization,MassSpecGym,UltraMS,Cl_top63_hit_rate,1.0,150,saved repeat summary
2g,Element-bearing peak localization,MassSpecGym,UltraMS,Cl_top64_hit_rate,1.0,150,saved repeat summary
2g,Element-bearing peak localization,MassSpecGym,UltraMS,Cl_top65_hit_rate,1.0,150,saved repeat summary
2g,Element-bearing peak localization,MassSpecGym,UltraMS,Cl_top66_hit_rate,1.0,150,saved repeat summary
2g,Element-bearing peak localization,MassSpecGym,UltraMS,Cl_top67_hit_rate,1.0,150,saved repeat summary
2g,Element-bearing peak localization,MassSpecGym,UltraMS,Cl_top68_hit_rate,1.0,150,saved repeat summary
2g,Element-bearing peak localization,MassSpecGym,UltraMS,Cl_top69_hit_rate,1.0,150,saved repeat summary
2g,Element-bearing peak localization,MassSpecGym,UltraMS,Cl_top70_hit_rate,1.0,150,saved repeat summary
2g,Element-bearing peak localization,MassSpecGym,UltraMS,Cl_top71_hit_rate,1.0,150,saved repeat summary
2g,Element-bearing peak localization,MassSpecGym,UltraMS,Cl_top72_hit_rate,1.0,150,saved repeat summary
2g,Element-bearing peak localization,MassSpecGym,UltraMS,Cl_top73_hit_rate,1.0,150,saved repeat summary
2g,Element-bearing peak localization,MassSpecGym,UltraMS,Cl_top74_hit_rate,1.0,150,saved repeat summary
2g,Element-bearing peak localization,MassSpecGym,UltraMS,Cl_top75_hit_rate,1.0,150,saved repeat summary
2g,Element-bearing peak localization,MassSpecGym,UltraMS,Cl_top76_hit_rate,1.0,150,saved repeat summary
2g,Element-bearing peak localization,MassSpecGym,UltraMS,Cl_top77_hit_rate,1.0,150,saved repeat summary
2g,Element-bearing peak localization,MassSpecGym,UltraMS,Cl_top78_hit_rate,1.0,150,saved repeat summary
2g,Element-bearing peak localization,MassSpecGym,UltraMS,Cl_top79_hit_rate,1.0,150,saved repeat summary
2g,Element-bearing peak localization,MassSpecGym,UltraMS,Cl_top80_hit_rate,1.0,150,saved repeat summary
2g,Element-bearing peak localization,MassSpecGym,UltraMS,Cl_top81_hit_rate,1.0,150,saved repeat summary
2g,Element-bearing peak localization,MassSpecGym,UltraMS,Cl_top82_hit_rate,1.0,150,saved repeat summary
2g,Element-bearing peak localization,MassSpecGym,UltraMS,Cl_top83_hit_rate,1.0,150,saved repeat summary
2g,Element-bearing peak localization,MassSpecGym,UltraMS,Cl_top84_hit_rate,1.0,150,saved repeat summary
2g,Element-bearing peak localization,MassSpecGym,UltraMS,Cl_top85_hit_rate,1.0,150,saved repeat summary
2g,Element-bearing peak localization,MassSpecGym,UltraMS,Cl_top86_hit_rate,1.0,150,saved repeat summary
2g,Element-bearing peak localization,MassSpecGym,UltraMS,Cl_top87_hit_rate,1.0,150,saved repeat summary
2g,Element-bearing peak localization,MassSpecGym,UltraMS,Cl_top88_hit_rate,1.0,150,saved repeat summary
2g,Element-bearing peak localization,MassSpecGym,UltraMS,Cl_top89_hit_rate,1.0,150,saved repeat summary
2g,Element-bearing peak localization,MassSpecGym,UltraMS,Cl_top90_hit_rate,1.0,150,saved repeat summary
2g,Element-bearing peak localization,MassSpecGym,UltraMS,Cl_top91_hit_rate,1.0,150,saved repeat summary
2g,Element-bearing peak localization,MassSpecGym,UltraMS,Cl_top92_hit_rate,1.0,150,saved repeat summary
2g,Element-bearing peak localization,MassSpecGym,UltraMS,Cl_top93_hit_rate,1.0,150,saved repeat summary
2g,Element-bearing peak localization,MassSpecGym,UltraMS,Cl_top94_hit_rate,1.0,150,saved repeat summary
2g,Element-bearing peak localization,MassSpecGym,UltraMS,Cl_top95_hit_rate,1.0,150,saved repeat summary
2g,Element-bearing peak localization,MassSpecGym,UltraMS,Cl_top96_hit_rate,1.0,150,saved repeat summary
2g,Element-bearing peak localization,MassSpecGym,UltraMS,Cl_top97_hit_rate,1.0,150,saved repeat summary
2g,Element-bearing peak localization,MassSpecGym,UltraMS,Cl_top98_hit_rate,1.0,150,saved repeat summary
2g,Element-bearing peak localization,MassSpecGym,UltraMS,Cl_top99_hit_rate,1.0,150,saved repeat summary
2g,Element-bearing peak localization,MassSpecGym,UltraMS,Cl_top100_hit_rate,1.0,150,saved repeat summary
2g,Element-bearing peak localization,MassSpecGym,UltraMS,Cl_top101_hit_rate,1.0,150,saved repeat summary
2g,Element-bearing peak localization,MassSpecGym,UltraMS,Cl_top102_hit_rate,1.0,150,saved repeat summary
2g,Element-bearing peak localization,MassSpecGym,UltraMS,Cl_top103_hit_rate,1.0,150,saved repeat summary
2g,Element-bearing peak localization,MassSpecGym,UltraMS,Cl_top104_hit_rate,1.0,150,saved repeat summary
2g,Element-bearing peak localization,MassSpecGym,UltraMS,Cl_top105_hit_rate,1.0,150,saved repeat summary
2g,Element-bearing peak localization,MassSpecGym,UltraMS,Cl_top106_hit_rate,1.0,150,saved repeat summary
2g,Element-bearing peak localization,MassSpecGym,UltraMS,Cl_top107_hit_rate,1.0,150,saved repeat summary
2g,Element-bearing peak localization,MassSpecGym,UltraMS,Cl_top108_hit_rate,1.0,150,saved repeat summary
2g,Element-bearing peak localization,MassSpecGym,UltraMS,Cl_top109_hit_rate,1.0,150,saved repeat summary
2g,Element-bearing peak localization,MassSpecGym,UltraMS,Cl_top110_hit_rate,1.0,150,saved repeat summary
2g,Element-bearing peak localization,MassSpecGym,UltraMS,Cl_top111_hit_rate,1.0,150,saved repeat summary
2g,Element-bearing peak localization,MassSpecGym,UltraMS,Cl_top112_hit_rate,1.0,150,saved repeat summary
2g,Element-bearing peak localization,MassSpecGym,UltraMS,Cl_top113_hit_rate,1.0,150,saved repeat summary
2g,Element-bearing peak localization,MassSpecGym,UltraMS,Cl_top114_hit_rate,1.0,150,saved repeat summary
2g,Element-bearing peak localization,MassSpecGym,UltraMS,Cl_top115_hit_rate,1.0,150,saved repeat summary
2g,Element-bearing peak localization,MassSpecGym,UltraMS,Cl_top116_hit_rate,1.0,150,saved repeat summary
2g,Element-bearing peak localization,MassSpecGym,UltraMS,Cl_top117_hit_rate,1.0,150,saved repeat summary
2g,Element-bearing peak localization,MassSpecGym,UltraMS,Cl_top118_hit_rate,1.0,150,saved repeat summary
2g,Element-bearing peak localization,MassSpecGym,UltraMS,Cl_top119_hit_rate,1.0,150,saved repeat summary
2g,Element-bearing peak localization,MassSpecGym,UltraMS,Cl_top120_hit_rate,1.0,150,saved repeat summary
2g,Element-bearing peak localization,MassSpecGym,UltraMS,Cl_top121_hit_rate,1.0,150,saved repeat summary
2g,Element-bearing peak localization,MassSpecGym,UltraMS,Cl_top122_hit_rate,1.0,150,saved repeat summary
2g,Element-bearing peak localization,MassSpecGym,UltraMS,Cl_top123_hit_rate,1.0,150,saved repeat summary
2g,Element-bearing peak localization,MassSpecGym,UltraMS,Cl_top124_hit_rate,1.0,150,saved repeat summary
2g,Element-bearing peak localization,MassSpecGym,UltraMS,Cl_top125_hit_rate,1.0,150,saved repeat summary
2g,Element-bearing peak localization,MassSpecGym,UltraMS,Cl_top126_hit_rate,1.0,150,saved repeat summary
2g,Element-bearing peak localization,MassSpecGym,UltraMS,Cl_top127_hit_rate,1.0,150,saved repeat summary
2g,Element-bearing peak localization,MassSpecGym,UltraMS,Cl_top128_hit_rate,1.0,150,saved repeat summary
2g,Element-bearing peak localization,MassSpecGym,UltraMS,Cl_top129_hit_rate,1.0,150,saved repeat summary
2g,Element-bearing peak localization,MassSpecGym,UltraMS,Cl_top130_hit_rate,1.0,150,saved repeat summary
2g,Element-bearing peak localization,MassSpecGym,UltraMS,Cl_top131_hit_rate,1.0,150,saved repeat summary
2g,Element-bearing peak localization,MassSpecGym,UltraMS,Cl_top132_hit_rate,1.0,150,saved repeat summary
2g,Element-bearing peak localization,MassSpecGym,UltraMS,Cl_top133_hit_rate,1.0,150,saved repeat summary
2g,Element-bearing peak localization,MassSpecGym,UltraMS,Cl_top134_hit_rate,1.0,150,saved repeat summary
2g,Element-bearing peak localization,MassSpecGym,UltraMS,Cl_top135_hit_rate,1.0,150,saved repeat summary
2g,Element-bearing peak localization,MassSpecGym,UltraMS,Cl_top136_hit_rate,1.0,150,saved repeat summary
2g,Element-bearing peak localization,MassSpecGym,UltraMS,Cl_top137_hit_rate,1.0,150,saved repeat summary
2g,Element-bearing peak localization,MassSpecGym,UltraMS,Cl_top138_hit_rate,1.0,150,saved repeat summary
2g,Element-bearing peak localization,MassSpecGym,UltraMS,Cl_top139_hit_rate,1.0,150,saved repeat summary
2g,Element-bearing peak localization,MassSpecGym,UltraMS,Cl_top140_hit_rate,1.0,150,saved repeat summary
2g,Element-bearing peak localization,MassSpecGym,UltraMS,Cl_top141_hit_rate,1.0,150,saved repeat summary
2g,Element-bearing peak localization,MassSpecGym,UltraMS,Cl_top142_hit_rate,1.0,150,saved repeat summary
2g,Element-bearing peak localization,MassSpecGym,UltraMS,Cl_top143_hit_rate,1.0,150,saved repeat summary
2g,Element-bearing peak localization,MassSpecGym,UltraMS,Cl_top144_hit_rate,1.0,150,saved repeat summary
2g,Element-bearing peak localization,MassSpecGym,UltraMS,Cl_top145_hit_rate,1.0,150,saved repeat summary
2g,Element-bearing peak localization,MassSpecGym,UltraMS,Cl_top146_hit_rate,1.0,150,saved repeat summary
2g,Element-bearing peak localization,MassSpecGym,UltraMS,Cl_top147_hit_rate,1.0,150,saved repeat summary
2g,Element-bearing peak localization,MassSpecGym,UltraMS,Cl_top148_hit_rate,1.0,150,saved repeat summary
2g,Element-bearing peak localization,MassSpecGym,UltraMS,Cl_top149_hit_rate,1.0,150,saved repeat summary
2g,Element-bearing peak localization,MassSpecGym,UltraMS,Cl_top150_hit_rate,1.0,150,saved repeat summary
2g,Element-bearing peak localization,MassSpecGym,DreaMS,Cl_top5_hit_rate,0.6392133154202121,150,saved repeat summary
2g,Element-bearing peak localization,MassSpecGym,DreaMS,Cl_top6_hit_rate,0.6914345424690251,150,saved repeat summary
2g,Element-bearing peak localization,MassSpecGym,DreaMS,Cl_top7_hit_rate,0.725227645917301,150,saved repeat summary
2g,Element-bearing peak localization,MassSpecGym,DreaMS,Cl_top8_hit_rate,0.759267054784296,150,saved repeat summary
2g,Element-bearing peak localization,MassSpecGym,DreaMS,Cl_top9_hit_rate,0.8259038662486938,150,saved repeat summary
2g,Element-bearing peak localization,MassSpecGym,DreaMS,Cl_top10_hit_rate,0.8473324376772652,150,saved repeat summary
2g,Element-bearing peak localization,MassSpecGym,DreaMS,Cl_top11_hit_rate,0.874099119271533,150,saved repeat summary
2g,Element-bearing peak localization,MassSpecGym,DreaMS,Cl_top12_hit_rate,0.9014718614718616,150,saved repeat summary
2g,Element-bearing peak localization,MassSpecGym,DreaMS,Cl_top13_hit_rate,0.9148051948051948,150,saved repeat summary
2g,Element-bearing peak localization,MassSpecGym,DreaMS,Cl_top14_hit_rate,0.9424242424242424,150,saved repeat summary
2g,Element-bearing peak localization,MassSpecGym,DreaMS,Cl_top15_hit_rate,0.9424242424242424,150,saved repeat summary
2g,Element-bearing peak localization,MassSpecGym,DreaMS,Cl_top16_hit_rate,0.949090909090909,150,saved repeat summary
2g,Element-bearing peak localization,MassSpecGym,DreaMS,Cl_top17_hit_rate,0.9618181818181816,150,saved repeat summary
2g,Element-bearing peak localization,MassSpecGym,DreaMS,Cl_top18_hit_rate,0.9745454545454546,150,saved repeat summary
2g,Element-bearing peak localization,MassSpecGym,DreaMS,Cl_top19_hit_rate,0.9745454545454546,150,saved repeat summary
2g,Element-bearing peak localization,MassSpecGym,DreaMS,Cl_top20_hit_rate,0.9745454545454546,150,saved repeat summary
2g,Element-bearing peak localization,MassSpecGym,DreaMS,Cl_top21_hit_rate,0.9745454545454546,150,saved repeat summary
2g,Element-bearing peak localization,MassSpecGym,DreaMS,Cl_top22_hit_rate,0.9745454545454546,150,saved repeat summary
2g,Element-bearing peak localization,MassSpecGym,DreaMS,Cl_top23_hit_rate,0.9812121212121212,150,saved repeat summary
2g,Element-bearing peak localization,MassSpecGym,DreaMS,Cl_top24_hit_rate,0.9812121212121212,150,saved repeat summary
2g,Element-bearing peak localization,MassSpecGym,DreaMS,Cl_top25_hit_rate,0.9812121212121212,150,saved repeat summary
2g,Element-bearing peak localization,MassSpecGym,DreaMS,Cl_top26_hit_rate,0.9812121212121212,150,saved repeat summary
2g,Element-bearing peak localization,MassSpecGym,DreaMS,Cl_top27_hit_rate,0.9812121212121212,150,saved repeat summary
2g,Element-bearing peak localization,MassSpecGym,DreaMS,Cl_top28_hit_rate,0.9812121212121212,150,saved repeat summary
2g,Element-bearing peak localization,MassSpecGym,DreaMS,Cl_top29_hit_rate,0.9812121212121212,150,saved repeat summary
2g,Element-bearing peak localization,MassSpecGym,DreaMS,Cl_top30_hit_rate,0.9812121212121212,150,saved repeat summary
2g,Element-bearing peak localization,MassSpecGym,DreaMS,Cl_top31_hit_rate,0.9812121212121212,150,saved repeat summary
2g,Element-bearing peak localization,MassSpecGym,DreaMS,Cl_top32_hit_rate,0.9812121212121212,150,saved repeat summary
2g,Element-bearing peak localization,MassSpecGym,DreaMS,Cl_top33_hit_rate,0.9812121212121212,150,saved repeat summary
2g,Element-bearing peak localization,MassSpecGym,DreaMS,Cl_top34_hit_rate,0.9812121212121212,150,saved repeat summary
2g,Element-bearing peak localization,MassSpecGym,DreaMS,Cl_top35_hit_rate,0.9872727272727272,150,saved repeat summary
2g,Element-bearing peak localization,MassSpecGym,DreaMS,Cl_top36_hit_rate,0.993939393939394,150,saved repeat summary
2g,Element-bearing peak localization,MassSpecGym,DreaMS,Cl_top37_hit_rate,0.993939393939394,150,saved repeat summary
2g,Element-bearing peak localization,MassSpecGym,DreaMS,Cl_top38_hit_rate,0.993939393939394,150,saved repeat summary
2g,Element-bearing peak localization,MassSpecGym,DreaMS,Cl_top39_hit_rate,0.993939393939394,150,saved repeat summary
2g,Element-bearing peak localization,MassSpecGym,DreaMS,Cl_top40_hit_rate,0.993939393939394,150,saved repeat summary
2g,Element-bearing peak localization,MassSpecGym,DreaMS,Cl_top41_hit_rate,0.993939393939394,150,saved repeat summary
2g,Element-bearing peak localization,MassSpecGym,DreaMS,Cl_top42_hit_rate,0.993939393939394,150,saved repeat summary
2g,Element-bearing peak localization,MassSpecGym,DreaMS,Cl_top43_hit_rate,0.993939393939394,150,saved repeat summary
2g,Element-bearing peak localization,MassSpecGym,DreaMS,Cl_top44_hit_rate,0.993939393939394,150,saved repeat summary
2g,Element-bearing peak localization,MassSpecGym,DreaMS,Cl_top45_hit_rate,0.993939393939394,150,saved repeat summary
2g,Element-bearing peak localization,MassSpecGym,DreaMS,Cl_top46_hit_rate,0.993939393939394,150,saved repeat summary
2g,Element-bearing peak localization,MassSpecGym,DreaMS,Cl_top47_hit_rate,0.993939393939394,150,saved repeat summary
2g,Element-bearing peak localization,MassSpecGym,DreaMS,Cl_top48_hit_rate,0.993939393939394,150,saved repeat summary
2g,Element-bearing peak localization,MassSpecGym,DreaMS,Cl_top49_hit_rate,1.0,150,saved repeat summary
2g,Element-bearing peak localization,MassSpecGym,DreaMS,Cl_top50_hit_rate,1.0,150,saved repeat summary
2g,Element-bearing peak localization,MassSpecGym,DreaMS,Cl_top51_hit_rate,1.0,150,saved repeat summary
2g,Element-bearing peak localization,MassSpecGym,DreaMS,Cl_top52_hit_rate,1.0,150,saved repeat summary
2g,Element-bearing peak localization,MassSpecGym,DreaMS,Cl_top53_hit_rate,1.0,150,saved repeat summary
2g,Element-bearing peak localization,MassSpecGym,DreaMS,Cl_top54_hit_rate,1.0,150,saved repeat summary
2g,Element-bearing peak localization,MassSpecGym,DreaMS,Cl_top55_hit_rate,1.0,150,saved repeat summary
2g,Element-bearing peak localization,MassSpecGym,DreaMS,Cl_top56_hit_rate,1.0,150,saved repeat summary
2g,Element-bearing peak localization,MassSpecGym,DreaMS,Cl_top57_hit_rate,1.0,150,saved repeat summary
2g,Element-bearing peak localization,MassSpecGym,DreaMS,Cl_top58_hit_rate,1.0,150,saved repeat summary
2g,Element-bearing peak localization,MassSpecGym,DreaMS,Cl_top59_hit_rate,1.0,150,saved repeat summary
2g,Element-bearing peak localization,MassSpecGym,DreaMS,Cl_top60_hit_rate,1.0,150,saved repeat summary
2g,Element-bearing peak localization,MassSpecGym,DreaMS,Cl_top61_hit_rate,1.0,150,saved repeat summary
2g,Element-bearing peak localization,MassSpecGym,DreaMS,Cl_top62_hit_rate,1.0,150,saved repeat summary
2g,Element-bearing peak localization,MassSpecGym,DreaMS,Cl_top63_hit_rate,1.0,150,saved repeat summary
2g,Element-bearing peak localization,MassSpecGym,DreaMS,Cl_top64_hit_rate,1.0,150,saved repeat summary
2g,Element-bearing peak localization,MassSpecGym,DreaMS,Cl_top65_hit_rate,1.0,150,saved repeat summary
2g,Element-bearing peak localization,MassSpecGym,DreaMS,Cl_top66_hit_rate,1.0,150,saved repeat summary
2g,Element-bearing peak localization,MassSpecGym,DreaMS,Cl_top67_hit_rate,1.0,150,saved repeat summary
2g,Element-bearing peak localization,MassSpecGym,DreaMS,Cl_top68_hit_rate,1.0,150,saved repeat summary
2g,Element-bearing peak localization,MassSpecGym,DreaMS,Cl_top69_hit_rate,1.0,150,saved repeat summary
2g,Element-bearing peak localization,MassSpecGym,DreaMS,Cl_top70_hit_rate,1.0,150,saved repeat summary
2g,Element-bearing peak localization,MassSpecGym,DreaMS,Cl_top71_hit_rate,1.0,150,saved repeat summary
2g,Element-bearing peak localization,MassSpecGym,DreaMS,Cl_top72_hit_rate,1.0,150,saved repeat summary
2g,Element-bearing peak localization,MassSpecGym,DreaMS,Cl_top73_hit_rate,1.0,150,saved repeat summary
2g,Element-bearing peak localization,MassSpecGym,DreaMS,Cl_top74_hit_rate,1.0,150,saved repeat summary
2g,Element-bearing peak localization,MassSpecGym,DreaMS,Cl_top75_hit_rate,1.0,150,saved repeat summary
2g,Element-bearing peak localization,MassSpecGym,DreaMS,Cl_top76_hit_rate,1.0,150,saved repeat summary
2g,Element-bearing peak localization,MassSpecGym,DreaMS,Cl_top77_hit_rate,1.0,150,saved repeat summary
2g,Element-bearing peak localization,MassSpecGym,DreaMS,Cl_top78_hit_rate,1.0,150,saved repeat summary
2g,Element-bearing peak localization,MassSpecGym,DreaMS,Cl_top79_hit_rate,1.0,150,saved repeat summary
2g,Element-bearing peak localization,MassSpecGym,DreaMS,Cl_top80_hit_rate,1.0,150,saved repeat summary
2g,Element-bearing peak localization,MassSpecGym,DreaMS,Cl_top81_hit_rate,1.0,150,saved repeat summary
2g,Element-bearing peak localization,MassSpecGym,DreaMS,Cl_top82_hit_rate,1.0,150,saved repeat summary
2g,Element-bearing peak localization,MassSpecGym,DreaMS,Cl_top83_hit_rate,1.0,150,saved repeat summary
2g,Element-bearing peak localization,MassSpecGym,DreaMS,Cl_top84_hit_rate,1.0,150,saved repeat summary
2g,Element-bearing peak localization,MassSpecGym,DreaMS,Cl_top85_hit_rate,1.0,150,saved repeat summary
2g,Element-bearing peak localization,MassSpecGym,DreaMS,Cl_top86_hit_rate,1.0,150,saved repeat summary
2g,Element-bearing peak localization,MassSpecGym,DreaMS,Cl_top87_hit_rate,1.0,150,saved repeat summary
2g,Element-bearing peak localization,MassSpecGym,DreaMS,Cl_top88_hit_rate,1.0,150,saved repeat summary
2g,Element-bearing peak localization,MassSpecGym,DreaMS,Cl_top89_hit_rate,1.0,150,saved repeat summary
2g,Element-bearing peak localization,MassSpecGym,DreaMS,Cl_top90_hit_rate,1.0,150,saved repeat summary
2g,Element-bearing peak localization,MassSpecGym,DreaMS,Cl_top91_hit_rate,1.0,150,saved repeat summary
2g,Element-bearing peak localization,MassSpecGym,DreaMS,Cl_top92_hit_rate,1.0,150,saved repeat summary
2g,Element-bearing peak localization,MassSpecGym,DreaMS,Cl_top93_hit_rate,1.0,150,saved repeat summary
2g,Element-bearing peak localization,MassSpecGym,DreaMS,Cl_top94_hit_rate,1.0,150,saved repeat summary
2g,Element-bearing peak localization,MassSpecGym,DreaMS,Cl_top95_hit_rate,1.0,150,saved repeat summary
2g,Element-bearing peak localization,MassSpecGym,DreaMS,Cl_top96_hit_rate,1.0,150,saved repeat summary
2g,Element-bearing peak localization,MassSpecGym,DreaMS,Cl_top97_hit_rate,1.0,150,saved repeat summary
2g,Element-bearing peak localization,MassSpecGym,DreaMS,Cl_top98_hit_rate,1.0,150,saved repeat summary
2g,Element-bearing peak localization,MassSpecGym,DreaMS,Cl_top99_hit_rate,1.0,150,saved repeat summary
2g,Element-bearing peak localization,MassSpecGym,DreaMS,Cl_top100_hit_rate,1.0,150,saved repeat summary
2g,Element-bearing peak localization,MassSpecGym,DreaMS,Cl_top101_hit_rate,1.0,150,saved repeat summary
2g,Element-bearing peak localization,MassSpecGym,DreaMS,Cl_top102_hit_rate,1.0,150,saved repeat summary
2g,Element-bearing peak localization,MassSpecGym,DreaMS,Cl_top103_hit_rate,1.0,150,saved repeat summary
2g,Element-bearing peak localization,MassSpecGym,DreaMS,Cl_top104_hit_rate,1.0,150,saved repeat summary
2g,Element-bearing peak localization,MassSpecGym,DreaMS,Cl_top105_hit_rate,1.0,150,saved repeat summary
2g,Element-bearing peak localization,MassSpecGym,DreaMS,Cl_top106_hit_rate,1.0,150,saved repeat summary
2g,Element-bearing peak localization,MassSpecGym,DreaMS,Cl_top107_hit_rate,1.0,150,saved repeat summary
2g,Element-bearing peak localization,MassSpecGym,DreaMS,Cl_top108_hit_rate,1.0,150,saved repeat summary
2g,Element-bearing peak localization,MassSpecGym,DreaMS,Cl_top109_hit_rate,1.0,150,saved repeat summary
2g,Element-bearing peak localization,MassSpecGym,DreaMS,Cl_top110_hit_rate,1.0,150,saved repeat summary
2g,Element-bearing peak localization,MassSpecGym,DreaMS,Cl_top111_hit_rate,1.0,150,saved repeat summary
2g,Element-bearing peak localization,MassSpecGym,DreaMS,Cl_top112_hit_rate,1.0,150,saved repeat summary
2g,Element-bearing peak localization,MassSpecGym,DreaMS,Cl_top113_hit_rate,1.0,150,saved repeat summary
2g,Element-bearing peak localization,MassSpecGym,DreaMS,Cl_top114_hit_rate,1.0,150,saved repeat summary
2g,Element-bearing peak localization,MassSpecGym,DreaMS,Cl_top115_hit_rate,1.0,150,saved repeat summary
2g,Element-bearing peak localization,MassSpecGym,DreaMS,Cl_top116_hit_rate,1.0,150,saved repeat summary
2g,Element-bearing peak localization,MassSpecGym,DreaMS,Cl_top117_hit_rate,1.0,150,saved repeat summary
2g,Element-bearing peak localization,MassSpecGym,DreaMS,Cl_top118_hit_rate,1.0,150,saved repeat summary
2g,Element-bearing peak localization,MassSpecGym,DreaMS,Cl_top119_hit_rate,1.0,150,saved repeat summary
2g,Element-bearing peak localization,MassSpecGym,DreaMS,Cl_top120_hit_rate,1.0,150,saved repeat summary
2g,Element-bearing peak localization,MassSpecGym,DreaMS,Cl_top121_hit_rate,1.0,150,saved repeat summary
2g,Element-bearing peak localization,MassSpecGym,DreaMS,Cl_top122_hit_rate,1.0,150,saved repeat summary
2g,Element-bearing peak localization,MassSpecGym,DreaMS,Cl_top123_hit_rate,1.0,150,saved repeat summary
2g,Element-bearing peak localization,MassSpecGym,DreaMS,Cl_top124_hit_rate,1.0,150,saved repeat summary
2g,Element-bearing peak localization,MassSpecGym,DreaMS,Cl_top125_hit_rate,1.0,150,saved repeat summary
2g,Element-bearing peak localization,MassSpecGym,DreaMS,Cl_top126_hit_rate,1.0,150,saved repeat summary
2g,Element-bearing peak localization,MassSpecGym,DreaMS,Cl_top127_hit_rate,1.0,150,saved repeat summary
2g,Element-bearing peak localization,MassSpecGym,DreaMS,Cl_top128_hit_rate,1.0,150,saved repeat summary
2g,Element-bearing peak localization,MassSpecGym,DreaMS,Cl_top129_hit_rate,1.0,150,saved repeat summary
2g,Element-bearing peak localization,MassSpecGym,DreaMS,Cl_top130_hit_rate,1.0,150,saved repeat summary
2g,Element-bearing peak localization,MassSpecGym,DreaMS,Cl_top131_hit_rate,1.0,150,saved repeat summary
2g,Element-bearing peak localization,MassSpecGym,DreaMS,Cl_top132_hit_rate,1.0,150,saved repeat summary
2g,Element-bearing peak localization,MassSpecGym,DreaMS,Cl_top133_hit_rate,1.0,150,saved repeat summary
2g,Element-bearing peak localization,MassSpecGym,DreaMS,Cl_top134_hit_rate,1.0,150,saved repeat summary
2g,Element-bearing peak localization,MassSpecGym,DreaMS,Cl_top135_hit_rate,1.0,150,saved repeat summary
2g,Element-bearing peak localization,MassSpecGym,DreaMS,Cl_top136_hit_rate,1.0,150,saved repeat summary
2g,Element-bearing peak localization,MassSpecGym,DreaMS,Cl_top137_hit_rate,1.0,150,saved repeat summary
2g,Element-bearing peak localization,MassSpecGym,DreaMS,Cl_top138_hit_rate,1.0,150,saved repeat summary
2g,Element-bearing peak localization,MassSpecGym,DreaMS,Cl_top139_hit_rate,1.0,150,saved repeat summary
2g,Element-bearing peak localization,MassSpecGym,DreaMS,Cl_top140_hit_rate,1.0,150,saved repeat summary
2g,Element-bearing peak localization,MassSpecGym,DreaMS,Cl_top141_hit_rate,1.0,150,saved repeat summary
2g,Element-bearing peak localization,MassSpecGym,DreaMS,Cl_top142_hit_rate,1.0,150,saved repeat summary
2g,Element-bearing peak localization,MassSpecGym,DreaMS,Cl_top143_hit_rate,1.0,150,saved repeat summary
2g,Element-bearing peak localization,MassSpecGym,DreaMS,Cl_top144_hit_rate,1.0,150,saved repeat summary
2g,Element-bearing peak localization,MassSpecGym,DreaMS,Cl_top145_hit_rate,1.0,150,saved repeat summary
2g,Element-bearing peak localization,MassSpecGym,DreaMS,Cl_top146_hit_rate,1.0,150,saved repeat summary
2g,Element-bearing peak localization,MassSpecGym,DreaMS,Cl_top147_hit_rate,1.0,150,saved repeat summary
2g,Element-bearing peak localization,MassSpecGym,DreaMS,Cl_top148_hit_rate,1.0,150,saved repeat summary
2g,Element-bearing peak localization,MassSpecGym,DreaMS,Cl_top149_hit_rate,1.0,150,saved repeat summary
2g,Element-bearing peak localization,MassSpecGym,DreaMS,Cl_top150_hit_rate,1.0,150,saved repeat summary
2g,Element-bearing peak localization,MassSpecGym,Linear SVM,Cl_top5_hit_rate,0.8259202866099418,150,saved repeat summary
2g,Element-bearing peak localization,MassSpecGym,Linear SVM,Cl_top6_hit_rate,0.871244961934617,150,saved repeat summary
2g,Element-bearing peak localization,MassSpecGym,Linear SVM,Cl_top7_hit_rate,0.871244961934617,150,saved repeat summary
2g,Element-bearing peak localization,MassSpecGym,Linear SVM,Cl_top8_hit_rate,0.8848081803254217,150,saved repeat summary
2g,Element-bearing peak localization,MassSpecGym,Linear SVM,Cl_top9_hit_rate,0.9113285565009704,150,saved repeat summary
2g,Element-bearing peak localization,MassSpecGym,Linear SVM,Cl_top10_hit_rate,0.9318047469771608,150,saved repeat summary
2g,Element-bearing peak localization,MassSpecGym,Linear SVM,Cl_top11_hit_rate,0.9525108225108224,150,saved repeat summary
2g,Element-bearing peak localization,MassSpecGym,Linear SVM,Cl_top12_hit_rate,0.9525108225108224,150,saved repeat summary
2g,Element-bearing peak localization,MassSpecGym,Linear SVM,Cl_top13_hit_rate,0.9657142857142856,150,saved repeat summary
2g,Element-bearing peak localization,MassSpecGym,Linear SVM,Cl_top14_hit_rate,0.9728571428571428,150,saved repeat summary
2g,Element-bearing peak localization,MassSpecGym,Linear SVM,Cl_top15_hit_rate,0.9728571428571428,150,saved repeat summary
2g,Element-bearing peak localization,MassSpecGym,Linear SVM,Cl_top16_hit_rate,0.9728571428571428,150,saved repeat summary
2g,Element-bearing peak localization,MassSpecGym,Linear SVM,Cl_top17_hit_rate,0.9728571428571428,150,saved repeat summary
2g,Element-bearing peak localization,MassSpecGym,Linear SVM,Cl_top18_hit_rate,0.9795238095238096,150,saved repeat summary
2g,Element-bearing peak localization,MassSpecGym,Linear SVM,Cl_top19_hit_rate,0.9795238095238096,150,saved repeat summary
2g,Element-bearing peak localization,MassSpecGym,Linear SVM,Cl_top20_hit_rate,0.9866666666666668,150,saved repeat summary
2g,Element-bearing peak localization,MassSpecGym,Linear SVM,Cl_top21_hit_rate,0.9866666666666668,150,saved repeat summary
2g,Element-bearing peak localization,MassSpecGym,Linear SVM,Cl_top22_hit_rate,0.9866666666666668,150,saved repeat summary
2g,Element-bearing peak localization,MassSpecGym,Linear SVM,Cl_top23_hit_rate,0.9933333333333334,150,saved repeat summary
2g,Element-bearing peak localization,MassSpecGym,Linear SVM,Cl_top24_hit_rate,0.9933333333333334,150,saved repeat summary
2g,Element-bearing peak localization,MassSpecGym,Linear SVM,Cl_top25_hit_rate,0.9933333333333334,150,saved repeat summary
2g,Element-bearing peak localization,MassSpecGym,Linear SVM,Cl_top26_hit_rate,0.9933333333333334,150,saved repeat summary
2g,Element-bearing peak localization,MassSpecGym,Linear SVM,Cl_top27_hit_rate,0.9933333333333334,150,saved repeat summary
2g,Element-bearing peak localization,MassSpecGym,Linear SVM,Cl_top28_hit_rate,0.9933333333333334,150,saved repeat summary
2g,Element-bearing peak localization,MassSpecGym,Linear SVM,Cl_top29_hit_rate,1.0,150,saved repeat summary
2g,Element-bearing peak localization,MassSpecGym,Linear SVM,Cl_top30_hit_rate,1.0,150,saved repeat summary
2g,Element-bearing peak localization,MassSpecGym,Linear SVM,Cl_top31_hit_rate,1.0,150,saved repeat summary
2g,Element-bearing peak localization,MassSpecGym,Linear SVM,Cl_top32_hit_rate,1.0,150,saved repeat summary
2g,Element-bearing peak localization,MassSpecGym,Linear SVM,Cl_top33_hit_rate,1.0,150,saved repeat summary
2g,Element-bearing peak localization,MassSpecGym,Linear SVM,Cl_top34_hit_rate,1.0,150,saved repeat summary
2g,Element-bearing peak localization,MassSpecGym,Linear SVM,Cl_top35_hit_rate,1.0,150,saved repeat summary
2g,Element-bearing peak localization,MassSpecGym,Linear SVM,Cl_top36_hit_rate,1.0,150,saved repeat summary
2g,Element-bearing peak localization,MassSpecGym,Linear SVM,Cl_top37_hit_rate,1.0,150,saved repeat summary
2g,Element-bearing peak localization,MassSpecGym,Linear SVM,Cl_top38_hit_rate,1.0,150,saved repeat summary
2g,Element-bearing peak localization,MassSpecGym,Linear SVM,Cl_top39_hit_rate,1.0,150,saved repeat summary
2g,Element-bearing peak localization,MassSpecGym,Linear SVM,Cl_top40_hit_rate,1.0,150,saved repeat summary
2g,Element-bearing peak localization,MassSpecGym,Linear SVM,Cl_top41_hit_rate,1.0,150,saved repeat summary
2g,Element-bearing peak localization,MassSpecGym,Linear SVM,Cl_top42_hit_rate,1.0,150,saved repeat summary
2g,Element-bearing peak localization,MassSpecGym,Linear SVM,Cl_top43_hit_rate,1.0,150,saved repeat summary
2g,Element-bearing peak localization,MassSpecGym,Linear SVM,Cl_top44_hit_rate,1.0,150,saved repeat summary
2g,Element-bearing peak localization,MassSpecGym,Linear SVM,Cl_top45_hit_rate,1.0,150,saved repeat summary
2g,Element-bearing peak localization,MassSpecGym,Linear SVM,Cl_top46_hit_rate,1.0,150,saved repeat summary
2g,Element-bearing peak localization,MassSpecGym,Linear SVM,Cl_top47_hit_rate,1.0,150,saved repeat summary
2g,Element-bearing peak localization,MassSpecGym,Linear SVM,Cl_top48_hit_rate,1.0,150,saved repeat summary
2g,Element-bearing peak localization,MassSpecGym,Linear SVM,Cl_top49_hit_rate,1.0,150,saved repeat summary
2g,Element-bearing peak localization,MassSpecGym,Linear SVM,Cl_top50_hit_rate,1.0,150,saved repeat summary
2g,Element-bearing peak localization,MassSpecGym,Linear SVM,Cl_top51_hit_rate,1.0,150,saved repeat summary
2g,Element-bearing peak localization,MassSpecGym,Linear SVM,Cl_top52_hit_rate,1.0,150,saved repeat summary
2g,Element-bearing peak localization,MassSpecGym,Linear SVM,Cl_top53_hit_rate,1.0,150,saved repeat summary
2g,Element-bearing peak localization,MassSpecGym,Linear SVM,Cl_top54_hit_rate,1.0,150,saved repeat summary
2g,Element-bearing peak localization,MassSpecGym,Linear SVM,Cl_top55_hit_rate,1.0,150,saved repeat summary
2g,Element-bearing peak localization,MassSpecGym,Linear SVM,Cl_top56_hit_rate,1.0,150,saved repeat summary
2g,Element-bearing peak localization,MassSpecGym,Linear SVM,Cl_top57_hit_rate,1.0,150,saved repeat summary
2g,Element-bearing peak localization,MassSpecGym,Linear SVM,Cl_top58_hit_rate,1.0,150,saved repeat summary
2g,Element-bearing peak localization,MassSpecGym,Linear SVM,Cl_top59_hit_rate,1.0,150,saved repeat summary
2g,Element-bearing peak localization,MassSpecGym,Linear SVM,Cl_top60_hit_rate,1.0,150,saved repeat summary
2g,Element-bearing peak localization,MassSpecGym,Linear SVM,Cl_top61_hit_rate,1.0,150,saved repeat summary
2g,Element-bearing peak localization,MassSpecGym,Linear SVM,Cl_top62_hit_rate,1.0,150,saved repeat summary
2g,Element-bearing peak localization,MassSpecGym,Linear SVM,Cl_top63_hit_rate,1.0,150,saved repeat summary
2g,Element-bearing peak localization,MassSpecGym,Linear SVM,Cl_top64_hit_rate,1.0,150,saved repeat summary
2g,Element-bearing peak localization,MassSpecGym,Linear SVM,Cl_top65_hit_rate,1.0,150,saved repeat summary
2g,Element-bearing peak localization,MassSpecGym,Linear SVM,Cl_top66_hit_rate,1.0,150,saved repeat summary
2g,Element-bearing peak localization,MassSpecGym,Linear SVM,Cl_top67_hit_rate,1.0,150,saved repeat summary
2g,Element-bearing peak localization,MassSpecGym,Linear SVM,Cl_top68_hit_rate,1.0,150,saved repeat summary
2g,Element-bearing peak localization,MassSpecGym,Linear SVM,Cl_top69_hit_rate,1.0,150,saved repeat summary
2g,Element-bearing peak localization,MassSpecGym,Linear SVM,Cl_top70_hit_rate,1.0,150,saved repeat summary
2g,Element-bearing peak localization,MassSpecGym,Linear SVM,Cl_top71_hit_rate,1.0,150,saved repeat summary
2g,Element-bearing peak localization,MassSpecGym,Linear SVM,Cl_top72_hit_rate,1.0,150,saved repeat summary
2g,Element-bearing peak localization,MassSpecGym,Linear SVM,Cl_top73_hit_rate,1.0,150,saved repeat summary
2g,Element-bearing peak localization,MassSpecGym,Linear SVM,Cl_top74_hit_rate,1.0,150,saved repeat summary
2g,Element-bearing peak localization,MassSpecGym,Linear SVM,Cl_top75_hit_rate,1.0,150,saved repeat summary
2g,Element-bearing peak localization,MassSpecGym,Linear SVM,Cl_top76_hit_rate,1.0,150,saved repeat summary
2g,Element-bearing peak localization,MassSpecGym,Linear SVM,Cl_top77_hit_rate,1.0,150,saved repeat summary
2g,Element-bearing peak localization,MassSpecGym,Linear SVM,Cl_top78_hit_rate,1.0,150,saved repeat summary
2g,Element-bearing peak localization,MassSpecGym,Linear SVM,Cl_top79_hit_rate,1.0,150,saved repeat summary
2g,Element-bearing peak localization,MassSpecGym,Linear SVM,Cl_top80_hit_rate,1.0,150,saved repeat summary
2g,Element-bearing peak localization,MassSpecGym,Linear SVM,Cl_top81_hit_rate,1.0,150,saved repeat summary
2g,Element-bearing peak localization,MassSpecGym,Linear SVM,Cl_top82_hit_rate,1.0,150,saved repeat summary
2g,Element-bearing peak localization,MassSpecGym,Linear SVM,Cl_top83_hit_rate,1.0,150,saved repeat summary
2g,Element-bearing peak localization,MassSpecGym,Linear SVM,Cl_top84_hit_rate,1.0,150,saved repeat summary
2g,Element-bearing peak localization,MassSpecGym,Linear SVM,Cl_top85_hit_rate,1.0,150,saved repeat summary
2g,Element-bearing peak localization,MassSpecGym,Linear SVM,Cl_top86_hit_rate,1.0,150,saved repeat summary
2g,Element-bearing peak localization,MassSpecGym,Linear SVM,Cl_top87_hit_rate,1.0,150,saved repeat summary
2g,Element-bearing peak localization,MassSpecGym,Linear SVM,Cl_top88_hit_rate,1.0,150,saved repeat summary
2g,Element-bearing peak localization,MassSpecGym,Linear SVM,Cl_top89_hit_rate,1.0,150,saved repeat summary
2g,Element-bearing peak localization,MassSpecGym,Linear SVM,Cl_top90_hit_rate,1.0,150,saved repeat summary
2g,Element-bearing peak localization,MassSpecGym,Linear SVM,Cl_top91_hit_rate,1.0,150,saved repeat summary
2g,Element-bearing peak localization,MassSpecGym,Linear SVM,Cl_top92_hit_rate,1.0,150,saved repeat summary
2g,Element-bearing peak localization,MassSpecGym,Linear SVM,Cl_top93_hit_rate,1.0,150,saved repeat summary
2g,Element-bearing peak localization,MassSpecGym,Linear SVM,Cl_top94_hit_rate,1.0,150,saved repeat summary
2g,Element-bearing peak localization,MassSpecGym,Linear SVM,Cl_top95_hit_rate,1.0,150,saved repeat summary
2g,Element-bearing peak localization,MassSpecGym,Linear SVM,Cl_top96_hit_rate,1.0,150,saved repeat summary
2g,Element-bearing peak localization,MassSpecGym,Linear SVM,Cl_top97_hit_rate,1.0,150,saved repeat summary
2g,Element-bearing peak localization,MassSpecGym,Linear SVM,Cl_top98_hit_rate,1.0,150,saved repeat summary
2g,Element-bearing peak localization,MassSpecGym,Linear SVM,Cl_top99_hit_rate,1.0,150,saved repeat summary
2g,Element-bearing peak localization,MassSpecGym,Linear SVM,Cl_top100_hit_rate,1.0,150,saved repeat summary
2g,Element-bearing peak localization,MassSpecGym,Linear SVM,Cl_top101_hit_rate,1.0,150,saved repeat summary
2g,Element-bearing peak localization,MassSpecGym,Linear SVM,Cl_top102_hit_rate,1.0,150,saved repeat summary
2g,Element-bearing peak localization,MassSpecGym,Linear SVM,Cl_top103_hit_rate,1.0,150,saved repeat summary
2g,Element-bearing peak localization,MassSpecGym,Linear SVM,Cl_top104_hit_rate,1.0,150,saved repeat summary
2g,Element-bearing peak localization,MassSpecGym,Linear SVM,Cl_top105_hit_rate,1.0,150,saved repeat summary
2g,Element-bearing peak localization,MassSpecGym,Linear SVM,Cl_top106_hit_rate,1.0,150,saved repeat summary
2g,Element-bearing peak localization,MassSpecGym,Linear SVM,Cl_top107_hit_rate,1.0,150,saved repeat summary
2g,Element-bearing peak localization,MassSpecGym,Linear SVM,Cl_top108_hit_rate,1.0,150,saved repeat summary
2g,Element-bearing peak localization,MassSpecGym,Linear SVM,Cl_top109_hit_rate,1.0,150,saved repeat summary
2g,Element-bearing peak localization,MassSpecGym,Linear SVM,Cl_top110_hit_rate,1.0,150,saved repeat summary
2g,Element-bearing peak localization,MassSpecGym,Linear SVM,Cl_top111_hit_rate,1.0,150,saved repeat summary
2g,Element-bearing peak localization,MassSpecGym,Linear SVM,Cl_top112_hit_rate,1.0,150,saved repeat summary
2g,Element-bearing peak localization,MassSpecGym,Linear SVM,Cl_top113_hit_rate,1.0,150,saved repeat summary
2g,Element-bearing peak localization,MassSpecGym,Linear SVM,Cl_top114_hit_rate,1.0,150,saved repeat summary
2g,Element-bearing peak localization,MassSpecGym,Linear SVM,Cl_top115_hit_rate,1.0,150,saved repeat summary
2g,Element-bearing peak localization,MassSpecGym,Linear SVM,Cl_top116_hit_rate,1.0,150,saved repeat summary
2g,Element-bearing peak localization,MassSpecGym,Linear SVM,Cl_top117_hit_rate,1.0,150,saved repeat summary
2g,Element-bearing peak localization,MassSpecGym,Linear SVM,Cl_top118_hit_rate,1.0,150,saved repeat summary
2g,Element-bearing peak localization,MassSpecGym,Linear SVM,Cl_top119_hit_rate,1.0,150,saved repeat summary
2g,Element-bearing peak localization,MassSpecGym,Linear SVM,Cl_top120_hit_rate,1.0,150,saved repeat summary
2g,Element-bearing peak localization,MassSpecGym,Linear SVM,Cl_top121_hit_rate,1.0,150,saved repeat summary
2g,Element-bearing peak localization,MassSpecGym,Linear SVM,Cl_top122_hit_rate,1.0,150,saved repeat summary
2g,Element-bearing peak localization,MassSpecGym,Linear SVM,Cl_top123_hit_rate,1.0,150,saved repeat summary
2g,Element-bearing peak localization,MassSpecGym,Linear SVM,Cl_top124_hit_rate,1.0,150,saved repeat summary
2g,Element-bearing peak localization,MassSpecGym,Linear SVM,Cl_top125_hit_rate,1.0,150,saved repeat summary
2g,Element-bearing peak localization,MassSpecGym,Linear SVM,Cl_top126_hit_rate,1.0,150,saved repeat summary
2g,Element-bearing peak localization,MassSpecGym,Linear SVM,Cl_top127_hit_rate,1.0,150,saved repeat summary
2g,Element-bearing peak localization,MassSpecGym,Linear SVM,Cl_top128_hit_rate,1.0,150,saved repeat summary
2g,Element-bearing peak localization,MassSpecGym,Linear SVM,Cl_top129_hit_rate,1.0,150,saved repeat summary
2g,Element-bearing peak localization,MassSpecGym,Linear SVM,Cl_top130_hit_rate,1.0,150,saved repeat summary
2g,Element-bearing peak localization,MassSpecGym,Linear SVM,Cl_top131_hit_rate,1.0,150,saved repeat summary
2g,Element-bearing peak localization,MassSpecGym,Linear SVM,Cl_top132_hit_rate,1.0,150,saved repeat summary
2g,Element-bearing peak localization,MassSpecGym,Linear SVM,Cl_top133_hit_rate,1.0,150,saved repeat summary
2g,Element-bearing peak localization,MassSpecGym,Linear SVM,Cl_top134_hit_rate,1.0,150,saved repeat summary
2g,Element-bearing peak localization,MassSpecGym,Linear SVM,Cl_top135_hit_rate,1.0,150,saved repeat summary
2g,Element-bearing peak localization,MassSpecGym,Linear SVM,Cl_top136_hit_rate,1.0,150,saved repeat summary
2g,Element-bearing peak localization,MassSpecGym,Linear SVM,Cl_top137_hit_rate,1.0,150,saved repeat summary
2g,Element-bearing peak localization,MassSpecGym,Linear SVM,Cl_top138_hit_rate,1.0,150,saved repeat summary
2g,Element-bearing peak localization,MassSpecGym,Linear SVM,Cl_top139_hit_rate,1.0,150,saved repeat summary
2g,Element-bearing peak localization,MassSpecGym,Linear SVM,Cl_top140_hit_rate,1.0,150,saved repeat summary
2g,Element-bearing peak localization,MassSpecGym,Linear SVM,Cl_top141_hit_rate,1.0,150,saved repeat summary
2g,Element-bearing peak localization,MassSpecGym,Linear SVM,Cl_top142_hit_rate,1.0,150,saved repeat summary
2g,Element-bearing peak localization,MassSpecGym,Linear SVM,Cl_top143_hit_rate,1.0,150,saved repeat summary
2g,Element-bearing peak localization,MassSpecGym,Linear SVM,Cl_top144_hit_rate,1.0,150,saved repeat summary
2g,Element-bearing peak localization,MassSpecGym,Linear SVM,Cl_top145_hit_rate,1.0,150,saved repeat summary
2g,Element-bearing peak localization,MassSpecGym,Linear SVM,Cl_top146_hit_rate,1.0,150,saved repeat summary
2g,Element-bearing peak localization,MassSpecGym,Linear SVM,Cl_top147_hit_rate,1.0,150,saved repeat summary
2g,Element-bearing peak localization,MassSpecGym,Linear SVM,Cl_top148_hit_rate,1.0,150,saved repeat summary
2g,Element-bearing peak localization,MassSpecGym,Linear SVM,Cl_top149_hit_rate,1.0,150,saved repeat summary
2g,Element-bearing peak localization,MassSpecGym,Linear SVM,Cl_top150_hit_rate,1.0,150,saved repeat summary
2g,Element-bearing peak localization,MassSpecGym,Random forest,Cl_top5_hit_rate,0.7325167935512763,150,saved repeat summary
2g,Element-bearing peak localization,MassSpecGym,Random forest,Cl_top6_hit_rate,0.7661800268696821,150,saved repeat summary
2g,Element-bearing peak localization,MassSpecGym,Random forest,Cl_top7_hit_rate,0.7996133751306165,150,saved repeat summary
2g,Element-bearing peak localization,MassSpecGym,Random forest,Cl_top8_hit_rate,0.8384012539184953,150,saved repeat summary
2g,Element-bearing peak localization,MassSpecGym,Random forest,Cl_top9_hit_rate,0.8716047171219584,150,saved repeat summary
2g,Element-bearing peak localization,MassSpecGym,Random forest,Cl_top10_hit_rate,0.8787475742648155,150,saved repeat summary
2g,Element-bearing peak localization,MassSpecGym,Random forest,Cl_top11_hit_rate,0.9199298402746676,150,saved repeat summary
2g,Element-bearing peak localization,MassSpecGym,Random forest,Cl_top12_hit_rate,0.9339692491416628,150,saved repeat summary
2g,Element-bearing peak localization,MassSpecGym,Random forest,Cl_top13_hit_rate,0.9406359158083296,150,saved repeat summary
2g,Element-bearing peak localization,MassSpecGym,Random forest,Cl_top14_hit_rate,0.9538393790117928,150,saved repeat summary
2g,Element-bearing peak localization,MassSpecGym,Random forest,Cl_top15_hit_rate,0.9538393790117928,150,saved repeat summary
2g,Element-bearing peak localization,MassSpecGym,Random forest,Cl_top16_hit_rate,0.9538393790117928,150,saved repeat summary
2g,Element-bearing peak localization,MassSpecGym,Random forest,Cl_top17_hit_rate,0.9671727123451264,150,saved repeat summary
2g,Element-bearing peak localization,MassSpecGym,Random forest,Cl_top18_hit_rate,0.9671727123451264,150,saved repeat summary
2g,Element-bearing peak localization,MassSpecGym,Random forest,Cl_top19_hit_rate,0.9732333184057322,150,saved repeat summary
2g,Element-bearing peak localization,MassSpecGym,Random forest,Cl_top20_hit_rate,0.9732333184057322,150,saved repeat summary
2g,Element-bearing peak localization,MassSpecGym,Random forest,Cl_top21_hit_rate,0.9732333184057322,150,saved repeat summary
2g,Element-bearing peak localization,MassSpecGym,Random forest,Cl_top22_hit_rate,0.9732333184057322,150,saved repeat summary
2g,Element-bearing peak localization,MassSpecGym,Random forest,Cl_top23_hit_rate,0.979899985072399,150,saved repeat summary
2g,Element-bearing peak localization,MassSpecGym,Random forest,Cl_top24_hit_rate,0.979899985072399,150,saved repeat summary
2g,Element-bearing peak localization,MassSpecGym,Random forest,Cl_top25_hit_rate,0.979899985072399,150,saved repeat summary
2g,Element-bearing peak localization,MassSpecGym,Random forest,Cl_top26_hit_rate,0.9867965367965368,150,saved repeat summary
2g,Element-bearing peak localization,MassSpecGym,Random forest,Cl_top27_hit_rate,0.9867965367965368,150,saved repeat summary
2g,Element-bearing peak localization,MassSpecGym,Random forest,Cl_top28_hit_rate,0.9867965367965368,150,saved repeat summary
2g,Element-bearing peak localization,MassSpecGym,Random forest,Cl_top29_hit_rate,0.9867965367965368,150,saved repeat summary
2g,Element-bearing peak localization,MassSpecGym,Random forest,Cl_top30_hit_rate,0.9867965367965368,150,saved repeat summary
2g,Element-bearing peak localization,MassSpecGym,Random forest,Cl_top31_hit_rate,0.9867965367965368,150,saved repeat summary
2g,Element-bearing peak localization,MassSpecGym,Random forest,Cl_top32_hit_rate,0.9867965367965368,150,saved repeat summary
2g,Element-bearing peak localization,MassSpecGym,Random forest,Cl_top33_hit_rate,0.9867965367965368,150,saved repeat summary
2g,Element-bearing peak localization,MassSpecGym,Random forest,Cl_top34_hit_rate,0.9867965367965368,150,saved repeat summary
2g,Element-bearing peak localization,MassSpecGym,Random forest,Cl_top35_hit_rate,0.9867965367965368,150,saved repeat summary
2g,Element-bearing peak localization,MassSpecGym,Random forest,Cl_top36_hit_rate,0.9867965367965368,150,saved repeat summary
2g,Element-bearing peak localization,MassSpecGym,Random forest,Cl_top37_hit_rate,0.9867965367965368,150,saved repeat summary
2g,Element-bearing peak localization,MassSpecGym,Random forest,Cl_top38_hit_rate,0.9867965367965368,150,saved repeat summary
2g,Element-bearing peak localization,MassSpecGym,Random forest,Cl_top39_hit_rate,0.9867965367965368,150,saved repeat summary
2g,Element-bearing peak localization,MassSpecGym,Random forest,Cl_top40_hit_rate,0.9867965367965368,150,saved repeat summary
2g,Element-bearing peak localization,MassSpecGym,Random forest,Cl_top41_hit_rate,0.9867965367965368,150,saved repeat summary
2g,Element-bearing peak localization,MassSpecGym,Random forest,Cl_top42_hit_rate,0.993939393939394,150,saved repeat summary
2g,Element-bearing peak localization,MassSpecGym,Random forest,Cl_top43_hit_rate,0.993939393939394,150,saved repeat summary
2g,Element-bearing peak localization,MassSpecGym,Random forest,Cl_top44_hit_rate,0.993939393939394,150,saved repeat summary
2g,Element-bearing peak localization,MassSpecGym,Random forest,Cl_top45_hit_rate,0.993939393939394,150,saved repeat summary
2g,Element-bearing peak localization,MassSpecGym,Random forest,Cl_top46_hit_rate,0.993939393939394,150,saved repeat summary
2g,Element-bearing peak localization,MassSpecGym,Random forest,Cl_top47_hit_rate,0.993939393939394,150,saved repeat summary
2g,Element-bearing peak localization,MassSpecGym,Random forest,Cl_top48_hit_rate,0.993939393939394,150,saved repeat summary
2g,Element-bearing peak localization,MassSpecGym,Random forest,Cl_top49_hit_rate,0.993939393939394,150,saved repeat summary
2g,Element-bearing peak localization,MassSpecGym,Random forest,Cl_top50_hit_rate,0.993939393939394,150,saved repeat summary
2g,Element-bearing peak localization,MassSpecGym,Random forest,Cl_top51_hit_rate,0.993939393939394,150,saved repeat summary
2g,Element-bearing peak localization,MassSpecGym,Random forest,Cl_top52_hit_rate,0.993939393939394,150,saved repeat summary
2g,Element-bearing peak localization,MassSpecGym,Random forest,Cl_top53_hit_rate,0.993939393939394,150,saved repeat summary
2g,Element-bearing peak localization,MassSpecGym,Random forest,Cl_top54_hit_rate,0.993939393939394,150,saved repeat summary
2g,Element-bearing peak localization,MassSpecGym,Random forest,Cl_top55_hit_rate,0.993939393939394,150,saved repeat summary
2g,Element-bearing peak localization,MassSpecGym,Random forest,Cl_top56_hit_rate,0.993939393939394,150,saved repeat summary
2g,Element-bearing peak localization,MassSpecGym,Random forest,Cl_top57_hit_rate,0.993939393939394,150,saved repeat summary
2g,Element-bearing peak localization,MassSpecGym,Random forest,Cl_top58_hit_rate,0.993939393939394,150,saved repeat summary
2g,Element-bearing peak localization,MassSpecGym,Random forest,Cl_top59_hit_rate,0.993939393939394,150,saved repeat summary
2g,Element-bearing peak localization,MassSpecGym,Random forest,Cl_top60_hit_rate,0.993939393939394,150,saved repeat summary
2g,Element-bearing peak localization,MassSpecGym,Random forest,Cl_top61_hit_rate,0.993939393939394,150,saved repeat summary
2g,Element-bearing peak localization,MassSpecGym,Random forest,Cl_top62_hit_rate,0.993939393939394,150,saved repeat summary
2g,Element-bearing peak localization,MassSpecGym,Random forest,Cl_top63_hit_rate,0.993939393939394,150,saved repeat summary
2g,Element-bearing peak localization,MassSpecGym,Random forest,Cl_top64_hit_rate,0.993939393939394,150,saved repeat summary
2g,Element-bearing peak localization,MassSpecGym,Random forest,Cl_top65_hit_rate,0.993939393939394,150,saved repeat summary
2g,Element-bearing peak localization,MassSpecGym,Random forest,Cl_top66_hit_rate,0.993939393939394,150,saved repeat summary
2g,Element-bearing peak localization,MassSpecGym,Random forest,Cl_top67_hit_rate,0.993939393939394,150,saved repeat summary
2g,Element-bearing peak localization,MassSpecGym,Random forest,Cl_top68_hit_rate,0.993939393939394,150,saved repeat summary
2g,Element-bearing peak localization,MassSpecGym,Random forest,Cl_top69_hit_rate,0.993939393939394,150,saved repeat summary
2g,Element-bearing peak localization,MassSpecGym,Random forest,Cl_top70_hit_rate,0.993939393939394,150,saved repeat summary
2g,Element-bearing peak localization,MassSpecGym,Random forest,Cl_top71_hit_rate,0.993939393939394,150,saved repeat summary
2g,Element-bearing peak localization,MassSpecGym,Random forest,Cl_top72_hit_rate,0.993939393939394,150,saved repeat summary
2g,Element-bearing peak localization,MassSpecGym,Random forest,Cl_top73_hit_rate,0.993939393939394,150,saved repeat summary
2g,Element-bearing peak localization,MassSpecGym,Random forest,Cl_top74_hit_rate,0.993939393939394,150,saved repeat summary
2g,Element-bearing peak localization,MassSpecGym,Random forest,Cl_top75_hit_rate,0.993939393939394,150,saved repeat summary
2g,Element-bearing peak localization,MassSpecGym,Random forest,Cl_top76_hit_rate,0.993939393939394,150,saved repeat summary
2g,Element-bearing peak localization,MassSpecGym,Random forest,Cl_top77_hit_rate,0.993939393939394,150,saved repeat summary
2g,Element-bearing peak localization,MassSpecGym,Random forest,Cl_top78_hit_rate,1.0,150,saved repeat summary
2g,Element-bearing peak localization,MassSpecGym,Random forest,Cl_top79_hit_rate,1.0,150,saved repeat summary
2g,Element-bearing peak localization,MassSpecGym,Random forest,Cl_top80_hit_rate,1.0,150,saved repeat summary
2g,Element-bearing peak localization,MassSpecGym,Random forest,Cl_top81_hit_rate,1.0,150,saved repeat summary
2g,Element-bearing peak localization,MassSpecGym,Random forest,Cl_top82_hit_rate,1.0,150,saved repeat summary
2g,Element-bearing peak localization,MassSpecGym,Random forest,Cl_top83_hit_rate,1.0,150,saved repeat summary
2g,Element-bearing peak localization,MassSpecGym,Random forest,Cl_top84_hit_rate,1.0,150,saved repeat summary
2g,Element-bearing peak localization,MassSpecGym,Random forest,Cl_top85_hit_rate,1.0,150,saved repeat summary
2g,Element-bearing peak localization,MassSpecGym,Random forest,Cl_top86_hit_rate,1.0,150,saved repeat summary
2g,Element-bearing peak localization,MassSpecGym,Random forest,Cl_top87_hit_rate,1.0,150,saved repeat summary
2g,Element-bearing peak localization,MassSpecGym,Random forest,Cl_top88_hit_rate,1.0,150,saved repeat summary
2g,Element-bearing peak localization,MassSpecGym,Random forest,Cl_top89_hit_rate,1.0,150,saved repeat summary
2g,Element-bearing peak localization,MassSpecGym,Random forest,Cl_top90_hit_rate,1.0,150,saved repeat summary
2g,Element-bearing peak localization,MassSpecGym,Random forest,Cl_top91_hit_rate,1.0,150,saved repeat summary
2g,Element-bearing peak localization,MassSpecGym,Random forest,Cl_top92_hit_rate,1.0,150,saved repeat summary
2g,Element-bearing peak localization,MassSpecGym,Random forest,Cl_top93_hit_rate,1.0,150,saved repeat summary
2g,Element-bearing peak localization,MassSpecGym,Random forest,Cl_top94_hit_rate,1.0,150,saved repeat summary
2g,Element-bearing peak localization,MassSpecGym,Random forest,Cl_top95_hit_rate,1.0,150,saved repeat summary
2g,Element-bearing peak localization,MassSpecGym,Random forest,Cl_top96_hit_rate,1.0,150,saved repeat summary
2g,Element-bearing peak localization,MassSpecGym,Random forest,Cl_top97_hit_rate,1.0,150,saved repeat summary
2g,Element-bearing peak localization,MassSpecGym,Random forest,Cl_top98_hit_rate,1.0,150,saved repeat summary
2g,Element-bearing peak localization,MassSpecGym,Random forest,Cl_top99_hit_rate,1.0,150,saved repeat summary
2g,Element-bearing peak localization,MassSpecGym,Random forest,Cl_top100_hit_rate,1.0,150,saved repeat summary
2g,Element-bearing peak localization,MassSpecGym,Random forest,Cl_top101_hit_rate,1.0,150,saved repeat summary
2g,Element-bearing peak localization,MassSpecGym,Random forest,Cl_top102_hit_rate,1.0,150,saved repeat summary
2g,Element-bearing peak localization,MassSpecGym,Random forest,Cl_top103_hit_rate,1.0,150,saved repeat summary
2g,Element-bearing peak localization,MassSpecGym,Random forest,Cl_top104_hit_rate,1.0,150,saved repeat summary
2g,Element-bearing peak localization,MassSpecGym,Random forest,Cl_top105_hit_rate,1.0,150,saved repeat summary
2g,Element-bearing peak localization,MassSpecGym,Random forest,Cl_top106_hit_rate,1.0,150,saved repeat summary
2g,Element-bearing peak localization,MassSpecGym,Random forest,Cl_top107_hit_rate,1.0,150,saved repeat summary
2g,Element-bearing peak localization,MassSpecGym,Random forest,Cl_top108_hit_rate,1.0,150,saved repeat summary
2g,Element-bearing peak localization,MassSpecGym,Random forest,Cl_top109_hit_rate,1.0,150,saved repeat summary
2g,Element-bearing peak localization,MassSpecGym,Random forest,Cl_top110_hit_rate,1.0,150,saved repeat summary
2g,Element-bearing peak localization,MassSpecGym,Random forest,Cl_top111_hit_rate,1.0,150,saved repeat summary
2g,Element-bearing peak localization,MassSpecGym,Random forest,Cl_top112_hit_rate,1.0,150,saved repeat summary
2g,Element-bearing peak localization,MassSpecGym,Random forest,Cl_top113_hit_rate,1.0,150,saved repeat summary
2g,Element-bearing peak localization,MassSpecGym,Random forest,Cl_top114_hit_rate,1.0,150,saved repeat summary
2g,Element-bearing peak localization,MassSpecGym,Random forest,Cl_top115_hit_rate,1.0,150,saved repeat summary
2g,Element-bearing peak localization,MassSpecGym,Random forest,Cl_top116_hit_rate,1.0,150,saved repeat summary
2g,Element-bearing peak localization,MassSpecGym,Random forest,Cl_top117_hit_rate,1.0,150,saved repeat summary
2g,Element-bearing peak localization,MassSpecGym,Random forest,Cl_top118_hit_rate,1.0,150,saved repeat summary
2g,Element-bearing peak localization,MassSpecGym,Random forest,Cl_top119_hit_rate,1.0,150,saved repeat summary
2g,Element-bearing peak localization,MassSpecGym,Random forest,Cl_top120_hit_rate,1.0,150,saved repeat summary
2g,Element-bearing peak localization,MassSpecGym,Random forest,Cl_top121_hit_rate,1.0,150,saved repeat summary
2g,Element-bearing peak localization,MassSpecGym,Random forest,Cl_top122_hit_rate,1.0,150,saved repeat summary
2g,Element-bearing peak localization,MassSpecGym,Random forest,Cl_top123_hit_rate,1.0,150,saved repeat summary
2g,Element-bearing peak localization,MassSpecGym,Random forest,Cl_top124_hit_rate,1.0,150,saved repeat summary
2g,Element-bearing peak localization,MassSpecGym,Random forest,Cl_top125_hit_rate,1.0,150,saved repeat summary
2g,Element-bearing peak localization,MassSpecGym,Random forest,Cl_top126_hit_rate,1.0,150,saved repeat summary
2g,Element-bearing peak localization,MassSpecGym,Random forest,Cl_top127_hit_rate,1.0,150,saved repeat summary
2g,Element-bearing peak localization,MassSpecGym,Random forest,Cl_top128_hit_rate,1.0,150,saved repeat summary
2g,Element-bearing peak localization,MassSpecGym,Random forest,Cl_top129_hit_rate,1.0,150,saved repeat summary
2g,Element-bearing peak localization,MassSpecGym,Random forest,Cl_top130_hit_rate,1.0,150,saved repeat summary
2g,Element-bearing peak localization,MassSpecGym,Random forest,Cl_top131_hit_rate,1.0,150,saved repeat summary
2g,Element-bearing peak localization,MassSpecGym,Random forest,Cl_top132_hit_rate,1.0,150,saved repeat summary
2g,Element-bearing peak localization,MassSpecGym,Random forest,Cl_top133_hit_rate,1.0,150,saved repeat summary
2g,Element-bearing peak localization,MassSpecGym,Random forest,Cl_top134_hit_rate,1.0,150,saved repeat summary
2g,Element-bearing peak localization,MassSpecGym,Random forest,Cl_top135_hit_rate,1.0,150,saved repeat summary
2g,Element-bearing peak localization,MassSpecGym,Random forest,Cl_top136_hit_rate,1.0,150,saved repeat summary
2g,Element-bearing peak localization,MassSpecGym,Random forest,Cl_top137_hit_rate,1.0,150,saved repeat summary
2g,Element-bearing peak localization,MassSpecGym,Random forest,Cl_top138_hit_rate,1.0,150,saved repeat summary
2g,Element-bearing peak localization,MassSpecGym,Random forest,Cl_top139_hit_rate,1.0,150,saved repeat summary
2g,Element-bearing peak localization,MassSpecGym,Random forest,Cl_top140_hit_rate,1.0,150,saved repeat summary
2g,Element-bearing peak localization,MassSpecGym,Random forest,Cl_top141_hit_rate,1.0,150,saved repeat summary
2g,Element-bearing peak localization,MassSpecGym,Random forest,Cl_top142_hit_rate,1.0,150,saved repeat summary
2g,Element-bearing peak localization,MassSpecGym,Random forest,Cl_top143_hit_rate,1.0,150,saved repeat summary
2g,Element-bearing peak localization,MassSpecGym,Random forest,Cl_top144_hit_rate,1.0,150,saved repeat summary
2g,Element-bearing peak localization,MassSpecGym,Random forest,Cl_top145_hit_rate,1.0,150,saved repeat summary
2g,Element-bearing peak localization,MassSpecGym,Random forest,Cl_top146_hit_rate,1.0,150,saved repeat summary
2g,Element-bearing peak localization,MassSpecGym,Random forest,Cl_top147_hit_rate,1.0,150,saved repeat summary
2g,Element-bearing peak localization,MassSpecGym,Random forest,Cl_top148_hit_rate,1.0,150,saved repeat summary
2g,Element-bearing peak localization,MassSpecGym,Random forest,Cl_top149_hit_rate,1.0,150,saved repeat summary
2g,Element-bearing peak localization,MassSpecGym,Random forest,Cl_top150_hit_rate,1.0,150,saved repeat summary
2g,Element-bearing peak localization,MassSpecGym,UltraMS,Br_top5_hit_rate,0.927288688473101,108,saved repeat summary
2g,Element-bearing peak localization,MassSpecGym,UltraMS,Br_top6_hit_rate,0.955053394355454,108,saved repeat summary
2g,Element-bearing peak localization,MassSpecGym,UltraMS,Br_top7_hit_rate,0.97244469870328,108,saved repeat summary
2g,Element-bearing peak localization,MassSpecGym,UltraMS,Br_top8_hit_rate,0.9916666666666668,108,saved repeat summary
2g,Element-bearing peak localization,MassSpecGym,UltraMS,Br_top9_hit_rate,0.9916666666666668,108,saved repeat summary
2g,Element-bearing peak localization,MassSpecGym,UltraMS,Br_top10_hit_rate,0.9916666666666668,108,saved repeat summary
2g,Element-bearing peak localization,MassSpecGym,UltraMS,Br_top11_hit_rate,0.9916666666666668,108,saved repeat summary
2g,Element-bearing peak localization,MassSpecGym,UltraMS,Br_top12_hit_rate,0.9916666666666668,108,saved repeat summary
2g,Element-bearing peak localization,MassSpecGym,UltraMS,Br_top13_hit_rate,0.9916666666666668,108,saved repeat summary
2g,Element-bearing peak localization,MassSpecGym,UltraMS,Br_top14_hit_rate,1.0,108,saved repeat summary
2g,Element-bearing peak localization,MassSpecGym,UltraMS,Br_top15_hit_rate,1.0,108,saved repeat summary
2g,Element-bearing peak localization,MassSpecGym,UltraMS,Br_top16_hit_rate,1.0,108,saved repeat summary
2g,Element-bearing peak localization,MassSpecGym,UltraMS,Br_top17_hit_rate,1.0,108,saved repeat summary
2g,Element-bearing peak localization,MassSpecGym,UltraMS,Br_top18_hit_rate,1.0,108,saved repeat summary
2g,Element-bearing peak localization,MassSpecGym,UltraMS,Br_top19_hit_rate,1.0,108,saved repeat summary
2g,Element-bearing peak localization,MassSpecGym,UltraMS,Br_top20_hit_rate,1.0,108,saved repeat summary
2g,Element-bearing peak localization,MassSpecGym,UltraMS,Br_top21_hit_rate,1.0,108,saved repeat summary
2g,Element-bearing peak localization,MassSpecGym,UltraMS,Br_top22_hit_rate,1.0,108,saved repeat summary
2g,Element-bearing peak localization,MassSpecGym,UltraMS,Br_top23_hit_rate,1.0,108,saved repeat summary
2g,Element-bearing peak localization,MassSpecGym,UltraMS,Br_top24_hit_rate,1.0,108,saved repeat summary
2g,Element-bearing peak localization,MassSpecGym,UltraMS,Br_top25_hit_rate,1.0,108,saved repeat summary
2g,Element-bearing peak localization,MassSpecGym,UltraMS,Br_top26_hit_rate,1.0,108,saved repeat summary
2g,Element-bearing peak localization,MassSpecGym,UltraMS,Br_top27_hit_rate,1.0,108,saved repeat summary
2g,Element-bearing peak localization,MassSpecGym,UltraMS,Br_top28_hit_rate,1.0,108,saved repeat summary
2g,Element-bearing peak localization,MassSpecGym,UltraMS,Br_top29_hit_rate,1.0,108,saved repeat summary
2g,Element-bearing peak localization,MassSpecGym,UltraMS,Br_top30_hit_rate,1.0,108,saved repeat summary
2g,Element-bearing peak localization,MassSpecGym,UltraMS,Br_top31_hit_rate,1.0,108,saved repeat summary
2g,Element-bearing peak localization,MassSpecGym,UltraMS,Br_top32_hit_rate,1.0,108,saved repeat summary
2g,Element-bearing peak localization,MassSpecGym,UltraMS,Br_top33_hit_rate,1.0,108,saved repeat summary
2g,Element-bearing peak localization,MassSpecGym,UltraMS,Br_top34_hit_rate,1.0,108,saved repeat summary
2g,Element-bearing peak localization,MassSpecGym,UltraMS,Br_top35_hit_rate,1.0,108,saved repeat summary
2g,Element-bearing peak localization,MassSpecGym,UltraMS,Br_top36_hit_rate,1.0,108,saved repeat summary
2g,Element-bearing peak localization,MassSpecGym,UltraMS,Br_top37_hit_rate,1.0,108,saved repeat summary
2g,Element-bearing peak localization,MassSpecGym,UltraMS,Br_top38_hit_rate,1.0,108,saved repeat summary
2g,Element-bearing peak localization,MassSpecGym,UltraMS,Br_top39_hit_rate,1.0,108,saved repeat summary
2g,Element-bearing peak localization,MassSpecGym,UltraMS,Br_top40_hit_rate,1.0,108,saved repeat summary
2g,Element-bearing peak localization,MassSpecGym,UltraMS,Br_top41_hit_rate,1.0,108,saved repeat summary
2g,Element-bearing peak localization,MassSpecGym,UltraMS,Br_top42_hit_rate,1.0,108,saved repeat summary
2g,Element-bearing peak localization,MassSpecGym,UltraMS,Br_top43_hit_rate,1.0,108,saved repeat summary
2g,Element-bearing peak localization,MassSpecGym,UltraMS,Br_top44_hit_rate,1.0,108,saved repeat summary
2g,Element-bearing peak localization,MassSpecGym,UltraMS,Br_top45_hit_rate,1.0,108,saved repeat summary
2g,Element-bearing peak localization,MassSpecGym,UltraMS,Br_top46_hit_rate,1.0,108,saved repeat summary
2g,Element-bearing peak localization,MassSpecGym,UltraMS,Br_top47_hit_rate,1.0,108,saved repeat summary
2g,Element-bearing peak localization,MassSpecGym,UltraMS,Br_top48_hit_rate,1.0,108,saved repeat summary
2g,Element-bearing peak localization,MassSpecGym,UltraMS,Br_top49_hit_rate,1.0,108,saved repeat summary
2g,Element-bearing peak localization,MassSpecGym,UltraMS,Br_top50_hit_rate,1.0,108,saved repeat summary
2g,Element-bearing peak localization,MassSpecGym,UltraMS,Br_top51_hit_rate,1.0,108,saved repeat summary
2g,Element-bearing peak localization,MassSpecGym,UltraMS,Br_top52_hit_rate,1.0,108,saved repeat summary
2g,Element-bearing peak localization,MassSpecGym,UltraMS,Br_top53_hit_rate,1.0,108,saved repeat summary
2g,Element-bearing peak localization,MassSpecGym,UltraMS,Br_top54_hit_rate,1.0,108,saved repeat summary
2g,Element-bearing peak localization,MassSpecGym,UltraMS,Br_top55_hit_rate,1.0,108,saved repeat summary
2g,Element-bearing peak localization,MassSpecGym,UltraMS,Br_top56_hit_rate,1.0,108,saved repeat summary
2g,Element-bearing peak localization,MassSpecGym,UltraMS,Br_top57_hit_rate,1.0,108,saved repeat summary
2g,Element-bearing peak localization,MassSpecGym,UltraMS,Br_top58_hit_rate,1.0,108,saved repeat summary
2g,Element-bearing peak localization,MassSpecGym,UltraMS,Br_top59_hit_rate,1.0,108,saved repeat summary
2g,Element-bearing peak localization,MassSpecGym,UltraMS,Br_top60_hit_rate,1.0,108,saved repeat summary
2g,Element-bearing peak localization,MassSpecGym,UltraMS,Br_top61_hit_rate,1.0,108,saved repeat summary
2g,Element-bearing peak localization,MassSpecGym,UltraMS,Br_top62_hit_rate,1.0,108,saved repeat summary
2g,Element-bearing peak localization,MassSpecGym,UltraMS,Br_top63_hit_rate,1.0,108,saved repeat summary
2g,Element-bearing peak localization,MassSpecGym,UltraMS,Br_top64_hit_rate,1.0,108,saved repeat summary
2g,Element-bearing peak localization,MassSpecGym,UltraMS,Br_top65_hit_rate,1.0,108,saved repeat summary
2g,Element-bearing peak localization,MassSpecGym,UltraMS,Br_top66_hit_rate,1.0,108,saved repeat summary
2g,Element-bearing peak localization,MassSpecGym,UltraMS,Br_top67_hit_rate,1.0,108,saved repeat summary
2g,Element-bearing peak localization,MassSpecGym,UltraMS,Br_top68_hit_rate,1.0,108,saved repeat summary
2g,Element-bearing peak localization,MassSpecGym,UltraMS,Br_top69_hit_rate,1.0,108,saved repeat summary
2g,Element-bearing peak localization,MassSpecGym,UltraMS,Br_top70_hit_rate,1.0,108,saved repeat summary
2g,Element-bearing peak localization,MassSpecGym,UltraMS,Br_top71_hit_rate,1.0,108,saved repeat summary
2g,Element-bearing peak localization,MassSpecGym,UltraMS,Br_top72_hit_rate,1.0,108,saved repeat summary
2g,Element-bearing peak localization,MassSpecGym,UltraMS,Br_top73_hit_rate,1.0,108,saved repeat summary
2g,Element-bearing peak localization,MassSpecGym,UltraMS,Br_top74_hit_rate,1.0,108,saved repeat summary
2g,Element-bearing peak localization,MassSpecGym,UltraMS,Br_top75_hit_rate,1.0,108,saved repeat summary
2g,Element-bearing peak localization,MassSpecGym,UltraMS,Br_top76_hit_rate,1.0,108,saved repeat summary
2g,Element-bearing peak localization,MassSpecGym,UltraMS,Br_top77_hit_rate,1.0,108,saved repeat summary
2g,Element-bearing peak localization,MassSpecGym,UltraMS,Br_top78_hit_rate,1.0,108,saved repeat summary
2g,Element-bearing peak localization,MassSpecGym,UltraMS,Br_top79_hit_rate,1.0,108,saved repeat summary
2g,Element-bearing peak localization,MassSpecGym,UltraMS,Br_top80_hit_rate,1.0,108,saved repeat summary
2g,Element-bearing peak localization,MassSpecGym,UltraMS,Br_top81_hit_rate,1.0,108,saved repeat summary
2g,Element-bearing peak localization,MassSpecGym,UltraMS,Br_top82_hit_rate,1.0,108,saved repeat summary
2g,Element-bearing peak localization,MassSpecGym,UltraMS,Br_top83_hit_rate,1.0,108,saved repeat summary
2g,Element-bearing peak localization,MassSpecGym,UltraMS,Br_top84_hit_rate,1.0,108,saved repeat summary
2g,Element-bearing peak localization,MassSpecGym,UltraMS,Br_top85_hit_rate,1.0,108,saved repeat summary
2g,Element-bearing peak localization,MassSpecGym,UltraMS,Br_top86_hit_rate,1.0,108,saved repeat summary
2g,Element-bearing peak localization,MassSpecGym,UltraMS,Br_top87_hit_rate,1.0,108,saved repeat summary
2g,Element-bearing peak localization,MassSpecGym,UltraMS,Br_top88_hit_rate,1.0,108,saved repeat summary
2g,Element-bearing peak localization,MassSpecGym,UltraMS,Br_top89_hit_rate,1.0,108,saved repeat summary
2g,Element-bearing peak localization,MassSpecGym,UltraMS,Br_top90_hit_rate,1.0,108,saved repeat summary
2g,Element-bearing peak localization,MassSpecGym,UltraMS,Br_top91_hit_rate,1.0,108,saved repeat summary
2g,Element-bearing peak localization,MassSpecGym,UltraMS,Br_top92_hit_rate,1.0,108,saved repeat summary
2g,Element-bearing peak localization,MassSpecGym,UltraMS,Br_top93_hit_rate,1.0,108,saved repeat summary
2g,Element-bearing peak localization,MassSpecGym,UltraMS,Br_top94_hit_rate,1.0,108,saved repeat summary
2g,Element-bearing peak localization,MassSpecGym,UltraMS,Br_top95_hit_rate,1.0,108,saved repeat summary
2g,Element-bearing peak localization,MassSpecGym,UltraMS,Br_top96_hit_rate,1.0,108,saved repeat summary
2g,Element-bearing peak localization,MassSpecGym,UltraMS,Br_top97_hit_rate,1.0,108,saved repeat summary
2g,Element-bearing peak localization,MassSpecGym,UltraMS,Br_top98_hit_rate,1.0,108,saved repeat summary
2g,Element-bearing peak localization,MassSpecGym,UltraMS,Br_top99_hit_rate,1.0,108,saved repeat summary
2g,Element-bearing peak localization,MassSpecGym,UltraMS,Br_top100_hit_rate,1.0,108,saved repeat summary
2g,Element-bearing peak localization,MassSpecGym,UltraMS,Br_top101_hit_rate,1.0,108,saved repeat summary
2g,Element-bearing peak localization,MassSpecGym,UltraMS,Br_top102_hit_rate,1.0,108,saved repeat summary
2g,Element-bearing peak localization,MassSpecGym,UltraMS,Br_top103_hit_rate,1.0,108,saved repeat summary
2g,Element-bearing peak localization,MassSpecGym,UltraMS,Br_top104_hit_rate,1.0,108,saved repeat summary
2g,Element-bearing peak localization,MassSpecGym,UltraMS,Br_top105_hit_rate,1.0,108,saved repeat summary
2g,Element-bearing peak localization,MassSpecGym,UltraMS,Br_top106_hit_rate,1.0,108,saved repeat summary
2g,Element-bearing peak localization,MassSpecGym,UltraMS,Br_top107_hit_rate,1.0,108,saved repeat summary
2g,Element-bearing peak localization,MassSpecGym,UltraMS,Br_top108_hit_rate,1.0,108,saved repeat summary
2g,Element-bearing peak localization,MassSpecGym,UltraMS,Br_top109_hit_rate,1.0,108,saved repeat summary
2g,Element-bearing peak localization,MassSpecGym,UltraMS,Br_top110_hit_rate,1.0,108,saved repeat summary
2g,Element-bearing peak localization,MassSpecGym,UltraMS,Br_top111_hit_rate,1.0,108,saved repeat summary
2g,Element-bearing peak localization,MassSpecGym,UltraMS,Br_top112_hit_rate,1.0,108,saved repeat summary
2g,Element-bearing peak localization,MassSpecGym,UltraMS,Br_top113_hit_rate,1.0,108,saved repeat summary
2g,Element-bearing peak localization,MassSpecGym,UltraMS,Br_top114_hit_rate,1.0,108,saved repeat summary
2g,Element-bearing peak localization,MassSpecGym,UltraMS,Br_top115_hit_rate,1.0,108,saved repeat summary
2g,Element-bearing peak localization,MassSpecGym,UltraMS,Br_top116_hit_rate,1.0,108,saved repeat summary
2g,Element-bearing peak localization,MassSpecGym,UltraMS,Br_top117_hit_rate,1.0,108,saved repeat summary
2g,Element-bearing peak localization,MassSpecGym,UltraMS,Br_top118_hit_rate,1.0,108,saved repeat summary
2g,Element-bearing peak localization,MassSpecGym,UltraMS,Br_top119_hit_rate,1.0,108,saved repeat summary
2g,Element-bearing peak localization,MassSpecGym,UltraMS,Br_top120_hit_rate,1.0,108,saved repeat summary
2g,Element-bearing peak localization,MassSpecGym,UltraMS,Br_top121_hit_rate,1.0,108,saved repeat summary
2g,Element-bearing peak localization,MassSpecGym,UltraMS,Br_top122_hit_rate,1.0,108,saved repeat summary
2g,Element-bearing peak localization,MassSpecGym,UltraMS,Br_top123_hit_rate,1.0,108,saved repeat summary
2g,Element-bearing peak localization,MassSpecGym,UltraMS,Br_top124_hit_rate,1.0,108,saved repeat summary
2g,Element-bearing peak localization,MassSpecGym,UltraMS,Br_top125_hit_rate,1.0,108,saved repeat summary
2g,Element-bearing peak localization,MassSpecGym,UltraMS,Br_top126_hit_rate,1.0,108,saved repeat summary
2g,Element-bearing peak localization,MassSpecGym,UltraMS,Br_top127_hit_rate,1.0,108,saved repeat summary
2g,Element-bearing peak localization,MassSpecGym,UltraMS,Br_top128_hit_rate,1.0,108,saved repeat summary
2g,Element-bearing peak localization,MassSpecGym,UltraMS,Br_top129_hit_rate,1.0,108,saved repeat summary
2g,Element-bearing peak localization,MassSpecGym,UltraMS,Br_top130_hit_rate,1.0,108,saved repeat summary
2g,Element-bearing peak localization,MassSpecGym,UltraMS,Br_top131_hit_rate,1.0,108,saved repeat summary
2g,Element-bearing peak localization,MassSpecGym,UltraMS,Br_top132_hit_rate,1.0,108,saved repeat summary
2g,Element-bearing peak localization,MassSpecGym,UltraMS,Br_top133_hit_rate,1.0,108,saved repeat summary
2g,Element-bearing peak localization,MassSpecGym,UltraMS,Br_top134_hit_rate,1.0,108,saved repeat summary
2g,Element-bearing peak localization,MassSpecGym,UltraMS,Br_top135_hit_rate,1.0,108,saved repeat summary
2g,Element-bearing peak localization,MassSpecGym,UltraMS,Br_top136_hit_rate,1.0,108,saved repeat summary
2g,Element-bearing peak localization,MassSpecGym,UltraMS,Br_top137_hit_rate,1.0,108,saved repeat summary
2g,Element-bearing peak localization,MassSpecGym,UltraMS,Br_top138_hit_rate,1.0,108,saved repeat summary
2g,Element-bearing peak localization,MassSpecGym,UltraMS,Br_top139_hit_rate,1.0,108,saved repeat summary
2g,Element-bearing peak localization,MassSpecGym,UltraMS,Br_top140_hit_rate,1.0,108,saved repeat summary
2g,Element-bearing peak localization,MassSpecGym,UltraMS,Br_top141_hit_rate,1.0,108,saved repeat summary
2g,Element-bearing peak localization,MassSpecGym,UltraMS,Br_top142_hit_rate,1.0,108,saved repeat summary
2g,Element-bearing peak localization,MassSpecGym,UltraMS,Br_top143_hit_rate,1.0,108,saved repeat summary
2g,Element-bearing peak localization,MassSpecGym,UltraMS,Br_top144_hit_rate,1.0,108,saved repeat summary
2g,Element-bearing peak localization,MassSpecGym,UltraMS,Br_top145_hit_rate,1.0,108,saved repeat summary
2g,Element-bearing peak localization,MassSpecGym,UltraMS,Br_top146_hit_rate,1.0,108,saved repeat summary
2g,Element-bearing peak localization,MassSpecGym,UltraMS,Br_top147_hit_rate,1.0,108,saved repeat summary
2g,Element-bearing peak localization,MassSpecGym,UltraMS,Br_top148_hit_rate,1.0,108,saved repeat summary
2g,Element-bearing peak localization,MassSpecGym,UltraMS,Br_top149_hit_rate,1.0,108,saved repeat summary
2g,Element-bearing peak localization,MassSpecGym,UltraMS,Br_top150_hit_rate,1.0,108,saved repeat summary
2g,Element-bearing peak localization,MassSpecGym,DreaMS,Br_top5_hit_rate,0.8384259433750616,108,saved repeat summary
2g,Element-bearing peak localization,MassSpecGym,DreaMS,Br_top6_hit_rate,0.866523982590748,108,saved repeat summary
2g,Element-bearing peak localization,MassSpecGym,DreaMS,Br_top7_hit_rate,0.8905239825907479,108,saved repeat summary
2g,Element-bearing peak localization,MassSpecGym,DreaMS,Br_top8_hit_rate,0.929148337595908,108,saved repeat summary
2g,Element-bearing peak localization,MassSpecGym,DreaMS,Br_top9_hit_rate,0.946539641943734,108,saved repeat summary
2g,Element-bearing peak localization,MassSpecGym,DreaMS,Br_top10_hit_rate,0.9548729752770674,108,saved repeat summary
2g,Element-bearing peak localization,MassSpecGym,DreaMS,Br_top11_hit_rate,0.9632063086104008,108,saved repeat summary
2g,Element-bearing peak localization,MassSpecGym,DreaMS,Br_top12_hit_rate,0.9632063086104008,108,saved repeat summary
2g,Element-bearing peak localization,MassSpecGym,DreaMS,Br_top13_hit_rate,0.9632063086104008,108,saved repeat summary
2g,Element-bearing peak localization,MassSpecGym,DreaMS,Br_top14_hit_rate,0.9632063086104008,108,saved repeat summary
2g,Element-bearing peak localization,MassSpecGym,DreaMS,Br_top15_hit_rate,0.9632063086104008,108,saved repeat summary
2g,Element-bearing peak localization,MassSpecGym,DreaMS,Br_top16_hit_rate,0.9632063086104008,108,saved repeat summary
2g,Element-bearing peak localization,MassSpecGym,DreaMS,Br_top17_hit_rate,0.9632063086104008,108,saved repeat summary
2g,Element-bearing peak localization,MassSpecGym,DreaMS,Br_top18_hit_rate,0.9632063086104008,108,saved repeat summary
2g,Element-bearing peak localization,MassSpecGym,DreaMS,Br_top19_hit_rate,0.9632063086104008,108,saved repeat summary
2g,Element-bearing peak localization,MassSpecGym,DreaMS,Br_top20_hit_rate,0.9712063086104008,108,saved repeat summary
2g,Element-bearing peak localization,MassSpecGym,DreaMS,Br_top21_hit_rate,0.9712063086104008,108,saved repeat summary
2g,Element-bearing peak localization,MassSpecGym,DreaMS,Br_top22_hit_rate,0.9712063086104008,108,saved repeat summary
2g,Element-bearing peak localization,MassSpecGym,DreaMS,Br_top23_hit_rate,0.9829710144927536,108,saved repeat summary
2g,Element-bearing peak localization,MassSpecGym,DreaMS,Br_top24_hit_rate,0.9829710144927536,108,saved repeat summary
2g,Element-bearing peak localization,MassSpecGym,DreaMS,Br_top25_hit_rate,0.9829710144927536,108,saved repeat summary
2g,Element-bearing peak localization,MassSpecGym,DreaMS,Br_top26_hit_rate,0.9829710144927536,108,saved repeat summary
2g,Element-bearing peak localization,MassSpecGym,DreaMS,Br_top27_hit_rate,0.9913043478260868,108,saved repeat summary
2g,Element-bearing peak localization,MassSpecGym,DreaMS,Br_top28_hit_rate,0.9913043478260868,108,saved repeat summary
2g,Element-bearing peak localization,MassSpecGym,DreaMS,Br_top29_hit_rate,0.9913043478260868,108,saved repeat summary
2g,Element-bearing peak localization,MassSpecGym,DreaMS,Br_top30_hit_rate,0.9913043478260868,108,saved repeat summary
2g,Element-bearing peak localization,MassSpecGym,DreaMS,Br_top31_hit_rate,0.9913043478260868,108,saved repeat summary
2g,Element-bearing peak localization,MassSpecGym,DreaMS,Br_top32_hit_rate,0.9913043478260868,108,saved repeat summary
2g,Element-bearing peak localization,MassSpecGym,DreaMS,Br_top33_hit_rate,0.9913043478260868,108,saved repeat summary
2g,Element-bearing peak localization,MassSpecGym,DreaMS,Br_top34_hit_rate,0.9913043478260868,108,saved repeat summary
2g,Element-bearing peak localization,MassSpecGym,DreaMS,Br_top35_hit_rate,0.9913043478260868,108,saved repeat summary
2g,Element-bearing peak localization,MassSpecGym,DreaMS,Br_top36_hit_rate,0.9913043478260868,108,saved repeat summary
2g,Element-bearing peak localization,MassSpecGym,DreaMS,Br_top37_hit_rate,0.9913043478260868,108,saved repeat summary
2g,Element-bearing peak localization,MassSpecGym,DreaMS,Br_top38_hit_rate,0.9913043478260868,108,saved repeat summary
2g,Element-bearing peak localization,MassSpecGym,DreaMS,Br_top39_hit_rate,0.9913043478260868,108,saved repeat summary
2g,Element-bearing peak localization,MassSpecGym,DreaMS,Br_top40_hit_rate,0.9913043478260868,108,saved repeat summary
2g,Element-bearing peak localization,MassSpecGym,DreaMS,Br_top41_hit_rate,1.0,108,saved repeat summary
2g,Element-bearing peak localization,MassSpecGym,DreaMS,Br_top42_hit_rate,1.0,108,saved repeat summary
2g,Element-bearing peak localization,MassSpecGym,DreaMS,Br_top43_hit_rate,1.0,108,saved repeat summary
2g,Element-bearing peak localization,MassSpecGym,DreaMS,Br_top44_hit_rate,1.0,108,saved repeat summary
2g,Element-bearing peak localization,MassSpecGym,DreaMS,Br_top45_hit_rate,1.0,108,saved repeat summary
2g,Element-bearing peak localization,MassSpecGym,DreaMS,Br_top46_hit_rate,1.0,108,saved repeat summary
2g,Element-bearing peak localization,MassSpecGym,DreaMS,Br_top47_hit_rate,1.0,108,saved repeat summary
2g,Element-bearing peak localization,MassSpecGym,DreaMS,Br_top48_hit_rate,1.0,108,saved repeat summary
2g,Element-bearing peak localization,MassSpecGym,DreaMS,Br_top49_hit_rate,1.0,108,saved repeat summary
2g,Element-bearing peak localization,MassSpecGym,DreaMS,Br_top50_hit_rate,1.0,108,saved repeat summary
2g,Element-bearing peak localization,MassSpecGym,DreaMS,Br_top51_hit_rate,1.0,108,saved repeat summary
2g,Element-bearing peak localization,MassSpecGym,DreaMS,Br_top52_hit_rate,1.0,108,saved repeat summary
2g,Element-bearing peak localization,MassSpecGym,DreaMS,Br_top53_hit_rate,1.0,108,saved repeat summary
2g,Element-bearing peak localization,MassSpecGym,DreaMS,Br_top54_hit_rate,1.0,108,saved repeat summary
2g,Element-bearing peak localization,MassSpecGym,DreaMS,Br_top55_hit_rate,1.0,108,saved repeat summary
2g,Element-bearing peak localization,MassSpecGym,DreaMS,Br_top56_hit_rate,1.0,108,saved repeat summary
2g,Element-bearing peak localization,MassSpecGym,DreaMS,Br_top57_hit_rate,1.0,108,saved repeat summary
2g,Element-bearing peak localization,MassSpecGym,DreaMS,Br_top58_hit_rate,1.0,108,saved repeat summary
2g,Element-bearing peak localization,MassSpecGym,DreaMS,Br_top59_hit_rate,1.0,108,saved repeat summary
2g,Element-bearing peak localization,MassSpecGym,DreaMS,Br_top60_hit_rate,1.0,108,saved repeat summary
2g,Element-bearing peak localization,MassSpecGym,DreaMS,Br_top61_hit_rate,1.0,108,saved repeat summary
2g,Element-bearing peak localization,MassSpecGym,DreaMS,Br_top62_hit_rate,1.0,108,saved repeat summary
2g,Element-bearing peak localization,MassSpecGym,DreaMS,Br_top63_hit_rate,1.0,108,saved repeat summary
2g,Element-bearing peak localization,MassSpecGym,DreaMS,Br_top64_hit_rate,1.0,108,saved repeat summary
2g,Element-bearing peak localization,MassSpecGym,DreaMS,Br_top65_hit_rate,1.0,108,saved repeat summary
2g,Element-bearing peak localization,MassSpecGym,DreaMS,Br_top66_hit_rate,1.0,108,saved repeat summary
2g,Element-bearing peak localization,MassSpecGym,DreaMS,Br_top67_hit_rate,1.0,108,saved repeat summary
2g,Element-bearing peak localization,MassSpecGym,DreaMS,Br_top68_hit_rate,1.0,108,saved repeat summary
2g,Element-bearing peak localization,MassSpecGym,DreaMS,Br_top69_hit_rate,1.0,108,saved repeat summary
2g,Element-bearing peak localization,MassSpecGym,DreaMS,Br_top70_hit_rate,1.0,108,saved repeat summary
2g,Element-bearing peak localization,MassSpecGym,DreaMS,Br_top71_hit_rate,1.0,108,saved repeat summary
2g,Element-bearing peak localization,MassSpecGym,DreaMS,Br_top72_hit_rate,1.0,108,saved repeat summary
2g,Element-bearing peak localization,MassSpecGym,DreaMS,Br_top73_hit_rate,1.0,108,saved repeat summary
2g,Element-bearing peak localization,MassSpecGym,DreaMS,Br_top74_hit_rate,1.0,108,saved repeat summary
2g,Element-bearing peak localization,MassSpecGym,DreaMS,Br_top75_hit_rate,1.0,108,saved repeat summary
2g,Element-bearing peak localization,MassSpecGym,DreaMS,Br_top76_hit_rate,1.0,108,saved repeat summary
2g,Element-bearing peak localization,MassSpecGym,DreaMS,Br_top77_hit_rate,1.0,108,saved repeat summary
2g,Element-bearing peak localization,MassSpecGym,DreaMS,Br_top78_hit_rate,1.0,108,saved repeat summary
2g,Element-bearing peak localization,MassSpecGym,DreaMS,Br_top79_hit_rate,1.0,108,saved repeat summary
2g,Element-bearing peak localization,MassSpecGym,DreaMS,Br_top80_hit_rate,1.0,108,saved repeat summary
2g,Element-bearing peak localization,MassSpecGym,DreaMS,Br_top81_hit_rate,1.0,108,saved repeat summary
2g,Element-bearing peak localization,MassSpecGym,DreaMS,Br_top82_hit_rate,1.0,108,saved repeat summary
2g,Element-bearing peak localization,MassSpecGym,DreaMS,Br_top83_hit_rate,1.0,108,saved repeat summary
2g,Element-bearing peak localization,MassSpecGym,DreaMS,Br_top84_hit_rate,1.0,108,saved repeat summary
2g,Element-bearing peak localization,MassSpecGym,DreaMS,Br_top85_hit_rate,1.0,108,saved repeat summary
2g,Element-bearing peak localization,MassSpecGym,DreaMS,Br_top86_hit_rate,1.0,108,saved repeat summary
2g,Element-bearing peak localization,MassSpecGym,DreaMS,Br_top87_hit_rate,1.0,108,saved repeat summary
2g,Element-bearing peak localization,MassSpecGym,DreaMS,Br_top88_hit_rate,1.0,108,saved repeat summary
2g,Element-bearing peak localization,MassSpecGym,DreaMS,Br_top89_hit_rate,1.0,108,saved repeat summary
2g,Element-bearing peak localization,MassSpecGym,DreaMS,Br_top90_hit_rate,1.0,108,saved repeat summary
2g,Element-bearing peak localization,MassSpecGym,DreaMS,Br_top91_hit_rate,1.0,108,saved repeat summary
2g,Element-bearing peak localization,MassSpecGym,DreaMS,Br_top92_hit_rate,1.0,108,saved repeat summary
2g,Element-bearing peak localization,MassSpecGym,DreaMS,Br_top93_hit_rate,1.0,108,saved repeat summary
2g,Element-bearing peak localization,MassSpecGym,DreaMS,Br_top94_hit_rate,1.0,108,saved repeat summary
2g,Element-bearing peak localization,MassSpecGym,DreaMS,Br_top95_hit_rate,1.0,108,saved repeat summary
2g,Element-bearing peak localization,MassSpecGym,DreaMS,Br_top96_hit_rate,1.0,108,saved repeat summary
2g,Element-bearing peak localization,MassSpecGym,DreaMS,Br_top97_hit_rate,1.0,108,saved repeat summary
2g,Element-bearing peak localization,MassSpecGym,DreaMS,Br_top98_hit_rate,1.0,108,saved repeat summary
2g,Element-bearing peak localization,MassSpecGym,DreaMS,Br_top99_hit_rate,1.0,108,saved repeat summary
2g,Element-bearing peak localization,MassSpecGym,DreaMS,Br_top100_hit_rate,1.0,108,saved repeat summary
2g,Element-bearing peak localization,MassSpecGym,DreaMS,Br_top101_hit_rate,1.0,108,saved repeat summary
2g,Element-bearing peak localization,MassSpecGym,DreaMS,Br_top102_hit_rate,1.0,108,saved repeat summary
2g,Element-bearing peak localization,MassSpecGym,DreaMS,Br_top103_hit_rate,1.0,108,saved repeat summary
2g,Element-bearing peak localization,MassSpecGym,DreaMS,Br_top104_hit_rate,1.0,108,saved repeat summary
2g,Element-bearing peak localization,MassSpecGym,DreaMS,Br_top105_hit_rate,1.0,108,saved repeat summary
2g,Element-bearing peak localization,MassSpecGym,DreaMS,Br_top106_hit_rate,1.0,108,saved repeat summary
2g,Element-bearing peak localization,MassSpecGym,DreaMS,Br_top107_hit_rate,1.0,108,saved repeat summary
2g,Element-bearing peak localization,MassSpecGym,DreaMS,Br_top108_hit_rate,1.0,108,saved repeat summary
2g,Element-bearing peak localization,MassSpecGym,DreaMS,Br_top109_hit_rate,1.0,108,saved repeat summary
2g,Element-bearing peak localization,MassSpecGym,DreaMS,Br_top110_hit_rate,1.0,108,saved repeat summary
2g,Element-bearing peak localization,MassSpecGym,DreaMS,Br_top111_hit_rate,1.0,108,saved repeat summary
2g,Element-bearing peak localization,MassSpecGym,DreaMS,Br_top112_hit_rate,1.0,108,saved repeat summary
2g,Element-bearing peak localization,MassSpecGym,DreaMS,Br_top113_hit_rate,1.0,108,saved repeat summary
2g,Element-bearing peak localization,MassSpecGym,DreaMS,Br_top114_hit_rate,1.0,108,saved repeat summary
2g,Element-bearing peak localization,MassSpecGym,DreaMS,Br_top115_hit_rate,1.0,108,saved repeat summary
2g,Element-bearing peak localization,MassSpecGym,DreaMS,Br_top116_hit_rate,1.0,108,saved repeat summary
2g,Element-bearing peak localization,MassSpecGym,DreaMS,Br_top117_hit_rate,1.0,108,saved repeat summary
2g,Element-bearing peak localization,MassSpecGym,DreaMS,Br_top118_hit_rate,1.0,108,saved repeat summary
2g,Element-bearing peak localization,MassSpecGym,DreaMS,Br_top119_hit_rate,1.0,108,saved repeat summary
2g,Element-bearing peak localization,MassSpecGym,DreaMS,Br_top120_hit_rate,1.0,108,saved repeat summary
2g,Element-bearing peak localization,MassSpecGym,DreaMS,Br_top121_hit_rate,1.0,108,saved repeat summary
2g,Element-bearing peak localization,MassSpecGym,DreaMS,Br_top122_hit_rate,1.0,108,saved repeat summary
2g,Element-bearing peak localization,MassSpecGym,DreaMS,Br_top123_hit_rate,1.0,108,saved repeat summary
2g,Element-bearing peak localization,MassSpecGym,DreaMS,Br_top124_hit_rate,1.0,108,saved repeat summary
2g,Element-bearing peak localization,MassSpecGym,DreaMS,Br_top125_hit_rate,1.0,108,saved repeat summary
2g,Element-bearing peak localization,MassSpecGym,DreaMS,Br_top126_hit_rate,1.0,108,saved repeat summary
2g,Element-bearing peak localization,MassSpecGym,DreaMS,Br_top127_hit_rate,1.0,108,saved repeat summary
2g,Element-bearing peak localization,MassSpecGym,DreaMS,Br_top128_hit_rate,1.0,108,saved repeat summary
2g,Element-bearing peak localization,MassSpecGym,DreaMS,Br_top129_hit_rate,1.0,108,saved repeat summary
2g,Element-bearing peak localization,MassSpecGym,DreaMS,Br_top130_hit_rate,1.0,108,saved repeat summary
2g,Element-bearing peak localization,MassSpecGym,DreaMS,Br_top131_hit_rate,1.0,108,saved repeat summary
2g,Element-bearing peak localization,MassSpecGym,DreaMS,Br_top132_hit_rate,1.0,108,saved repeat summary
2g,Element-bearing peak localization,MassSpecGym,DreaMS,Br_top133_hit_rate,1.0,108,saved repeat summary
2g,Element-bearing peak localization,MassSpecGym,DreaMS,Br_top134_hit_rate,1.0,108,saved repeat summary
2g,Element-bearing peak localization,MassSpecGym,DreaMS,Br_top135_hit_rate,1.0,108,saved repeat summary
2g,Element-bearing peak localization,MassSpecGym,DreaMS,Br_top136_hit_rate,1.0,108,saved repeat summary
2g,Element-bearing peak localization,MassSpecGym,DreaMS,Br_top137_hit_rate,1.0,108,saved repeat summary
2g,Element-bearing peak localization,MassSpecGym,DreaMS,Br_top138_hit_rate,1.0,108,saved repeat summary
2g,Element-bearing peak localization,MassSpecGym,DreaMS,Br_top139_hit_rate,1.0,108,saved repeat summary
2g,Element-bearing peak localization,MassSpecGym,DreaMS,Br_top140_hit_rate,1.0,108,saved repeat summary
2g,Element-bearing peak localization,MassSpecGym,DreaMS,Br_top141_hit_rate,1.0,108,saved repeat summary
2g,Element-bearing peak localization,MassSpecGym,DreaMS,Br_top142_hit_rate,1.0,108,saved repeat summary
2g,Element-bearing peak localization,MassSpecGym,DreaMS,Br_top143_hit_rate,1.0,108,saved repeat summary
2g,Element-bearing peak localization,MassSpecGym,DreaMS,Br_top144_hit_rate,1.0,108,saved repeat summary
2g,Element-bearing peak localization,MassSpecGym,DreaMS,Br_top145_hit_rate,1.0,108,saved repeat summary
2g,Element-bearing peak localization,MassSpecGym,DreaMS,Br_top146_hit_rate,1.0,108,saved repeat summary
2g,Element-bearing peak localization,MassSpecGym,DreaMS,Br_top147_hit_rate,1.0,108,saved repeat summary
2g,Element-bearing peak localization,MassSpecGym,DreaMS,Br_top148_hit_rate,1.0,108,saved repeat summary
2g,Element-bearing peak localization,MassSpecGym,DreaMS,Br_top149_hit_rate,1.0,108,saved repeat summary
2g,Element-bearing peak localization,MassSpecGym,DreaMS,Br_top150_hit_rate,1.0,108,saved repeat summary
2g,Element-bearing peak localization,MassSpecGym,Linear SVM,Br_top5_hit_rate,0.7941772333647418,108,saved repeat summary
2g,Element-bearing peak localization,MassSpecGym,Linear SVM,Br_top6_hit_rate,0.8302752725804281,108,saved repeat summary
2g,Element-bearing peak localization,MassSpecGym,Linear SVM,Br_top7_hit_rate,0.8546086059137613,108,saved repeat summary
2g,Element-bearing peak localization,MassSpecGym,Linear SVM,Br_top8_hit_rate,0.8651349217032351,108,saved repeat summary
2g,Element-bearing peak localization,MassSpecGym,Linear SVM,Br_top9_hit_rate,0.884899627585588,108,saved repeat summary
2g,Element-bearing peak localization,MassSpecGym,Linear SVM,Br_top10_hit_rate,0.892899627585588,108,saved repeat summary
2g,Element-bearing peak localization,MassSpecGym,Linear SVM,Br_top11_hit_rate,0.9099286130928343,108,saved repeat summary
2g,Element-bearing peak localization,MassSpecGym,Linear SVM,Br_top12_hit_rate,0.9216933189751874,108,saved repeat summary
2g,Element-bearing peak localization,MassSpecGym,Linear SVM,Br_top13_hit_rate,0.9334580248575404,108,saved repeat summary
2g,Element-bearing peak localization,MassSpecGym,Linear SVM,Br_top14_hit_rate,0.943984340647014,108,saved repeat summary
2g,Element-bearing peak localization,MassSpecGym,Linear SVM,Br_top15_hit_rate,0.96937564499484,108,saved repeat summary
2g,Element-bearing peak localization,MassSpecGym,Linear SVM,Br_top16_hit_rate,0.96937564499484,108,saved repeat summary
2g,Element-bearing peak localization,MassSpecGym,Linear SVM,Br_top17_hit_rate,0.96937564499484,108,saved repeat summary
2g,Element-bearing peak localization,MassSpecGym,Linear SVM,Br_top18_hit_rate,0.979901960784314,108,saved repeat summary
2g,Element-bearing peak localization,MassSpecGym,Linear SVM,Br_top19_hit_rate,0.979901960784314,108,saved repeat summary
2g,Element-bearing peak localization,MassSpecGym,Linear SVM,Br_top20_hit_rate,0.979901960784314,108,saved repeat summary
2g,Element-bearing peak localization,MassSpecGym,Linear SVM,Br_top21_hit_rate,0.979901960784314,108,saved repeat summary
2g,Element-bearing peak localization,MassSpecGym,Linear SVM,Br_top22_hit_rate,0.979901960784314,108,saved repeat summary
2g,Element-bearing peak localization,MassSpecGym,Linear SVM,Br_top23_hit_rate,0.979901960784314,108,saved repeat summary
2g,Element-bearing peak localization,MassSpecGym,Linear SVM,Br_top24_hit_rate,0.9916666666666668,108,saved repeat summary
2g,Element-bearing peak localization,MassSpecGym,Linear SVM,Br_top25_hit_rate,0.9916666666666668,108,saved repeat summary
2g,Element-bearing peak localization,MassSpecGym,Linear SVM,Br_top26_hit_rate,0.9916666666666668,108,saved repeat summary
2g,Element-bearing peak localization,MassSpecGym,Linear SVM,Br_top27_hit_rate,0.9916666666666668,108,saved repeat summary
2g,Element-bearing peak localization,MassSpecGym,Linear SVM,Br_top28_hit_rate,0.9916666666666668,108,saved repeat summary
2g,Element-bearing peak localization,MassSpecGym,Linear SVM,Br_top29_hit_rate,0.9916666666666668,108,saved repeat summary
2g,Element-bearing peak localization,MassSpecGym,Linear SVM,Br_top30_hit_rate,0.9916666666666668,108,saved repeat summary
2g,Element-bearing peak localization,MassSpecGym,Linear SVM,Br_top31_hit_rate,0.9916666666666668,108,saved repeat summary
2g,Element-bearing peak localization,MassSpecGym,Linear SVM,Br_top32_hit_rate,0.9916666666666668,108,saved repeat summary
2g,Element-bearing peak localization,MassSpecGym,Linear SVM,Br_top33_hit_rate,0.9916666666666668,108,saved repeat summary
2g,Element-bearing peak localization,MassSpecGym,Linear SVM,Br_top34_hit_rate,0.9916666666666668,108,saved repeat summary
2g,Element-bearing peak localization,MassSpecGym,Linear SVM,Br_top35_hit_rate,0.9916666666666668,108,saved repeat summary
2g,Element-bearing peak localization,MassSpecGym,Linear SVM,Br_top36_hit_rate,0.9916666666666668,108,saved repeat summary
2g,Element-bearing peak localization,MassSpecGym,Linear SVM,Br_top37_hit_rate,0.9916666666666668,108,saved repeat summary
2g,Element-bearing peak localization,MassSpecGym,Linear SVM,Br_top38_hit_rate,0.9916666666666668,108,saved repeat summary
2g,Element-bearing peak localization,MassSpecGym,Linear SVM,Br_top39_hit_rate,0.9916666666666668,108,saved repeat summary
2g,Element-bearing peak localization,MassSpecGym,Linear SVM,Br_top40_hit_rate,0.9916666666666668,108,saved repeat summary
2g,Element-bearing peak localization,MassSpecGym,Linear SVM,Br_top41_hit_rate,0.9916666666666668,108,saved repeat summary
2g,Element-bearing peak localization,MassSpecGym,Linear SVM,Br_top42_hit_rate,0.9916666666666668,108,saved repeat summary
2g,Element-bearing peak localization,MassSpecGym,Linear SVM,Br_top43_hit_rate,0.9916666666666668,108,saved repeat summary
2g,Element-bearing peak localization,MassSpecGym,Linear SVM,Br_top44_hit_rate,0.9916666666666668,108,saved repeat summary
2g,Element-bearing peak localization,MassSpecGym,Linear SVM,Br_top45_hit_rate,0.9916666666666668,108,saved repeat summary
2g,Element-bearing peak localization,MassSpecGym,Linear SVM,Br_top46_hit_rate,0.9916666666666668,108,saved repeat summary
2g,Element-bearing peak localization,MassSpecGym,Linear SVM,Br_top47_hit_rate,0.9916666666666668,108,saved repeat summary
2g,Element-bearing peak localization,MassSpecGym,Linear SVM,Br_top48_hit_rate,0.9916666666666668,108,saved repeat summary
2g,Element-bearing peak localization,MassSpecGym,Linear SVM,Br_top49_hit_rate,0.9916666666666668,108,saved repeat summary
2g,Element-bearing peak localization,MassSpecGym,Linear SVM,Br_top50_hit_rate,0.9916666666666668,108,saved repeat summary
2g,Element-bearing peak localization,MassSpecGym,Linear SVM,Br_top51_hit_rate,0.9916666666666668,108,saved repeat summary
2g,Element-bearing peak localization,MassSpecGym,Linear SVM,Br_top52_hit_rate,0.9916666666666668,108,saved repeat summary
2g,Element-bearing peak localization,MassSpecGym,Linear SVM,Br_top53_hit_rate,0.9916666666666668,108,saved repeat summary
2g,Element-bearing peak localization,MassSpecGym,Linear SVM,Br_top54_hit_rate,0.9916666666666668,108,saved repeat summary
2g,Element-bearing peak localization,MassSpecGym,Linear SVM,Br_top55_hit_rate,0.9916666666666668,108,saved repeat summary
2g,Element-bearing peak localization,MassSpecGym,Linear SVM,Br_top56_hit_rate,0.9916666666666668,108,saved repeat summary
2g,Element-bearing peak localization,MassSpecGym,Linear SVM,Br_top57_hit_rate,0.9916666666666668,108,saved repeat summary
2g,Element-bearing peak localization,MassSpecGym,Linear SVM,Br_top58_hit_rate,0.9916666666666668,108,saved repeat summary
2g,Element-bearing peak localization,MassSpecGym,Linear SVM,Br_top59_hit_rate,0.9916666666666668,108,saved repeat summary
2g,Element-bearing peak localization,MassSpecGym,Linear SVM,Br_top60_hit_rate,0.9916666666666668,108,saved repeat summary
2g,Element-bearing peak localization,MassSpecGym,Linear SVM,Br_top61_hit_rate,0.9916666666666668,108,saved repeat summary
2g,Element-bearing peak localization,MassSpecGym,Linear SVM,Br_top62_hit_rate,0.9916666666666668,108,saved repeat summary
2g,Element-bearing peak localization,MassSpecGym,Linear SVM,Br_top63_hit_rate,0.9916666666666668,108,saved repeat summary
2g,Element-bearing peak localization,MassSpecGym,Linear SVM,Br_top64_hit_rate,0.9916666666666668,108,saved repeat summary
2g,Element-bearing peak localization,MassSpecGym,Linear SVM,Br_top65_hit_rate,0.9916666666666668,108,saved repeat summary
2g,Element-bearing peak localization,MassSpecGym,Linear SVM,Br_top66_hit_rate,0.9916666666666668,108,saved repeat summary
2g,Element-bearing peak localization,MassSpecGym,Linear SVM,Br_top67_hit_rate,0.9916666666666668,108,saved repeat summary
2g,Element-bearing peak localization,MassSpecGym,Linear SVM,Br_top68_hit_rate,0.9916666666666668,108,saved repeat summary
2g,Element-bearing peak localization,MassSpecGym,Linear SVM,Br_top69_hit_rate,0.9916666666666668,108,saved repeat summary
2g,Element-bearing peak localization,MassSpecGym,Linear SVM,Br_top70_hit_rate,0.9916666666666668,108,saved repeat summary
2g,Element-bearing peak localization,MassSpecGym,Linear SVM,Br_top71_hit_rate,0.9916666666666668,108,saved repeat summary
2g,Element-bearing peak localization,MassSpecGym,Linear SVM,Br_top72_hit_rate,0.9916666666666668,108,saved repeat summary
2g,Element-bearing peak localization,MassSpecGym,Linear SVM,Br_top73_hit_rate,0.9916666666666668,108,saved repeat summary
2g,Element-bearing peak localization,MassSpecGym,Linear SVM,Br_top74_hit_rate,0.9916666666666668,108,saved repeat summary
2g,Element-bearing peak localization,MassSpecGym,Linear SVM,Br_top75_hit_rate,0.9916666666666668,108,saved repeat summary
2g,Element-bearing peak localization,MassSpecGym,Linear SVM,Br_top76_hit_rate,0.9916666666666668,108,saved repeat summary
2g,Element-bearing peak localization,MassSpecGym,Linear SVM,Br_top77_hit_rate,0.9916666666666668,108,saved repeat summary
2g,Element-bearing peak localization,MassSpecGym,Linear SVM,Br_top78_hit_rate,0.9916666666666668,108,saved repeat summary
2g,Element-bearing peak localization,MassSpecGym,Linear SVM,Br_top79_hit_rate,0.9916666666666668,108,saved repeat summary
2g,Element-bearing peak localization,MassSpecGym,Linear SVM,Br_top80_hit_rate,0.9916666666666668,108,saved repeat summary
2g,Element-bearing peak localization,MassSpecGym,Linear SVM,Br_top81_hit_rate,0.9916666666666668,108,saved repeat summary
2g,Element-bearing peak localization,MassSpecGym,Linear SVM,Br_top82_hit_rate,0.9916666666666668,108,saved repeat summary
2g,Element-bearing peak localization,MassSpecGym,Linear SVM,Br_top83_hit_rate,0.9916666666666668,108,saved repeat summary
2g,Element-bearing peak localization,MassSpecGym,Linear SVM,Br_top84_hit_rate,0.9916666666666668,108,saved repeat summary
2g,Element-bearing peak localization,MassSpecGym,Linear SVM,Br_top85_hit_rate,0.9916666666666668,108,saved repeat summary
2g,Element-bearing peak localization,MassSpecGym,Linear SVM,Br_top86_hit_rate,0.9916666666666668,108,saved repeat summary
2g,Element-bearing peak localization,MassSpecGym,Linear SVM,Br_top87_hit_rate,0.9916666666666668,108,saved repeat summary
2g,Element-bearing peak localization,MassSpecGym,Linear SVM,Br_top88_hit_rate,0.9916666666666668,108,saved repeat summary
2g,Element-bearing peak localization,MassSpecGym,Linear SVM,Br_top89_hit_rate,0.9916666666666668,108,saved repeat summary
2g,Element-bearing peak localization,MassSpecGym,Linear SVM,Br_top90_hit_rate,0.9916666666666668,108,saved repeat summary
2g,Element-bearing peak localization,MassSpecGym,Linear SVM,Br_top91_hit_rate,0.9916666666666668,108,saved repeat summary
2g,Element-bearing peak localization,MassSpecGym,Linear SVM,Br_top92_hit_rate,0.9916666666666668,108,saved repeat summary
2g,Element-bearing peak localization,MassSpecGym,Linear SVM,Br_top93_hit_rate,0.9916666666666668,108,saved repeat summary
2g,Element-bearing peak localization,MassSpecGym,Linear SVM,Br_top94_hit_rate,0.9916666666666668,108,saved repeat summary
2g,Element-bearing peak localization,MassSpecGym,Linear SVM,Br_top95_hit_rate,0.9916666666666668,108,saved repeat summary
2g,Element-bearing peak localization,MassSpecGym,Linear SVM,Br_top96_hit_rate,0.9916666666666668,108,saved repeat summary
2g,Element-bearing peak localization,MassSpecGym,Linear SVM,Br_top97_hit_rate,0.9916666666666668,108,saved repeat summary
2g,Element-bearing peak localization,MassSpecGym,Linear SVM,Br_top98_hit_rate,0.9916666666666668,108,saved repeat summary
2g,Element-bearing peak localization,MassSpecGym,Linear SVM,Br_top99_hit_rate,0.9916666666666668,108,saved repeat summary
2g,Element-bearing peak localization,MassSpecGym,Linear SVM,Br_top100_hit_rate,0.9916666666666668,108,saved repeat summary
2g,Element-bearing peak localization,MassSpecGym,Linear SVM,Br_top101_hit_rate,0.9916666666666668,108,saved repeat summary
2g,Element-bearing peak localization,MassSpecGym,Linear SVM,Br_top102_hit_rate,0.9916666666666668,108,saved repeat summary
2g,Element-bearing peak localization,MassSpecGym,Linear SVM,Br_top103_hit_rate,0.9916666666666668,108,saved repeat summary
2g,Element-bearing peak localization,MassSpecGym,Linear SVM,Br_top104_hit_rate,0.9916666666666668,108,saved repeat summary
2g,Element-bearing peak localization,MassSpecGym,Linear SVM,Br_top105_hit_rate,0.9916666666666668,108,saved repeat summary
2g,Element-bearing peak localization,MassSpecGym,Linear SVM,Br_top106_hit_rate,0.9916666666666668,108,saved repeat summary
2g,Element-bearing peak localization,MassSpecGym,Linear SVM,Br_top107_hit_rate,0.9916666666666668,108,saved repeat summary
2g,Element-bearing peak localization,MassSpecGym,Linear SVM,Br_top108_hit_rate,0.9916666666666668,108,saved repeat summary
2g,Element-bearing peak localization,MassSpecGym,Linear SVM,Br_top109_hit_rate,0.9916666666666668,108,saved repeat summary
2g,Element-bearing peak localization,MassSpecGym,Linear SVM,Br_top110_hit_rate,0.9916666666666668,108,saved repeat summary
2g,Element-bearing peak localization,MassSpecGym,Linear SVM,Br_top111_hit_rate,0.9916666666666668,108,saved repeat summary
2g,Element-bearing peak localization,MassSpecGym,Linear SVM,Br_top112_hit_rate,0.9916666666666668,108,saved repeat summary
2g,Element-bearing peak localization,MassSpecGym,Linear SVM,Br_top113_hit_rate,0.9916666666666668,108,saved repeat summary
2g,Element-bearing peak localization,MassSpecGym,Linear SVM,Br_top114_hit_rate,0.9916666666666668,108,saved repeat summary
2g,Element-bearing peak localization,MassSpecGym,Linear SVM,Br_top115_hit_rate,0.9916666666666668,108,saved repeat summary
2g,Element-bearing peak localization,MassSpecGym,Linear SVM,Br_top116_hit_rate,0.9916666666666668,108,saved repeat summary
2g,Element-bearing peak localization,MassSpecGym,Linear SVM,Br_top117_hit_rate,0.9916666666666668,108,saved repeat summary
2g,Element-bearing peak localization,MassSpecGym,Linear SVM,Br_top118_hit_rate,0.9916666666666668,108,saved repeat summary
2g,Element-bearing peak localization,MassSpecGym,Linear SVM,Br_top119_hit_rate,0.9916666666666668,108,saved repeat summary
2g,Element-bearing peak localization,MassSpecGym,Linear SVM,Br_top120_hit_rate,0.9916666666666668,108,saved repeat summary
2g,Element-bearing peak localization,MassSpecGym,Linear SVM,Br_top121_hit_rate,0.9916666666666668,108,saved repeat summary
2g,Element-bearing peak localization,MassSpecGym,Linear SVM,Br_top122_hit_rate,0.9916666666666668,108,saved repeat summary
2g,Element-bearing peak localization,MassSpecGym,Linear SVM,Br_top123_hit_rate,1.0,108,saved repeat summary
2g,Element-bearing peak localization,MassSpecGym,Linear SVM,Br_top124_hit_rate,1.0,108,saved repeat summary
2g,Element-bearing peak localization,MassSpecGym,Linear SVM,Br_top125_hit_rate,1.0,108,saved repeat summary
2g,Element-bearing peak localization,MassSpecGym,Linear SVM,Br_top126_hit_rate,1.0,108,saved repeat summary
2g,Element-bearing peak localization,MassSpecGym,Linear SVM,Br_top127_hit_rate,1.0,108,saved repeat summary
2g,Element-bearing peak localization,MassSpecGym,Linear SVM,Br_top128_hit_rate,1.0,108,saved repeat summary
2g,Element-bearing peak localization,MassSpecGym,Linear SVM,Br_top129_hit_rate,1.0,108,saved repeat summary
2g,Element-bearing peak localization,MassSpecGym,Linear SVM,Br_top130_hit_rate,1.0,108,saved repeat summary
2g,Element-bearing peak localization,MassSpecGym,Linear SVM,Br_top131_hit_rate,1.0,108,saved repeat summary
2g,Element-bearing peak localization,MassSpecGym,Linear SVM,Br_top132_hit_rate,1.0,108,saved repeat summary
2g,Element-bearing peak localization,MassSpecGym,Linear SVM,Br_top133_hit_rate,1.0,108,saved repeat summary
2g,Element-bearing peak localization,MassSpecGym,Linear SVM,Br_top134_hit_rate,1.0,108,saved repeat summary
2g,Element-bearing peak localization,MassSpecGym,Linear SVM,Br_top135_hit_rate,1.0,108,saved repeat summary
2g,Element-bearing peak localization,MassSpecGym,Linear SVM,Br_top136_hit_rate,1.0,108,saved repeat summary
2g,Element-bearing peak localization,MassSpecGym,Linear SVM,Br_top137_hit_rate,1.0,108,saved repeat summary
2g,Element-bearing peak localization,MassSpecGym,Linear SVM,Br_top138_hit_rate,1.0,108,saved repeat summary
2g,Element-bearing peak localization,MassSpecGym,Linear SVM,Br_top139_hit_rate,1.0,108,saved repeat summary
2g,Element-bearing peak localization,MassSpecGym,Linear SVM,Br_top140_hit_rate,1.0,108,saved repeat summary
2g,Element-bearing peak localization,MassSpecGym,Linear SVM,Br_top141_hit_rate,1.0,108,saved repeat summary
2g,Element-bearing peak localization,MassSpecGym,Linear SVM,Br_top142_hit_rate,1.0,108,saved repeat summary
2g,Element-bearing peak localization,MassSpecGym,Linear SVM,Br_top143_hit_rate,1.0,108,saved repeat summary
2g,Element-bearing peak localization,MassSpecGym,Linear SVM,Br_top144_hit_rate,1.0,108,saved repeat summary
2g,Element-bearing peak localization,MassSpecGym,Linear SVM,Br_top145_hit_rate,1.0,108,saved repeat summary
2g,Element-bearing peak localization,MassSpecGym,Linear SVM,Br_top146_hit_rate,1.0,108,saved repeat summary
2g,Element-bearing peak localization,MassSpecGym,Linear SVM,Br_top147_hit_rate,1.0,108,saved repeat summary
2g,Element-bearing peak localization,MassSpecGym,Linear SVM,Br_top148_hit_rate,1.0,108,saved repeat summary
2g,Element-bearing peak localization,MassSpecGym,Linear SVM,Br_top149_hit_rate,1.0,108,saved repeat summary
2g,Element-bearing peak localization,MassSpecGym,Linear SVM,Br_top150_hit_rate,1.0,108,saved repeat summary
2g,Element-bearing peak localization,MassSpecGym,Random forest,Br_top5_hit_rate,0.6636485843765424,108,saved repeat summary
2g,Element-bearing peak localization,MassSpecGym,Random forest,Br_top6_hit_rate,0.6942729393817023,108,saved repeat summary
2g,Element-bearing peak localization,MassSpecGym,Random forest,Br_top7_hit_rate,0.7143709785973886,108,saved repeat summary
2g,Element-bearing peak localization,MassSpecGym,Random forest,Br_top8_hit_rate,0.7517569435096693,108,saved repeat summary
2g,Element-bearing peak localization,MassSpecGym,Random forest,Br_top9_hit_rate,0.8024793377305155,108,saved repeat summary
2g,Element-bearing peak localization,MassSpecGym,Random forest,Br_top10_hit_rate,0.8222440436128684,108,saved repeat summary
2g,Element-bearing peak localization,MassSpecGym,Random forest,Br_top11_hit_rate,0.8222440436128684,108,saved repeat summary
2g,Element-bearing peak localization,MassSpecGym,Random forest,Br_top12_hit_rate,0.8382440436128684,108,saved repeat summary
2g,Element-bearing peak localization,MassSpecGym,Random forest,Br_top13_hit_rate,0.8382440436128684,108,saved repeat summary
2g,Element-bearing peak localization,MassSpecGym,Random forest,Br_top14_hit_rate,0.8462440436128684,108,saved repeat summary
2g,Element-bearing peak localization,MassSpecGym,Random forest,Br_top15_hit_rate,0.8946220218064342,108,saved repeat summary
2g,Element-bearing peak localization,MassSpecGym,Random forest,Br_top16_hit_rate,0.8946220218064342,108,saved repeat summary
2g,Element-bearing peak localization,MassSpecGym,Random forest,Br_top17_hit_rate,0.8946220218064342,108,saved repeat summary
2g,Element-bearing peak localization,MassSpecGym,Random forest,Br_top18_hit_rate,0.9033176739803472,108,saved repeat summary
2g,Element-bearing peak localization,MassSpecGym,Random forest,Br_top19_hit_rate,0.9196510073136804,108,saved repeat summary
2g,Element-bearing peak localization,MassSpecGym,Random forest,Br_top20_hit_rate,0.9283466594875937,108,saved repeat summary
2g,Element-bearing peak localization,MassSpecGym,Random forest,Br_top21_hit_rate,0.9283466594875937,108,saved repeat summary
2g,Element-bearing peak localization,MassSpecGym,Random forest,Br_top22_hit_rate,0.9363466594875935,108,saved repeat summary
2g,Element-bearing peak localization,MassSpecGym,Random forest,Br_top23_hit_rate,0.9561113653699465,108,saved repeat summary
2g,Element-bearing peak localization,MassSpecGym,Random forest,Br_top24_hit_rate,0.97244469870328,108,saved repeat summary
2g,Element-bearing peak localization,MassSpecGym,Random forest,Br_top25_hit_rate,0.97244469870328,108,saved repeat summary
2g,Element-bearing peak localization,MassSpecGym,Random forest,Br_top26_hit_rate,0.97244469870328,108,saved repeat summary
2g,Element-bearing peak localization,MassSpecGym,Random forest,Br_top27_hit_rate,0.97244469870328,108,saved repeat summary
2g,Element-bearing peak localization,MassSpecGym,Random forest,Br_top28_hit_rate,0.97244469870328,108,saved repeat summary
2g,Element-bearing peak localization,MassSpecGym,Random forest,Br_top29_hit_rate,0.97244469870328,108,saved repeat summary
2g,Element-bearing peak localization,MassSpecGym,Random forest,Br_top30_hit_rate,0.97244469870328,108,saved repeat summary
2g,Element-bearing peak localization,MassSpecGym,Random forest,Br_top31_hit_rate,0.97244469870328,108,saved repeat summary
2g,Element-bearing peak localization,MassSpecGym,Random forest,Br_top32_hit_rate,0.9829710144927536,108,saved repeat summary
2g,Element-bearing peak localization,MassSpecGym,Random forest,Br_top33_hit_rate,0.9829710144927536,108,saved repeat summary
2g,Element-bearing peak localization,MassSpecGym,Random forest,Br_top34_hit_rate,0.9829710144927536,108,saved repeat summary
2g,Element-bearing peak localization,MassSpecGym,Random forest,Br_top35_hit_rate,0.9829710144927536,108,saved repeat summary
2g,Element-bearing peak localization,MassSpecGym,Random forest,Br_top36_hit_rate,0.9829710144927536,108,saved repeat summary
2g,Element-bearing peak localization,MassSpecGym,Random forest,Br_top37_hit_rate,0.9829710144927536,108,saved repeat summary
2g,Element-bearing peak localization,MassSpecGym,Random forest,Br_top38_hit_rate,0.9829710144927536,108,saved repeat summary
2g,Element-bearing peak localization,MassSpecGym,Random forest,Br_top39_hit_rate,0.9829710144927536,108,saved repeat summary
2g,Element-bearing peak localization,MassSpecGym,Random forest,Br_top40_hit_rate,0.9829710144927536,108,saved repeat summary
2g,Element-bearing peak localization,MassSpecGym,Random forest,Br_top41_hit_rate,0.9829710144927536,108,saved repeat summary
2g,Element-bearing peak localization,MassSpecGym,Random forest,Br_top42_hit_rate,0.9829710144927536,108,saved repeat summary
2g,Element-bearing peak localization,MassSpecGym,Random forest,Br_top43_hit_rate,0.9829710144927536,108,saved repeat summary
2g,Element-bearing peak localization,MassSpecGym,Random forest,Br_top44_hit_rate,0.9829710144927536,108,saved repeat summary
2g,Element-bearing peak localization,MassSpecGym,Random forest,Br_top45_hit_rate,0.9829710144927536,108,saved repeat summary
2g,Element-bearing peak localization,MassSpecGym,Random forest,Br_top46_hit_rate,0.9916666666666668,108,saved repeat summary
2g,Element-bearing peak localization,MassSpecGym,Random forest,Br_top47_hit_rate,0.9916666666666668,108,saved repeat summary
2g,Element-bearing peak localization,MassSpecGym,Random forest,Br_top48_hit_rate,0.9916666666666668,108,saved repeat summary
2g,Element-bearing peak localization,MassSpecGym,Random forest,Br_top49_hit_rate,0.9916666666666668,108,saved repeat summary
2g,Element-bearing peak localization,MassSpecGym,Random forest,Br_top50_hit_rate,0.9916666666666668,108,saved repeat summary
2g,Element-bearing peak localization,MassSpecGym,Random forest,Br_top51_hit_rate,0.9916666666666668,108,saved repeat summary
2g,Element-bearing peak localization,MassSpecGym,Random forest,Br_top52_hit_rate,0.9916666666666668,108,saved repeat summary
2g,Element-bearing peak localization,MassSpecGym,Random forest,Br_top53_hit_rate,0.9916666666666668,108,saved repeat summary
2g,Element-bearing peak localization,MassSpecGym,Random forest,Br_top54_hit_rate,0.9916666666666668,108,saved repeat summary
2g,Element-bearing peak localization,MassSpecGym,Random forest,Br_top55_hit_rate,0.9916666666666668,108,saved repeat summary
2g,Element-bearing peak localization,MassSpecGym,Random forest,Br_top56_hit_rate,0.9916666666666668,108,saved repeat summary
2g,Element-bearing peak localization,MassSpecGym,Random forest,Br_top57_hit_rate,0.9916666666666668,108,saved repeat summary
2g,Element-bearing peak localization,MassSpecGym,Random forest,Br_top58_hit_rate,0.9916666666666668,108,saved repeat summary
2g,Element-bearing peak localization,MassSpecGym,Random forest,Br_top59_hit_rate,0.9916666666666668,108,saved repeat summary
2g,Element-bearing peak localization,MassSpecGym,Random forest,Br_top60_hit_rate,0.9916666666666668,108,saved repeat summary
2g,Element-bearing peak localization,MassSpecGym,Random forest,Br_top61_hit_rate,0.9916666666666668,108,saved repeat summary
2g,Element-bearing peak localization,MassSpecGym,Random forest,Br_top62_hit_rate,0.9916666666666668,108,saved repeat summary
2g,Element-bearing peak localization,MassSpecGym,Random forest,Br_top63_hit_rate,0.9916666666666668,108,saved repeat summary
2g,Element-bearing peak localization,MassSpecGym,Random forest,Br_top64_hit_rate,0.9916666666666668,108,saved repeat summary
2g,Element-bearing peak localization,MassSpecGym,Random forest,Br_top65_hit_rate,0.9916666666666668,108,saved repeat summary
2g,Element-bearing peak localization,MassSpecGym,Random forest,Br_top66_hit_rate,0.9916666666666668,108,saved repeat summary
2g,Element-bearing peak localization,MassSpecGym,Random forest,Br_top67_hit_rate,0.9916666666666668,108,saved repeat summary
2g,Element-bearing peak localization,MassSpecGym,Random forest,Br_top68_hit_rate,0.9916666666666668,108,saved repeat summary
2g,Element-bearing peak localization,MassSpecGym,Random forest,Br_top69_hit_rate,0.9916666666666668,108,saved repeat summary
2g,Element-bearing peak localization,MassSpecGym,Random forest,Br_top70_hit_rate,0.9916666666666668,108,saved repeat summary
2g,Element-bearing peak localization,MassSpecGym,Random forest,Br_top71_hit_rate,0.9916666666666668,108,saved repeat summary
2g,Element-bearing peak localization,MassSpecGym,Random forest,Br_top72_hit_rate,0.9916666666666668,108,saved repeat summary
2g,Element-bearing peak localization,MassSpecGym,Random forest,Br_top73_hit_rate,0.9916666666666668,108,saved repeat summary
2g,Element-bearing peak localization,MassSpecGym,Random forest,Br_top74_hit_rate,0.9916666666666668,108,saved repeat summary
2g,Element-bearing peak localization,MassSpecGym,Random forest,Br_top75_hit_rate,0.9916666666666668,108,saved repeat summary
2g,Element-bearing peak localization,MassSpecGym,Random forest,Br_top76_hit_rate,0.9916666666666668,108,saved repeat summary
2g,Element-bearing peak localization,MassSpecGym,Random forest,Br_top77_hit_rate,0.9916666666666668,108,saved repeat summary
2g,Element-bearing peak localization,MassSpecGym,Random forest,Br_top78_hit_rate,0.9916666666666668,108,saved repeat summary
2g,Element-bearing peak localization,MassSpecGym,Random forest,Br_top79_hit_rate,0.9916666666666668,108,saved repeat summary
2g,Element-bearing peak localization,MassSpecGym,Random forest,Br_top80_hit_rate,0.9916666666666668,108,saved repeat summary
2g,Element-bearing peak localization,MassSpecGym,Random forest,Br_top81_hit_rate,0.9916666666666668,108,saved repeat summary
2g,Element-bearing peak localization,MassSpecGym,Random forest,Br_top82_hit_rate,0.9916666666666668,108,saved repeat summary
2g,Element-bearing peak localization,MassSpecGym,Random forest,Br_top83_hit_rate,0.9916666666666668,108,saved repeat summary
2g,Element-bearing peak localization,MassSpecGym,Random forest,Br_top84_hit_rate,0.9916666666666668,108,saved repeat summary
2g,Element-bearing peak localization,MassSpecGym,Random forest,Br_top85_hit_rate,0.9916666666666668,108,saved repeat summary
2g,Element-bearing peak localization,MassSpecGym,Random forest,Br_top86_hit_rate,0.9916666666666668,108,saved repeat summary
2g,Element-bearing peak localization,MassSpecGym,Random forest,Br_top87_hit_rate,0.9916666666666668,108,saved repeat summary
2g,Element-bearing peak localization,MassSpecGym,Random forest,Br_top88_hit_rate,0.9916666666666668,108,saved repeat summary
2g,Element-bearing peak localization,MassSpecGym,Random forest,Br_top89_hit_rate,0.9916666666666668,108,saved repeat summary
2g,Element-bearing peak localization,MassSpecGym,Random forest,Br_top90_hit_rate,0.9916666666666668,108,saved repeat summary
2g,Element-bearing peak localization,MassSpecGym,Random forest,Br_top91_hit_rate,0.9916666666666668,108,saved repeat summary
2g,Element-bearing peak localization,MassSpecGym,Random forest,Br_top92_hit_rate,0.9916666666666668,108,saved repeat summary
2g,Element-bearing peak localization,MassSpecGym,Random forest,Br_top93_hit_rate,0.9916666666666668,108,saved repeat summary
2g,Element-bearing peak localization,MassSpecGym,Random forest,Br_top94_hit_rate,0.9916666666666668,108,saved repeat summary
2g,Element-bearing peak localization,MassSpecGym,Random forest,Br_top95_hit_rate,0.9916666666666668,108,saved repeat summary
2g,Element-bearing peak localization,MassSpecGym,Random forest,Br_top96_hit_rate,0.9916666666666668,108,saved repeat summary
2g,Element-bearing peak localization,MassSpecGym,Random forest,Br_top97_hit_rate,0.9916666666666668,108,saved repeat summary
2g,Element-bearing peak localization,MassSpecGym,Random forest,Br_top98_hit_rate,0.9916666666666668,108,saved repeat summary
2g,Element-bearing peak localization,MassSpecGym,Random forest,Br_top99_hit_rate,0.9916666666666668,108,saved repeat summary
2g,Element-bearing peak localization,MassSpecGym,Random forest,Br_top100_hit_rate,0.9916666666666668,108,saved repeat summary
2g,Element-bearing peak localization,MassSpecGym,Random forest,Br_top101_hit_rate,0.9916666666666668,108,saved repeat summary
2g,Element-bearing peak localization,MassSpecGym,Random forest,Br_top102_hit_rate,0.9916666666666668,108,saved repeat summary
2g,Element-bearing peak localization,MassSpecGym,Random forest,Br_top103_hit_rate,0.9916666666666668,108,saved repeat summary
2g,Element-bearing peak localization,MassSpecGym,Random forest,Br_top104_hit_rate,0.9916666666666668,108,saved repeat summary
2g,Element-bearing peak localization,MassSpecGym,Random forest,Br_top105_hit_rate,0.9916666666666668,108,saved repeat summary
2g,Element-bearing peak localization,MassSpecGym,Random forest,Br_top106_hit_rate,0.9916666666666668,108,saved repeat summary
2g,Element-bearing peak localization,MassSpecGym,Random forest,Br_top107_hit_rate,0.9916666666666668,108,saved repeat summary
2g,Element-bearing peak localization,MassSpecGym,Random forest,Br_top108_hit_rate,0.9916666666666668,108,saved repeat summary
2g,Element-bearing peak localization,MassSpecGym,Random forest,Br_top109_hit_rate,0.9916666666666668,108,saved repeat summary
2g,Element-bearing peak localization,MassSpecGym,Random forest,Br_top110_hit_rate,0.9916666666666668,108,saved repeat summary
2g,Element-bearing peak localization,MassSpecGym,Random forest,Br_top111_hit_rate,0.9916666666666668,108,saved repeat summary
2g,Element-bearing peak localization,MassSpecGym,Random forest,Br_top112_hit_rate,0.9916666666666668,108,saved repeat summary
2g,Element-bearing peak localization,MassSpecGym,Random forest,Br_top113_hit_rate,0.9916666666666668,108,saved repeat summary
2g,Element-bearing peak localization,MassSpecGym,Random forest,Br_top114_hit_rate,0.9916666666666668,108,saved repeat summary
2g,Element-bearing peak localization,MassSpecGym,Random forest,Br_top115_hit_rate,0.9916666666666668,108,saved repeat summary
2g,Element-bearing peak localization,MassSpecGym,Random forest,Br_top116_hit_rate,0.9916666666666668,108,saved repeat summary
2g,Element-bearing peak localization,MassSpecGym,Random forest,Br_top117_hit_rate,0.9916666666666668,108,saved repeat summary
2g,Element-bearing peak localization,MassSpecGym,Random forest,Br_top118_hit_rate,0.9916666666666668,108,saved repeat summary
2g,Element-bearing peak localization,MassSpecGym,Random forest,Br_top119_hit_rate,0.9916666666666668,108,saved repeat summary
2g,Element-bearing peak localization,MassSpecGym,Random forest,Br_top120_hit_rate,0.9916666666666668,108,saved repeat summary
2g,Element-bearing peak localization,MassSpecGym,Random forest,Br_top121_hit_rate,0.9916666666666668,108,saved repeat summary
2g,Element-bearing peak localization,MassSpecGym,Random forest,Br_top122_hit_rate,0.9916666666666668,108,saved repeat summary
2g,Element-bearing peak localization,MassSpecGym,Random forest,Br_top123_hit_rate,1.0,108,saved repeat summary
2g,Element-bearing peak localization,MassSpecGym,Random forest,Br_top124_hit_rate,1.0,108,saved repeat summary
2g,Element-bearing peak localization,MassSpecGym,Random forest,Br_top125_hit_rate,1.0,108,saved repeat summary
2g,Element-bearing peak localization,MassSpecGym,Random forest,Br_top126_hit_rate,1.0,108,saved repeat summary
2g,Element-bearing peak localization,MassSpecGym,Random forest,Br_top127_hit_rate,1.0,108,saved repeat summary
2g,Element-bearing peak localization,MassSpecGym,Random forest,Br_top128_hit_rate,1.0,108,saved repeat summary
2g,Element-bearing peak localization,MassSpecGym,Random forest,Br_top129_hit_rate,1.0,108,saved repeat summary
2g,Element-bearing peak localization,MassSpecGym,Random forest,Br_top130_hit_rate,1.0,108,saved repeat summary
2g,Element-bearing peak localization,MassSpecGym,Random forest,Br_top131_hit_rate,1.0,108,saved repeat summary
2g,Element-bearing peak localization,MassSpecGym,Random forest,Br_top132_hit_rate,1.0,108,saved repeat summary
2g,Element-bearing peak localization,MassSpecGym,Random forest,Br_top133_hit_rate,1.0,108,saved repeat summary
2g,Element-bearing peak localization,MassSpecGym,Random forest,Br_top134_hit_rate,1.0,108,saved repeat summary
2g,Element-bearing peak localization,MassSpecGym,Random forest,Br_top135_hit_rate,1.0,108,saved repeat summary
2g,Element-bearing peak localization,MassSpecGym,Random forest,Br_top136_hit_rate,1.0,108,saved repeat summary
2g,Element-bearing peak localization,MassSpecGym,Random forest,Br_top137_hit_rate,1.0,108,saved repeat summary
2g,Element-bearing peak localization,MassSpecGym,Random forest,Br_top138_hit_rate,1.0,108,saved repeat summary
2g,Element-bearing peak localization,MassSpecGym,Random forest,Br_top139_hit_rate,1.0,108,saved repeat summary
2g,Element-bearing peak localization,MassSpecGym,Random forest,Br_top140_hit_rate,1.0,108,saved repeat summary
2g,Element-bearing peak localization,MassSpecGym,Random forest,Br_top141_hit_rate,1.0,108,saved repeat summary
2g,Element-bearing peak localization,MassSpecGym,Random forest,Br_top142_hit_rate,1.0,108,saved repeat summary
2g,Element-bearing peak localization,MassSpecGym,Random forest,Br_top143_hit_rate,1.0,108,saved repeat summary
2g,Element-bearing peak localization,MassSpecGym,Random forest,Br_top144_hit_rate,1.0,108,saved repeat summary
2g,Element-bearing peak localization,MassSpecGym,Random forest,Br_top145_hit_rate,1.0,108,saved repeat summary
2g,Element-bearing peak localization,MassSpecGym,Random forest,Br_top146_hit_rate,1.0,108,saved repeat summary
2g,Element-bearing peak localization,MassSpecGym,Random forest,Br_top147_hit_rate,1.0,108,saved repeat summary
2g,Element-bearing peak localization,MassSpecGym,Random forest,Br_top148_hit_rate,1.0,108,saved repeat summary
2g,Element-bearing peak localization,MassSpecGym,Random forest,Br_top149_hit_rate,1.0,108,saved repeat summary
2g,Element-bearing peak localization,MassSpecGym,Random forest,Br_top150_hit_rate,1.0,108,saved repeat summary
2h,Heteroatom count prediction,MassSpecGym,UltraMS,S_R2,0.30006835211194305,16440,test predictions
2h,Heteroatom count prediction,MassSpecGym,DreaMS,S_R2,0.22326023583630583,16440,test predictions
2h,Heteroatom count prediction,MassSpecGym,UltraMS,Cl_R2,0.1875749035531128,16440,test predictions
2h,Heteroatom count prediction,MassSpecGym,DreaMS,Cl_R2,0.12295535461220286,16440,test predictions
2h,Heteroatom count prediction,MassSpecGym,UltraMS,F_R2,0.11819190470017715,16440,test predictions
2h,Heteroatom count prediction,MassSpecGym,DreaMS,F_R2,0.07881458659169593,16440,test predictions
2h,Heteroatom count prediction,MassSpecGym,UltraMS,Br_R2,0.2307043357481936,16440,test predictions
2h,Heteroatom count prediction,MassSpecGym,DreaMS,Br_R2,0.2000781271721559,16440,test predictions
2h,Heteroatom count prediction,MassSpecGym,Linear SVM,S_R2,-0.08108679573202648,16440,test predictions
2h,Heteroatom count prediction,MassSpecGym,Random forest,S_R2,-0.06410109402825914,16440,test predictions
2h,Heteroatom count prediction,MassSpecGym,Linear SVM,Cl_R2,-0.07353692081533159,16440,test predictions
2h,Heteroatom count prediction,MassSpecGym,Random forest,Cl_R2,0.028859880729355525,16440,test predictions
2h,Heteroatom count prediction,MassSpecGym,Linear SVM,F_R2,-0.03526415983292486,16440,test predictions
2h,Heteroatom count prediction,MassSpecGym,Random forest,F_R2,-0.030925298731377504,16440,test predictions
2h,Heteroatom count prediction,MassSpecGym,Linear SVM,Br_R2,-0.02494407973996715,16440,test predictions
2h,Heteroatom count prediction,MassSpecGym,Random forest,Br_R2,-0.003155468644198578,16440,test predictions
2j,Peak-neighbor chemical fidelity,MSnLib/MAGMa,UltraMS,top1_formula_hit,0.3346643374095333,12021,saved neighbor summary
2j,Peak-neighbor chemical fidelity,MSnLib/MAGMa,UltraMS,top1_fragment_family_hit,0.7287247317194909,12021,saved neighbor summary
2j,Peak-neighbor chemical fidelity,MSnLib/MAGMa,UltraMS,top1_best_fp_tanimoto,0.3908761673156009,12021,saved neighbor summary
2j,Peak-neighbor chemical fidelity,MSnLib/MAGMa,UltraMS,top1_best_mz_mae_da,0.4893285010204307,12021,saved neighbor summary
2j,Peak-neighbor chemical fidelity,MSnLib/MAGMa,UltraMS,top2_formula_hit,0.3948922718575826,12021,saved neighbor summary
2j,Peak-neighbor chemical fidelity,MSnLib/MAGMa,UltraMS,top2_fragment_family_hit,0.8329589884369021,12021,saved neighbor summary
2j,Peak-neighbor chemical fidelity,MSnLib/MAGMa,UltraMS,top2_best_fp_tanimoto,0.4469708309495461,12021,saved neighbor summary
2j,Peak-neighbor chemical fidelity,MSnLib/MAGMa,UltraMS,top2_best_mz_mae_da,0.2557062092403354,12021,saved neighbor summary
2j,Peak-neighbor chemical fidelity,MSnLib/MAGMa,UltraMS,top5_formula_hit,0.4930538224773313,12021,saved neighbor summary
2j,Peak-neighbor chemical fidelity,MSnLib/MAGMa,UltraMS,top5_fragment_family_hit,0.9331170451709508,12021,saved neighbor summary
2j,Peak-neighbor chemical fidelity,MSnLib/MAGMa,UltraMS,top5_best_fp_tanimoto,0.5182229828535123,12021,saved neighbor summary
2j,Peak-neighbor chemical fidelity,MSnLib/MAGMa,UltraMS,top5_best_mz_mae_da,0.0953568938607311,12021,saved neighbor summary
2j,Peak-neighbor chemical fidelity,MSnLib/MAGMa,UltraMS,top10_formula_hit,0.5695033691040678,12021,saved neighbor summary
2j,Peak-neighbor chemical fidelity,MSnLib/MAGMa,UltraMS,top10_fragment_family_hit,0.9730471674569504,12021,saved neighbor summary
2j,Peak-neighbor chemical fidelity,MSnLib/MAGMa,UltraMS,top10_best_fp_tanimoto,0.5631901154755959,12021,saved neighbor summary
2j,Peak-neighbor chemical fidelity,MSnLib/MAGMa,UltraMS,top10_best_mz_mae_da,0.0628134449253597,12021,saved neighbor summary
2j,Peak-neighbor chemical fidelity,MSnLib/MAGMa,UltraMS,top20_formula_hit,0.6434572830879295,12021,saved neighbor summary
2j,Peak-neighbor chemical fidelity,MSnLib/MAGMa,UltraMS,top20_fragment_family_hit,0.9893519673904,12021,saved neighbor summary
2j,Peak-neighbor chemical fidelity,MSnLib/MAGMa,UltraMS,top20_best_fp_tanimoto,0.6056795876446024,12021,saved neighbor summary
2j,Peak-neighbor chemical fidelity,MSnLib/MAGMa,UltraMS,top20_best_mz_mae_da,0.0477391188954481,12021,saved neighbor summary
2j,Peak-neighbor chemical fidelity,MSnLib/MAGMa,UltraMS,top50_formula_hit,0.7224856501123035,12021,saved neighbor summary
2j,Peak-neighbor chemical fidelity,MSnLib/MAGMa,UltraMS,top50_fragment_family_hit,0.9969220530737876,12021,saved neighbor summary
2j,Peak-neighbor chemical fidelity,MSnLib/MAGMa,UltraMS,top50_best_fp_tanimoto,0.6559759324095915,12021,saved neighbor summary
2j,Peak-neighbor chemical fidelity,MSnLib/MAGMa,UltraMS,top50_best_mz_mae_da,0.0388166965338321,12021,saved neighbor summary
2j,Peak-neighbor chemical fidelity,MSnLib/MAGMa,UltraMS,top100_formula_hit,0.7649114050411779,12021,saved neighbor summary
2j,Peak-neighbor chemical fidelity,MSnLib/MAGMa,UltraMS,top100_fragment_family_hit,0.9985858081690376,12021,saved neighbor summary
2j,Peak-neighbor chemical fidelity,MSnLib/MAGMa,UltraMS,top100_best_fp_tanimoto,0.6868099237491208,12021,saved neighbor summary
2j,Peak-neighbor chemical fidelity,MSnLib/MAGMa,UltraMS,top100_best_mz_mae_da,0.0365072319704143,12021,saved neighbor summary
2j,Peak-neighbor chemical fidelity,MSnLib/MAGMa,DreaMS,top1_formula_hit,0.1457449463438981,12021,saved neighbor summary
2j,Peak-neighbor chemical fidelity,MSnLib/MAGMa,DreaMS,top1_fragment_family_hit,0.6076033607852924,12021,saved neighbor summary
2j,Peak-neighbor chemical fidelity,MSnLib/MAGMa,DreaMS,top1_best_fp_tanimoto,0.2722565848412199,12021,saved neighbor summary
2j,Peak-neighbor chemical fidelity,MSnLib/MAGMa,DreaMS,top1_best_mz_mae_da,47.05940922761795,12021,saved neighbor summary
2j,Peak-neighbor chemical fidelity,MSnLib/MAGMa,DreaMS,top2_formula_hit,0.1835953747608352,12021,saved neighbor summary
2j,Peak-neighbor chemical fidelity,MSnLib/MAGMa,DreaMS,top2_fragment_family_hit,0.7177439480908411,12021,saved neighbor summary
2j,Peak-neighbor chemical fidelity,MSnLib/MAGMa,DreaMS,top2_best_fp_tanimoto,0.3354826876415545,12021,saved neighbor summary
2j,Peak-neighbor chemical fidelity,MSnLib/MAGMa,DreaMS,top2_best_mz_mae_da,30.911349613350588,12021,saved neighbor summary
2j,Peak-neighbor chemical fidelity,MSnLib/MAGMa,DreaMS,top5_formula_hit,0.2430746194160219,12021,saved neighbor summary
2j,Peak-neighbor chemical fidelity,MSnLib/MAGMa,DreaMS,top5_fragment_family_hit,0.838116629232177,12021,saved neighbor summary
2j,Peak-neighbor chemical fidelity,MSnLib/MAGMa,DreaMS,top5_best_fp_tanimoto,0.4194950511490682,12021,saved neighbor summary
2j,Peak-neighbor chemical fidelity,MSnLib/MAGMa,DreaMS,top5_best_mz_mae_da,16.480470338267185,12021,saved neighbor summary
2j,Peak-neighbor chemical fidelity,MSnLib/MAGMa,DreaMS,top10_formula_hit,0.3013892355045337,12021,saved neighbor summary
2j,Peak-neighbor chemical fidelity,MSnLib/MAGMa,DreaMS,top10_fragment_family_hit,0.9051659595707512,12021,saved neighbor summary
2j,Peak-neighbor chemical fidelity,MSnLib/MAGMa,DreaMS,top10_best_fp_tanimoto,0.4826851487174419,12021,saved neighbor summary
2j,Peak-neighbor chemical fidelity,MSnLib/MAGMa,DreaMS,top10_best_mz_mae_da,9.39436455017298,12021,saved neighbor summary
2j,Peak-neighbor chemical fidelity,MSnLib/MAGMa,DreaMS,top20_formula_hit,0.3620331087263955,12021,saved neighbor summary
2j,Peak-neighbor chemical fidelity,MSnLib/MAGMa,DreaMS,top20_fragment_family_hit,0.9521670410115632,12021,saved neighbor summary
2j,Peak-neighbor chemical fidelity,MSnLib/MAGMa,DreaMS,top20_best_fp_tanimoto,0.5359807549089934,12021,saved neighbor summary
2j,Peak-neighbor chemical fidelity,MSnLib/MAGMa,DreaMS,top20_best_mz_mae_da,4.962352114839985,12021,saved neighbor summary
2j,Peak-neighbor chemical fidelity,MSnLib/MAGMa,DreaMS,top50_formula_hit,0.4367357125031195,12021,saved neighbor summary
2j,Peak-neighbor chemical fidelity,MSnLib/MAGMa,DreaMS,top50_fragment_family_hit,0.9901838449380252,12021,saved neighbor summary
2j,Peak-neighbor chemical fidelity,MSnLib/MAGMa,DreaMS,top50_best_fp_tanimoto,0.5950057790801543,12021,saved neighbor summary
2j,Peak-neighbor chemical fidelity,MSnLib/MAGMa,DreaMS,top50_best_mz_mae_da,1.8392448209504424,12021,saved neighbor summary
2j,Peak-neighbor chemical fidelity,MSnLib/MAGMa,DreaMS,top100_formula_hit,0.4953830796106813,12021,saved neighbor summary
2j,Peak-neighbor chemical fidelity,MSnLib/MAGMa,DreaMS,top100_fragment_family_hit,0.99833624490475,12021,saved neighbor summary
2j,Peak-neighbor chemical fidelity,MSnLib/MAGMa,DreaMS,top100_best_fp_tanimoto,0.6336643164756642,12021,saved neighbor summary
2j,Peak-neighbor chemical fidelity,MSnLib/MAGMa,DreaMS,top100_best_mz_mae_da,0.8795960415779142,12021,saved neighbor summary
2j,Peak-neighbor chemical fidelity,MSnLib/MAGMa,Peak features,top1_formula_hit,0.073038848681474,12021,saved neighbor summary
2j,Peak-neighbor chemical fidelity,MSnLib/MAGMa,Peak features,top1_fragment_family_hit,0.3728475168455203,12021,saved neighbor summary
2j,Peak-neighbor chemical fidelity,MSnLib/MAGMa,Peak features,top1_best_fp_tanimoto,0.1667172445321348,12021,saved neighbor summary
2j,Peak-neighbor chemical fidelity,MSnLib/MAGMa,Peak features,top1_best_mz_mae_da,6.680834260005521,12021,saved neighbor summary
2j,Peak-neighbor chemical fidelity,MSnLib/MAGMa,Peak features,top2_formula_hit,0.0947508526744863,12021,saved neighbor summary
2j,Peak-neighbor chemical fidelity,MSnLib/MAGMa,Peak features,top2_fragment_family_hit,0.5274935529490059,12021,saved neighbor summary
2j,Peak-neighbor chemical fidelity,MSnLib/MAGMa,Peak features,top2_best_fp_tanimoto,0.21213887620925,12021,saved neighbor summary
2j,Peak-neighbor chemical fidelity,MSnLib/MAGMa,Peak features,top2_best_mz_mae_da,4.70949905956558,12021,saved neighbor summary
2j,Peak-neighbor chemical fidelity,MSnLib/MAGMa,Peak features,top5_formula_hit,0.1330172198652358,12021,saved neighbor summary
2j,Peak-neighbor chemical fidelity,MSnLib/MAGMa,Peak features,top5_fragment_family_hit,0.7402046418767158,12021,saved neighbor summary
2j,Peak-neighbor chemical fidelity,MSnLib/MAGMa,Peak features,top5_best_fp_tanimoto,0.2807291517044315,12021,saved neighbor summary
2j,Peak-neighbor chemical fidelity,MSnLib/MAGMa,Peak features,top5_best_mz_mae_da,2.7143601256572767,12021,saved neighbor summary
2j,Peak-neighbor chemical fidelity,MSnLib/MAGMa,Peak features,top10_formula_hit,0.1713667748107478,12021,saved neighbor summary
2j,Peak-neighbor chemical fidelity,MSnLib/MAGMa,Peak features,top10_fragment_family_hit,0.8700607270609766,12021,saved neighbor summary
2j,Peak-neighbor chemical fidelity,MSnLib/MAGMa,Peak features,top10_best_fp_tanimoto,0.3341454207282502,12021,saved neighbor summary
2j,Peak-neighbor chemical fidelity,MSnLib/MAGMa,Peak features,top10_best_mz_mae_da,1.6745799808551385,12021,saved neighbor summary
2j,Peak-neighbor chemical fidelity,MSnLib/MAGMa,Peak features,top20_formula_hit,0.2231095582730222,12021,saved neighbor summary
2j,Peak-neighbor chemical fidelity,MSnLib/MAGMa,Peak features,top20_fragment_family_hit,0.9494218451044006,12021,saved neighbor summary
2j,Peak-neighbor chemical fidelity,MSnLib/MAGMa,Peak features,top20_best_fp_tanimoto,0.3876574885553065,12021,saved neighbor summary
2j,Peak-neighbor chemical fidelity,MSnLib/MAGMa,Peak features,top20_best_mz_mae_da,0.9982733704684608,12021,saved neighbor summary
2j,Peak-neighbor chemical fidelity,MSnLib/MAGMa,Peak features,top50_formula_hit,0.3010564844854837,12021,saved neighbor summary
2j,Peak-neighbor chemical fidelity,MSnLib/MAGMa,Peak features,top50_fragment_family_hit,0.9874386490308626,12021,saved neighbor summary
2j,Peak-neighbor chemical fidelity,MSnLib/MAGMa,Peak features,top50_best_fp_tanimoto,0.4528517124123541,12021,saved neighbor summary
2j,Peak-neighbor chemical fidelity,MSnLib/MAGMa,Peak features,top50_best_mz_mae_da,0.4601163081108914,12021,saved neighbor summary
2j,Peak-neighbor chemical fidelity,MSnLib/MAGMa,Peak features,top100_formula_hit,0.3662756842192829,12021,saved neighbor summary
2j,Peak-neighbor chemical fidelity,MSnLib/MAGMa,Peak features,top100_fragment_family_hit,0.9960069877714,12021,saved neighbor summary
2j,Peak-neighbor chemical fidelity,MSnLib/MAGMa,Peak features,top100_best_fp_tanimoto,0.5007717783715869,12021,saved neighbor summary
2j,Peak-neighbor chemical fidelity,MSnLib/MAGMa,Peak features,top100_best_mz_mae_da,0.2331433820998189,12021,saved neighbor summary
2j,Peak-neighbor chemical fidelity,MSnLib/MAGMa,Linear SVM,top1_formula_hit,0.1037351301888362,12021,saved neighbor summary
2j,Peak-neighbor chemical fidelity,MSnLib/MAGMa,Linear SVM,top1_fragment_family_hit,0.4162715248315448,12021,saved neighbor summary
2j,Peak-neighbor chemical fidelity,MSnLib/MAGMa,Linear SVM,top1_best_fp_tanimoto,0.1901984365836335,12021,saved neighbor summary
2j,Peak-neighbor chemical fidelity,MSnLib/MAGMa,Linear SVM,top1_best_mz_mae_da,1.5709628762128636,12021,saved neighbor summary
2j,Peak-neighbor chemical fidelity,MSnLib/MAGMa,Linear SVM,top2_formula_hit,0.1416687463605357,12021,saved neighbor summary
2j,Peak-neighbor chemical fidelity,MSnLib/MAGMa,Linear SVM,top2_fragment_family_hit,0.5702520588969304,12021,saved neighbor summary
2j,Peak-neighbor chemical fidelity,MSnLib/MAGMa,Linear SVM,top2_best_fp_tanimoto,0.2452369503014146,12021,saved neighbor summary
2j,Peak-neighbor chemical fidelity,MSnLib/MAGMa,Linear SVM,top2_best_mz_mae_da,1.1032160311607595,12021,saved neighbor summary
2j,Peak-neighbor chemical fidelity,MSnLib/MAGMa,Linear SVM,top5_formula_hit,0.2162881623824973,12021,saved neighbor summary
2j,Peak-neighbor chemical fidelity,MSnLib/MAGMa,Linear SVM,top5_fragment_family_hit,0.7758090009150653,12021,saved neighbor summary
2j,Peak-neighbor chemical fidelity,MSnLib/MAGMa,Linear SVM,top5_best_fp_tanimoto,0.3247938769393852,12021,saved neighbor summary
2j,Peak-neighbor chemical fidelity,MSnLib/MAGMa,Linear SVM,top5_best_mz_mae_da,0.6160005938043889,12021,saved neighbor summary
2j,Peak-neighbor chemical fidelity,MSnLib/MAGMa,Linear SVM,top10_formula_hit,0.2891606355544464,12021,saved neighbor summary
2j,Peak-neighbor chemical fidelity,MSnLib/MAGMa,Linear SVM,top10_fragment_family_hit,0.8991764412278512,12021,saved neighbor summary
2j,Peak-neighbor chemical fidelity,MSnLib/MAGMa,Linear SVM,top10_best_fp_tanimoto,0.3864546946983969,12021,saved neighbor summary
2j,Peak-neighbor chemical fidelity,MSnLib/MAGMa,Linear SVM,top10_best_mz_mae_da,0.3764992997864697,12021,saved neighbor summary
2j,Peak-neighbor chemical fidelity,MSnLib/MAGMa,Linear SVM,top20_formula_hit,0.3699359454288329,12021,saved neighbor summary
2j,Peak-neighbor chemical fidelity,MSnLib/MAGMa,Linear SVM,top20_fragment_family_hit,0.966808085849763,12021,saved neighbor summary
2j,Peak-neighbor chemical fidelity,MSnLib/MAGMa,Linear SVM,top20_best_fp_tanimoto,0.4465064256190524,12021,saved neighbor summary
2j,Peak-neighbor chemical fidelity,MSnLib/MAGMa,Linear SVM,top20_best_mz_mae_da,0.2107020296319411,12021,saved neighbor summary
2j,Peak-neighbor chemical fidelity,MSnLib/MAGMa,Linear SVM,top50_formula_hit,0.4825721653772564,12021,saved neighbor summary
2j,Peak-neighbor chemical fidelity,MSnLib/MAGMa,Linear SVM,top50_fragment_family_hit,0.9920139755428,12021,saved neighbor summary
2j,Peak-neighbor chemical fidelity,MSnLib/MAGMa,Linear SVM,top50_best_fp_tanimoto,0.522368612723204,12021,saved neighbor summary
2j,Peak-neighbor chemical fidelity,MSnLib/MAGMa,Linear SVM,top50_best_mz_mae_da,0.0906588395158934,12021,saved neighbor summary
2j,Peak-neighbor chemical fidelity,MSnLib/MAGMa,Linear SVM,top100_formula_hit,0.5594376507778055,12021,saved neighbor summary
2j,Peak-neighbor chemical fidelity,MSnLib/MAGMa,Linear SVM,top100_fragment_family_hit,0.9977539306214124,12021,saved neighbor summary
2j,Peak-neighbor chemical fidelity,MSnLib/MAGMa,Linear SVM,top100_best_fp_tanimoto,0.5755955765184209,12021,saved neighbor summary
2j,Peak-neighbor chemical fidelity,MSnLib/MAGMa,Linear SVM,top100_best_mz_mae_da,0.0499400043733483,12021,saved neighbor summary
2j,Peak-neighbor chemical fidelity,MSnLib/MAGMa,Random forest,top1_formula_hit,0.0621412528075867,12021,saved neighbor summary
2j,Peak-neighbor chemical fidelity,MSnLib/MAGMa,Random forest,top1_fragment_family_hit,0.5089426836369686,12021,saved neighbor summary
2j,Peak-neighbor chemical fidelity,MSnLib/MAGMa,Random forest,top1_best_fp_tanimoto,0.1606451506065763,12021,saved neighbor summary
2j,Peak-neighbor chemical fidelity,MSnLib/MAGMa,Random forest,top1_best_mz_mae_da,23.564811853469585,12021,saved neighbor summary
2j,Peak-neighbor chemical fidelity,MSnLib/MAGMa,Random forest,top2_formula_hit,0.0885117710672988,12021,saved neighbor summary
2j,Peak-neighbor chemical fidelity,MSnLib/MAGMa,Random forest,top2_fragment_family_hit,0.6192496464520423,12021,saved neighbor summary
2j,Peak-neighbor chemical fidelity,MSnLib/MAGMa,Random forest,top2_best_fp_tanimoto,0.2120085915278385,12021,saved neighbor summary
2j,Peak-neighbor chemical fidelity,MSnLib/MAGMa,Random forest,top2_best_mz_mae_da,14.693223411713015,12021,saved neighbor summary
2j,Peak-neighbor chemical fidelity,MSnLib/MAGMa,Random forest,top5_formula_hit,0.1434988769653107,12021,saved neighbor summary
2j,Peak-neighbor chemical fidelity,MSnLib/MAGMa,Random forest,top5_fragment_family_hit,0.7489393561267781,12021,saved neighbor summary
2j,Peak-neighbor chemical fidelity,MSnLib/MAGMa,Random forest,top5_best_fp_tanimoto,0.2850545165301377,12021,saved neighbor summary
2j,Peak-neighbor chemical fidelity,MSnLib/MAGMa,Random forest,top5_best_mz_mae_da,7.562767969710132,12021,saved neighbor summary
2j,Peak-neighbor chemical fidelity,MSnLib/MAGMa,Random forest,top10_formula_hit,0.1877547624989601,12021,saved neighbor summary
2j,Peak-neighbor chemical fidelity,MSnLib/MAGMa,Random forest,top10_fragment_family_hit,0.8274685966225771,12021,saved neighbor summary
2j,Peak-neighbor chemical fidelity,MSnLib/MAGMa,Random forest,top10_best_fp_tanimoto,0.3382349738227978,12021,saved neighbor summary
2j,Peak-neighbor chemical fidelity,MSnLib/MAGMa,Random forest,top10_best_mz_mae_da,4.243583175586827,12021,saved neighbor summary
2j,Peak-neighbor chemical fidelity,MSnLib/MAGMa,Random forest,top20_formula_hit,0.2441560602279344,12021,saved neighbor summary
2j,Peak-neighbor chemical fidelity,MSnLib/MAGMa,Random forest,top20_fragment_family_hit,0.8904417269777889,12021,saved neighbor summary
2j,Peak-neighbor chemical fidelity,MSnLib/MAGMa,Random forest,top20_best_fp_tanimoto,0.3918641646297806,12021,saved neighbor summary
2j,Peak-neighbor chemical fidelity,MSnLib/MAGMa,Random forest,top20_best_mz_mae_da,2.3008797216133767,12021,saved neighbor summary
2j,Peak-neighbor chemical fidelity,MSnLib/MAGMa,Random forest,top50_formula_hit,0.3320855170118958,12021,saved neighbor summary
2j,Peak-neighbor chemical fidelity,MSnLib/MAGMa,Random forest,top50_fragment_family_hit,0.9504200981615506,12021,saved neighbor summary
2j,Peak-neighbor chemical fidelity,MSnLib/MAGMa,Random forest,top50_best_fp_tanimoto,0.4612209747736558,12021,saved neighbor summary
2j,Peak-neighbor chemical fidelity,MSnLib/MAGMa,Random forest,top50_best_mz_mae_da,1.0538532297381762,12021,saved neighbor summary
2j,Peak-neighbor chemical fidelity,MSnLib/MAGMa,Random forest,top100_formula_hit,0.4037933616171699,12021,saved neighbor summary
2j,Peak-neighbor chemical fidelity,MSnLib/MAGMa,Random forest,top100_fragment_family_hit,0.974960485816488,12021,saved neighbor summary
2j,Peak-neighbor chemical fidelity,MSnLib/MAGMa,Random forest,top100_best_fp_tanimoto,0.5136654851968215,12021,saved neighbor summary
2j,Peak-neighbor chemical fidelity,MSnLib/MAGMa,Random forest,top100_best_mz_mae_da,0.5276089468272848,12021,saved neighbor summary
